poll_interval_id,poll_date,next_poll_date,afd_support_t,party_clean,party_support_t,party_support_t_minus_1,party_support_change,party_support_change_abs,mean_populism_score,mean_populism_sum,mean_gal_tan_score,mean_P1_people,mean_P2_anti_elite,mean_P3_outgroup,mean_G1_environment,mean_G2_migration,mean_G3_society,mean_G4_civil_rights,mean_G5_cosmopolitanism,n_speeches_environment,n_speeches_migration,n_speeches_society,n_speeches_civil_rights,n_speeches_cosmopolitanism,n_speeches,n_speeches_with_gal_tan,mean_word_count,is_mainstream_party,is_afd,afd_proximity_ordinal,afd_proximity_label,share_environment_of_party_speeches,share_migration_of_party_speeches,share_society_of_party_speeches,share_civil_rights_of_party_speeches,share_cosmopolitanism_of_party_speeches,n_mainstream_speeches,n_mainstream_speeches_environment,n_mainstream_speeches_migration,n_mainstream_speeches_society,n_mainstream_speeches_civil_rights,n_mainstream_speeches_cosmopolitanism,share_environment_of_mainstream_speeches,share_migration_of_mainstream_speeches,share_society_of_mainstream_speeches,share_civil_rights_of_mainstream_speeches,share_cosmopolitanism_of_mainstream_speeches,share_party_of_mainstream_environment_speeches,share_party_of_mainstream_migration_speeches,share_party_of_mainstream_society_speeches,share_party_of_mainstream_civil_rights_speeches,share_party_of_mainstream_cosmopolitanism_speeches,government_label_interval,is_government,is_opposition,wahlperiode,wahlperiode_cat,poll_year,poll_month,interval_length_days,afd_mean_populism_score,afd_mean_populism_sum,afd_mean_gal_tan_score,afd_mean_P1_people,afd_mean_P2_anti_elite,afd_mean_P3_outgroup,afd_mean_G1_environment,afd_mean_G2_migration,afd_mean_G3_society,afd_mean_G4_civil_rights,afd_mean_G5_cosmopolitanism,afd_n_speeches,afd_n_speeches_with_gal_tan,afd_n_speeches_environment,afd_n_speeches_migration,afd_n_speeches_society,afd_n_speeches_civil_rights,afd_n_speeches_cosmopolitanism,afd_share_environment_of_party_speeches,afd_share_migration_of_party_speeches,afd_share_society_of_party_speeches,afd_share_civil_rights_of_party_speeches,afd_share_cosmopolitanism_of_party_speeches,populism_distance_to_afd,populism_sum_distance_to_afd,gal_tan_distance_to_afd,P1_people_distance_to_afd,P2_anti_elite_distance_to_afd,P3_outgroup_distance_to_afd,G1_environment_distance_to_afd,G2_migration_distance_to_afd,G3_society_distance_to_afd,G4_civil_rights_distance_to_afd,G5_cosmopolitanism_distance_to_afd,cluster_id
1,2017-10-20,2017-11-09,12,cdu/csu,31.0,32.0,-1.0,1.0,0.0,0.0,,0.0,0.0,0.0,,,,,,0,0,0,0,0,1,0,656.0,True,False,4.0,CDU/CSU,0.0,0.0,0.0,0.0,0.0,6,0,0,0,1,1,0.0,0.0,0.0,0.0,0.0,,,,0.0,0.0,Regierung,1.0,0.0,19.0,WP19,2017,10,20,1.6666666666666667,5.0,7.666666666666667,2.0,2.0,1.0,,8.0,,7.0,8.0,1,1,0,1,0,1,1,0.0,1.0,0.0,1.0,1.0,1.6666666666666667,5.0,,2.0,2.0,1.0,,,,,,0
1,2017-10-20,2017-11-09,12,fdp,12.0,11.0,1.0,1.0,0.3333333333333333,1.0,,0.0,1.0,0.0,,,,,,0,0,0,0,0,1,0,479.0,True,False,3.0,FDP,0.0,0.0,0.0,0.0,0.0,6,0,0,0,1,1,0.0,0.0,0.0,0.0,0.0,,,,0.0,0.0,Opposition,0.0,1.0,19.0,WP19,2017,10,20,1.6666666666666667,5.0,7.666666666666667,2.0,2.0,1.0,,8.0,,7.0,8.0,1,1,0,1,0,1,1,0.0,1.0,0.0,1.0,1.0,1.3333333333333337,4.0,,2.0,1.0,1.0,,,,,,1
1,2017-10-20,2017-11-09,12,grüne,11.0,10.0,1.0,1.0,0.0,0.0,,0.0,0.0,0.0,,,,,,0,0,0,0,0,2,0,894.0,True,False,1.0,Bündnis 90/Die Grünen,0.0,0.0,0.0,0.0,0.0,6,0,0,0,1,1,0.0,0.0,0.0,0.0,0.0,,,,0.0,0.0,Opposition,0.0,1.0,19.0,WP19,2017,10,20,1.6666666666666667,5.0,7.666666666666667,2.0,2.0,1.0,,8.0,,7.0,8.0,1,1,0,1,0,1,1,0.0,1.0,0.0,1.0,1.0,1.6666666666666667,5.0,,2.0,2.0,1.0,,,,,,2
1,2017-10-20,2017-11-09,12,linke,9.0,10.0,-1.0,1.0,0.3333333333333333,1.0,1.0,1.0,0.0,0.0,,,,2.0,0.0,0,0,0,1,1,1,1,646.0,True,False,0.0,Die Linke,0.0,0.0,0.0,1.0,1.0,6,0,0,0,1,1,0.0,0.0,0.0,0.1666666666666666,0.1666666666666666,,,,1.0,1.0,Opposition,0.0,1.0,19.0,WP19,2017,10,20,1.6666666666666667,5.0,7.666666666666667,2.0,2.0,1.0,,8.0,,7.0,8.0,1,1,0,1,0,1,1,0.0,1.0,0.0,1.0,1.0,1.3333333333333337,4.0,6.666666666666667,1.0,2.0,1.0,,,,5.0,8.0,3
1,2017-10-20,2017-11-09,12,spd,21.0,20.0,1.0,1.0,0.6666666666666666,2.0,,1.0,1.0,0.0,,,,,,0,0,0,0,0,1,0,559.0,True,False,2.0,SPD,0.0,0.0,0.0,0.0,0.0,6,0,0,0,1,1,0.0,0.0,0.0,0.0,0.0,,,,0.0,0.0,Regierung,1.0,0.0,19.0,WP19,2017,10,20,1.6666666666666667,5.0,7.666666666666667,2.0,2.0,1.0,,8.0,,7.0,8.0,1,1,0,1,0,1,1,0.0,1.0,0.0,1.0,1.0,1.0,3.0,,1.0,1.0,1.0,,,,,,4
4,2017-11-20,2017-12-07,11,cdu/csu,32.0,31.0,1.0,1.0,0.0701754385964912,0.2105263157894736,2.074712643678161,0.0263157894736842,0.1578947368421052,0.0263157894736842,2.7142857142857144,3.25,,1.0,1.7037037037037035,7,12,0,2,27,38,29,694.7631578947369,True,False,4.0,CDU/CSU,0.1842105263157894,0.3157894736842105,0.0,0.0526315789473684,0.7105263157894737,116,17,35,0,10,83,0.0603448275862069,0.1034482758620689,0.0,0.0172413793103448,0.2327586206896551,0.4117647058823529,0.3428571428571428,,0.2,0.3253012048192771,Regierung,1.0,0.0,19.0,WP19,2017,11,17,0.6833333333333333,2.05,6.526315789473684,0.7,1.05,0.3,9.25,7.142857142857143,8.0,4.5,6.7368421052631575,20,19,4,7,1,4,19,0.2,0.35,0.05,0.2,0.95,0.6131578947368421,1.839473684210526,4.451603145795524,0.6736842105263158,0.8921052631578947,0.2736842105263157,6.535714285714286,3.8928571428571432,,3.5,5.033138401559453,0
4,2017-11-20,2017-12-07,11,fdp,10.0,11.0,-1.0,1.0,0.1111111111111111,0.3333333333333333,2.0357142857142856,0.0555555555555555,0.2777777777777778,0.0,7.0,1.7142857142857142,,2.0,1.8461538461538465,1,7,0,1,13,18,14,579.8888888888889,True,False,3.0,FDP,0.0555555555555555,0.3888888888888889,0.0,0.0555555555555555,0.7222222222222222,116,17,35,0,10,83,0.0086206896551724,0.0603448275862069,0.0,0.0086206896551724,0.1120689655172413,0.0588235294117647,0.2,,0.1,0.1566265060240964,Opposition,0.0,1.0,19.0,WP19,2017,11,17,0.6833333333333333,2.05,6.526315789473684,0.7,1.05,0.3,9.25,7.142857142857143,8.0,4.5,6.7368421052631575,20,19,4,7,1,4,19,0.2,0.35,0.05,0.2,0.95,0.5722222222222222,1.7166666666666666,4.490601503759399,0.6444444444444444,0.7722222222222223,0.3,2.25,5.428571428571429,,2.5,4.890688259109311,1
4,2017-11-20,2017-12-07,11,grüne,11.0,11.0,0.0,0.0,0.1851851851851851,0.5555555555555556,1.1666666666666667,0.1666666666666666,0.3888888888888889,0.0,1.25,1.6666666666666667,,2.0,0.8571428571428571,4,3,0,2,14,18,15,614.1111111111111,True,False,1.0,Bündnis 90/Die Grünen,0.2222222222222222,0.1666666666666666,0.0,0.1111111111111111,0.7777777777777778,116,17,35,0,10,83,0.0344827586206896,0.0258620689655172,0.0,0.0172413793103448,0.1206896551724138,0.2352941176470588,0.0857142857142857,,0.2,0.1686746987951807,Opposition,0.0,1.0,19.0,WP19,2017,11,17,0.6833333333333333,2.05,6.526315789473684,0.7,1.05,0.3,9.25,7.142857142857143,8.0,4.5,6.7368421052631575,20,19,4,7,1,4,19,0.2,0.35,0.05,0.2,0.95,0.4981481481481482,1.4944444444444442,5.359649122807017,0.5333333333333333,0.6611111111111112,0.3,8.0,5.476190476190476,,2.5,5.879699248120301,2
4,2017-11-20,2017-12-07,11,linke,10.0,10.0,0.0,0.0,0.5185185185185185,1.5555555555555556,1.9038461538461535,0.3888888888888889,0.9444444444444444,0.2222222222222222,0.0,3.2857142857142856,,1.5,1.4615384615384617,2,7,0,4,13,18,13,581.2777777777778,True,False,0.0,Die Linke,0.1111111111111111,0.3888888888888889,0.0,0.2222222222222222,0.7222222222222222,116,17,35,0,10,83,0.0172413793103448,0.0603448275862069,0.0,0.0344827586206896,0.1120689655172413,0.1176470588235294,0.2,,0.4,0.1566265060240964,Opposition,0.0,1.0,19.0,WP19,2017,11,17,0.6833333333333333,2.05,6.526315789473684,0.7,1.05,0.3,9.25,7.142857142857143,8.0,4.5,6.7368421052631575,20,19,4,7,1,4,19,0.2,0.35,0.05,0.2,0.95,0.1648148148148148,0.4944444444444442,4.62246963562753,0.311111111111111,0.1055555555555556,0.0777777777777777,9.25,3.8571428571428577,,3.0,5.275303643724696,3
4,2017-11-20,2017-12-07,11,spd,22.0,21.0,1.0,1.0,0.2222222222222222,0.6666666666666666,1.6111111111111112,0.25,0.4166666666666667,0.0,1.6666666666666667,2.6666666666666665,,1.0,1.5625,3,6,0,1,16,24,18,720.25,True,False,2.0,SPD,0.125,0.25,0.0,0.0416666666666666,0.6666666666666666,116,17,35,0,10,83,0.0258620689655172,0.0517241379310344,0.0,0.0086206896551724,0.1379310344827586,0.1764705882352941,0.1714285714285714,,0.1,0.1927710843373494,Regierung,1.0,0.0,19.0,WP19,2017,11,17,0.6833333333333333,2.05,6.526315789473684,0.7,1.05,0.3,9.25,7.142857142857143,8.0,4.5,6.7368421052631575,20,19,4,7,1,4,19,0.2,0.35,0.05,0.2,0.95,0.4611111111111111,1.3833333333333333,4.9152046783625725,0.4499999999999999,0.6333333333333333,0.3,7.583333333333333,4.476190476190476,,3.5,5.1743421052631575,4
5,2017-12-07,2017-12-15,13,cdu/csu,32.0,32.0,0.0,0.0,0.0816326530612244,0.2448979591836734,3.209401709401709,0.0204081632653061,0.1836734693877551,0.0408163265306122,5.0,4.777777777777778,,3.8125,2.107142857142857,3,9,0,16,28,49,39,694.1836734693877,True,False,4.0,CDU/CSU,0.0612244897959183,0.1836734693877551,0.0,0.3265306122448979,0.5714285714285714,149,17,28,6,42,89,0.0201342281879194,0.0604026845637583,0.0,0.1073825503355704,0.1879194630872483,0.1764705882352941,0.3214285714285714,0.0,0.3809523809523809,0.3146067415730337,Regierung,1.0,0.0,19.0,WP19,2017,12,8,0.893939393939394,2.6818181818181817,6.508771929824562,1.0,1.3636363636363635,0.3181818181818182,8.0,6.285714285714286,,7.0,6.764705882352941,22,19,2,7,0,8,17,0.0909090909090909,0.3181818181818182,0.0,0.3636363636363636,0.7727272727272727,0.8123067408781696,2.4369202226345084,3.299370220422852,0.979591836734694,1.1799628942486085,0.2773654916512059,3.0,1.507936507936508,,3.1875,4.657563025210084,0
5,2017-12-07,2017-12-15,13,fdp,9.0,10.0,-1.0,1.0,0.1166666666666666,0.35,2.692708333333333,0.0,0.3,0.05,5.0,4.0,7.0,2.833333333333333,2.142857142857143,2,5,1,6,14,20,16,567.8,True,False,3.0,FDP,0.1,0.25,0.05,0.3,0.7,149,17,28,6,42,89,0.0134228187919463,0.0335570469798657,0.0067114093959731,0.0402684563758389,0.0939597315436241,0.1176470588235294,0.1785714285714285,0.1666666666666666,0.1428571428571428,0.1573033707865168,Opposition,0.0,1.0,19.0,WP19,2017,12,8,0.893939393939394,2.6818181818181817,6.508771929824562,1.0,1.3636363636363635,0.3181818181818182,8.0,6.285714285714286,,7.0,6.764705882352941,22,19,2,7,0,8,17,0.0909090909090909,0.3181818181818182,0.0,0.3636363636363636,0.7727272727272727,0.7772727272727273,2.3318181818181816,3.816063596491228,1.0,1.0636363636363635,0.2681818181818182,3.0,2.2857142857142856,,4.166666666666666,4.621848739495798,1
5,2017-12-07,2017-12-15,13,grüne,11.0,11.0,0.0,0.0,0.217391304347826,0.6521739130434783,1.3676470588235294,0.0434782608695652,0.5652173913043478,0.0434782608695652,1.75,1.5,0.0,1.5714285714285714,1.0769230769230769,4,4,2,7,13,23,17,523.9565217391304,True,False,1.0,Bündnis 90/Die Grünen,0.1739130434782608,0.1739130434782608,0.0869565217391304,0.3043478260869565,0.5652173913043478,149,17,28,6,42,89,0.0268456375838926,0.0268456375838926,0.0134228187919463,0.046979865771812,0.087248322147651,0.2352941176470588,0.1428571428571428,0.3333333333333333,0.1666666666666666,0.146067415730337,Opposition,0.0,1.0,19.0,WP19,2017,12,8,0.893939393939394,2.6818181818181817,6.508771929824562,1.0,1.3636363636363635,0.3181818181818182,8.0,6.285714285714286,,7.0,6.764705882352941,22,19,2,7,0,8,17,0.0909090909090909,0.3181818181818182,0.0,0.3636363636363636,0.7727272727272727,0.676548089591568,2.029644268774703,5.141124871001033,0.9565217391304348,0.7984189723320158,0.2747035573122529,6.25,4.785714285714286,,5.428571428571429,5.6877828054298645,2
5,2017-12-07,2017-12-15,13,linke,10.0,10.0,0.0,0.0,0.5072463768115941,1.5217391304347827,1.9270833333333333,0.4347826086956521,0.9130434782608696,0.1739130434782608,0.3333333333333333,3.0,0.5,1.2,1.8461538461538465,3,5,2,5,13,23,16,495.2608695652174,True,False,0.0,Die Linke,0.1304347826086956,0.217391304347826,0.0869565217391304,0.217391304347826,0.5652173913043478,149,17,28,6,42,89,0.0201342281879194,0.0335570469798657,0.0134228187919463,0.0335570469798657,0.087248322147651,0.1764705882352941,0.1785714285714285,0.3333333333333333,0.119047619047619,0.146067415730337,Opposition,0.0,1.0,19.0,WP19,2017,12,8,0.893939393939394,2.6818181818181817,6.508771929824562,1.0,1.3636363636363635,0.3181818181818182,8.0,6.285714285714286,,7.0,6.764705882352941,22,19,2,7,0,8,17,0.0909090909090909,0.3181818181818182,0.0,0.3636363636363636,0.7727272727272727,0.3866930171277999,1.160079051383399,4.581688596491229,0.5652173913043479,0.450592885375494,0.1442687747035573,7.666666666666667,3.2857142857142856,,5.8,4.918552036199095,3
5,2017-12-07,2017-12-15,13,spd,21.0,22.0,-1.0,1.0,0.2254901960784313,0.6764705882352942,1.0480769230769231,0.1470588235294117,0.4411764705882353,0.088235294117647,0.6,1.8,0.0,1.625,1.0,5,5,1,8,21,34,26,626.0588235294117,True,False,2.0,SPD,0.1470588235294117,0.1470588235294117,0.0294117647058823,0.2352941176470588,0.6176470588235294,149,17,28,6,42,89,0.0335570469798657,0.0335570469798657,0.0067114093959731,0.0536912751677852,0.1409395973154362,0.2941176470588235,0.1785714285714285,0.1666666666666666,0.1904761904761904,0.2359550561797752,Regierung,1.0,0.0,19.0,WP19,2017,12,8,0.893939393939394,2.6818181818181817,6.508771929824562,1.0,1.3636363636363635,0.3181818181818182,8.0,6.285714285714286,,7.0,6.764705882352941,22,19,2,7,0,8,17,0.0909090909090909,0.3181818181818182,0.0,0.3636363636363636,0.7727272727272727,0.6684491978609627,2.0053475935828877,5.460695006747638,0.8529411764705882,0.9224598930481284,0.2299465240641711,7.4,4.485714285714286,,5.375,5.764705882352941,4
7,2018-01-04,2018-01-26,13,cdu/csu,33.0,32.0,1.0,1.0,0.1818181818181818,0.5454545454545454,3.328125,0.1136363636363636,0.2045454545454545,0.2272727272727272,2.333333333333333,5.666666666666667,3.75,3.7142857142857135,2.814814814814815,6,18,4,14,27,44,32,749.2272727272727,True,False,4.0,CDU/CSU,0.1363636363636363,0.4090909090909091,0.0909090909090909,0.3181818181818182,0.6136363636363636,127,25,48,15,38,72,0.0472440944881889,0.1417322834645669,0.0314960629921259,0.1102362204724409,0.2125984251968504,0.24,0.375,0.2666666666666666,0.3684210526315789,0.375,Regierung,1.0,0.0,19.0,WP19,2018,1,22,1.1587301587301586,3.4761904761904763,8.033333333333333,1.0952380952380951,1.4761904761904765,0.9047619047619048,7.4,8.571428571428571,8.25,7.7,8.31578947368421,21,20,5,14,8,10,19,0.238095238095238,0.6666666666666666,0.3809523809523809,0.4761904761904761,0.9047619047619048,0.9769119769119768,2.930735930735931,4.705208333333333,0.9816017316017316,1.2716450216450217,0.6774891774891775,5.066666666666666,2.904761904761904,4.5,3.9857142857142858,5.500974658869396,0
7,2018-01-04,2018-01-26,13,fdp,9.0,9.0,0.0,0.0,0.1568627450980392,0.4705882352941176,2.7777777777777777,0.1764705882352941,0.2352941176470588,0.0588235294117647,4.166666666666667,3.125,0.5,1.75,1.9,6,8,2,4,10,17,15,641.5882352941177,True,False,3.0,FDP,0.3529411764705882,0.4705882352941176,0.1176470588235294,0.2352941176470588,0.5882352941176471,127,25,48,15,38,72,0.0472440944881889,0.0629921259842519,0.0157480314960629,0.0314960629921259,0.0787401574803149,0.24,0.1666666666666666,0.1333333333333333,0.1052631578947368,0.1388888888888889,Opposition,0.0,1.0,19.0,WP19,2018,1,22,1.1587301587301586,3.4761904761904763,8.033333333333333,1.0952380952380951,1.4761904761904765,0.9047619047619048,7.4,8.571428571428571,8.25,7.7,8.31578947368421,21,20,5,14,8,10,19,0.238095238095238,0.6666666666666666,0.3809523809523809,0.4761904761904761,0.9047619047619048,1.0018674136321195,3.0056022408963585,5.255555555555556,0.9187675070028012,1.2408963585434174,0.84593837535014,3.2333333333333334,5.446428571428571,7.75,5.95,6.41578947368421,1
7,2018-01-04,2018-01-26,13,grüne,11.0,12.0,-1.0,1.0,0.4313725490196078,1.2941176470588236,0.7307692307692307,0.3529411764705882,0.6470588235294118,0.2941176470588235,1.1666666666666667,0.8,0.3333333333333333,0.75,0.25,6,5,3,8,8,17,13,658.6470588235294,True,False,1.0,Bündnis 90/Die Grünen,0.3529411764705882,0.2941176470588235,0.1764705882352941,0.4705882352941176,0.4705882352941176,127,25,48,15,38,72,0.0472440944881889,0.0393700787401574,0.0236220472440944,0.0629921259842519,0.0629921259842519,0.24,0.1041666666666666,0.2,0.2105263157894736,0.1111111111111111,Opposition,0.0,1.0,19.0,WP19,2018,1,22,1.1587301587301586,3.4761904761904763,8.033333333333333,1.0952380952380951,1.4761904761904765,0.9047619047619048,7.4,8.571428571428571,8.25,7.7,8.31578947368421,21,20,5,14,8,10,19,0.238095238095238,0.6666666666666666,0.3809523809523809,0.4761904761904761,0.9047619047619048,0.7273576097105507,2.182072829131653,7.302564102564102,0.742296918767507,0.8291316526610645,0.6106442577030813,6.233333333333333,7.771428571428571,7.916666666666667,6.95,8.06578947368421,2
7,2018-01-04,2018-01-26,13,linke,9.0,9.0,0.0,0.0,0.5789473684210527,1.736842105263158,1.761904761904762,0.5263157894736842,1.0526315789473684,0.1578947368421052,1.6,1.4285714285714286,1.0,0.75,1.3333333333333333,5,7,1,4,9,19,14,583.578947368421,True,False,0.0,Die Linke,0.2631578947368421,0.3684210526315789,0.0526315789473684,0.2105263157894736,0.4736842105263157,127,25,48,15,38,72,0.0393700787401574,0.0551181102362204,0.0078740157480314,0.0314960629921259,0.0708661417322834,0.2,0.1458333333333333,0.0666666666666666,0.1052631578947368,0.125,Opposition,0.0,1.0,19.0,WP19,2018,1,22,1.1587301587301586,3.4761904761904763,8.033333333333333,1.0952380952380951,1.4761904761904765,0.9047619047619048,7.4,8.571428571428571,8.25,7.7,8.31578947368421,21,20,5,14,8,10,19,0.238095238095238,0.6666666666666666,0.3809523809523809,0.4761904761904761,0.9047619047619048,0.579782790309106,1.7393483709273183,6.271428571428571,0.5689223057644112,0.4235588972431079,0.7468671679197996,5.800000000000001,7.142857142857142,7.25,6.95,6.982456140350878,3
7,2018-01-04,2018-01-26,13,spd,21.0,20.0,1.0,1.0,0.1777777777777777,0.5333333333333333,1.2575757575757576,0.1666666666666666,0.2666666666666666,0.1,1.5,1.9,0.4,1.75,1.0555555555555556,2,10,5,8,18,30,22,721.1666666666666,True,False,2.0,SPD,0.0666666666666666,0.3333333333333333,0.1666666666666666,0.2666666666666666,0.6,127,25,48,15,38,72,0.0157480314960629,0.0787401574803149,0.0393700787401574,0.0629921259842519,0.1417322834645669,0.08,0.2083333333333333,0.3333333333333333,0.2105263157894736,0.25,Regierung,1.0,0.0,19.0,WP19,2018,1,22,1.1587301587301586,3.4761904761904763,8.033333333333333,1.0952380952380951,1.4761904761904765,0.9047619047619048,7.4,8.571428571428571,8.25,7.7,8.31578947368421,21,20,5,14,8,10,19,0.238095238095238,0.6666666666666666,0.3809523809523809,0.4761904761904761,0.9047619047619048,0.9809523809523808,2.942857142857143,6.775757575757575,0.9285714285714288,1.2095238095238097,0.8047619047619048,5.9,6.671428571428571,7.85,5.95,7.260233918128655,4
8,2018-01-26,2018-02-01,12,cdu/csu,33.0,33.0,0.0,0.0,0.0833333333333333,0.25,2.5,0.0,0.0,0.25,,,,2.0,2.25,0,0,0,1,4,4,4,687.5,True,False,4.0,CDU/CSU,0.0,0.0,0.0,0.25,1.0,11,0,0,0,1,11,0.0,0.0,0.0,0.0909090909090909,0.3636363636363636,,,,1.0,0.3636363636363636,Regierung,1.0,0.0,19.0,WP19,2018,1,6,1.5,4.5,9.5,1.5,2.0,1.0,,,,,9.5,2,2,0,0,0,0,2,0.0,0.0,0.0,0.0,1.0,1.4166666666666667,4.25,7.0,1.5,2.0,0.75,,,,,7.25,0
8,2018-01-26,2018-02-01,12,fdp,10.0,9.0,1.0,1.0,0.1666666666666666,0.5,4.0,0.0,0.5,0.0,,,,,4.0,0,0,0,0,2,2,2,763.0,True,False,3.0,FDP,0.0,0.0,0.0,0.0,1.0,11,0,0,0,1,11,0.0,0.0,0.0,0.0,0.1818181818181818,,,,0.0,0.1818181818181818,Opposition,0.0,1.0,19.0,WP19,2018,1,6,1.5,4.5,9.5,1.5,2.0,1.0,,,,,9.5,2,2,0,0,0,0,2,0.0,0.0,0.0,0.0,1.0,1.3333333333333333,4.0,5.5,1.5,1.5,1.0,,,,,5.5,1
8,2018-01-26,2018-02-01,12,grüne,11.0,11.0,0.0,0.0,0.3333333333333333,1.0,2.0,0.0,1.0,0.0,,,,,2.0,0,0,0,0,1,1,1,752.0,True,False,1.0,Bündnis 90/Die Grünen,0.0,0.0,0.0,0.0,1.0,11,0,0,0,1,11,0.0,0.0,0.0,0.0,0.0909090909090909,,,,0.0,0.0909090909090909,Opposition,0.0,1.0,19.0,WP19,2018,1,6,1.5,4.5,9.5,1.5,2.0,1.0,,,,,9.5,2,2,0,0,0,0,2,0.0,0.0,0.0,0.0,1.0,1.1666666666666667,3.5,7.5,1.5,1.0,1.0,,,,,7.5,2
8,2018-01-26,2018-02-01,12,linke,10.0,9.0,1.0,1.0,1.0,3.0,3.0,1.0,2.0,0.0,,,,,3.0,0,0,0,0,1,1,1,628.0,True,False,0.0,Die Linke,0.0,0.0,0.0,0.0,1.0,11,0,0,0,1,11,0.0,0.0,0.0,0.0,0.0909090909090909,,,,0.0,0.0909090909090909,Opposition,0.0,1.0,19.0,WP19,2018,1,6,1.5,4.5,9.5,1.5,2.0,1.0,,,,,9.5,2,2,0,0,0,0,2,0.0,0.0,0.0,0.0,1.0,0.5,1.5,6.5,0.5,0.0,1.0,,,,,6.5,3
8,2018-01-26,2018-02-01,12,spd,19.0,21.0,-2.0,2.0,0.1111111111111111,0.3333333333333333,1.6666666666666667,0.0,0.3333333333333333,0.0,,,,,1.6666666666666667,0,0,0,0,3,3,3,615.6666666666666,True,False,2.0,SPD,0.0,0.0,0.0,0.0,1.0,11,0,0,0,1,11,0.0,0.0,0.0,0.0,0.2727272727272727,,,,0.0,0.2727272727272727,Regierung,1.0,0.0,19.0,WP19,2018,1,6,1.5,4.5,9.5,1.5,2.0,1.0,,,,,9.5,2,2,0,0,0,0,2,0.0,0.0,0.0,0.0,1.0,1.3888888888888888,4.166666666666667,7.833333333333333,1.5,1.6666666666666667,1.0,,,,,7.833333333333333,4
9,2018-02-01,2018-02-15,14,cdu/csu,33.0,33.0,0.0,0.0,0.2936507936507936,0.8809523809523809,4.046296296296296,0.2142857142857142,0.3333333333333333,0.3333333333333333,3.8333333333333335,6.9,5.428571428571429,4.384615384615385,3.5384615384615383,6,10,7,13,26,42,36,834.2380952380952,True,False,4.0,CDU/CSU,0.1428571428571428,0.238095238095238,0.1666666666666666,0.3095238095238095,0.6190476190476191,137,19,44,19,36,73,0.0437956204379562,0.072992700729927,0.0510948905109489,0.0948905109489051,0.1897810218978102,0.3157894736842105,0.2272727272727272,0.3684210526315789,0.3611111111111111,0.3561643835616438,Regierung,1.0,0.0,19.0,WP19,2018,2,14,1.1296296296296295,3.388888888888889,7.234375,1.0,1.5555555555555556,0.8333333333333334,6.75,8.375,8.0,6.777777777777778,7.769230769230769,18,16,4,8,5,9,13,0.2222222222222222,0.4444444444444444,0.2777777777777778,0.5,0.7222222222222222,0.8359788359788358,2.507936507936508,3.188078703703704,0.7857142857142857,1.2222222222222223,0.5,2.9166666666666665,1.4749999999999996,2.571428571428571,2.3931623931623927,4.230769230769231,0
9,2018-02-01,2018-02-15,14,fdp,10.0,10.0,0.0,0.0,0.1568627450980392,0.4705882352941176,3.0,0.0588235294117647,0.2941176470588235,0.1176470588235294,6.0,3.5,2.0,2.75,1.625,2,4,1,4,8,17,14,587.0,True,False,3.0,FDP,0.1176470588235294,0.2352941176470588,0.0588235294117647,0.2352941176470588,0.4705882352941176,137,19,44,19,36,73,0.0145985401459854,0.0291970802919708,0.0072992700729927,0.0291970802919708,0.0583941605839416,0.1052631578947368,0.0909090909090909,0.0526315789473684,0.1111111111111111,0.1095890410958904,Opposition,0.0,1.0,19.0,WP19,2018,2,14,1.1296296296296295,3.388888888888889,7.234375,1.0,1.5555555555555556,0.8333333333333334,6.75,8.375,8.0,6.777777777777778,7.769230769230769,18,16,4,8,5,9,13,0.2222222222222222,0.4444444444444444,0.2777777777777778,0.5,0.7222222222222222,0.9727668845315904,2.918300653594771,4.234375,0.9411764705882352,1.261437908496732,0.7156862745098039,0.75,4.875,6.0,4.027777777777778,6.144230769230769,1
9,2018-02-01,2018-02-15,14,grüne,11.0,11.0,0.0,0.0,0.392156862745098,1.1764705882352942,0.8833333333333333,0.4117647058823529,0.7058823529411765,0.0588235294117647,1.5,0.75,0.6666666666666666,0.4,0.4444444444444444,4,4,3,5,9,17,15,683.7647058823529,True,False,1.0,Bündnis 90/Die Grünen,0.2352941176470588,0.2352941176470588,0.1764705882352941,0.2941176470588235,0.5294117647058824,137,19,44,19,36,73,0.0291970802919708,0.0291970802919708,0.0218978102189781,0.0364963503649635,0.0656934306569343,0.2105263157894736,0.0909090909090909,0.1578947368421052,0.1388888888888889,0.1232876712328767,Opposition,0.0,1.0,19.0,WP19,2018,2,14,1.1296296296296295,3.388888888888889,7.234375,1.0,1.5555555555555556,0.8333333333333334,6.75,8.375,8.0,6.777777777777778,7.769230769230769,18,16,4,8,5,9,13,0.2222222222222222,0.4444444444444444,0.2777777777777778,0.5,0.7222222222222222,0.7374727668845316,2.212418300653595,6.351041666666667,0.5882352941176471,0.8496732026143791,0.7745098039215687,5.25,7.625,7.333333333333333,6.377777777777777,7.324786324786324,2
9,2018-02-01,2018-02-15,14,linke,11.0,10.0,1.0,1.0,0.5490196078431372,1.6470588235294117,0.9294871794871796,0.6470588235294118,0.8235294117647058,0.1764705882352941,0.5,0.8333333333333334,0.2,0.8333333333333334,0.7777777777777778,2,6,5,6,9,17,13,618.7647058823529,True,False,0.0,Die Linke,0.1176470588235294,0.3529411764705882,0.2941176470588235,0.3529411764705882,0.5294117647058824,137,19,44,19,36,73,0.0145985401459854,0.0437956204379562,0.0364963503649635,0.0437956204379562,0.0656934306569343,0.1052631578947368,0.1363636363636363,0.2631578947368421,0.1666666666666666,0.1232876712328767,Opposition,0.0,1.0,19.0,WP19,2018,2,14,1.1296296296296295,3.388888888888889,7.234375,1.0,1.5555555555555556,0.8333333333333334,6.75,8.375,8.0,6.777777777777778,7.769230769230769,18,16,4,8,5,9,13,0.2222222222222222,0.4444444444444444,0.2777777777777778,0.5,0.7222222222222222,0.5806100217864923,1.7418300653594772,6.30488782051282,0.3529411764705882,0.7320261437908497,0.6568627450980392,6.25,7.541666666666667,7.8,5.944444444444445,6.991452991452992,3
9,2018-02-01,2018-02-15,14,spd,18.0,19.0,-1.0,1.0,0.106060606060606,0.3181818181818182,1.5081300813008132,0.1136363636363636,0.1590909090909091,0.0454545454545454,2.2,1.6,1.3333333333333333,1.5,1.238095238095238,5,20,3,8,21,44,41,612.1818181818181,True,False,2.0,SPD,0.1136363636363636,0.4545454545454545,0.0681818181818181,0.1818181818181818,0.4772727272727273,137,19,44,19,36,73,0.0364963503649635,0.145985401459854,0.0218978102189781,0.0583941605839416,0.1532846715328467,0.2631578947368421,0.4545454545454545,0.1578947368421052,0.2222222222222222,0.2876712328767123,Regierung,1.0,0.0,19.0,WP19,2018,2,14,1.1296296296296295,3.388888888888889,7.234375,1.0,1.5555555555555556,0.8333333333333334,6.75,8.375,8.0,6.777777777777778,7.769230769230769,18,16,4,8,5,9,13,0.2222222222222222,0.4444444444444444,0.2777777777777778,0.5,0.7222222222222222,1.0235690235690236,3.0707070707070705,5.726244918699187,0.8863636363636364,1.3964646464646464,0.787878787878788,4.55,6.775,6.666666666666667,5.277777777777778,6.531135531135531,4
10,2018-02-15,2018-02-23,15,cdu/csu,33.0,33.0,0.0,0.0,0.2416666666666666,0.725,3.543809523809524,0.1,0.375,0.25,2.9,5.5,6.083333333333333,4.388888888888889,3.055555555555556,10,10,12,18,18,40,35,765.175,True,False,4.0,CDU/CSU,0.25,0.25,0.3,0.45,0.45,111,32,30,33,47,55,0.09009009009009,0.09009009009009,0.1081081081081081,0.1621621621621621,0.1621621621621621,0.3125,0.3333333333333333,0.3636363636363636,0.3829787234042553,0.3272727272727272,Regierung,1.0,0.0,19.0,WP19,2018,2,8,1.0833333333333333,3.25,8.089285714285714,1.1875,1.4375,0.625,8.25,8.166666666666666,8.166666666666666,7.625,8.5,16,14,4,6,6,8,10,0.25,0.375,0.375,0.5,0.625,0.8416666666666666,2.525,4.54547619047619,1.0875,1.0625,0.375,5.35,2.666666666666666,2.083333333333333,3.2361111111111107,5.444444444444445,0
10,2018-02-15,2018-02-23,15,fdp,9.0,10.0,-1.0,1.0,0.3333333333333333,1.0,2.270833333333333,0.2,0.5333333333333333,0.2666666666666666,3.75,2.75,3.333333333333333,1.5,1.5714285714285714,4,4,3,6,7,15,12,683.8666666666667,True,False,3.0,FDP,0.2666666666666666,0.2666666666666666,0.2,0.4,0.4666666666666667,111,32,30,33,47,55,0.036036036036036,0.036036036036036,0.027027027027027,0.054054054054054,0.063063063063063,0.125,0.1333333333333333,0.0909090909090909,0.1276595744680851,0.1272727272727272,Opposition,0.0,1.0,19.0,WP19,2018,2,8,1.0833333333333333,3.25,8.089285714285714,1.1875,1.4375,0.625,8.25,8.166666666666666,8.166666666666666,7.625,8.5,16,14,4,6,6,8,10,0.25,0.375,0.375,0.5,0.625,0.75,2.25,5.81845238095238,0.9875,0.9041666666666668,0.3583333333333333,4.5,5.416666666666666,4.833333333333332,6.125,6.928571428571429,1
10,2018-02-15,2018-02-23,15,grüne,13.0,11.0,2.0,2.0,0.4761904761904761,1.4285714285714286,1.0769230769230769,0.4285714285714285,0.7142857142857143,0.2857142857142857,1.1666666666666667,2.0,1.0,0.8571428571428571,0.875,6,4,5,7,8,14,13,698.3571428571429,True,False,1.0,Bündnis 90/Die Grünen,0.4285714285714285,0.2857142857142857,0.3571428571428571,0.5,0.5714285714285714,111,32,30,33,47,55,0.054054054054054,0.036036036036036,0.045045045045045,0.063063063063063,0.072072072072072,0.1875,0.1333333333333333,0.1515151515151515,0.1489361702127659,0.1454545454545454,Opposition,0.0,1.0,19.0,WP19,2018,2,8,1.0833333333333333,3.25,8.089285714285714,1.1875,1.4375,0.625,8.25,8.166666666666666,8.166666666666666,7.625,8.5,16,14,4,6,6,8,10,0.25,0.375,0.375,0.5,0.625,0.6071428571428571,1.8214285714285716,7.012362637362637,0.7589285714285714,0.7232142857142857,0.3392857142857143,7.083333333333333,6.166666666666666,7.166666666666666,6.767857142857143,7.625,2
10,2018-02-15,2018-02-23,15,linke,11.0,11.0,0.0,0.0,0.738095238095238,2.2142857142857144,0.782051282051282,0.6428571428571429,1.2142857142857142,0.3571428571428571,0.2,2.6666666666666665,0.25,0.6666666666666666,1.0,5,3,4,6,6,14,13,658.2857142857143,True,False,0.0,Die Linke,0.3571428571428571,0.2142857142857142,0.2857142857142857,0.4285714285714285,0.4285714285714285,111,32,30,33,47,55,0.045045045045045,0.027027027027027,0.036036036036036,0.054054054054054,0.054054054054054,0.15625,0.1,0.1212121212121212,0.1276595744680851,0.109090909090909,Opposition,0.0,1.0,19.0,WP19,2018,2,8,1.0833333333333333,3.25,8.089285714285714,1.1875,1.4375,0.625,8.25,8.166666666666666,8.166666666666666,7.625,8.5,16,14,4,6,6,8,10,0.25,0.375,0.375,0.5,0.625,0.3452380952380952,1.0357142857142856,7.307234432234432,0.5446428571428571,0.2232142857142858,0.2678571428571428,8.05,5.5,7.916666666666666,6.958333333333333,7.5,3
10,2018-02-15,2018-02-23,15,spd,16.0,18.0,-2.0,2.0,0.25,0.75,1.4340277777777777,0.1428571428571428,0.4285714285714285,0.1785714285714285,1.2857142857142858,3.0,1.3333333333333333,0.6,1.375,7,9,9,10,16,28,24,686.3214285714286,True,False,2.0,SPD,0.25,0.3214285714285714,0.3214285714285714,0.3571428571428571,0.5714285714285714,111,32,30,33,47,55,0.063063063063063,0.081081081081081,0.081081081081081,0.09009009009009,0.1441441441441441,0.21875,0.3,0.2727272727272727,0.2127659574468085,0.2909090909090909,Regierung,1.0,0.0,19.0,WP19,2018,2,8,1.0833333333333333,3.25,8.089285714285714,1.1875,1.4375,0.625,8.25,8.166666666666666,8.166666666666666,7.625,8.5,16,14,4,6,6,8,10,0.25,0.375,0.375,0.5,0.625,0.8333333333333333,2.5,6.655257936507936,1.0446428571428572,1.0089285714285714,0.4464285714285714,6.964285714285714,5.166666666666666,6.833333333333333,7.025,7.125,4
11,2018-02-23,2018-03-01,14,cdu/csu,34.0,33.0,1.0,1.0,0.1363636363636363,0.4090909090909091,2.8431372549019605,0.0454545454545454,0.2272727272727272,0.1363636363636363,,5.0,3.6666666666666665,1.5,2.6153846153846154,0,3,3,4,13,22,17,730.9090909090909,True,False,4.0,CDU/CSU,0.0,0.1363636363636363,0.1363636363636363,0.1818181818181818,0.5909090909090909,61,1,9,10,11,40,0.0,0.0491803278688524,0.0491803278688524,0.0655737704918032,0.2131147540983606,0.0,0.3333333333333333,0.3,0.3636363636363636,0.325,Regierung,1.0,0.0,19.0,WP19,2018,2,6,0.9,2.7,6.979166666666666,1.0,1.2,0.5,9.0,8.6,8.0,6.333333333333333,7.125,10,8,2,5,2,3,8,0.2,0.5,0.2,0.3,0.8,0.7636363636363637,2.290909090909091,4.136029411764706,0.9545454545454546,0.9727272727272728,0.3636363636363636,,3.6,4.333333333333334,4.833333333333333,4.509615384615385,0
11,2018-02-23,2018-03-01,14,fdp,9.0,9.0,0.0,0.0,0.1666666666666666,0.5,1.5,0.0,0.25,0.25,,,2.0,2.0,1.2,0,0,1,1,5,8,6,581.375,True,False,3.0,FDP,0.0,0.0,0.125,0.125,0.625,61,1,9,10,11,40,0.0,0.0,0.0163934426229508,0.0163934426229508,0.081967213114754,0.0,0.0,0.1,0.0909090909090909,0.125,Opposition,0.0,1.0,19.0,WP19,2018,2,6,0.9,2.7,6.979166666666666,1.0,1.2,0.5,9.0,8.6,8.0,6.333333333333333,7.125,10,8,2,5,2,3,8,0.2,0.5,0.2,0.3,0.8,0.7333333333333334,2.2,5.479166666666666,1.0,0.95,0.25,,,6.0,4.333333333333333,5.925,1
11,2018-02-23,2018-03-01,14,grüne,12.0,13.0,-1.0,1.0,0.4074074074074074,1.2222222222222223,1.625,0.1111111111111111,0.7777777777777778,0.3333333333333333,,1.5,0.0,1.0,2.0,0,2,1,2,6,9,6,615.3333333333334,True,False,1.0,Bündnis 90/Die Grünen,0.0,0.2222222222222222,0.1111111111111111,0.2222222222222222,0.6666666666666666,61,1,9,10,11,40,0.0,0.0327868852459016,0.0163934426229508,0.0327868852459016,0.0983606557377049,0.0,0.2222222222222222,0.1,0.1818181818181818,0.15,Opposition,0.0,1.0,19.0,WP19,2018,2,6,0.9,2.7,6.979166666666666,1.0,1.2,0.5,9.0,8.6,8.0,6.333333333333333,7.125,10,8,2,5,2,3,8,0.2,0.5,0.2,0.3,0.8,0.4925925925925926,1.477777777777778,5.354166666666666,0.8888888888888888,0.4222222222222221,0.1666666666666666,,7.1,8.0,5.333333333333333,5.125,2
11,2018-02-23,2018-03-01,14,linke,10.0,11.0,-1.0,1.0,0.4444444444444444,1.3333333333333333,1.6666666666666667,0.3333333333333333,0.8888888888888888,0.1111111111111111,2.0,,0.5,1.0,1.6666666666666667,1,0,2,2,6,9,9,578.0,True,False,0.0,Die Linke,0.1111111111111111,0.0,0.2222222222222222,0.2222222222222222,0.6666666666666666,61,1,9,10,11,40,0.0163934426229508,0.0,0.0327868852459016,0.0327868852459016,0.0983606557377049,1.0,0.0,0.2,0.1818181818181818,0.15,Opposition,0.0,1.0,19.0,WP19,2018,2,6,0.9,2.7,6.979166666666666,1.0,1.2,0.5,9.0,8.6,8.0,6.333333333333333,7.125,10,8,2,5,2,3,8,0.2,0.5,0.2,0.3,0.8,0.4555555555555556,1.366666666666667,5.312499999999999,0.6666666666666667,0.3111111111111111,0.3888888888888889,7.0,,7.5,5.333333333333333,5.458333333333333,3
11,2018-02-23,2018-03-01,14,spd,17.0,16.0,1.0,1.0,0.1794871794871795,0.5384615384615384,1.181818181818182,0.1538461538461538,0.2307692307692307,0.1538461538461538,,1.75,0.3333333333333333,0.0,1.2,0,4,3,2,10,13,11,720.0,True,False,2.0,SPD,0.0,0.3076923076923077,0.2307692307692307,0.1538461538461538,0.7692307692307693,61,1,9,10,11,40,0.0,0.0655737704918032,0.0491803278688524,0.0327868852459016,0.1639344262295081,0.0,0.4444444444444444,0.3,0.1818181818181818,0.25,Regierung,1.0,0.0,19.0,WP19,2018,2,6,0.9,2.7,6.979166666666666,1.0,1.2,0.5,9.0,8.6,8.0,6.333333333333333,7.125,10,8,2,5,2,3,8,0.2,0.5,0.2,0.3,0.8,0.7205128205128205,2.161538461538462,5.797348484848484,0.8461538461538461,0.9692307692307692,0.3461538461538461,,6.85,7.666666666666667,6.333333333333333,5.925,4
12,2018-03-01,2018-03-23,15,cdu/csu,34.0,34.0,0.0,0.0,0.1175059952038369,0.3525179856115107,2.757978723404255,0.1007194244604316,0.1654676258992805,0.0863309352517985,3.9,5.25,2.6666666666666665,3.5277777777777777,2.305555555555556,10,32,15,36,72,139,94,750.2805755395683,True,False,4.0,CDU/CSU,0.0719424460431654,0.2302158273381295,0.1079136690647482,0.2589928057553957,0.5179856115107914,420,53,87,51,116,202,0.0238095238095238,0.0761904761904762,0.0357142857142857,0.0857142857142857,0.1714285714285714,0.1886792452830188,0.367816091954023,0.2941176470588235,0.3103448275862069,0.3564356435643564,Regierung,1.0,0.0,19.0,WP19,2018,3,22,0.8743961352657005,2.6231884057971016,7.031286549707603,0.8115942028985508,1.2608695652173914,0.5507246376811594,7.9,8.433333333333334,8.0,7.208333333333333,7.113207547169812,69,57,10,30,17,24,53,0.144927536231884,0.4347826086956521,0.2463768115942029,0.3478260869565217,0.7681159420289855,0.7568901400618635,2.2706704201855907,4.273307826303348,0.7108747784381191,1.0954019393181107,0.4643937024293608,4.0,3.1833333333333336,5.333333333333334,3.6805555555555554,4.807651991614256,0
12,2018-03-01,2018-03-23,15,fdp,9.0,9.0,0.0,0.0,0.1818181818181818,0.5454545454545454,2.317073170731707,0.1363636363636363,0.3787878787878788,0.0303030303030303,4.777777777777778,4.428571428571429,1.625,2.272727272727273,1.7857142857142858,9,7,8,11,28,66,41,582.469696969697,True,False,3.0,FDP,0.1363636363636363,0.106060606060606,0.1212121212121212,0.1666666666666666,0.4242424242424242,420,53,87,51,116,202,0.0214285714285714,0.0166666666666666,0.019047619047619,0.0261904761904761,0.0666666666666666,0.1698113207547169,0.0804597701149425,0.1568627450980392,0.0948275862068965,0.1386138613861386,Opposition,0.0,1.0,19.0,WP19,2018,3,22,0.8743961352657005,2.6231884057971016,7.031286549707603,0.8115942028985508,1.2608695652173914,0.5507246376811594,7.9,8.433333333333334,8.0,7.208333333333333,7.113207547169812,69,57,10,30,17,24,53,0.144927536231884,0.4347826086956521,0.2463768115942029,0.3478260869565217,0.7681159420289855,0.6925779534475187,2.077733860342556,4.714213378975895,0.6752305665349144,0.8820816864295126,0.5204216073781291,3.1222222222222227,4.004761904761905,6.375,4.9356060606060606,5.327493261455526,1
12,2018-03-01,2018-03-23,15,grüne,11.0,12.0,-1.0,1.0,0.3615819209039548,1.0847457627118644,1.229710144927536,0.3389830508474576,0.6440677966101694,0.1016949152542373,1.0,2.4375,0.2222222222222222,1.2,0.967741935483871,12,16,9,25,31,59,46,642.9661016949152,True,False,1.0,Bündnis 90/Die Grünen,0.2033898305084746,0.2711864406779661,0.1525423728813559,0.423728813559322,0.5254237288135594,420,53,87,51,116,202,0.0285714285714285,0.0380952380952381,0.0214285714285714,0.0595238095238095,0.0738095238095238,0.2264150943396226,0.1839080459770115,0.1764705882352941,0.2155172413793103,0.1534653465346534,Opposition,0.0,1.0,19.0,WP19,2018,3,22,0.8743961352657005,2.6231884057971016,7.031286549707603,0.8115942028985508,1.2608695652173914,0.5507246376811594,7.9,8.433333333333334,8.0,7.208333333333333,7.113207547169812,69,57,10,30,17,24,53,0.144927536231884,0.4347826086956521,0.2463768115942029,0.3478260869565217,0.7681159420289855,0.5128142143617457,1.5384426430852371,5.801576404780066,0.4726111520510931,0.6168017686072219,0.4490297224269221,6.9,5.995833333333334,7.777777777777778,6.008333333333333,6.145465611685941,2
12,2018-03-01,2018-03-23,15,linke,9.0,10.0,-1.0,1.0,0.5777777777777777,1.7333333333333334,1.3383333333333334,0.5333333333333333,1.0333333333333334,0.1666666666666666,0.875,1.7058823529411764,0.5,1.0,1.3448275862068966,8,17,8,19,29,60,40,598.9166666666666,True,False,0.0,Die Linke,0.1333333333333333,0.2833333333333333,0.1333333333333333,0.3166666666666666,0.4833333333333333,420,53,87,51,116,202,0.019047619047619,0.0404761904761904,0.019047619047619,0.0452380952380952,0.069047619047619,0.1509433962264151,0.1954022988505747,0.1568627450980392,0.1637931034482758,0.1435643564356435,Opposition,0.0,1.0,19.0,WP19,2018,3,22,0.8743961352657005,2.6231884057971016,7.031286549707603,0.8115942028985508,1.2608695652173914,0.5507246376811594,7.9,8.433333333333334,8.0,7.208333333333333,7.113207547169812,69,57,10,30,17,24,53,0.144927536231884,0.4347826086956521,0.2463768115942029,0.3478260869565217,0.7681159420289855,0.2966183574879227,0.8898550724637682,5.692953216374269,0.2782608695652174,0.2275362318840579,0.3840579710144928,7.025,6.727450980392157,7.5,6.208333333333333,5.768379960962915,3
12,2018-03-01,2018-03-23,15,spd,18.0,17.0,1.0,1.0,0.1145833333333333,0.34375,1.5819672131147542,0.09375,0.2083333333333333,0.0416666666666666,2.071428571428572,2.6666666666666665,1.2727272727272727,1.28,1.5476190476190477,14,15,11,25,42,96,61,678.2708333333334,True,False,2.0,SPD,0.1458333333333333,0.15625,0.1145833333333333,0.2604166666666667,0.4375,420,53,87,51,116,202,0.0333333333333333,0.0357142857142857,0.0261904761904761,0.0595238095238095,0.1,0.2641509433962264,0.1724137931034483,0.2156862745098039,0.2155172413793103,0.2079207920792079,Regierung,1.0,0.0,19.0,WP19,2018,3,22,0.8743961352657005,2.6231884057971016,7.031286549707603,0.8115942028985508,1.2608695652173914,0.5507246376811594,7.9,8.433333333333334,8.0,7.208333333333333,7.113207547169812,69,57,10,30,17,24,53,0.144927536231884,0.4347826086956521,0.2463768115942029,0.3478260869565217,0.7681159420289855,0.7598128019323671,2.2794384057971016,5.449319336592849,0.7178442028985508,1.052536231884058,0.5090579710144928,5.828571428571429,5.766666666666668,6.727272727272728,5.928333333333333,5.565588499550764,4
13,2018-03-23,2018-04-05,13,cdu/csu,33.0,34.0,-1.0,1.0,0.1555555555555555,0.4666666666666667,3.696969696969697,0.2,0.2666666666666666,0.0,2.2,6.0,2.0,5.285714285714286,2.6,5,3,1,7,5,15,11,824.2666666666667,True,False,4.0,CDU/CSU,0.3333333333333333,0.2,0.0666666666666666,0.4666666666666667,0.3333333333333333,49,15,11,7,19,12,0.1020408163265306,0.0612244897959183,0.0204081632653061,0.1428571428571428,0.1020408163265306,0.3333333333333333,0.2727272727272727,0.1428571428571428,0.3684210526315789,0.4166666666666667,Regierung,1.0,0.0,19.0,WP19,2018,3,13,1.1282051282051282,3.3846153846153846,8.425,1.1538461538461535,1.5384615384615383,0.6923076923076923,9.0,8.857142857142858,8.5,8.0,8.333333333333334,13,10,4,7,4,5,9,0.3076923076923077,0.5384615384615384,0.3076923076923077,0.3846153846153846,0.6923076923076923,0.9726495726495726,2.917948717948718,4.728030303030304,0.9538461538461538,1.271794871794872,0.6923076923076923,6.8,2.8571428571428577,6.5,2.7142857142857144,5.733333333333334,0
13,2018-03-23,2018-04-05,13,fdp,9.0,9.0,0.0,0.0,0.3,0.9,2.703703703703704,0.4,0.4,0.1,4.0,2.5,2.0,1.25,2.0,4,2,1,4,1,10,9,590.5,True,False,3.0,FDP,0.4,0.2,0.1,0.4,0.1,49,15,11,7,19,12,0.0816326530612244,0.0408163265306122,0.0204081632653061,0.0816326530612244,0.0204081632653061,0.2666666666666666,0.1818181818181818,0.1428571428571428,0.2105263157894736,0.0833333333333333,Opposition,0.0,1.0,19.0,WP19,2018,3,13,1.1282051282051282,3.3846153846153846,8.425,1.1538461538461535,1.5384615384615383,0.6923076923076923,9.0,8.857142857142858,8.5,8.0,8.333333333333334,13,10,4,7,4,5,9,0.3076923076923077,0.5384615384615384,0.3076923076923077,0.3846153846153846,0.6923076923076923,0.8282051282051281,2.4846153846153847,5.7212962962962965,0.7538461538461537,1.1384615384615384,0.5923076923076923,5.0,6.357142857142858,6.5,6.75,6.333333333333334,1
13,2018-03-23,2018-04-05,13,grüne,12.0,11.0,1.0,1.0,0.4444444444444444,1.3333333333333333,1.7916666666666667,0.5,0.5,0.3333333333333333,1.0,3.0,1.3333333333333333,1.0,3.5,2,2,3,3,2,6,6,784.8333333333334,True,False,1.0,Bündnis 90/Die Grünen,0.3333333333333333,0.3333333333333333,0.5,0.5,0.3333333333333333,49,15,11,7,19,12,0.0408163265306122,0.0408163265306122,0.0612244897959183,0.0612244897959183,0.0408163265306122,0.1333333333333333,0.1818181818181818,0.4285714285714285,0.1578947368421052,0.1666666666666666,Opposition,0.0,1.0,19.0,WP19,2018,3,13,1.1282051282051282,3.3846153846153846,8.425,1.1538461538461535,1.5384615384615383,0.6923076923076923,9.0,8.857142857142858,8.5,8.0,8.333333333333334,13,10,4,7,4,5,9,0.3076923076923077,0.5384615384615384,0.3076923076923077,0.3846153846153846,0.6923076923076923,0.6837606837606838,2.051282051282051,6.633333333333334,0.6538461538461537,1.0384615384615383,0.358974358974359,8.0,5.857142857142858,7.166666666666667,7.0,4.833333333333334,2
13,2018-03-23,2018-04-05,13,linke,10.0,9.0,1.0,1.0,0.6666666666666666,2.0,2.875,0.6,1.2,0.2,1.0,9.0,7.0,5.0,4.5,2,1,1,2,2,5,4,1024.8,True,False,0.0,Die Linke,0.4,0.2,0.2,0.4,0.4,49,15,11,7,19,12,0.0408163265306122,0.0204081632653061,0.0204081632653061,0.0408163265306122,0.0408163265306122,0.1333333333333333,0.0909090909090909,0.1428571428571428,0.1052631578947368,0.1666666666666666,Opposition,0.0,1.0,19.0,WP19,2018,3,13,1.1282051282051282,3.3846153846153846,8.425,1.1538461538461535,1.5384615384615383,0.6923076923076923,9.0,8.857142857142858,8.5,8.0,8.333333333333334,13,10,4,7,4,5,9,0.3076923076923077,0.5384615384615384,0.3076923076923077,0.3846153846153846,0.6923076923076923,0.4615384615384615,1.3846153846153846,5.550000000000001,0.5538461538461538,0.3384615384615386,0.4923076923076923,8.0,0.1428571428571423,1.5,3.0,3.833333333333334,3
13,2018-03-23,2018-04-05,13,spd,19.0,18.0,1.0,1.0,0.0512820512820512,0.1538461538461538,2.611111111111111,0.0,0.0769230769230769,0.0769230769230769,2.0,3.333333333333333,2.0,2.333333333333333,2.0,2,3,1,3,2,13,6,687.8461538461538,True,False,2.0,SPD,0.1538461538461538,0.2307692307692307,0.0769230769230769,0.2307692307692307,0.1538461538461538,49,15,11,7,19,12,0.0408163265306122,0.0612244897959183,0.0204081632653061,0.0612244897959183,0.0408163265306122,0.1333333333333333,0.2727272727272727,0.1428571428571428,0.1578947368421052,0.1666666666666666,Regierung,1.0,0.0,19.0,WP19,2018,3,13,1.1282051282051282,3.3846153846153846,8.425,1.1538461538461535,1.5384615384615383,0.6923076923076923,9.0,8.857142857142858,8.5,8.0,8.333333333333334,13,10,4,7,4,5,9,0.3076923076923077,0.5384615384615384,0.3076923076923077,0.3846153846153846,0.6923076923076923,1.0769230769230769,3.230769230769231,5.81388888888889,1.1538461538461535,1.4615384615384617,0.6153846153846154,7.0,5.523809523809524,6.5,5.666666666666666,6.333333333333334,4
14,2018-04-05,2018-04-20,14,cdu/csu,33.0,33.0,0.0,0.0,0.1666666666666666,0.5,2.657142857142857,0.125,0.3125,0.0625,4.166666666666667,3.9,2.5,2.833333333333333,1.7857142857142858,6,10,2,12,28,48,35,730.25,True,False,4.0,CDU/CSU,0.125,0.2083333333333333,0.0416666666666666,0.25,0.5833333333333334,135,23,30,11,48,70,0.0444444444444444,0.074074074074074,0.0148148148148148,0.0888888888888888,0.2074074074074074,0.2608695652173913,0.3333333333333333,0.1818181818181818,0.25,0.4,Regierung,1.0,0.0,19.0,WP19,2018,4,15,0.9242424242424242,2.772727272727273,6.735087719298246,0.8636363636363636,1.2272727272727273,0.6818181818181818,9.0,8.8,7.6,5.6,7.294117647058823,22,19,3,10,5,10,17,0.1363636363636363,0.4545454545454545,0.2272727272727272,0.4545454545454545,0.7727272727272727,0.7575757575757576,2.272727272727273,4.077944862155389,0.7386363636363636,0.9147727272727272,0.6193181818181818,4.833333333333333,4.9,5.1,2.766666666666666,5.508403361344538,0
14,2018-04-05,2018-04-20,14,fdp,9.0,9.0,0.0,0.0,0.2063492063492063,0.6190476190476191,2.716666666666667,0.0952380952380952,0.3809523809523809,0.1428571428571428,7.0,4.0,0.0,1.7142857142857142,1.9,3,4,1,7,10,21,15,551.3333333333334,True,False,3.0,FDP,0.1428571428571428,0.1904761904761904,0.0476190476190476,0.3333333333333333,0.4761904761904761,135,23,30,11,48,70,0.0222222222222222,0.0296296296296296,0.0074074074074074,0.0518518518518518,0.074074074074074,0.1304347826086956,0.1333333333333333,0.0909090909090909,0.1458333333333333,0.1428571428571428,Opposition,0.0,1.0,19.0,WP19,2018,4,15,0.9242424242424242,2.772727272727273,6.735087719298246,0.8636363636363636,1.2272727272727273,0.6818181818181818,9.0,8.8,7.6,5.6,7.294117647058823,22,19,3,10,5,10,17,0.1363636363636363,0.4545454545454545,0.2272727272727272,0.4545454545454545,0.7727272727272727,0.7178932178932178,2.153679653679654,4.018421052631579,0.7683982683982684,0.8463203463203464,0.5389610389610389,2.0,4.800000000000001,7.6,3.885714285714285,5.394117647058824,1
14,2018-04-05,2018-04-20,14,grüne,12.0,12.0,0.0,0.0,0.2631578947368421,0.7894736842105263,1.0911111111111111,0.0526315789473684,0.5263157894736842,0.2105263157894736,0.4,1.8,0.0,1.25,0.7272727272727273,5,5,3,8,11,19,15,679.3684210526316,True,False,1.0,Bündnis 90/Die Grünen,0.2631578947368421,0.2631578947368421,0.1578947368421052,0.4210526315789473,0.5789473684210527,135,23,30,11,48,70,0.037037037037037,0.037037037037037,0.0222222222222222,0.0592592592592592,0.0814814814814814,0.217391304347826,0.1666666666666666,0.2727272727272727,0.1666666666666666,0.1571428571428571,Opposition,0.0,1.0,19.0,WP19,2018,4,15,0.9242424242424242,2.772727272727273,6.735087719298246,0.8636363636363636,1.2272727272727273,0.6818181818181818,9.0,8.8,7.6,5.6,7.294117647058823,22,19,3,10,5,10,17,0.1363636363636363,0.4545454545454545,0.2272727272727272,0.4545454545454545,0.7727272727272727,0.661084529505582,1.9832535885167464,5.643976608187135,0.8110047846889952,0.7009569377990431,0.4712918660287081,8.6,7.000000000000001,7.6,4.35,6.566844919786096,2
14,2018-04-05,2018-04-20,14,linke,10.0,10.0,0.0,0.0,0.631578947368421,1.894736842105263,1.6611111111111112,0.5789473684210527,1.105263157894737,0.2105263157894736,1.0,2.8,0.6666666666666666,1.1111111111111112,1.6363636363636365,3,5,3,9,11,19,15,620.8947368421053,True,False,0.0,Die Linke,0.1578947368421052,0.2631578947368421,0.1578947368421052,0.4736842105263157,0.5789473684210527,135,23,30,11,48,70,0.0222222222222222,0.037037037037037,0.0222222222222222,0.0666666666666666,0.0814814814814814,0.1304347826086956,0.1666666666666666,0.2727272727272727,0.1875,0.1571428571428571,Opposition,0.0,1.0,19.0,WP19,2018,4,15,0.9242424242424242,2.772727272727273,6.735087719298246,0.8636363636363636,1.2272727272727273,0.6818181818181818,9.0,8.8,7.6,5.6,7.294117647058823,22,19,3,10,5,10,17,0.1363636363636363,0.4545454545454545,0.2272727272727272,0.4545454545454545,0.7727272727272727,0.2926634768740032,0.8779904306220099,5.073976608187135,0.284688995215311,0.1220095693779903,0.4712918660287081,8.0,6.000000000000001,6.933333333333333,4.488888888888889,5.657754010695187,3
14,2018-04-05,2018-04-20,14,spd,18.0,19.0,-1.0,1.0,0.1428571428571428,0.4285714285714285,1.7196969696969695,0.1071428571428571,0.2857142857142857,0.0357142857142857,3.333333333333333,1.3333333333333333,0.0,1.1666666666666667,0.7,6,6,2,12,10,28,22,649.3928571428571,True,False,2.0,SPD,0.2142857142857142,0.2142857142857142,0.0714285714285714,0.4285714285714285,0.3571428571428571,135,23,30,11,48,70,0.0444444444444444,0.0444444444444444,0.0148148148148148,0.0888888888888888,0.074074074074074,0.2608695652173913,0.2,0.1818181818181818,0.25,0.1428571428571428,Regierung,1.0,0.0,19.0,WP19,2018,4,15,0.9242424242424242,2.772727272727273,6.735087719298246,0.8636363636363636,1.2272727272727273,0.6818181818181818,9.0,8.8,7.6,5.6,7.294117647058823,22,19,3,10,5,10,17,0.1363636363636363,0.4545454545454545,0.2272727272727272,0.4545454545454545,0.7727272727272727,0.7813852813852813,2.3441558441558445,5.015390749601276,0.7564935064935066,0.9415584415584416,0.6461038961038961,5.666666666666666,7.466666666666668,7.6,4.433333333333333,6.594117647058823,4
15,2018-04-20,2018-05-09,15,cdu/csu,32.0,33.0,-1.0,1.0,0.08,0.24,2.0961538461538463,0.0133333333333333,0.16,0.0666666666666666,3.25,3.3,0.5,1.8,1.4473684210526316,8,10,4,20,38,75,52,756.68,True,False,4.0,CDU/CSU,0.1066666666666666,0.1333333333333333,0.0533333333333333,0.2666666666666666,0.5066666666666667,229,28,43,27,68,111,0.0349344978165938,0.0436681222707423,0.0174672489082969,0.0873362445414847,0.1659388646288209,0.2857142857142857,0.2325581395348837,0.1481481481481481,0.2941176470588235,0.3423423423423423,Regierung,1.0,0.0,19.0,WP19,2018,4,19,0.8666666666666666,2.6,6.994623655913979,0.8,1.225,0.575,6.75,7.222222222222222,6.2,6.6875,7.56,40,31,4,18,10,16,25,0.1,0.45,0.25,0.4,0.625,0.7866666666666666,2.3600000000000003,4.898469809760133,0.7866666666666667,1.0650000000000002,0.5083333333333333,3.5,3.9222222222222234,5.7,4.8875,6.112631578947368,0
15,2018-04-20,2018-05-09,15,fdp,10.0,9.0,1.0,1.0,0.2450980392156862,0.7352941176470589,2.305555555555556,0.1470588235294117,0.4117647058823529,0.1764705882352941,4.0,3.333333333333333,0.0,1.4615384615384617,2.055555555555556,3,9,5,13,18,34,24,585.2647058823529,True,False,3.0,FDP,0.088235294117647,0.2647058823529412,0.1470588235294117,0.3823529411764705,0.5294117647058824,229,28,43,27,68,111,0.0131004366812227,0.0393013100436681,0.0218340611353711,0.056768558951965,0.0786026200873362,0.1071428571428571,0.2093023255813953,0.1851851851851851,0.1911764705882352,0.1621621621621621,Opposition,0.0,1.0,19.0,WP19,2018,4,19,0.8666666666666666,2.6,6.994623655913979,0.8,1.225,0.575,6.75,7.222222222222222,6.2,6.6875,7.56,40,31,4,18,10,16,25,0.1,0.45,0.25,0.4,0.625,0.6215686274509804,1.8647058823529408,4.689068100358423,0.6529411764705882,0.8132352941176472,0.3985294117647058,2.75,3.888888888888889,6.2,5.225961538461538,5.504444444444444,1
15,2018-04-20,2018-05-09,15,grüne,12.0,12.0,0.0,0.0,0.3666666666666666,1.1,1.2613636363636365,0.3,0.6666666666666666,0.1333333333333333,0.0,3.6,2.2,1.6363636363636365,1.3125,6,5,5,11,16,30,22,674.9,True,False,1.0,Bündnis 90/Die Grünen,0.2,0.1666666666666666,0.1666666666666666,0.3666666666666666,0.5333333333333333,229,28,43,27,68,111,0.0262008733624454,0.0218340611353711,0.0218340611353711,0.0480349344978165,0.0698689956331877,0.2142857142857142,0.1162790697674418,0.1851851851851851,0.1617647058823529,0.1441441441441441,Opposition,0.0,1.0,19.0,WP19,2018,4,19,0.8666666666666666,2.6,6.994623655913979,0.8,1.225,0.575,6.75,7.222222222222222,6.2,6.6875,7.56,40,31,4,18,10,16,25,0.1,0.45,0.25,0.4,0.625,0.4999999999999999,1.5,5.733260019550342,0.5,0.5583333333333335,0.4416666666666666,6.75,3.6222222222222222,4.0,5.051136363636363,6.2475,2
15,2018-04-20,2018-05-09,15,linke,10.0,10.0,0.0,0.0,0.5402298850574713,1.6206896551724137,1.3055555555555556,0.4137931034482758,0.896551724137931,0.3103448275862069,0.0,3.4444444444444446,0.2,1.4444444444444444,0.9230769230769232,4,9,5,9,13,29,21,611.8965517241379,True,False,0.0,Die Linke,0.1379310344827586,0.3103448275862069,0.1724137931034483,0.3103448275862069,0.4482758620689655,229,28,43,27,68,111,0.0174672489082969,0.0393013100436681,0.0218340611353711,0.0393013100436681,0.056768558951965,0.1428571428571428,0.2093023255813953,0.1851851851851851,0.1323529411764706,0.1171171171171171,Opposition,0.0,1.0,19.0,WP19,2018,4,19,0.8666666666666666,2.6,6.994623655913979,0.8,1.225,0.575,6.75,7.222222222222222,6.2,6.6875,7.56,40,31,4,18,10,16,25,0.1,0.45,0.25,0.4,0.625,0.3264367816091953,0.9793103448275864,5.689068100358424,0.3862068965517242,0.328448275862069,0.264655172413793,6.75,3.7777777777777777,6.0,5.243055555555555,6.636923076923076,3
15,2018-04-20,2018-05-09,15,spd,17.0,18.0,-1.0,1.0,0.1530054644808743,0.4590163934426229,0.8310185185185186,0.1475409836065573,0.2131147540983606,0.0983606557377049,0.2857142857142857,1.9,0.375,1.0,0.5384615384615384,7,10,8,15,26,61,36,646.2131147540983,True,False,2.0,SPD,0.1147540983606557,0.1639344262295081,0.1311475409836065,0.2459016393442623,0.4262295081967213,229,28,43,27,68,111,0.0305676855895196,0.0436681222707423,0.0349344978165938,0.0655021834061135,0.1135371179039301,0.25,0.2325581395348837,0.2962962962962963,0.2205882352941176,0.2342342342342342,Regierung,1.0,0.0,19.0,WP19,2018,4,19,0.8666666666666666,2.6,6.994623655913979,0.8,1.225,0.575,6.75,7.222222222222222,6.2,6.6875,7.56,40,31,4,18,10,16,25,0.1,0.45,0.25,0.4,0.625,0.7136612021857923,2.140983606557377,6.163605137395461,0.6524590163934427,1.0118852459016394,0.476639344262295,6.464285714285714,5.322222222222223,5.825,5.6875,7.021538461538461,4
16,2018-05-09,2018-05-18,15,cdu/csu,32.0,32.0,0.0,0.0,0.0884353741496598,0.2653061224489796,2.5128205128205128,0.0612244897959183,0.1224489795918367,0.0816326530612244,1.9285714285714288,4.833333333333333,1.6,3.8,2.0,14,6,5,15,23,49,39,926.2448979591836,True,False,4.0,CDU/CSU,0.2857142857142857,0.1224489795918367,0.1020408163265306,0.3061224489795918,0.4693877551020408,166,57,28,24,46,79,0.0843373493975903,0.036144578313253,0.0301204819277108,0.0903614457831325,0.1385542168674698,0.2456140350877192,0.2142857142857142,0.2083333333333333,0.3260869565217391,0.2911392405063291,Regierung,1.0,0.0,19.0,WP19,2018,5,9,1.0208333333333333,3.0625,7.291666666666666,1.03125,1.46875,0.5625,7.666666666666667,8.1875,7.625,7.090909090909091,7.1923076923076925,32,28,9,16,8,11,26,0.28125,0.5,0.25,0.34375,0.8125,0.9323979591836734,2.7971938775510203,4.778846153846153,0.9700255102040816,1.3463010204081634,0.4808673469387755,5.738095238095238,3.354166666666667,6.025,3.290909090909091,5.1923076923076925,0
16,2018-05-09,2018-05-18,15,fdp,8.0,10.0,-2.0,2.0,0.3066666666666666,0.92,3.052083333333333,0.16,0.76,0.0,4.5,5.0,,2.833333333333333,2.2222222222222223,6,4,0,6,9,25,16,814.76,True,False,3.0,FDP,0.24,0.16,0.0,0.24,0.36,166,57,28,24,46,79,0.036144578313253,0.0240963855421686,0.0,0.036144578313253,0.0542168674698795,0.1052631578947368,0.1428571428571428,0.0,0.1304347826086956,0.1139240506329113,Opposition,0.0,1.0,19.0,WP19,2018,5,9,1.0208333333333333,3.0625,7.291666666666666,1.03125,1.46875,0.5625,7.666666666666667,8.1875,7.625,7.090909090909091,7.1923076923076925,32,28,9,16,8,11,26,0.28125,0.5,0.25,0.34375,0.8125,0.7141666666666666,2.1425,4.239583333333332,0.87125,0.70875,0.5625,3.166666666666667,3.1875,,4.257575757575758,4.97008547008547,1
16,2018-05-09,2018-05-18,15,grüne,13.0,12.0,1.0,1.0,0.4933333333333333,1.48,1.5797101449275364,0.36,1.04,0.08,1.3571428571428572,1.7142857142857142,0.5,1.6,1.6,14,7,4,10,15,25,23,775.24,True,False,1.0,Bündnis 90/Die Grünen,0.56,0.28,0.16,0.4,0.6,166,57,28,24,46,79,0.0843373493975903,0.0421686746987951,0.0240963855421686,0.0602409638554216,0.0903614457831325,0.2456140350877192,0.25,0.1666666666666666,0.217391304347826,0.189873417721519,Opposition,0.0,1.0,19.0,WP19,2018,5,9,1.0208333333333333,3.0625,7.291666666666666,1.03125,1.46875,0.5625,7.666666666666667,8.1875,7.625,7.090909090909091,7.1923076923076925,32,28,9,16,8,11,26,0.28125,0.5,0.25,0.34375,0.8125,0.5275,1.5825,5.71195652173913,0.67125,0.4287499999999999,0.4825,6.30952380952381,6.473214285714286,7.125,5.49090909090909,5.592307692307692,2
16,2018-05-09,2018-05-18,15,linke,9.0,10.0,-1.0,1.0,0.5185185185185185,1.5555555555555556,1.55,0.5185185185185185,0.925925925925926,0.1111111111111111,1.1,2.5,0.8571428571428571,1.25,2.076923076923077,10,6,7,8,13,27,25,684.1851851851852,True,False,0.0,Die Linke,0.3703703703703703,0.2222222222222222,0.2592592592592592,0.2962962962962963,0.4814814814814814,166,57,28,24,46,79,0.0602409638554216,0.036144578313253,0.0421686746987951,0.0481927710843373,0.0783132530120482,0.175438596491228,0.2142857142857142,0.2916666666666667,0.1739130434782608,0.1645569620253164,Opposition,0.0,1.0,19.0,WP19,2018,5,9,1.0208333333333333,3.0625,7.291666666666666,1.03125,1.46875,0.5625,7.666666666666667,8.1875,7.625,7.090909090909091,7.1923076923076925,32,28,9,16,8,11,26,0.28125,0.5,0.25,0.34375,0.8125,0.5023148148148148,1.5069444444444444,5.741666666666666,0.5127314814814815,0.5428240740740741,0.4513888888888889,6.566666666666666,5.6875,6.767857142857143,5.840909090909091,5.115384615384615,3
16,2018-05-09,2018-05-18,15,spd,18.0,17.0,1.0,1.0,0.0333333333333333,0.1,1.137931034482759,0.0,0.1,0.0,0.8461538461538461,2.4,0.5,1.2857142857142858,0.631578947368421,13,5,8,7,19,40,29,857.5,True,False,2.0,SPD,0.325,0.125,0.2,0.175,0.475,166,57,28,24,46,79,0.0783132530120482,0.0301204819277108,0.0481927710843373,0.0421686746987951,0.1144578313253012,0.2280701754385964,0.1785714285714285,0.3333333333333333,0.1521739130434782,0.240506329113924,Regierung,1.0,0.0,19.0,WP19,2018,5,9,1.0208333333333333,3.0625,7.291666666666666,1.03125,1.46875,0.5625,7.666666666666667,8.1875,7.625,7.090909090909091,7.1923076923076925,32,28,9,16,8,11,26,0.28125,0.5,0.25,0.34375,0.8125,0.9875,2.9625,6.153735632183907,1.03125,1.36875,0.5625,6.820512820512821,5.7875,7.125,5.805194805194805,6.560728744939271,4
17,2018-05-18,2018-06-14,14,cdu/csu,33.0,32.0,1.0,1.0,0.10727969348659,0.3218390804597701,2.5083333333333333,0.0804597701149425,0.1954022988505747,0.0459770114942528,3.3846153846153846,3.923076923076923,0.0,3.1578947368421053,1.8863636363636365,13,13,1,19,44,87,60,803.1149425287356,True,False,4.0,CDU/CSU,0.1494252873563218,0.1494252873563218,0.0114942528735632,0.2183908045977011,0.5057471264367817,258,45,46,10,59,114,0.0503875968992248,0.0503875968992248,0.003875968992248,0.0736434108527131,0.1705426356589147,0.2888888888888888,0.2826086956521739,0.1,0.3220338983050847,0.3859649122807017,Regierung,1.0,0.0,19.0,WP19,2018,5,27,1.032520325203252,3.097560975609756,7.458333333333334,1.0,1.5121951219512195,0.5853658536585366,7.666666666666667,8.055555555555555,8.0,6.615384615384615,7.903225806451613,41,34,6,18,6,13,31,0.1463414634146341,0.4390243902439024,0.1463414634146341,0.3170731707317073,0.7560975609756098,0.925240631716662,2.775721895149986,4.950000000000001,0.9195402298850576,1.3167928231006447,0.5393888421642836,4.282051282051283,4.132478632478632,8.0,3.4574898785425097,6.016862170087976,0
17,2018-05-18,2018-06-14,14,fdp,8.0,8.0,0.0,0.0,0.1794871794871795,0.5384615384615384,2.3044871794871797,0.1282051282051282,0.3846153846153846,0.0256410256410256,3.25,3.857142857142857,0.0,1.6,1.8666666666666667,4,7,1,10,15,39,26,645.7692307692307,True,False,3.0,FDP,0.1025641025641025,0.1794871794871795,0.0256410256410256,0.2564102564102564,0.3846153846153846,258,45,46,10,59,114,0.0155038759689922,0.0271317829457364,0.003875968992248,0.0387596899224806,0.0581395348837209,0.0888888888888888,0.1521739130434782,0.1,0.1694915254237288,0.131578947368421,Opposition,0.0,1.0,19.0,WP19,2018,5,27,1.032520325203252,3.097560975609756,7.458333333333334,1.0,1.5121951219512195,0.5853658536585366,7.666666666666667,8.055555555555555,8.0,6.615384615384615,7.903225806451613,41,34,6,18,6,13,31,0.1463414634146341,0.4390243902439024,0.1463414634146341,0.3170731707317073,0.7560975609756098,0.8530331457160725,2.559099437148218,5.153846153846155,0.8717948717948718,1.127579737335835,0.5597248280175109,4.416666666666667,4.198412698412698,8.0,5.015384615384615,6.036559139784947,1
17,2018-05-18,2018-06-14,14,grüne,13.0,13.0,0.0,0.0,0.3333333333333333,1.0,1.0416666666666667,0.3157894736842105,0.6842105263157895,0.0,0.6,1.3333333333333333,0.0,0.875,0.9,10,9,3,8,20,38,28,675.0526315789474,True,False,1.0,Bündnis 90/Die Grünen,0.2631578947368421,0.2368421052631578,0.0789473684210526,0.2105263157894736,0.5263157894736842,258,45,46,10,59,114,0.0387596899224806,0.0348837209302325,0.0116279069767441,0.0310077519379844,0.0775193798449612,0.2222222222222222,0.1956521739130435,0.3,0.135593220338983,0.175438596491228,Opposition,0.0,1.0,19.0,WP19,2018,5,27,1.032520325203252,3.097560975609756,7.458333333333334,1.0,1.5121951219512195,0.5853658536585366,7.666666666666667,8.055555555555555,8.0,6.615384615384615,7.903225806451613,41,34,6,18,6,13,31,0.1463414634146341,0.4390243902439024,0.1463414634146341,0.3170731707317073,0.7560975609756098,0.6991869918699187,2.097560975609756,6.416666666666667,0.6842105263157895,0.82798459563543,0.5853658536585366,7.066666666666667,6.722222222222222,8.0,5.740384615384615,7.003225806451613,2
17,2018-05-18,2018-06-14,14,linke,10.0,9.0,1.0,1.0,0.5714285714285714,1.7142857142857142,1.48015873015873,0.6571428571428571,1.0285714285714285,0.0285714285714285,1.4285714285714286,2.0,0.6666666666666666,1.3333333333333333,1.3333333333333333,7,6,3,9,15,35,21,645.4,True,False,0.0,Die Linke,0.2,0.1714285714285714,0.0857142857142857,0.2571428571428571,0.4285714285714285,258,45,46,10,59,114,0.0271317829457364,0.0232558139534883,0.0116279069767441,0.0348837209302325,0.0581395348837209,0.1555555555555555,0.1304347826086956,0.3,0.1525423728813559,0.131578947368421,Opposition,0.0,1.0,19.0,WP19,2018,5,27,1.032520325203252,3.097560975609756,7.458333333333334,1.0,1.5121951219512195,0.5853658536585366,7.666666666666667,8.055555555555555,8.0,6.615384615384615,7.903225806451613,41,34,6,18,6,13,31,0.1463414634146341,0.4390243902439024,0.1463414634146341,0.3170731707317073,0.7560975609756098,0.4610917537746806,1.383275261324042,5.978174603174604,0.3428571428571428,0.483623693379791,0.556794425087108,6.238095238095238,6.055555555555555,7.333333333333333,5.282051282051282,6.56989247311828,3
17,2018-05-18,2018-06-14,14,spd,17.0,18.0,-1.0,1.0,0.1412429378531073,0.423728813559322,0.912280701754386,0.0847457627118644,0.3050847457627119,0.0338983050847457,0.9090909090909092,1.9090909090909087,0.0,1.0,0.35,11,11,2,13,20,59,38,691.6440677966102,True,False,2.0,SPD,0.1864406779661017,0.1864406779661017,0.0338983050847457,0.2203389830508474,0.3389830508474576,258,45,46,10,59,114,0.0426356589147286,0.0426356589147286,0.0077519379844961,0.0503875968992248,0.0775193798449612,0.2444444444444444,0.2391304347826087,0.2,0.2203389830508474,0.175438596491228,Regierung,1.0,0.0,19.0,WP19,2018,5,27,1.032520325203252,3.097560975609756,7.458333333333334,1.0,1.5121951219512195,0.5853658536585366,7.666666666666667,8.055555555555555,8.0,6.615384615384615,7.903225806451613,41,34,6,18,6,13,31,0.1463414634146341,0.4390243902439024,0.1463414634146341,0.3170731707317073,0.7560975609756098,0.8912773873501447,2.6738321620504344,6.546052631578948,0.9152542372881356,1.2071103761885076,0.5514675485737908,6.757575757575758,6.146464646464646,8.0,5.615384615384615,7.553225806451613,4
18,2018-06-14,2018-06-28,15,cdu/csu,31.0,33.0,-2.0,2.0,0.2009803921568627,0.6029411764705882,3.284722222222222,0.1470588235294117,0.2794117647058823,0.1764705882352941,2.0,5.714285714285714,1.5,3.421052631578948,3.0526315789473686,3,21,2,19,38,68,48,711.6323529411765,True,False,4.0,CDU/CSU,0.0441176470588235,0.3088235294117647,0.0294117647058823,0.2794117647058823,0.5588235294117647,194,17,62,15,73,107,0.0154639175257731,0.1082474226804123,0.0103092783505154,0.0979381443298969,0.1958762886597938,0.1764705882352941,0.3387096774193548,0.1333333333333333,0.2602739726027397,0.3551401869158878,Regierung,1.0,0.0,19.0,WP19,2018,6,14,1.1888888888888889,3.566666666666667,7.373333333333334,1.1333333333333333,1.5666666666666669,0.8666666666666667,8.0,8.857142857142858,7.75,7.0,7.458333333333333,30,25,1,14,8,15,24,0.0333333333333333,0.4666666666666667,0.2666666666666666,0.5,0.8,0.9879084967320262,2.9637254901960786,4.088611111111112,0.9862745098039216,1.2872549019607842,0.6901960784313725,6.0,3.1428571428571432,6.25,3.5789473684210527,4.405701754385964,0
18,2018-06-14,2018-06-28,15,fdp,8.0,8.0,0.0,0.0,0.2857142857142857,0.8571428571428571,2.7536231884057973,0.2142857142857142,0.5357142857142857,0.1071428571428571,5.666666666666667,5.142857142857143,1.25,2.8461538461538463,1.75,3,7,4,13,16,28,23,583.75,True,False,3.0,FDP,0.1071428571428571,0.25,0.1428571428571428,0.4642857142857143,0.5714285714285714,194,17,62,15,73,107,0.0154639175257731,0.0360824742268041,0.0206185567010309,0.0670103092783505,0.0824742268041237,0.1764705882352941,0.1129032258064516,0.2666666666666666,0.1780821917808219,0.1495327102803738,Opposition,0.0,1.0,19.0,WP19,2018,6,14,1.1888888888888889,3.566666666666667,7.373333333333334,1.1333333333333333,1.5666666666666669,0.8666666666666667,8.0,8.857142857142858,7.75,7.0,7.458333333333333,30,25,1,14,8,15,24,0.0333333333333333,0.4666666666666667,0.2666666666666666,0.5,0.8,0.9031746031746032,2.7095238095238097,4.619710144927536,0.919047619047619,1.0309523809523808,0.7595238095238096,2.333333333333333,3.7142857142857135,6.5,4.153846153846153,5.708333333333333,1
18,2018-06-14,2018-06-28,15,grüne,13.0,13.0,0.0,0.0,0.3333333333333332,1.0,1.1666666666666663,0.28,0.68,0.04,0.5,2.6666666666666665,0.25,0.8,1.0,6,6,4,10,15,25,19,611.36,True,False,1.0,Bündnis 90/Die Grünen,0.24,0.24,0.16,0.4,0.6,194,17,62,15,73,107,0.0309278350515463,0.0309278350515463,0.0206185567010309,0.0515463917525773,0.0773195876288659,0.3529411764705882,0.0967741935483871,0.2666666666666666,0.136986301369863,0.1401869158878504,Opposition,0.0,1.0,19.0,WP19,2018,6,14,1.1888888888888889,3.566666666666667,7.373333333333334,1.1333333333333333,1.5666666666666669,0.8666666666666667,8.0,8.857142857142858,7.75,7.0,7.458333333333333,30,25,1,14,8,15,24,0.0333333333333333,0.4666666666666667,0.2666666666666666,0.5,0.8,0.8555555555555556,2.566666666666667,6.206666666666667,0.8533333333333333,0.8866666666666666,0.8266666666666667,7.5,6.190476190476192,7.5,6.2,6.458333333333333,2
18,2018-06-14,2018-06-28,15,linke,10.0,10.0,0.0,0.0,0.5733333333333333,1.72,1.4523809523809523,0.56,1.04,0.12,0.0,1.5555555555555556,0.0,1.3125,1.4615384615384617,1,9,1,16,13,25,21,624.04,True,False,0.0,Die Linke,0.04,0.36,0.04,0.64,0.52,194,17,62,15,73,107,0.0051546391752577,0.0463917525773195,0.0051546391752577,0.0824742268041237,0.0670103092783505,0.0588235294117647,0.1451612903225806,0.0666666666666666,0.2191780821917808,0.1214953271028037,Opposition,0.0,1.0,19.0,WP19,2018,6,14,1.1888888888888889,3.566666666666667,7.373333333333334,1.1333333333333333,1.5666666666666669,0.8666666666666667,8.0,8.857142857142858,7.75,7.0,7.458333333333333,30,25,1,14,8,15,24,0.0333333333333333,0.4666666666666667,0.2666666666666666,0.5,0.8,0.6155555555555556,1.846666666666667,5.920952380952381,0.5733333333333333,0.5266666666666666,0.7466666666666667,8.0,7.301587301587302,7.75,5.6875,5.996794871794871,3
18,2018-06-14,2018-06-28,15,spd,18.0,17.0,1.0,1.0,0.1527777777777777,0.4583333333333333,1.236842105263158,0.1666666666666666,0.2708333333333333,0.0208333333333333,1.25,1.7894736842105263,1.0,0.9333333333333332,0.76,4,19,4,15,25,48,38,677.9166666666666,True,False,2.0,SPD,0.0833333333333333,0.3958333333333333,0.0833333333333333,0.3125,0.5208333333333334,194,17,62,15,73,107,0.0206185567010309,0.0979381443298969,0.0206185567010309,0.0773195876288659,0.1288659793814432,0.2352941176470588,0.3064516129032258,0.2666666666666666,0.2054794520547945,0.2336448598130841,Regierung,1.0,0.0,19.0,WP19,2018,6,14,1.1888888888888889,3.566666666666667,7.373333333333334,1.1333333333333333,1.5666666666666669,0.8666666666666667,8.0,8.857142857142858,7.75,7.0,7.458333333333333,30,25,1,14,8,15,24,0.0333333333333333,0.4666666666666667,0.2666666666666666,0.5,0.8,1.0361111111111112,3.1083333333333334,6.136491228070176,0.9666666666666668,1.2958333333333334,0.8458333333333333,6.75,7.067669172932331,6.75,6.066666666666666,6.698333333333333,4
19,2018-06-28,2018-07-05,14,cdu/csu,32.0,31.0,1.0,1.0,0.0790960451977401,0.2372881355932203,2.274572649572649,0.0677966101694915,0.1440677966101695,0.0254237288135593,2.555555555555556,3.888888888888889,1.8571428571428568,2.1739130434782608,1.5555555555555556,27,18,7,23,54,118,78,814.2542372881356,True,False,4.0,CDU/CSU,0.2288135593220339,0.1525423728813559,0.059322033898305,0.1949152542372881,0.4576271186440678,358,99,61,28,83,156,0.0754189944134078,0.0502793296089385,0.0195530726256983,0.0642458100558659,0.1508379888268156,0.2727272727272727,0.2950819672131147,0.25,0.2771084337349397,0.3461538461538461,Regierung,1.0,0.0,19.0,WP19,2018,6,7,0.8833333333333333,2.65,7.056,0.8166666666666667,1.3333333333333333,0.5,7.277777777777778,8.24,7.75,6.2631578947368425,7.357142857142857,60,50,18,25,16,19,42,0.3,0.4166666666666667,0.2666666666666666,0.3166666666666666,0.7,0.8042372881355933,2.41271186440678,4.78142735042735,0.7488700564971751,1.1892655367231637,0.4745762711864407,4.722222222222222,4.351111111111111,5.892857142857142,4.089244851258582,5.801587301587301,0
19,2018-06-28,2018-07-05,14,fdp,8.0,8.0,0.0,0.0,0.2515723270440251,0.7547169811320755,3.092592592592593,0.2075471698113207,0.5094339622641509,0.0377358490566037,3.933333333333333,4.25,2.0,2.6666666666666665,2.15,15,8,1,12,20,53,36,680.622641509434,True,False,3.0,FDP,0.2830188679245283,0.1509433962264151,0.0188679245283018,0.2264150943396226,0.3773584905660377,358,99,61,28,83,156,0.0418994413407821,0.0223463687150838,0.0027932960893854,0.0335195530726257,0.0558659217877094,0.1515151515151515,0.1311475409836065,0.0357142857142857,0.144578313253012,0.1282051282051282,Opposition,0.0,1.0,19.0,WP19,2018,6,7,0.8833333333333333,2.65,7.056,0.8166666666666667,1.3333333333333333,0.5,7.277777777777778,8.24,7.75,6.2631578947368425,7.357142857142857,60,50,18,25,16,19,42,0.3,0.4166666666666667,0.2666666666666666,0.3166666666666666,0.7,0.6317610062893082,1.8952830188679244,3.963407407407408,0.6091194968553459,0.8238993710691823,0.4622641509433962,3.344444444444445,3.99,5.75,3.596491228070176,5.207142857142857,1
19,2018-06-28,2018-07-05,14,grüne,13.0,13.0,0.0,0.0,0.2955974842767295,0.8867924528301887,1.2396825396825395,0.2075471698113207,0.6226415094339622,0.0566037735849056,1.2083333333333333,2.2,1.5,1.1428571428571428,0.9230769230769232,24,10,6,14,26,53,42,674.811320754717,True,False,1.0,Bündnis 90/Die Grünen,0.4528301886792453,0.1886792452830188,0.1132075471698113,0.2641509433962264,0.490566037735849,358,99,61,28,83,156,0.0670391061452514,0.0279329608938547,0.0167597765363128,0.0391061452513966,0.0726256983240223,0.2424242424242424,0.1639344262295081,0.2142857142857142,0.1686746987951807,0.1666666666666666,Opposition,0.0,1.0,19.0,WP19,2018,6,7,0.8833333333333333,2.65,7.056,0.8166666666666667,1.3333333333333333,0.5,7.277777777777778,8.24,7.75,6.2631578947368425,7.357142857142857,60,50,18,25,16,19,42,0.3,0.4166666666666667,0.2666666666666666,0.3166666666666666,0.7,0.5877358490566038,1.7632075471698112,5.81631746031746,0.6091194968553459,0.710691823899371,0.4433962264150943,6.069444444444445,6.04,6.25,5.1203007518797,6.434065934065933,2
19,2018-06-28,2018-07-05,14,linke,9.0,10.0,-1.0,1.0,0.4423076923076923,1.3269230769230769,1.252991452991453,0.4230769230769231,0.8076923076923077,0.0961538461538461,0.5714285714285714,2.75,0.2857142857142857,1.181818181818182,1.1904761904761905,14,12,7,11,21,52,39,632.7115384615385,True,False,0.0,Die Linke,0.2692307692307692,0.2307692307692307,0.1346153846153846,0.2115384615384615,0.4038461538461538,358,99,61,28,83,156,0.0391061452513966,0.0335195530726257,0.0195530726256983,0.0307262569832402,0.0586592178770949,0.1414141414141414,0.1967213114754098,0.25,0.1325301204819277,0.1346153846153846,Opposition,0.0,1.0,19.0,WP19,2018,6,7,0.8833333333333333,2.65,7.056,0.8166666666666667,1.3333333333333333,0.5,7.277777777777778,8.24,7.75,6.2631578947368425,7.357142857142857,60,50,18,25,16,19,42,0.3,0.4166666666666667,0.2666666666666666,0.3166666666666666,0.7,0.441025641025641,1.323076923076923,5.803008547008547,0.3935897435897436,0.5256410256410255,0.4038461538461538,6.706349206349207,5.49,7.464285714285714,5.081339712918661,6.166666666666666,3
19,2018-06-28,2018-07-05,14,spd,19.0,18.0,1.0,1.0,0.0934959349593495,0.2804878048780488,1.2077380952380952,0.0609756097560975,0.1951219512195122,0.024390243902439,1.4736842105263157,1.2307692307692308,0.7142857142857143,0.9565217391304348,0.8285714285714286,19,13,7,23,35,82,56,741.9024390243902,True,False,2.0,SPD,0.2317073170731707,0.1585365853658536,0.0853658536585365,0.2804878048780488,0.4268292682926829,358,99,61,28,83,156,0.053072625698324,0.0363128491620111,0.0195530726256983,0.0642458100558659,0.0977653631284916,0.1919191919191919,0.2131147540983606,0.25,0.2771084337349397,0.2243589743589743,Regierung,1.0,0.0,19.0,WP19,2018,6,7,0.8833333333333333,2.65,7.056,0.8166666666666667,1.3333333333333333,0.5,7.277777777777778,8.24,7.75,6.2631578947368425,7.357142857142857,60,50,18,25,16,19,42,0.3,0.4166666666666667,0.2666666666666666,0.3166666666666666,0.7,0.7898373983739837,2.369512195121951,5.848261904761905,0.755691056910569,1.1382113821138211,0.4756097560975609,5.804093567251462,7.009230769230769,7.035714285714286,5.306636155606408,6.5285714285714285,4
20,2018-07-05,2018-07-27,16,cdu/csu,30.0,32.0,-2.0,2.0,0.0833333333333333,0.25,2.630208333333333,0.125,0.0416666666666666,0.0833333333333333,3.75,4.0,3.0,3.142857142857143,1.5454545454545454,4,7,2,7,11,24,16,916.7916666666666,True,False,4.0,CDU/CSU,0.1666666666666666,0.2916666666666667,0.0833333333333333,0.2916666666666667,0.4583333333333333,79,18,22,10,25,30,0.050632911392405,0.0886075949367088,0.0253164556962025,0.0886075949367088,0.1392405063291139,0.2222222222222222,0.3181818181818182,0.2,0.28,0.3666666666666666,Regierung,1.0,0.0,19.0,WP19,2018,7,22,1.2307692307692308,3.692307692307693,7.564102564102565,1.1538461538461535,1.6923076923076923,0.8461538461538461,,8.444444444444445,7.8,8.0,7.615384615384615,13,13,0,9,5,4,13,0.0,0.6923076923076923,0.3846153846153846,0.3076923076923077,1.0,1.1474358974358976,3.4423076923076925,4.933894230769232,1.0288461538461535,1.6506410256410255,0.7628205128205128,,4.444444444444445,4.8,4.857142857142858,6.06993006993007,0
20,2018-07-05,2018-07-27,16,fdp,8.0,8.0,0.0,0.0,0.3333333333333333,1.0,3.625,0.3571428571428571,0.6428571428571429,0.0,7.0,4.6,,2.4,3.5,1,5,0,5,4,14,8,694.4285714285714,True,False,3.0,FDP,0.0714285714285714,0.3571428571428571,0.0,0.3571428571428571,0.2857142857142857,79,18,22,10,25,30,0.0126582278481012,0.0632911392405063,0.0,0.0632911392405063,0.050632911392405,0.0555555555555555,0.2272727272727272,0.0,0.2,0.1333333333333333,Opposition,0.0,1.0,19.0,WP19,2018,7,22,1.2307692307692308,3.692307692307693,7.564102564102565,1.1538461538461535,1.6923076923076923,0.8461538461538461,,8.444444444444445,7.8,8.0,7.615384615384615,13,13,0,9,5,4,13,0.0,0.6923076923076923,0.3846153846153846,0.3076923076923077,1.0,0.8974358974358976,2.6923076923076925,3.9391025641025648,0.7967032967032965,1.0494505494505493,0.8461538461538461,,3.844444444444445,,5.6,4.115384615384615,1
20,2018-07-05,2018-07-27,16,grüne,14.0,13.0,1.0,1.0,0.4871794871794871,1.4615384615384617,2.591666666666667,0.3846153846153846,0.8461538461538461,0.2307692307692307,1.4,6.25,0.0,2.5,2.75,5,4,2,4,4,13,10,691.9230769230769,True,False,1.0,Bündnis 90/Die Grünen,0.3846153846153846,0.3076923076923077,0.1538461538461538,0.3076923076923077,0.3076923076923077,79,18,22,10,25,30,0.0632911392405063,0.050632911392405,0.0253164556962025,0.050632911392405,0.050632911392405,0.2777777777777778,0.1818181818181818,0.2,0.16,0.1333333333333333,Opposition,0.0,1.0,19.0,WP19,2018,7,22,1.2307692307692308,3.692307692307693,7.564102564102565,1.1538461538461535,1.6923076923076923,0.8461538461538461,,8.444444444444445,7.8,8.0,7.615384615384615,13,13,0,9,5,4,13,0.0,0.6923076923076923,0.3846153846153846,0.3076923076923077,1.0,0.7435897435897436,2.230769230769231,4.972435897435898,0.7692307692307692,0.8461538461538461,0.6153846153846154,,2.1944444444444446,7.8,5.5,4.865384615384615,2
20,2018-07-05,2018-07-27,16,linke,9.0,9.0,0.0,0.0,0.6969696969696969,2.090909090909091,1.6833333333333331,0.7272727272727273,1.181818181818182,0.1818181818181818,1.3333333333333333,3.0,0.0,2.833333333333333,1.0,3,3,4,6,6,11,8,672.6363636363636,True,False,0.0,Die Linke,0.2727272727272727,0.2727272727272727,0.3636363636363636,0.5454545454545454,0.5454545454545454,79,18,22,10,25,30,0.0379746835443038,0.0379746835443038,0.050632911392405,0.0759493670886076,0.0759493670886076,0.1666666666666666,0.1363636363636363,0.4,0.24,0.2,Opposition,0.0,1.0,19.0,WP19,2018,7,22,1.2307692307692308,3.692307692307693,7.564102564102565,1.1538461538461535,1.6923076923076923,0.8461538461538461,,8.444444444444445,7.8,8.0,7.615384615384615,13,13,0,9,5,4,13,0.0,0.6923076923076923,0.3846153846153846,0.3076923076923077,1.0,0.5337995337995339,1.6013986013986017,5.880769230769231,0.4265734265734264,0.5104895104895104,0.6643356643356644,,5.444444444444445,7.8,5.166666666666666,6.615384615384615,3
20,2018-07-05,2018-07-27,16,spd,18.0,19.0,-1.0,1.0,0.0588235294117647,0.1764705882352941,1.3484848484848484,0.0,0.1176470588235294,0.0588235294117647,1.2,2.0,0.5,2.333333333333333,0.8,5,3,2,3,5,17,11,756.0588235294117,True,False,2.0,SPD,0.2941176470588235,0.1764705882352941,0.1176470588235294,0.1764705882352941,0.2941176470588235,79,18,22,10,25,30,0.0632911392405063,0.0379746835443038,0.0253164556962025,0.0379746835443038,0.0632911392405063,0.2777777777777778,0.1363636363636363,0.2,0.12,0.1666666666666666,Regierung,1.0,0.0,19.0,WP19,2018,7,22,1.2307692307692308,3.692307692307693,7.564102564102565,1.1538461538461535,1.6923076923076923,0.8461538461538461,,8.444444444444445,7.8,8.0,7.615384615384615,13,13,0,9,5,4,13,0.0,0.6923076923076923,0.3846153846153846,0.3076923076923077,1.0,1.171945701357466,3.5158371040723986,6.215617715617716,1.1538461538461535,1.5746606334841629,0.7873303167420814,,6.444444444444445,7.3,5.666666666666666,6.815384615384615,4
24,2018-09-06,2018-09-21,16,cdu/csu,29.0,29.0,0.0,0.0,0.0952380952380952,0.2857142857142857,2.583333333333333,0.1269841269841269,0.0952380952380952,0.0634920634920634,2.8125,5.3,2.333333333333333,3.0,2.111111111111111,16,10,6,16,36,63,48,936.7460317460316,True,False,4.0,CDU/CSU,0.2539682539682539,0.1587301587301587,0.0952380952380952,0.2539682539682539,0.5714285714285714,215,65,41,16,57,105,0.0744186046511627,0.0465116279069767,0.027906976744186,0.0744186046511627,0.1674418604651162,0.2461538461538461,0.2439024390243902,0.375,0.2807017543859649,0.3428571428571428,Regierung,1.0,0.0,19.0,WP19,2018,9,15,1.2439024390243902,3.731707317073171,7.693809523809523,1.2439024390243902,1.6097560975609757,0.8780487804878049,7.916666666666667,8.409090909090908,8.090909090909092,7.352941176470588,7.866666666666666,41,35,12,22,11,17,30,0.2926829268292683,0.5365853658536586,0.2682926829268293,0.4146341463414634,0.7317073170731707,1.1486643437862951,3.4459930313588854,5.110476190476192,1.1169183120402633,1.5145180023228804,0.8145567169957414,5.104166666666667,3.1090909090909085,5.757575757575758,4.352941176470588,5.755555555555555,0
24,2018-09-06,2018-09-21,16,fdp,8.0,8.0,0.0,0.0,0.3636363636363636,1.0909090909090908,2.7698412698412698,0.2424242424242424,0.7878787878787878,0.0606060606060606,3.375,4.428571428571429,2.0,2.571428571428572,2.533333333333333,8,7,1,7,15,33,21,793.5151515151515,True,False,3.0,FDP,0.2424242424242424,0.2121212121212121,0.0303030303030303,0.2121212121212121,0.4545454545454545,215,65,41,16,57,105,0.0372093023255813,0.0325581395348837,0.0046511627906976,0.0325581395348837,0.0697674418604651,0.123076923076923,0.1707317073170731,0.0625,0.1228070175438596,0.1428571428571428,Opposition,0.0,1.0,19.0,WP19,2018,9,15,1.2439024390243902,3.731707317073171,7.693809523809523,1.2439024390243902,1.6097560975609757,0.8780487804878049,7.916666666666667,8.409090909090908,8.090909090909092,7.352941176470588,7.866666666666666,41,35,12,22,11,17,30,0.2926829268292683,0.5365853658536586,0.2682926829268293,0.4146341463414634,0.7317073170731707,0.8802660753880266,2.64079822616408,4.923968253968255,1.0014781966001478,0.8218773096821879,0.8174427198817442,4.541666666666667,3.98051948051948,6.090909090909092,4.781512605042016,5.333333333333333,1
24,2018-09-06,2018-09-21,16,grüne,14.0,14.0,0.0,0.0,0.4141414141414141,1.2424242424242424,1.4400000000000002,0.3636363636363636,0.7878787878787878,0.0909090909090909,1.0,3.25,1.3333333333333333,1.7,1.411764705882353,17,8,3,10,17,33,30,725.2727272727273,True,False,1.0,Bündnis 90/Die Grünen,0.5151515151515151,0.2424242424242424,0.0909090909090909,0.303030303030303,0.5151515151515151,215,65,41,16,57,105,0.0790697674418604,0.0372093023255813,0.013953488372093,0.0465116279069767,0.0790697674418604,0.2615384615384615,0.1951219512195122,0.1875,0.175438596491228,0.1619047619047619,Opposition,0.0,1.0,19.0,WP19,2018,9,15,1.2439024390243902,3.731707317073171,7.693809523809523,1.2439024390243902,1.6097560975609757,0.8780487804878049,7.916666666666667,8.409090909090908,8.090909090909092,7.352941176470588,7.866666666666666,41,35,12,22,11,17,30,0.2926829268292683,0.5365853658536586,0.2682926829268293,0.4146341463414634,0.7317073170731707,0.8297610248829761,2.4892830746489283,6.253809523809524,0.8802660753880266,0.8218773096821879,0.7871396895787139,6.916666666666667,5.159090909090908,6.757575757575759,5.652941176470588,6.454901960784313,2
24,2018-09-06,2018-09-21,16,linke,10.0,9.0,1.0,1.0,0.6060606060606061,1.818181818181818,1.796,0.6363636363636364,1.0303030303030305,0.1515151515151515,1.1111111111111112,3.6,0.6666666666666666,1.4444444444444444,1.9375,9,5,3,9,16,33,25,680.2121212121212,True,False,0.0,Die Linke,0.2727272727272727,0.1515151515151515,0.0909090909090909,0.2727272727272727,0.4848484848484848,215,65,41,16,57,105,0.041860465116279,0.0232558139534883,0.013953488372093,0.041860465116279,0.0744186046511627,0.1384615384615384,0.1219512195121951,0.1875,0.1578947368421052,0.1523809523809524,Opposition,0.0,1.0,19.0,WP19,2018,9,15,1.2439024390243902,3.731707317073171,7.693809523809523,1.2439024390243902,1.6097560975609757,0.8780487804878049,7.916666666666667,8.409090909090908,8.090909090909092,7.352941176470588,7.866666666666666,41,35,12,22,11,17,30,0.2926829268292683,0.5365853658536586,0.2682926829268293,0.4146341463414634,0.7317073170731707,0.6378418329637842,1.9135254988913528,5.897809523809524,0.6075388026607539,0.5794530672579454,0.7265336289726534,6.805555555555555,4.809090909090909,7.424242424242425,5.908496732026143,5.929166666666666,3
24,2018-09-06,2018-09-21,16,spd,18.0,18.0,0.0,0.0,0.220125786163522,0.660377358490566,1.7222222222222223,0.2075471698113207,0.2641509433962264,0.1886792452830188,1.9333333333333331,2.8181818181818183,1.0,1.8,1.4285714285714286,15,11,3,15,21,53,39,778.3962264150944,True,False,2.0,SPD,0.2830188679245283,0.2075471698113207,0.0566037735849056,0.2830188679245283,0.3962264150943396,215,65,41,16,57,105,0.0697674418604651,0.0511627906976744,0.013953488372093,0.0697674418604651,0.0976744186046511,0.2307692307692307,0.2682926829268293,0.1875,0.2631578947368421,0.2,Regierung,1.0,0.0,19.0,WP19,2018,9,15,1.2439024390243902,3.731707317073171,7.693809523809523,1.2439024390243902,1.6097560975609757,0.8780487804878049,7.916666666666667,8.409090909090908,8.090909090909092,7.352941176470588,7.866666666666666,41,35,12,22,11,17,30,0.2926829268292683,0.5365853658536586,0.2682926829268293,0.4146341463414634,0.7317073170731707,1.0237766528608685,3.071329958582605,5.971587301587302,1.0363552692130695,1.3456051541647494,0.6893695352047859,5.983333333333333,5.59090909090909,7.090909090909092,5.552941176470588,6.438095238095237,4
25,2018-09-21,2018-10-11,18,cdu/csu,28.0,29.0,-1.0,1.0,0.1291666666666666,0.3875,3.371527777777778,0.1125,0.2375,0.0375,4.0,4.636363636363637,3.333333333333333,3.6875,3.0384615384615383,18,11,3,16,26,80,48,718.9875,True,False,4.0,CDU/CSU,0.225,0.1375,0.0375,0.2,0.325,242,61,34,13,60,81,0.0743801652892562,0.0454545454545454,0.012396694214876,0.0661157024793388,0.1074380165289256,0.2950819672131147,0.3235294117647059,0.2307692307692307,0.2666666666666666,0.3209876543209876,Regierung,1.0,0.0,19.0,WP19,2018,9,20,0.9147286821705428,2.744186046511628,7.13063063063063,0.8604651162790697,1.3953488372093024,0.4883720930232558,7.6923076923076925,8.058823529411764,7.857142857142857,6.5,7.275862068965517,43,37,13,17,7,16,29,0.3023255813953488,0.3953488372093023,0.1627906976744186,0.3720930232558139,0.6744186046511628,0.785562015503876,2.356686046511628,3.759102852852852,0.7479651162790697,1.1578488372093023,0.4508720930232558,3.692307692307693,3.422459893048128,4.523809523809524,2.8125,4.237400530503979,0
25,2018-09-21,2018-10-11,18,fdp,9.0,8.0,1.0,1.0,0.219298245614035,0.6578947368421053,3.013888888888889,0.1052631578947368,0.5,0.0526315789473684,6.571428571428571,4.333333333333333,,1.4444444444444444,1.8,7,3,0,9,15,38,24,600.2894736842105,True,False,3.0,FDP,0.1842105263157894,0.0789473684210526,0.0,0.2368421052631578,0.3947368421052631,242,61,34,13,60,81,0.0289256198347107,0.012396694214876,0.0,0.0371900826446281,0.0619834710743801,0.1147540983606557,0.088235294117647,0.0,0.15,0.1851851851851851,Opposition,0.0,1.0,19.0,WP19,2018,9,20,0.9147286821705428,2.744186046511628,7.13063063063063,0.8604651162790697,1.3953488372093024,0.4883720930232558,7.6923076923076925,8.058823529411764,7.857142857142857,6.5,7.275862068965517,43,37,13,17,7,16,29,0.3023255813953488,0.3953488372093023,0.1627906976744186,0.3720930232558139,0.6744186046511628,0.6954304365565076,2.0862913096695226,4.116741741741741,0.7552019583843329,0.8953488372093024,0.4357405140758874,1.1208791208791211,3.725490196078432,,5.055555555555555,5.475862068965517,1
25,2018-09-21,2018-10-11,18,grüne,15.0,14.0,1.0,1.0,0.3714285714285714,1.1142857142857143,1.4807692307692308,0.3142857142857143,0.6857142857142857,0.1142857142857142,1.0833333333333333,2.5,0.5,1.5555555555555556,1.8,12,4,4,9,10,35,26,680.6285714285714,True,False,1.0,Bündnis 90/Die Grünen,0.3428571428571428,0.1142857142857142,0.1142857142857142,0.2571428571428571,0.2857142857142857,242,61,34,13,60,81,0.0495867768595041,0.0165289256198347,0.0165289256198347,0.0371900826446281,0.0413223140495867,0.1967213114754098,0.1176470588235294,0.3076923076923077,0.15,0.1234567901234567,Opposition,0.0,1.0,19.0,WP19,2018,9,20,0.9147286821705428,2.744186046511628,7.13063063063063,0.8604651162790697,1.3953488372093024,0.4883720930232558,7.6923076923076925,8.058823529411764,7.857142857142857,6.5,7.275862068965517,43,37,13,17,7,16,29,0.3023255813953488,0.3953488372093023,0.1627906976744186,0.3720930232558139,0.6744186046511628,0.5433001107419713,1.6299003322259136,5.6498613998614,0.5461794019933555,0.7096345514950166,0.3740863787375415,6.60897435897436,5.5588235294117645,7.357142857142857,4.944444444444445,5.475862068965517,2
25,2018-09-21,2018-10-11,18,linke,10.0,10.0,0.0,0.0,0.5490196078431372,1.6470588235294117,1.4479166666666667,0.4411764705882353,1.0294117647058822,0.1764705882352941,0.9,2.5,3.0,1.4545454545454546,1.4545454545454546,10,6,3,11,11,34,24,537.4705882352941,True,False,0.0,Die Linke,0.2941176470588235,0.1764705882352941,0.088235294117647,0.3235294117647059,0.3235294117647059,242,61,34,13,60,81,0.0413223140495867,0.024793388429752,0.012396694214876,0.0454545454545454,0.0454545454545454,0.1639344262295081,0.1764705882352941,0.2307692307692307,0.1833333333333333,0.1358024691358024,Opposition,0.0,1.0,19.0,WP19,2018,9,20,0.9147286821705428,2.744186046511628,7.13063063063063,0.8604651162790697,1.3953488372093024,0.4883720930232558,7.6923076923076925,8.058823529411764,7.857142857142857,6.5,7.275862068965517,43,37,13,17,7,16,29,0.3023255813953488,0.3953488372093023,0.1627906976744186,0.3720930232558139,0.6744186046511628,0.3657090743274055,1.0971272229822162,5.682713963963963,0.4192886456908344,0.3659370725034201,0.3119015047879616,6.792307692307692,5.5588235294117645,4.857142857142857,5.045454545454545,5.821316614420063,3
25,2018-09-21,2018-10-11,18,spd,17.0,18.0,-1.0,1.0,0.1757575757575757,0.5272727272727272,1.3872549019607845,0.1636363636363636,0.2909090909090909,0.0727272727272727,1.2857142857142858,2.4,0.6666666666666666,1.2666666666666666,0.8947368421052632,14,10,3,15,19,55,34,703.9636363636364,True,False,2.0,SPD,0.2545454545454545,0.1818181818181818,0.0545454545454545,0.2727272727272727,0.3454545454545454,242,61,34,13,60,81,0.0578512396694214,0.0413223140495867,0.012396694214876,0.0619834710743801,0.0785123966942148,0.2295081967213114,0.2941176470588235,0.2307692307692307,0.25,0.2345679012345679,Regierung,1.0,0.0,19.0,WP19,2018,9,20,0.9147286821705428,2.744186046511628,7.13063063063063,0.8604651162790697,1.3953488372093024,0.4883720930232558,7.6923076923076925,8.058823529411764,7.857142857142857,6.5,7.275862068965517,43,37,13,17,7,16,29,0.3023255813953488,0.3953488372093023,0.1627906976744186,0.3720930232558139,0.6744186046511628,0.7389711064129669,2.216913319238901,5.743375728669847,0.6968287526427062,1.1044397463002116,0.415644820295983,6.406593406593407,5.658823529411764,7.19047619047619,5.233333333333333,6.381125226860254,4
26,2018-10-11,2018-10-19,16,cdu/csu,26.0,28.0,-2.0,2.0,0.0919540229885057,0.2758620689655172,2.691919191919192,0.0775862068965517,0.1034482758620689,0.0948275862068965,2.533333333333333,4.809523809523809,2.0,1.9615384615384612,2.473684210526316,15,21,11,26,38,116,66,766.8275862068965,True,False,4.0,CDU/CSU,0.1293103448275862,0.1810344827586207,0.0948275862068965,0.2241379310344827,0.3275862068965517,350,53,65,45,102,128,0.0428571428571428,0.06,0.0314285714285714,0.0742857142857142,0.1085714285714285,0.2830188679245283,0.3230769230769231,0.2444444444444444,0.2549019607843137,0.296875,Regierung,1.0,0.0,19.0,WP19,2018,10,8,0.7976190476190476,2.392857142857143,6.395833333333334,0.7678571428571429,1.2142857142857142,0.4107142857142857,7.888888888888889,7.631578947368421,9.428571428571429,5.458333333333333,6.485714285714286,56,44,9,19,7,24,35,0.1607142857142857,0.3392857142857143,0.125,0.4285714285714285,0.625,0.7056650246305418,2.116995073891625,3.7039141414141423,0.6902709359605912,1.1108374384236452,0.3158866995073891,5.355555555555556,2.822055137844612,7.428571428571429,3.496794871794872,4.01203007518797,0
26,2018-10-11,2018-10-19,16,fdp,10.0,9.0,1.0,1.0,0.3273809523809524,0.9821428571428572,2.196759259259259,0.25,0.6428571428571429,0.0892857142857142,3.857142857142857,3.583333333333333,0.8,2.0,2.1666666666666665,7,12,5,18,24,56,36,578.7678571428571,True,False,3.0,FDP,0.125,0.2142857142857142,0.0892857142857142,0.3214285714285714,0.4285714285714285,350,53,65,45,102,128,0.02,0.0342857142857142,0.0142857142857142,0.0514285714285714,0.0685714285714285,0.1320754716981132,0.1846153846153846,0.1111111111111111,0.1764705882352941,0.1875,Opposition,0.0,1.0,19.0,WP19,2018,10,8,0.7976190476190476,2.392857142857143,6.395833333333334,0.7678571428571429,1.2142857142857142,0.4107142857142857,7.888888888888889,7.631578947368421,9.428571428571429,5.458333333333333,6.485714285714286,56,44,9,19,7,24,35,0.1607142857142857,0.3392857142857143,0.125,0.4285714285714285,0.625,0.4702380952380952,1.4107142857142856,4.199074074074074,0.5178571428571429,0.5714285714285713,0.3214285714285714,4.031746031746032,4.048245614035087,8.628571428571428,3.458333333333333,4.31904761904762,1
26,2018-10-11,2018-10-19,16,grüne,17.0,15.0,2.0,2.0,0.28,0.84,1.0441176470588236,0.22,0.56,0.06,0.6923076923076923,2.125,0.875,0.9375,0.95,13,8,8,16,20,50,34,621.76,True,False,1.0,Bündnis 90/Die Grünen,0.26,0.16,0.16,0.32,0.4,350,53,65,45,102,128,0.0371428571428571,0.0228571428571428,0.0228571428571428,0.0457142857142857,0.0571428571428571,0.2452830188679245,0.123076923076923,0.1777777777777777,0.1568627450980392,0.15625,Opposition,0.0,1.0,19.0,WP19,2018,10,8,0.7976190476190476,2.392857142857143,6.395833333333334,0.7678571428571429,1.2142857142857142,0.4107142857142857,7.888888888888889,7.631578947368421,9.428571428571429,5.458333333333333,6.485714285714286,56,44,9,19,7,24,35,0.1607142857142857,0.3392857142857143,0.125,0.4285714285714285,0.625,0.5176190476190475,1.552857142857143,5.351715686274511,0.5478571428571429,0.6542857142857141,0.3507142857142857,7.196581196581197,5.506578947368421,8.553571428571429,4.520833333333333,5.535714285714286,2
26,2018-10-11,2018-10-19,16,linke,10.0,10.0,0.0,0.0,0.4965986394557823,1.489795918367347,1.4375,0.5510204081632653,0.8571428571428571,0.0816326530612244,1.8571428571428568,1.4545454545454546,0.2222222222222222,1.0625,1.1875,7,11,9,16,16,49,32,577.3877551020408,True,False,0.0,Die Linke,0.1428571428571428,0.2244897959183673,0.1836734693877551,0.3265306122448979,0.3265306122448979,350,53,65,45,102,128,0.02,0.0314285714285714,0.0257142857142857,0.0457142857142857,0.0457142857142857,0.1320754716981132,0.1692307692307692,0.2,0.1568627450980392,0.125,Opposition,0.0,1.0,19.0,WP19,2018,10,8,0.7976190476190476,2.392857142857143,6.395833333333334,0.7678571428571429,1.2142857142857142,0.4107142857142857,7.888888888888889,7.631578947368421,9.428571428571429,5.458333333333333,6.485714285714286,56,44,9,19,7,24,35,0.1607142857142857,0.3392857142857143,0.125,0.4285714285714285,0.625,0.3010204081632652,0.9030612244897958,4.958333333333334,0.2168367346938776,0.3571428571428571,0.3290816326530612,6.031746031746032,6.177033492822966,9.206349206349207,4.395833333333333,5.298214285714286,3
26,2018-10-11,2018-10-19,16,spd,15.0,17.0,-2.0,2.0,0.1687763713080168,0.5063291139240507,1.2686274509803923,0.1392405063291139,0.2911392405063291,0.0759493670886076,2.0,2.6153846153846154,0.8333333333333334,0.7692307692307693,0.8333333333333334,11,13,12,26,30,79,51,638.3417721518987,True,False,2.0,SPD,0.1392405063291139,0.1645569620253164,0.1518987341772152,0.3291139240506329,0.379746835443038,350,53,65,45,102,128,0.0314285714285714,0.0371428571428571,0.0342857142857142,0.0742857142857142,0.0857142857142857,0.2075471698113207,0.2,0.2666666666666666,0.2549019607843137,0.234375,Regierung,1.0,0.0,19.0,WP19,2018,10,8,0.7976190476190476,2.392857142857143,6.395833333333334,0.7678571428571429,1.2142857142857142,0.4107142857142857,7.888888888888889,7.631578947368421,9.428571428571429,5.458333333333333,6.485714285714286,56,44,9,19,7,24,35,0.1607142857142857,0.3392857142857143,0.125,0.4285714285714285,0.625,0.6288426763110306,1.886528028933092,5.127205882352942,0.628616636528029,0.9231464737793852,0.3347649186256781,5.888888888888889,5.016194331983806,8.595238095238095,4.689102564102564,5.652380952380953,4
27,2018-10-19,2018-11-15,16,cdu/csu,25.0,26.0,-1.0,1.0,0.144927536231884,0.4347826086956521,2.6207729468599035,0.1043478260869565,0.2521739130434782,0.0782608695652174,3.2222222222222223,5.2631578947368425,1.1666666666666667,3.208333333333333,2.0961538461538463,9,19,6,24,52,115,69,703.5391304347826,True,False,4.0,CDU/CSU,0.0782608695652174,0.1652173913043478,0.0521739130434782,0.208695652173913,0.4521739130434782,320,42,58,25,74,137,0.028125,0.059375,0.01875,0.075,0.1625,0.2142857142857142,0.3275862068965517,0.24,0.3243243243243243,0.3795620437956204,Regierung,1.0,0.0,19.0,WP19,2018,10,27,0.7559523809523808,2.267857142857143,6.422916666666668,0.6785714285714286,1.25,0.3392857142857143,8.285714285714286,8.428571428571429,7.0,5.45,6.875,56,40,7,14,5,20,32,0.125,0.25,0.0892857142857142,0.3571428571428571,0.5714285714285714,0.6110248447204968,1.833074534161491,3.802143719806764,0.5742236024844721,0.9978260869565218,0.2610248447204969,5.063492063492064,3.1654135338345863,5.833333333333333,2.2416666666666667,4.778846153846153,0
27,2018-10-19,2018-11-15,16,fdp,11.0,10.0,1.0,1.0,0.2857142857142857,0.8571428571428571,3.238095238095238,0.2244897959183673,0.5510204081632653,0.0816326530612244,3.8,5.3,3.5,2.090909090909091,2.1,5,10,2,11,20,49,28,548.9387755102041,True,False,3.0,FDP,0.1020408163265306,0.2040816326530612,0.0408163265306122,0.2244897959183673,0.4081632653061224,320,42,58,25,74,137,0.015625,0.03125,0.00625,0.034375,0.0625,0.119047619047619,0.1724137931034483,0.08,0.1486486486486486,0.145985401459854,Opposition,0.0,1.0,19.0,WP19,2018,10,27,0.7559523809523808,2.267857142857143,6.422916666666668,0.6785714285714286,1.25,0.3392857142857143,8.285714285714286,8.428571428571429,7.0,5.45,6.875,56,40,7,14,5,20,32,0.125,0.25,0.0892857142857142,0.3571428571428571,0.5714285714285714,0.4702380952380951,1.4107142857142856,3.1848214285714294,0.4540816326530612,0.6989795918367347,0.2576530612244898,4.485714285714287,3.128571428571429,3.5,3.3590909090909093,4.775,1
27,2018-10-19,2018-11-15,16,grüne,19.0,17.0,2.0,2.0,0.2878787878787878,0.8636363636363636,1.1194444444444445,0.1590909090909091,0.6818181818181818,0.0227272727272727,0.75,1.9,0.6,1.0833333333333333,0.8947368421052632,12,10,5,12,19,44,30,614.5909090909091,True,False,1.0,Bündnis 90/Die Grünen,0.2727272727272727,0.2272727272727272,0.1136363636363636,0.2727272727272727,0.4318181818181818,320,42,58,25,74,137,0.0375,0.03125,0.015625,0.0375,0.059375,0.2857142857142857,0.1724137931034483,0.2,0.1621621621621621,0.1386861313868613,Opposition,0.0,1.0,19.0,WP19,2018,10,27,0.7559523809523808,2.267857142857143,6.422916666666668,0.6785714285714286,1.25,0.3392857142857143,8.285714285714286,8.428571428571429,7.0,5.45,6.875,56,40,7,14,5,20,32,0.125,0.25,0.0892857142857142,0.3571428571428571,0.5714285714285714,0.468073593073593,1.404220779220779,5.303472222222223,0.5194805194805195,0.5681818181818182,0.3165584415584416,7.5357142857142865,6.5285714285714285,6.4,4.366666666666667,5.980263157894737,2
27,2018-10-19,2018-11-15,16,linke,9.0,10.0,-1.0,1.0,0.4696969696969696,1.4090909090909092,1.5,0.4545454545454545,0.8863636363636364,0.0681818181818181,0.8571428571428571,1.25,0.3333333333333333,2.090909090909091,1.125,7,8,3,11,16,44,29,598.3863636363636,True,False,0.0,Die Linke,0.1590909090909091,0.1818181818181818,0.0681818181818181,0.25,0.3636363636363636,320,42,58,25,74,137,0.021875,0.025,0.009375,0.034375,0.05,0.1666666666666666,0.1379310344827586,0.12,0.1486486486486486,0.1167883211678832,Opposition,0.0,1.0,19.0,WP19,2018,10,27,0.7559523809523808,2.267857142857143,6.422916666666668,0.6785714285714286,1.25,0.3392857142857143,8.285714285714286,8.428571428571429,7.0,5.45,6.875,56,40,7,14,5,20,32,0.125,0.25,0.0892857142857142,0.3571428571428571,0.5714285714285714,0.2862554112554111,0.8587662337662336,4.922916666666668,0.224025974025974,0.3636363636363636,0.2711038961038961,7.42857142857143,7.178571428571429,6.666666666666667,3.3590909090909093,5.75,3
27,2018-10-19,2018-11-15,16,spd,14.0,15.0,-1.0,1.0,0.1911764705882352,0.5735294117647058,1.5,0.1617647058823529,0.3235294117647059,0.088235294117647,1.6666666666666667,3.363636363636364,0.3333333333333333,1.0625,1.3,9,11,9,16,30,68,42,683.6911764705883,True,False,2.0,SPD,0.1323529411764706,0.1617647058823529,0.1323529411764706,0.2352941176470588,0.4411764705882353,320,42,58,25,74,137,0.028125,0.034375,0.028125,0.05,0.09375,0.2142857142857142,0.1896551724137931,0.36,0.2162162162162162,0.218978102189781,Regierung,1.0,0.0,19.0,WP19,2018,10,27,0.7559523809523808,2.267857142857143,6.422916666666668,0.6785714285714286,1.25,0.3392857142857143,8.285714285714286,8.428571428571429,7.0,5.45,6.875,56,40,7,14,5,20,32,0.125,0.25,0.0892857142857142,0.3571428571428571,0.5714285714285714,0.5647759103641455,1.694327731092437,4.922916666666668,0.5168067226890757,0.9264705882352942,0.2510504201680672,6.61904761904762,5.0649350649350655,6.666666666666667,4.3875,5.575,4
28,2018-11-15,2018-11-30,14,cdu/csu,26.0,25.0,1.0,1.0,0.0756501182033096,0.226950354609929,2.3974358974358974,0.0496453900709219,0.1347517730496454,0.0425531914893617,2.1666666666666665,5.1,1.9166666666666667,2.477272727272727,1.94,24,20,12,44,50,141,91,796.1489361702128,True,False,4.0,CDU/CSU,0.1702127659574468,0.1418439716312056,0.0851063829787234,0.3120567375886525,0.3546099290780142,433,104,64,51,135,151,0.0554272517321016,0.046189376443418,0.0277136258660508,0.1016166281755196,0.115473441108545,0.2307692307692307,0.3125,0.2352941176470588,0.3259259259259259,0.3311258278145695,Regierung,1.0,0.0,19.0,WP19,2018,11,15,0.855072463768116,2.565217391304348,6.458024691358025,0.8115942028985508,1.3043478260869563,0.4492753623188406,7.6875,8.083333333333334,7.916666666666667,5.25,7.071428571428571,69,54,16,24,12,24,42,0.2318840579710145,0.3478260869565217,0.1739130434782608,0.3478260869565217,0.6086956521739131,0.7794223455648063,2.3382670366944187,4.060588793922127,0.7619488128276288,1.169596053037311,0.4067221708294788,5.520833333333334,2.9833333333333343,6.0,2.772727272727273,5.131428571428572,0
28,2018-11-15,2018-11-30,14,fdp,8.0,11.0,-3.0,3.0,0.2275132275132275,0.6825396825396826,2.56140350877193,0.1111111111111111,0.5555555555555556,0.0158730158730158,3.9166666666666665,2.888888888888889,0.75,2.111111111111111,2.333333333333333,12,9,4,18,21,63,38,665.952380952381,True,False,3.0,FDP,0.1904761904761904,0.1428571428571428,0.0634920634920634,0.2857142857142857,0.3333333333333333,433,104,64,51,135,151,0.0277136258660508,0.0207852193995381,0.0092378752886836,0.0415704387990762,0.0484988452655889,0.1153846153846153,0.140625,0.0784313725490196,0.1333333333333333,0.1390728476821192,Opposition,0.0,1.0,19.0,WP19,2018,11,15,0.855072463768116,2.565217391304348,6.458024691358025,0.8115942028985508,1.3043478260869563,0.4492753623188406,7.6875,8.083333333333334,7.916666666666667,5.25,7.071428571428571,69,54,16,24,12,24,42,0.2318840579710145,0.3478260869565217,0.1739130434782608,0.3478260869565217,0.6086956521739131,0.6275592362548885,1.882677708764665,3.8966211825860952,0.7004830917874396,0.748792270531401,0.4334023464458247,3.7708333333333335,5.194444444444445,7.166666666666667,3.138888888888889,4.738095238095237,1
28,2018-11-15,2018-11-30,14,grüne,23.0,19.0,4.0,4.0,0.26775956284153,0.8032786885245902,1.184027777777778,0.180327868852459,0.6065573770491803,0.0163934426229508,1.0,2.2857142857142856,0.3846153846153846,0.9545454545454546,1.1363636363636365,24,7,13,22,22,61,48,656.983606557377,True,False,1.0,Bündnis 90/Die Grünen,0.3934426229508196,0.1147540983606557,0.2131147540983606,0.360655737704918,0.360655737704918,433,104,64,51,135,151,0.0554272517321016,0.0161662817551963,0.0300230946882217,0.0508083140877598,0.0508083140877598,0.2307692307692307,0.109375,0.2549019607843137,0.1629629629629629,0.1456953642384106,Opposition,0.0,1.0,19.0,WP19,2018,11,15,0.855072463768116,2.565217391304348,6.458024691358025,0.8115942028985508,1.3043478260869563,0.4492753623188406,7.6875,8.083333333333334,7.916666666666667,5.25,7.071428571428571,69,54,16,24,12,24,42,0.2318840579710145,0.3478260869565217,0.1739130434782608,0.3478260869565217,0.6086956521739131,0.587312900926586,1.7619387027797575,5.273996913580247,0.6312663340460918,0.6977904490377762,0.4328819196958897,6.6875,5.797619047619048,7.532051282051282,4.295454545454545,5.935064935064935,2
28,2018-11-15,2018-11-30,14,linke,9.0,9.0,0.0,0.0,0.5027322404371585,1.5081967213114753,1.1632478632478631,0.5573770491803278,0.918032786885246,0.0327868852459016,1.2857142857142858,0.7,0.25,1.0,0.95,14,10,12,22,20,61,39,611.8360655737705,True,False,0.0,Die Linke,0.2295081967213114,0.1639344262295081,0.1967213114754098,0.360655737704918,0.3278688524590163,433,104,64,51,135,151,0.0323325635103926,0.023094688221709,0.0277136258660508,0.0508083140877598,0.046189376443418,0.1346153846153846,0.15625,0.2352941176470588,0.1629629629629629,0.1324503311258278,Opposition,0.0,1.0,19.0,WP19,2018,11,15,0.855072463768116,2.565217391304348,6.458024691358025,0.8115942028985508,1.3043478260869563,0.4492753623188406,7.6875,8.083333333333334,7.916666666666667,5.25,7.071428571428571,69,54,16,24,12,24,42,0.2318840579710145,0.3478260869565217,0.1739130434782608,0.3478260869565217,0.6086956521739131,0.3523402233309575,1.0570206699928724,5.2947768281101615,0.2542171537182229,0.3863150392017106,0.4164884770729389,6.401785714285714,7.383333333333334,7.666666666666667,4.25,6.121428571428571,3
28,2018-11-15,2018-11-30,14,spd,14.0,14.0,0.0,0.0,0.1619937694704049,0.4859813084112149,1.304398148148148,0.1121495327102803,0.3271028037383177,0.0467289719626168,1.5333333333333334,1.8888888888888888,0.7,1.0,0.9473684210526316,30,18,10,29,38,107,72,675.0,True,False,2.0,SPD,0.2803738317757009,0.1682242990654205,0.0934579439252336,0.2710280373831775,0.3551401869158878,433,104,64,51,135,151,0.069284064665127,0.0415704387990762,0.023094688221709,0.0669745958429561,0.0877598152424942,0.2884615384615384,0.28125,0.196078431372549,0.2148148148148148,0.2516556291390728,Regierung,1.0,0.0,19.0,WP19,2018,11,15,0.855072463768116,2.565217391304348,6.458024691358025,0.8115942028985508,1.3043478260869563,0.4492753623188406,7.6875,8.083333333333334,7.916666666666667,5.25,7.071428571428571,69,54,16,24,12,24,42,0.2318840579710145,0.3478260869565217,0.1739130434782608,0.3478260869565217,0.6086956521739131,0.693078694297711,2.0792360828931327,5.153626543209877,0.6994446701882704,0.9772450223486387,0.4025463903562237,6.154166666666667,6.194444444444445,7.216666666666667,4.25,6.124060150375939,4
29,2018-11-30,2018-12-06,15,cdu/csu,28.0,26.0,2.0,2.0,0.1264367816091954,0.3793103448275862,2.373015873015873,0.0689655172413793,0.2758620689655172,0.0344827586206896,2.625,2.4444444444444446,,2.25,1.5833333333333333,8,9,0,4,12,29,21,673.1034482758621,True,False,4.0,CDU/CSU,0.2758620689655172,0.3103448275862069,0.0,0.1379310344827586,0.4137931034482758,80,22,21,5,16,34,0.1,0.1125,0.0,0.05,0.15,0.3636363636363636,0.4285714285714285,0.0,0.25,0.3529411764705882,Regierung,1.0,0.0,19.0,WP19,2018,11,6,1.0303030303030305,3.090909090909091,8.857142857142858,1.0,1.5454545454545454,0.5454545454545454,9.0,9.5,8.0,7.0,8.666666666666666,11,7,2,4,1,1,6,0.1818181818181818,0.3636363636363636,0.0909090909090909,0.0909090909090909,0.5454545454545454,0.9038662486938348,2.7115987460815045,6.484126984126984,0.9310344827586208,1.269592476489028,0.5109717868338558,6.375,7.055555555555555,,4.75,7.083333333333333,0
29,2018-11-30,2018-12-06,15,fdp,9.0,8.0,1.0,1.0,0.3055555555555555,0.9166666666666666,3.8125,0.0833333333333333,0.6666666666666666,0.1666666666666666,7.0,3.0,0.0,1.5,2.333333333333333,3,3,1,2,6,12,8,650.5,True,False,3.0,FDP,0.25,0.25,0.0833333333333333,0.1666666666666666,0.5,80,22,21,5,16,34,0.0375,0.0375,0.0125,0.025,0.075,0.1363636363636363,0.1428571428571428,0.2,0.125,0.1764705882352941,Opposition,0.0,1.0,19.0,WP19,2018,11,6,1.0303030303030305,3.090909090909091,8.857142857142858,1.0,1.5454545454545454,0.5454545454545454,9.0,9.5,8.0,7.0,8.666666666666666,11,7,2,4,1,1,6,0.1818181818181818,0.3636363636363636,0.0909090909090909,0.0909090909090909,0.5454545454545454,0.7247474747474747,2.1742424242424243,5.044642857142858,0.9166666666666666,0.8787878787878788,0.3787878787878788,2.0,6.5,8.0,5.5,6.333333333333332,1
29,2018-11-30,2018-12-06,15,grüne,21.0,23.0,-2.0,2.0,0.303030303030303,0.9090909090909092,0.8125,0.1818181818181818,0.6363636363636364,0.0909090909090909,0.75,0.5,,1.0,0.5,4,2,0,4,4,11,8,573.1818181818181,True,False,1.0,Bündnis 90/Die Grünen,0.3636363636363636,0.1818181818181818,0.0,0.3636363636363636,0.3636363636363636,80,22,21,5,16,34,0.05,0.025,0.0,0.05,0.05,0.1818181818181818,0.0952380952380952,0.0,0.25,0.1176470588235294,Opposition,0.0,1.0,19.0,WP19,2018,11,6,1.0303030303030305,3.090909090909091,8.857142857142858,1.0,1.5454545454545454,0.5454545454545454,9.0,9.5,8.0,7.0,8.666666666666666,11,7,2,4,1,1,6,0.1818181818181818,0.3636363636363636,0.0909090909090909,0.0909090909090909,0.5454545454545454,0.7272727272727273,2.1818181818181817,8.044642857142858,0.8181818181818181,0.9090909090909092,0.4545454545454545,8.25,9.0,,6.0,8.166666666666666,2
29,2018-11-30,2018-12-06,15,linke,8.0,9.0,-1.0,1.0,0.4666666666666666,1.4,0.8333333333333334,0.5,0.9,0.0,0.3333333333333333,1.0,0.0,0.0,0.8,3,2,2,2,5,10,6,578.0,True,False,0.0,Die Linke,0.3,0.2,0.2,0.2,0.5,80,22,21,5,16,34,0.0375,0.025,0.025,0.025,0.0625,0.1363636363636363,0.0952380952380952,0.4,0.125,0.1470588235294117,Opposition,0.0,1.0,19.0,WP19,2018,11,6,1.0303030303030305,3.090909090909091,8.857142857142858,1.0,1.5454545454545454,0.5454545454545454,9.0,9.5,8.0,7.0,8.666666666666666,11,7,2,4,1,1,6,0.1818181818181818,0.3636363636363636,0.0909090909090909,0.0909090909090909,0.5454545454545454,0.5636363636363637,1.690909090909091,8.023809523809524,0.5,0.6454545454545454,0.5454545454545454,8.666666666666666,8.5,8.0,7.0,7.866666666666666,3
29,2018-11-30,2018-12-06,15,spd,14.0,14.0,0.0,0.0,0.1851851851851851,0.5555555555555556,0.75,0.1666666666666666,0.3888888888888889,0.0,1.25,0.2,0.0,0.0,0.5714285714285714,4,5,2,4,7,18,12,709.5,True,False,2.0,SPD,0.2222222222222222,0.2777777777777778,0.1111111111111111,0.2222222222222222,0.3888888888888889,80,22,21,5,16,34,0.05,0.0625,0.025,0.05,0.0875,0.1818181818181818,0.238095238095238,0.4,0.25,0.2058823529411764,Regierung,1.0,0.0,19.0,WP19,2018,11,6,1.0303030303030305,3.090909090909091,8.857142857142858,1.0,1.5454545454545454,0.5454545454545454,9.0,9.5,8.0,7.0,8.666666666666666,11,7,2,4,1,1,6,0.1818181818181818,0.3636363636363636,0.0909090909090909,0.0909090909090909,0.5454545454545454,0.8451178451178452,2.5353535353535355,8.107142857142858,0.8333333333333334,1.1565656565656566,0.5454545454545454,7.75,9.3,8.0,7.0,8.095238095238095,4
30,2018-12-06,2018-12-14,14,cdu/csu,30.0,28.0,2.0,2.0,0.040650406504065,0.1219512195121951,1.9814814814814812,0.0,0.1219512195121951,0.0,7.0,1.0,2.6923076923076925,2.3846153846153846,1.2142857142857142,1,1,13,13,14,41,27,794.0731707317074,True,False,4.0,CDU/CSU,0.024390243902439,0.024390243902439,0.3170731707317073,0.3170731707317073,0.3414634146341463,125,4,5,38,43,40,0.008,0.008,0.104,0.104,0.112,0.25,0.2,0.3421052631578947,0.3023255813953488,0.35,Regierung,1.0,0.0,19.0,WP19,2018,12,8,0.9166666666666666,2.75,6.6157407407407405,0.9,1.3,0.55,,7.75,7.25,7.285714285714286,6.615384615384615,20,18,0,8,8,7,13,0.0,0.4,0.4,0.35,0.65,0.8760162601626016,2.6280487804878048,4.63425925925926,0.9,1.178048780487805,0.55,,6.75,4.557692307692308,4.9010989010989015,5.401098901098901,0
30,2018-12-06,2018-12-14,14,fdp,8.0,9.0,-1.0,1.0,0.2424242424242424,0.7272727272727273,2.083333333333333,0.1818181818181818,0.5454545454545454,0.0,0.0,,1.6666666666666667,0.75,2.571428571428572,1,0,6,8,7,22,12,520.7272727272727,True,False,3.0,FDP,0.0454545454545454,0.0,0.2727272727272727,0.3636363636363636,0.3181818181818182,125,4,5,38,43,40,0.008,0.0,0.048,0.064,0.056,0.25,0.0,0.1578947368421052,0.1860465116279069,0.175,Opposition,0.0,1.0,19.0,WP19,2018,12,8,0.9166666666666666,2.75,6.6157407407407405,0.9,1.3,0.55,,7.75,7.25,7.285714285714286,6.615384615384615,20,18,0,8,8,7,13,0.0,0.4,0.4,0.35,0.65,0.6742424242424242,2.0227272727272725,4.532407407407407,0.7181818181818183,0.7545454545454546,0.55,,,5.583333333333333,6.535714285714286,4.043956043956044,1
30,2018-12-06,2018-12-14,14,grüne,20.0,21.0,-1.0,1.0,0.3125,0.9375,0.9696969696969696,0.25,0.6875,0.0,0.0,2.0,0.5,1.0,0.8,1,1,4,6,5,16,11,710.1875,True,False,1.0,Bündnis 90/Die Grünen,0.0625,0.0625,0.25,0.375,0.3125,125,4,5,38,43,40,0.008,0.008,0.032,0.048,0.04,0.25,0.2,0.1052631578947368,0.1395348837209302,0.125,Opposition,0.0,1.0,19.0,WP19,2018,12,8,0.9166666666666666,2.75,6.6157407407407405,0.9,1.3,0.55,,7.75,7.25,7.285714285714286,6.615384615384615,20,18,0,8,8,7,13,0.0,0.4,0.4,0.35,0.65,0.6041666666666666,1.8125,5.646043771043771,0.65,0.6125,0.55,,5.75,6.75,6.285714285714286,5.815384615384615,2
30,2018-12-06,2018-12-14,14,linke,8.0,8.0,0.0,0.0,0.4583333333333333,1.375,1.0555555555555556,0.5,0.875,0.0,,0.0,0.5,1.1428571428571428,1.2,0,1,6,7,5,16,12,624.8125,True,False,0.0,Die Linke,0.0,0.0625,0.375,0.4375,0.3125,125,4,5,38,43,40,0.0,0.008,0.048,0.056,0.04,0.0,0.2,0.1578947368421052,0.1627906976744186,0.125,Opposition,0.0,1.0,19.0,WP19,2018,12,8,0.9166666666666666,2.75,6.6157407407407405,0.9,1.3,0.55,,7.75,7.25,7.285714285714286,6.615384615384615,20,18,0,8,8,7,13,0.0,0.4,0.4,0.35,0.65,0.4583333333333333,1.375,5.560185185185185,0.4,0.425,0.55,,7.75,6.75,6.142857142857142,5.415384615384615,3
30,2018-12-06,2018-12-14,14,spd,14.0,14.0,0.0,0.0,0.1444444444444444,0.4333333333333333,0.9479166666666666,0.1,0.2333333333333333,0.1,0.0,1.0,0.7777777777777778,0.6666666666666666,1.1111111111111112,1,2,9,9,9,30,16,651.8666666666667,True,False,2.0,SPD,0.0333333333333333,0.0666666666666666,0.3,0.3,0.3,125,4,5,38,43,40,0.008,0.016,0.072,0.072,0.072,0.25,0.4,0.2368421052631578,0.2093023255813953,0.225,Regierung,1.0,0.0,19.0,WP19,2018,12,8,0.9166666666666666,2.75,6.6157407407407405,0.9,1.3,0.55,,7.75,7.25,7.285714285714286,6.615384615384615,20,18,0,8,8,7,13,0.0,0.4,0.4,0.35,0.65,0.7722222222222221,2.3166666666666664,5.6678240740740735,0.8,1.0666666666666669,0.45,,6.75,6.472222222222222,6.619047619047619,5.504273504273504,4
31,2018-12-14,2019-01-10,13,cdu/csu,31.0,30.0,1.0,1.0,0.0196078431372549,0.0588235294117647,1.9523809523809528,0.0,0.0588235294117647,0.0,10.0,,0.0,3.333333333333333,1.6,1,0,1,3,5,17,7,932.1176470588236,True,False,4.0,CDU/CSU,0.0588235294117647,0.0,0.0588235294117647,0.1764705882352941,0.2941176470588235,53,7,4,2,12,17,0.0188679245283018,0.0,0.0188679245283018,0.0566037735849056,0.0943396226415094,0.1428571428571428,0.0,0.5,0.25,0.2941176470588235,Regierung,1.0,0.0,19.0,WP19,2018,12,27,0.9333333333333332,2.8,6.925925925925926,0.7,1.2,0.9,8.0,7.333333333333333,7.5,7.6,6.714285714285714,10,9,1,3,4,5,7,0.1,0.3,0.4,0.5,0.7,0.9137254901960784,2.7411764705882358,4.973544973544973,0.7,1.1411764705882352,0.9,2.0,,7.5,4.266666666666666,5.114285714285714,0
31,2018-12-14,2019-01-10,13,fdp,8.0,8.0,0.0,0.0,0.2916666666666666,0.875,3.1666666666666665,0.125,0.75,0.0,7.0,2.0,,2.0,3.0,1,1,0,1,2,8,3,590.25,True,False,3.0,FDP,0.125,0.125,0.0,0.125,0.25,53,7,4,2,12,17,0.0188679245283018,0.0188679245283018,0.0,0.0188679245283018,0.0377358490566037,0.1428571428571428,0.25,0.0,0.0833333333333333,0.1176470588235294,Opposition,0.0,1.0,19.0,WP19,2018,12,27,0.9333333333333332,2.8,6.925925925925926,0.7,1.2,0.9,8.0,7.333333333333333,7.5,7.6,6.714285714285714,10,9,1,3,4,5,7,0.1,0.3,0.4,0.5,0.7,0.6416666666666666,1.925,3.759259259259259,0.575,0.4499999999999999,0.9,1.0,5.333333333333333,,5.6,3.7142857142857135,1
31,2018-12-14,2019-01-10,13,grüne,20.0,20.0,0.0,0.0,0.2857142857142857,0.8571428571428571,0.75,0.2857142857142857,0.4285714285714285,0.1428571428571428,0.6666666666666666,0.0,0.0,0.6666666666666666,0.0,3,1,1,3,3,7,4,679.2857142857143,True,False,1.0,Bündnis 90/Die Grünen,0.4285714285714285,0.1428571428571428,0.1428571428571428,0.4285714285714285,0.4285714285714285,53,7,4,2,12,17,0.0566037735849056,0.0188679245283018,0.0188679245283018,0.0566037735849056,0.0566037735849056,0.4285714285714285,0.25,0.5,0.25,0.1764705882352941,Opposition,0.0,1.0,19.0,WP19,2018,12,27,0.9333333333333332,2.8,6.925925925925926,0.7,1.2,0.9,8.0,7.333333333333333,7.5,7.6,6.714285714285714,10,9,1,3,4,5,7,0.1,0.3,0.4,0.5,0.7,0.6476190476190475,1.9428571428571424,6.175925925925926,0.4142857142857142,0.7714285714285714,0.7571428571428571,7.333333333333333,7.333333333333333,7.5,6.933333333333333,6.714285714285714,2
31,2018-12-14,2019-01-10,13,linke,8.0,8.0,0.0,0.0,0.238095238095238,0.7142857142857143,0.9333333333333332,0.2857142857142857,0.2857142857142857,0.1428571428571428,0.0,2.0,,1.3333333333333333,0.6666666666666666,2,1,0,3,3,7,5,793.0,True,False,0.0,Die Linke,0.2857142857142857,0.1428571428571428,0.0,0.4285714285714285,0.4285714285714285,53,7,4,2,12,17,0.0377358490566037,0.0188679245283018,0.0,0.0566037735849056,0.0566037735849056,0.2857142857142857,0.25,0.0,0.25,0.1764705882352941,Opposition,0.0,1.0,19.0,WP19,2018,12,27,0.9333333333333332,2.8,6.925925925925926,0.7,1.2,0.9,8.0,7.333333333333333,7.5,7.6,6.714285714285714,10,9,1,3,4,5,7,0.1,0.3,0.4,0.5,0.7,0.6952380952380952,2.0857142857142854,5.992592592592592,0.4142857142857142,0.9142857142857144,0.7571428571428571,8.0,5.333333333333333,,6.266666666666667,6.047619047619048,3
31,2018-12-14,2019-01-10,13,spd,15.0,14.0,1.0,1.0,0.1904761904761904,0.5714285714285714,1.5,0.2142857142857142,0.3571428571428571,0.0,,2.0,,2.0,1.0,0,1,0,2,4,14,6,662.5,True,False,2.0,SPD,0.0,0.0714285714285714,0.0,0.1428571428571428,0.2857142857142857,53,7,4,2,12,17,0.0,0.0188679245283018,0.0,0.0377358490566037,0.0754716981132075,0.0,0.25,0.0,0.1666666666666666,0.2352941176470588,Regierung,1.0,0.0,19.0,WP19,2018,12,27,0.9333333333333332,2.8,6.925925925925926,0.7,1.2,0.9,8.0,7.333333333333333,7.5,7.6,6.714285714285714,10,9,1,3,4,5,7,0.1,0.3,0.4,0.5,0.7,0.7428571428571428,2.2285714285714286,5.425925925925926,0.4857142857142856,0.8428571428571427,0.9,,5.333333333333333,,5.6,5.714285714285714,4
32,2019-01-10,2019-01-25,14,cdu/csu,29.0,31.0,-2.0,2.0,0.1857923497267759,0.5573770491803278,2.7925925925925927,0.1311475409836065,0.2786885245901639,0.1475409836065573,2.071428571428572,6.555555555555555,,5.0,2.0303030303030303,14,9,0,16,33,61,45,766.9016393442623,True,False,4.0,CDU/CSU,0.2295081967213114,0.1475409836065573,0.0,0.2622950819672131,0.5409836065573771,186,53,35,7,55,82,0.075268817204301,0.0483870967741935,0.0,0.086021505376344,0.1774193548387097,0.2641509433962264,0.2571428571428571,0.0,0.2909090909090909,0.4024390243902439,Regierung,1.0,0.0,19.0,WP19,2019,1,15,0.7604166666666666,2.28125,6.490384615384615,0.71875,1.15625,0.40625,6.166666666666667,7.181818181818182,7.5,5.6,7.136363636363637,32,26,6,11,2,10,22,0.1875,0.34375,0.0625,0.3125,0.6875,0.5746243169398907,1.7238729508196722,3.6977920227920222,0.5876024590163934,0.8775614754098361,0.2587090163934426,4.095238095238095,0.6262626262626263,,0.5999999999999996,5.106060606060606,0
32,2019-01-10,2019-01-25,14,fdp,9.0,8.0,1.0,1.0,0.1616161616161616,0.4848484848484848,2.952380952380953,0.0606060606060606,0.303030303030303,0.1212121212121212,3.333333333333333,5.6,2.0,3.5,2.0,6,5,1,10,12,33,21,540.8484848484849,True,False,3.0,FDP,0.1818181818181818,0.1515151515151515,0.0303030303030303,0.303030303030303,0.3636363636363636,186,53,35,7,55,82,0.032258064516129,0.0268817204301075,0.0053763440860215,0.053763440860215,0.064516129032258,0.1132075471698113,0.1428571428571428,0.1428571428571428,0.1818181818181818,0.1463414634146341,Opposition,0.0,1.0,19.0,WP19,2019,1,15,0.7604166666666666,2.28125,6.490384615384615,0.71875,1.15625,0.40625,6.166666666666667,7.181818181818182,7.5,5.6,7.136363636363637,32,26,6,11,2,10,22,0.1875,0.34375,0.0625,0.3125,0.6875,0.598800505050505,1.7964015151515151,3.5380036630036624,0.6581439393939394,0.853219696969697,0.2850378787878788,2.833333333333333,1.581818181818182,5.5,2.1,5.136363636363637,1
32,2019-01-10,2019-01-25,14,grüne,20.0,20.0,0.0,0.0,0.3472222222222221,1.0416666666666667,1.0392156862745097,0.2083333333333333,0.7916666666666666,0.0416666666666666,0.5,3.2,1.0,1.0,0.6363636363636364,8,5,1,6,11,24,17,670.0416666666666,True,False,1.0,Bündnis 90/Die Grünen,0.3333333333333333,0.2083333333333333,0.0416666666666666,0.25,0.4583333333333333,186,53,35,7,55,82,0.043010752688172,0.0268817204301075,0.0053763440860215,0.032258064516129,0.0591397849462365,0.1509433962264151,0.1428571428571428,0.1428571428571428,0.109090909090909,0.1341463414634146,Opposition,0.0,1.0,19.0,WP19,2019,1,15,0.7604166666666666,2.28125,6.490384615384615,0.71875,1.15625,0.40625,6.166666666666667,7.181818181818182,7.5,5.6,7.136363636363637,32,26,6,11,2,10,22,0.1875,0.34375,0.0625,0.3125,0.6875,0.4131944444444445,1.2395833333333333,5.451168929110105,0.5104166666666666,0.3645833333333333,0.3645833333333333,5.666666666666667,3.9818181818181815,6.5,4.6,6.5,2
32,2019-01-10,2019-01-25,14,linke,9.0,8.0,1.0,1.0,0.4782608695652174,1.434782608695652,1.4824561403508774,0.4782608695652174,0.782608695652174,0.1739130434782608,1.4,2.0,0.5,1.1111111111111112,0.8,10,8,2,9,10,23,19,662.2173913043479,True,False,0.0,Die Linke,0.4347826086956521,0.3478260869565217,0.0869565217391304,0.391304347826087,0.4347826086956521,186,53,35,7,55,82,0.053763440860215,0.043010752688172,0.010752688172043,0.0483870967741935,0.053763440860215,0.1886792452830188,0.2285714285714285,0.2857142857142857,0.1636363636363636,0.1219512195121951,Opposition,0.0,1.0,19.0,WP19,2019,1,15,0.7604166666666666,2.28125,6.490384615384615,0.71875,1.15625,0.40625,6.166666666666667,7.181818181818182,7.5,5.6,7.136363636363637,32,26,6,11,2,10,22,0.1875,0.34375,0.0625,0.3125,0.6875,0.2821557971014492,0.8464673913043479,5.007928475033737,0.2404891304347826,0.373641304347826,0.2323369565217391,4.766666666666668,5.181818181818182,7.0,4.488888888888889,6.336363636363637,3
32,2019-01-10,2019-01-25,14,spd,15.0,15.0,0.0,0.0,0.1259259259259259,0.3777777777777777,1.4401041666666667,0.1777777777777777,0.1555555555555555,0.0444444444444444,1.3333333333333333,3.0,0.6666666666666666,1.2857142857142858,1.125,15,8,3,14,16,45,32,703.1111111111111,True,False,2.0,SPD,0.3333333333333333,0.1777777777777777,0.0666666666666666,0.3111111111111111,0.3555555555555555,186,53,35,7,55,82,0.0806451612903225,0.043010752688172,0.0161290322580645,0.075268817204301,0.086021505376344,0.2830188679245283,0.2285714285714285,0.4285714285714285,0.2545454545454545,0.1951219512195122,Regierung,1.0,0.0,19.0,WP19,2019,1,15,0.7604166666666666,2.28125,6.490384615384615,0.71875,1.15625,0.40625,6.166666666666667,7.181818181818182,7.5,5.6,7.136363636363637,32,26,6,11,2,10,22,0.1875,0.34375,0.0625,0.3125,0.6875,0.6344907407407407,1.9034722222222225,5.050280448717948,0.5409722222222222,1.0006944444444446,0.3618055555555555,4.833333333333334,4.181818181818182,6.833333333333333,4.314285714285714,6.011363636363637,4
33,2019-01-25,2019-02-14,15,cdu/csu,28.0,29.0,-1.0,1.0,0.1095238095238095,0.3285714285714285,2.7672413793103448,0.0428571428571428,0.2714285714285714,0.0142857142857142,4.444444444444445,6.5,,3.0,1.8863636363636365,18,6,0,21,44,70,58,728.8857142857142,True,False,4.0,CDU/CSU,0.2571428571428571,0.0857142857142857,0.0,0.3,0.6285714285714286,204,63,19,7,64,122,0.088235294117647,0.0294117647058823,0.0,0.1029411764705882,0.2156862745098039,0.2857142857142857,0.3157894736842105,0.0,0.328125,0.360655737704918,Regierung,1.0,0.0,19.0,WP19,2019,1,20,0.7156862745098039,2.147058823529412,6.5234375,0.7352941176470589,1.2058823529411764,0.2058823529411764,7.833333333333333,9.0,8.0,5.769230769230769,6.428571428571429,34,32,12,5,4,13,28,0.3529411764705882,0.1470588235294117,0.1176470588235294,0.3823529411764705,0.8235294117647058,0.6061624649859945,1.8184873949579832,3.7561961206896552,0.6924369747899161,0.934453781512605,0.1915966386554621,3.3888888888888884,2.5,,2.769230769230769,4.542207792207792,0
33,2019-01-25,2019-02-14,15,fdp,9.0,9.0,0.0,0.0,0.2916666666666666,0.875,3.6818181818181817,0.21875,0.5625,0.09375,7.0,5.5,,3.5,2.473684210526316,7,4,0,8,19,32,22,580.28125,True,False,3.0,FDP,0.21875,0.125,0.0,0.25,0.59375,204,63,19,7,64,122,0.034313725490196,0.0196078431372549,0.0,0.0392156862745098,0.0931372549019607,0.1111111111111111,0.2105263157894736,0.0,0.125,0.1557377049180328,Opposition,0.0,1.0,19.0,WP19,2019,1,20,0.7156862745098039,2.147058823529412,6.5234375,0.7352941176470589,1.2058823529411764,0.2058823529411764,7.833333333333333,9.0,8.0,5.769230769230769,6.428571428571429,34,32,12,5,4,13,28,0.3529411764705882,0.1470588235294117,0.1176470588235294,0.3823529411764705,0.8235294117647058,0.4240196078431373,1.2720588235294117,2.8416193181818183,0.5165441176470589,0.6433823529411764,0.1121323529411764,0.833333333333333,3.5,,2.269230769230769,3.954887218045113,1
33,2019-01-25,2019-02-14,15,grüne,20.0,20.0,0.0,0.0,0.3333333333333333,1.0,0.9753086419753086,0.2142857142857142,0.7857142857142857,0.0,0.4,2.0,0.0,1.6363636363636365,1.1111111111111112,15,1,2,11,18,28,27,618.1428571428571,True,False,1.0,Bündnis 90/Die Grünen,0.5357142857142857,0.0357142857142857,0.0714285714285714,0.3928571428571428,0.6428571428571429,204,63,19,7,64,122,0.0735294117647058,0.0049019607843137,0.0098039215686274,0.0539215686274509,0.088235294117647,0.238095238095238,0.0526315789473684,0.2857142857142857,0.171875,0.1475409836065573,Opposition,0.0,1.0,19.0,WP19,2019,1,20,0.7156862745098039,2.147058823529412,6.5234375,0.7352941176470589,1.2058823529411764,0.2058823529411764,7.833333333333333,9.0,8.0,5.769230769230769,6.428571428571429,34,32,12,5,4,13,28,0.3529411764705882,0.1470588235294117,0.1176470588235294,0.3823529411764705,0.8235294117647058,0.3823529411764706,1.1470588235294117,5.548128858024692,0.5210084033613446,0.4201680672268907,0.2058823529411764,7.433333333333333,7.0,8.0,4.1328671328671325,5.317460317460318,2
33,2019-01-25,2019-02-14,15,linke,8.0,9.0,-1.0,1.0,0.4615384615384615,1.3846153846153846,1.3,0.4230769230769231,0.8846153846153846,0.0769230769230769,0.875,3.0,0.3333333333333333,0.9,1.7857142857142858,8,3,3,10,14,26,20,610.8076923076923,True,False,0.0,Die Linke,0.3076923076923077,0.1153846153846153,0.1153846153846153,0.3846153846153846,0.5384615384615384,204,63,19,7,64,122,0.0392156862745098,0.0147058823529411,0.0147058823529411,0.0490196078431372,0.0686274509803921,0.1269841269841269,0.1578947368421052,0.4285714285714285,0.15625,0.1147540983606557,Opposition,0.0,1.0,19.0,WP19,2019,1,20,0.7156862745098039,2.147058823529412,6.5234375,0.7352941176470589,1.2058823529411764,0.2058823529411764,7.833333333333333,9.0,8.0,5.769230769230769,6.428571428571429,34,32,12,5,4,13,28,0.3529411764705882,0.1470588235294117,0.1176470588235294,0.3823529411764705,0.8235294117647058,0.2541478129713423,0.7624434389140271,5.2234375,0.3122171945701358,0.3212669683257918,0.1289592760180995,6.958333333333333,6.0,7.666666666666667,4.869230769230769,4.642857142857143,3
33,2019-01-25,2019-02-14,15,spd,15.0,15.0,0.0,0.0,0.0763888888888888,0.2291666666666666,1.4428571428571428,0.0416666666666666,0.1666666666666666,0.0208333333333333,2.2,2.2,0.5,1.6428571428571428,0.8888888888888888,15,5,2,14,27,48,35,728.7916666666666,True,False,2.0,SPD,0.3125,0.1041666666666666,0.0416666666666666,0.2916666666666667,0.5625,204,63,19,7,64,122,0.0735294117647058,0.0245098039215686,0.0098039215686274,0.0686274509803921,0.1323529411764706,0.238095238095238,0.2631578947368421,0.2857142857142857,0.21875,0.221311475409836,Regierung,1.0,0.0,19.0,WP19,2019,1,20,0.7156862745098039,2.147058823529412,6.5234375,0.7352941176470589,1.2058823529411764,0.2058823529411764,7.833333333333333,9.0,8.0,5.769230769230769,6.428571428571429,34,32,12,5,4,13,28,0.3529411764705882,0.1470588235294117,0.1176470588235294,0.3823529411764705,0.8235294117647058,0.6392973856209151,1.917892156862745,5.080580357142857,0.6936274509803922,1.0392156862745097,0.1850490196078431,5.633333333333333,6.8,7.5,4.126373626373626,5.53968253968254,4
34,2019-02-14,2019-02-22,13,cdu/csu,29.0,28.0,1.0,1.0,0.1204481792717086,0.361344537815126,2.877853881278539,0.1092436974789916,0.1764705882352941,0.0756302521008403,4.4375,4.75,4.25,3.25,2.083333333333333,16,16,12,28,48,119,73,685.1596638655462,True,False,4.0,CDU/CSU,0.134453781512605,0.134453781512605,0.1008403361344537,0.2352941176470588,0.4033613445378151,354,54,46,43,95,147,0.0451977401129943,0.0451977401129943,0.0338983050847457,0.0790960451977401,0.135593220338983,0.2962962962962963,0.3478260869565217,0.2790697674418604,0.2947368421052631,0.3265306122448979,Regierung,1.0,0.0,19.0,WP19,2019,2,8,0.7966101694915254,2.389830508474576,7.021317829457365,0.711864406779661,1.2881355932203389,0.3898305084745763,7.444444444444445,7.1,8.7,6.944444444444445,7.228571428571429,59,43,9,20,10,18,35,0.1525423728813559,0.3389830508474576,0.1694915254237288,0.3050847457627119,0.5932203389830508,0.6761619902198167,2.02848597065945,4.143463948178826,0.6026207093006695,1.1116650049850447,0.3142002563737359,3.0069444444444446,2.35,4.449999999999999,3.6944444444444446,5.145238095238096,0
34,2019-02-14,2019-02-22,13,fdp,9.0,9.0,0.0,0.0,0.2976190476190475,0.8928571428571429,2.372549019607843,0.2142857142857142,0.6428571428571429,0.0357142857142857,5.142857142857143,3.8333333333333335,0.75,1.3846153846153846,1.55,7,6,4,13,20,56,34,560.1071428571429,True,False,3.0,FDP,0.125,0.1071428571428571,0.0714285714285714,0.2321428571428571,0.3571428571428571,354,54,46,43,95,147,0.019774011299435,0.0169491525423728,0.0112994350282485,0.0367231638418079,0.0564971751412429,0.1296296296296296,0.1304347826086956,0.0930232558139534,0.1368421052631579,0.1360544217687075,Opposition,0.0,1.0,19.0,WP19,2019,2,8,0.7966101694915254,2.389830508474576,7.021317829457365,0.711864406779661,1.2881355932203389,0.3898305084745763,7.444444444444445,7.1,8.7,6.944444444444445,7.228571428571429,59,43,9,20,10,18,35,0.1525423728813559,0.3389830508474576,0.1694915254237288,0.3050847457627119,0.5932203389830508,0.4989911218724778,1.496973365617433,4.648768809849521,0.4975786924939467,0.645278450363196,0.3541162227602906,2.3015873015873014,3.266666666666666,7.949999999999999,5.55982905982906,5.678571428571429,1
34,2019-02-14,2019-02-22,13,grüne,19.0,20.0,-1.0,1.0,0.2866666666666666,0.86,1.0789473684210529,0.2,0.58,0.08,0.75,1.125,0.8181818181818182,1.25,0.68,12,8,11,16,25,50,38,603.5,True,False,1.0,Bündnis 90/Die Grünen,0.24,0.16,0.22,0.32,0.5,354,54,46,43,95,147,0.0338983050847457,0.0225988700564971,0.0310734463276836,0.0451977401129943,0.0706214689265536,0.2222222222222222,0.1739130434782608,0.2558139534883721,0.1684210526315789,0.1700680272108843,Opposition,0.0,1.0,19.0,WP19,2019,2,8,0.7966101694915254,2.389830508474576,7.021317829457365,0.711864406779661,1.2881355932203389,0.3898305084745763,7.444444444444445,7.1,8.7,6.944444444444445,7.228571428571429,59,43,9,20,10,18,35,0.1525423728813559,0.3389830508474576,0.1694915254237288,0.3050847457627119,0.5932203389830508,0.5099435028248588,1.5298305084745762,5.942370461036312,0.5118644067796609,0.7081355932203389,0.3098305084745762,6.694444444444445,5.975,7.881818181818181,5.694444444444445,6.548571428571429,2
34,2019-02-14,2019-02-22,13,linke,8.0,8.0,0.0,0.0,0.4962962962962963,1.488888888888889,0.9023809523809524,0.5555555555555556,0.9111111111111112,0.0222222222222222,0.1428571428571428,1.0,0.3333333333333333,0.9473684210526316,0.9230769230769232,7,7,6,19,26,45,35,601.1555555555556,True,False,0.0,Die Linke,0.1555555555555555,0.1555555555555555,0.1333333333333333,0.4222222222222222,0.5777777777777777,354,54,46,43,95,147,0.019774011299435,0.019774011299435,0.0169491525423728,0.0536723163841807,0.0734463276836158,0.1296296296296296,0.1521739130434782,0.1395348837209302,0.2,0.1768707482993197,Opposition,0.0,1.0,19.0,WP19,2019,2,8,0.7966101694915254,2.389830508474576,7.021317829457365,0.711864406779661,1.2881355932203389,0.3898305084745763,7.444444444444445,7.1,8.7,6.944444444444445,7.228571428571429,59,43,9,20,10,18,35,0.1525423728813559,0.3389830508474576,0.1694915254237288,0.3050847457627119,0.5932203389830508,0.3003138731952291,0.9009416195856872,6.118936877076412,0.1563088512241054,0.3770244821092278,0.3676082862523541,7.301587301587301,6.1,8.366666666666665,5.997076023391813,6.305494505494505,3
34,2019-02-14,2019-02-22,13,spd,17.0,15.0,2.0,2.0,0.1904761904761904,0.5714285714285714,1.3594771241830064,0.2142857142857142,0.3095238095238095,0.0476190476190476,1.5,3.0,1.7,0.7368421052631579,1.1428571428571428,12,9,10,19,28,84,51,649.6190476190476,True,False,2.0,SPD,0.1428571428571428,0.1071428571428571,0.119047619047619,0.2261904761904762,0.3333333333333333,354,54,46,43,95,147,0.0338983050847457,0.0254237288135593,0.0282485875706214,0.0536723163841807,0.0790960451977401,0.2222222222222222,0.1956521739130435,0.2325581395348837,0.2,0.1904761904761904,Regierung,1.0,0.0,19.0,WP19,2019,2,8,0.7966101694915254,2.389830508474576,7.021317829457365,0.711864406779661,1.2881355932203389,0.3898305084745763,7.444444444444445,7.1,8.7,6.944444444444445,7.228571428571429,59,43,9,20,10,18,35,0.1525423728813559,0.3389830508474576,0.1694915254237288,0.3050847457627119,0.5932203389830508,0.606133979015335,1.8184019370460047,5.661840705274359,0.4975786924939467,0.9786117836965292,0.3422114608555286,5.944444444444445,4.1,6.999999999999999,6.207602339181287,6.085714285714285,4
35,2019-02-22,2019-03-15,12,cdu/csu,30.0,29.0,1.0,1.0,0.123076923076923,0.3692307692307692,2.9625,0.0769230769230769,0.2,0.0923076923076923,3.571428571428572,4.571428571428571,1.2,3.533333333333333,2.727272727272727,14,7,5,15,22,65,40,720.3384615384615,True,False,4.0,CDU/CSU,0.2153846153846154,0.1076923076923077,0.0769230769230769,0.2307692307692307,0.3384615384615385,191,44,17,16,51,73,0.0732984293193717,0.0366492146596858,0.0261780104712041,0.0785340314136125,0.1151832460732984,0.3181818181818182,0.4117647058823529,0.3125,0.2941176470588235,0.3013698630136986,Regierung,1.0,0.0,19.0,WP19,2019,2,21,0.9375,2.8125,6.895061728395062,0.75,1.5,0.5625,8.666666666666666,8.88888888888889,8.333333333333334,5.642857142857143,7.3478260869565215,32,27,6,9,6,14,23,0.1875,0.28125,0.1875,0.4375,0.71875,0.8144230769230769,2.4432692307692307,3.932561728395062,0.6730769230769231,1.3,0.4701923076923077,5.095238095238095,4.317460317460318,7.133333333333334,2.10952380952381,4.620553359683795,0
35,2019-02-22,2019-03-15,12,fdp,8.0,9.0,-1.0,1.0,0.2738095238095238,0.8214285714285714,3.5104166666666665,0.1428571428571428,0.6428571428571429,0.0357142857142857,6.5,7.0,1.0,3.0,2.4545454545454546,4,1,1,7,11,28,16,513.8928571428571,True,False,3.0,FDP,0.1428571428571428,0.0357142857142857,0.0357142857142857,0.25,0.3928571428571428,191,44,17,16,51,73,0.0209424083769633,0.0052356020942408,0.0052356020942408,0.0366492146596858,0.0575916230366492,0.0909090909090909,0.0588235294117647,0.0625,0.1372549019607843,0.1506849315068493,Opposition,0.0,1.0,19.0,WP19,2019,2,21,0.9375,2.8125,6.895061728395062,0.75,1.5,0.5625,8.666666666666666,8.88888888888889,8.333333333333334,5.642857142857143,7.3478260869565215,32,27,6,9,6,14,23,0.1875,0.28125,0.1875,0.4375,0.71875,0.6636904761904763,1.9910714285714288,3.384645061728395,0.6071428571428572,0.8571428571428571,0.5267857142857143,2.166666666666666,1.8888888888888893,7.333333333333334,2.6428571428571432,4.8932806324110665,1
35,2019-02-22,2019-03-15,12,grüne,18.0,19.0,-1.0,1.0,0.264367816091954,0.7931034482758621,0.9833333333333334,0.2068965517241379,0.5862068965517241,0.0,1.0,2.0,0.3333333333333333,1.1111111111111112,0.8461538461538461,9,1,3,9,13,29,20,561.3448275862069,True,False,1.0,Bündnis 90/Die Grünen,0.3103448275862069,0.0344827586206896,0.1034482758620689,0.3103448275862069,0.4482758620689655,191,44,17,16,51,73,0.0471204188481675,0.0052356020942408,0.0157068062827225,0.0471204188481675,0.0680628272251308,0.2045454545454545,0.0588235294117647,0.1875,0.1764705882352941,0.1780821917808219,Opposition,0.0,1.0,19.0,WP19,2019,2,21,0.9375,2.8125,6.895061728395062,0.75,1.5,0.5625,8.666666666666666,8.88888888888889,8.333333333333334,5.642857142857143,7.3478260869565215,32,27,6,9,6,14,23,0.1875,0.28125,0.1875,0.4375,0.71875,0.673132183908046,2.019396551724138,5.911728395061728,0.5431034482758621,0.913793103448276,0.5625,7.666666666666666,6.888888888888889,8.0,4.531746031746032,6.501672240802676,2
35,2019-02-22,2019-03-15,12,linke,8.0,8.0,0.0,0.0,0.4871794871794871,1.4615384615384617,1.1403508771929824,0.4230769230769231,1.0,0.0384615384615384,1.4285714285714286,3.333333333333333,0.0,0.8888888888888888,1.0,7,3,2,9,11,26,19,555.6153846153846,True,False,0.0,Die Linke,0.2692307692307692,0.1153846153846153,0.0769230769230769,0.3461538461538461,0.4230769230769231,191,44,17,16,51,73,0.0366492146596858,0.0157068062827225,0.0104712041884816,0.0471204188481675,0.0575916230366492,0.1590909090909091,0.1764705882352941,0.125,0.1764705882352941,0.1506849315068493,Opposition,0.0,1.0,19.0,WP19,2019,2,21,0.9375,2.8125,6.895061728395062,0.75,1.5,0.5625,8.666666666666666,8.88888888888889,8.333333333333334,5.642857142857143,7.3478260869565215,32,27,6,9,6,14,23,0.1875,0.28125,0.1875,0.4375,0.71875,0.4503205128205128,1.3509615384615383,5.754710851202079,0.3269230769230769,0.5,0.5240384615384616,7.238095238095237,5.555555555555555,8.333333333333334,4.753968253968255,6.3478260869565215,3
35,2019-02-22,2019-03-15,12,spd,18.0,17.0,1.0,1.0,0.1550387596899224,0.4651162790697674,1.425595238095238,0.1395348837209302,0.3023255813953488,0.0232558139534883,2.0,1.6,0.4,1.0909090909090908,1.0625,10,5,5,11,16,43,28,636.0232558139535,True,False,2.0,SPD,0.2325581395348837,0.1162790697674418,0.1162790697674418,0.2558139534883721,0.3720930232558139,191,44,17,16,51,73,0.0523560209424083,0.0261780104712041,0.0261780104712041,0.0575916230366492,0.0837696335078534,0.2272727272727272,0.2941176470588235,0.3125,0.2156862745098039,0.2191780821917808,Regierung,1.0,0.0,19.0,WP19,2019,2,21,0.9375,2.8125,6.895061728395062,0.75,1.5,0.5625,8.666666666666666,8.88888888888889,8.333333333333334,5.642857142857143,7.3478260869565215,32,27,6,9,6,14,23,0.1875,0.28125,0.1875,0.4375,0.71875,0.7824612403100775,2.3473837209302326,5.469466490299824,0.6104651162790697,1.197674418604651,0.5392441860465116,6.666666666666666,7.28888888888889,7.933333333333334,4.551948051948052,6.2853260869565215,4
36,2019-03-15,2019-03-22,13,cdu/csu,29.0,30.0,-1.0,1.0,0.1068376068376068,0.3205128205128205,1.3375,0.1025641025641025,0.2051282051282051,0.0128205128205128,1.5,3.0,0.875,1.3529411764705883,1.135135135135135,14,6,8,17,37,78,56,711.9871794871794,True,False,4.0,CDU/CSU,0.1794871794871795,0.0769230769230769,0.1025641025641025,0.2179487179487179,0.4743589743589743,221,51,18,27,50,113,0.0633484162895927,0.0271493212669683,0.0361990950226244,0.0769230769230769,0.167420814479638,0.2745098039215686,0.3333333333333333,0.2962962962962963,0.34,0.3274336283185841,Regierung,1.0,0.0,19.0,WP19,2019,3,7,0.75,2.25,6.387096774193548,0.7222222222222222,1.25,0.2777777777777778,8.142857142857142,8.833333333333334,8.5,5.8,6.296296296296297,36,31,7,6,4,10,27,0.1944444444444444,0.1666666666666666,0.1111111111111111,0.2777777777777778,0.75,0.6431623931623932,1.9294871794871795,5.049596774193548,0.6196581196581197,1.044871794871795,0.2649572649572649,6.642857142857142,5.833333333333334,7.625,4.447058823529412,5.161161161161162,0
36,2019-03-15,2019-03-22,13,fdp,8.0,8.0,0.0,0.0,0.2222222222222222,0.6666666666666666,1.52,0.1,0.5666666666666667,0.0,3.25,3.0,0.0,1.3333333333333333,1.4210526315789471,4,1,4,6,19,30,25,608.7,True,False,3.0,FDP,0.1333333333333333,0.0333333333333333,0.1333333333333333,0.2,0.6333333333333333,221,51,18,27,50,113,0.0180995475113122,0.004524886877828,0.0180995475113122,0.0271493212669683,0.085972850678733,0.0784313725490196,0.0555555555555555,0.1481481481481481,0.12,0.168141592920354,Opposition,0.0,1.0,19.0,WP19,2019,3,7,0.75,2.25,6.387096774193548,0.7222222222222222,1.25,0.2777777777777778,8.142857142857142,8.833333333333334,8.5,5.8,6.296296296296297,36,31,7,6,4,10,27,0.1944444444444444,0.1666666666666666,0.1111111111111111,0.2777777777777778,0.75,0.5277777777777778,1.5833333333333337,4.8670967741935485,0.6222222222222222,0.6833333333333333,0.2777777777777778,4.892857142857142,5.833333333333334,8.5,4.466666666666667,4.875243664717349,1
36,2019-03-15,2019-03-22,13,grüne,19.0,18.0,1.0,1.0,0.3020833333333333,0.90625,1.05,0.28125,0.625,0.0,0.7692307692307693,4.0,0.0,0.75,1.2777777777777777,13,3,3,8,18,32,25,643.84375,True,False,1.0,Bündnis 90/Die Grünen,0.40625,0.09375,0.09375,0.25,0.5625,221,51,18,27,50,113,0.0588235294117647,0.0135746606334841,0.0135746606334841,0.0361990950226244,0.0814479638009049,0.2549019607843137,0.1666666666666666,0.1111111111111111,0.16,0.1592920353982301,Opposition,0.0,1.0,19.0,WP19,2019,3,7,0.75,2.25,6.387096774193548,0.7222222222222222,1.25,0.2777777777777778,8.142857142857142,8.833333333333334,8.5,5.8,6.296296296296297,36,31,7,6,4,10,27,0.1944444444444444,0.1666666666666666,0.1111111111111111,0.2777777777777778,0.75,0.4479166666666667,1.34375,5.337096774193548,0.4409722222222222,0.625,0.2777777777777778,7.373626373626373,4.833333333333334,8.5,5.05,5.018518518518519,2
36,2019-03-15,2019-03-22,13,linke,9.0,8.0,1.0,1.0,0.4047619047619047,1.2142857142857142,1.869047619047619,0.3571428571428571,0.8214285714285714,0.0357142857142857,1.5,6.25,1.5,1.0,1.8461538461538465,6,4,6,6,13,28,21,623.0714285714286,True,False,0.0,Die Linke,0.2142857142857142,0.1428571428571428,0.2142857142857142,0.2142857142857142,0.4642857142857143,221,51,18,27,50,113,0.0271493212669683,0.0180995475113122,0.0271493212669683,0.0271493212669683,0.0588235294117647,0.1176470588235294,0.2222222222222222,0.2222222222222222,0.12,0.1150442477876106,Opposition,0.0,1.0,19.0,WP19,2019,3,7,0.75,2.25,6.387096774193548,0.7222222222222222,1.25,0.2777777777777778,8.142857142857142,8.833333333333334,8.5,5.8,6.296296296296297,36,31,7,6,4,10,27,0.1944444444444444,0.1666666666666666,0.1111111111111111,0.2777777777777778,0.75,0.3452380952380953,1.0357142857142858,4.518049155145929,0.365079365079365,0.4285714285714286,0.2420634920634921,6.642857142857142,2.583333333333334,7.0,4.8,4.450142450142451,3
36,2019-03-15,2019-03-22,13,spd,17.0,18.0,-1.0,1.0,0.1383647798742138,0.4150943396226415,0.9047619047619048,0.1698113207547169,0.2264150943396226,0.0188679245283018,0.8571428571428571,2.5,0.8333333333333334,0.7692307692307693,0.6923076923076923,14,4,6,13,26,53,42,651.9811320754717,True,False,2.0,SPD,0.2641509433962264,0.0754716981132075,0.1132075471698113,0.2452830188679245,0.490566037735849,221,51,18,27,50,113,0.0633484162895927,0.0180995475113122,0.0271493212669683,0.0588235294117647,0.1176470588235294,0.2745098039215686,0.2222222222222222,0.2222222222222222,0.26,0.2300884955752212,Regierung,1.0,0.0,19.0,WP19,2019,3,7,0.75,2.25,6.387096774193548,0.7222222222222222,1.25,0.2777777777777778,8.142857142857142,8.833333333333334,8.5,5.8,6.296296296296297,36,31,7,6,4,10,27,0.1944444444444444,0.1666666666666666,0.1111111111111111,0.2777777777777778,0.75,0.6116352201257862,1.8349056603773584,5.482334869431643,0.5524109014675053,1.0235849056603774,0.2589098532494759,7.285714285714286,6.333333333333334,7.666666666666667,5.030769230769231,5.603988603988604,4
37,2019-03-22,2019-04-04,12,cdu/csu,29.0,29.0,0.0,0.0,0.2063492063492063,0.6190476190476191,3.4411764705882355,0.1428571428571428,0.2857142857142857,0.1904761904761904,1.5,5.8,3.1,4.909090909090909,3.75,2,5,10,11,8,21,17,825.5238095238095,True,False,4.0,CDU/CSU,0.0952380952380952,0.238095238095238,0.4761904761904761,0.5238095238095238,0.3809523809523809,66,6,10,23,39,16,0.0303030303030303,0.0757575757575757,0.1515151515151515,0.1666666666666666,0.1212121212121212,0.3333333333333333,0.5,0.4347826086956521,0.282051282051282,0.5,Regierung,1.0,0.0,19.0,WP19,2019,3,13,0.9696969696969696,2.909090909090909,6.9,0.8181818181818182,1.181818181818182,0.9090909090909092,5.0,8.8,7.5,6.5,9.0,11,10,1,5,6,8,4,0.0909090909090909,0.4545454545454545,0.5454545454545454,0.7272727272727273,0.3636363636363636,0.7633477633477632,2.29004329004329,3.458823529411765,0.6753246753246753,0.8961038961038962,0.7186147186147186,3.5,3.000000000000001,4.4,1.5909090909090908,5.25,0
37,2019-03-22,2019-04-04,12,fdp,9.0,8.0,1.0,1.0,0.1481481481481481,0.4444444444444444,1.3611111111111114,0.0,0.3333333333333333,0.1111111111111111,0.0,7.0,0.5,1.5,3.0,1,1,2,4,2,9,6,579.0,True,False,3.0,FDP,0.1111111111111111,0.1111111111111111,0.2222222222222222,0.4444444444444444,0.2222222222222222,66,6,10,23,39,16,0.0151515151515151,0.0151515151515151,0.0303030303030303,0.0606060606060606,0.0303030303030303,0.1666666666666666,0.1,0.0869565217391304,0.1025641025641025,0.125,Opposition,0.0,1.0,19.0,WP19,2019,3,13,0.9696969696969696,2.909090909090909,6.9,0.8181818181818182,1.181818181818182,0.9090909090909092,5.0,8.8,7.5,6.5,9.0,11,10,1,5,6,8,4,0.0909090909090909,0.4545454545454545,0.5454545454545454,0.7272727272727273,0.3636363636363636,0.8215488215488215,2.4646464646464645,5.538888888888889,0.8181818181818182,0.8484848484848486,0.797979797979798,5.0,1.8000000000000007,7.0,5.0,6.0,1
37,2019-03-22,2019-04-04,12,grüne,19.0,19.0,0.0,0.0,0.2083333333333333,0.625,0.7142857142857143,0.125,0.375,0.125,1.0,,0.0,0.6666666666666666,,1,0,3,6,0,8,7,683.375,True,False,1.0,Bündnis 90/Die Grünen,0.125,0.0,0.375,0.75,0.0,66,6,10,23,39,16,0.0151515151515151,0.0,0.0454545454545454,0.0909090909090909,0.0,0.1666666666666666,0.0,0.1304347826086956,0.1538461538461538,0.0,Opposition,0.0,1.0,19.0,WP19,2019,3,13,0.9696969696969696,2.909090909090909,6.9,0.8181818181818182,1.181818181818182,0.9090909090909092,5.0,8.8,7.5,6.5,9.0,11,10,1,5,6,8,4,0.0909090909090909,0.4545454545454545,0.5454545454545454,0.7272727272727273,0.3636363636363636,0.7613636363636362,2.284090909090909,6.185714285714286,0.6931818181818182,0.8068181818181819,0.7840909090909091,4.0,,7.5,5.833333333333333,,2
37,2019-03-22,2019-04-04,12,linke,8.0,9.0,-1.0,1.0,0.3333333333333333,1.0,1.15625,0.0,0.7777777777777778,0.2222222222222222,1.0,1.75,0.0,1.1666666666666667,0.3333333333333333,1,4,2,6,3,9,8,580.3333333333334,True,False,0.0,Die Linke,0.1111111111111111,0.4444444444444444,0.2222222222222222,0.6666666666666666,0.3333333333333333,66,6,10,23,39,16,0.0151515151515151,0.0606060606060606,0.0303030303030303,0.0909090909090909,0.0454545454545454,0.1666666666666666,0.4,0.0869565217391304,0.1538461538461538,0.1875,Opposition,0.0,1.0,19.0,WP19,2019,3,13,0.9696969696969696,2.909090909090909,6.9,0.8181818181818182,1.181818181818182,0.9090909090909092,5.0,8.8,7.5,6.5,9.0,11,10,1,5,6,8,4,0.0909090909090909,0.4545454545454545,0.5454545454545454,0.7272727272727273,0.3636363636363636,0.6363636363636362,1.9090909090909087,5.74375,0.8181818181818182,0.4040404040404041,0.6868686868686869,4.0,7.050000000000001,7.5,5.333333333333333,8.666666666666666,3
37,2019-03-22,2019-04-04,12,spd,18.0,17.0,1.0,1.0,0.0175438596491228,0.0526315789473684,1.5,0.0,0.0526315789473684,0.0,2.0,,0.5,1.9166666666666667,1.6666666666666667,1,0,6,12,3,19,16,616.8947368421053,True,False,2.0,SPD,0.0526315789473684,0.0,0.3157894736842105,0.631578947368421,0.1578947368421052,66,6,10,23,39,16,0.0151515151515151,0.0,0.0909090909090909,0.1818181818181818,0.0454545454545454,0.1666666666666666,0.0,0.2608695652173913,0.3076923076923077,0.1875,Regierung,1.0,0.0,19.0,WP19,2019,3,13,0.9696969696969696,2.909090909090909,6.9,0.8181818181818182,1.181818181818182,0.9090909090909092,5.0,8.8,7.5,6.5,9.0,11,10,1,5,6,8,4,0.0909090909090909,0.4545454545454545,0.5454545454545454,0.7272727272727273,0.3636363636363636,0.9521531100478468,2.8564593301435406,5.4,0.8181818181818182,1.1291866028708135,0.9090909090909092,3.0,,7.0,4.583333333333333,7.333333333333333,4
38,2019-04-04,2019-04-18,12,cdu/csu,29.0,29.0,0.0,0.0,0.1223628691983122,0.3670886075949367,2.4572649572649574,0.0759493670886076,0.2215189873417721,0.0696202531645569,3.3181818181818183,4.136363636363637,1.2272727272727273,2.418181818181818,2.391891891891892,22,22,22,55,74,158,117,669.6708860759494,True,False,4.0,CDU/CSU,0.1392405063291139,0.1392405063291139,0.1392405063291139,0.3481012658227848,0.4683544303797468,446,76,46,50,153,194,0.0493273542600896,0.0493273542600896,0.0493273542600896,0.1233183856502242,0.1659192825112107,0.2894736842105263,0.4782608695652174,0.44,0.3594771241830065,0.3814432989690721,Regierung,1.0,0.0,19.0,WP19,2019,4,14,0.7647058823529411,2.294117647058824,6.489080459770115,0.7058823529411765,1.1764705882352942,0.4117647058823529,8.666666666666666,8.0,6.214285714285714,4.96,7.0,68,58,15,23,14,25,44,0.2205882352941176,0.3382352941176471,0.2058823529411764,0.3676470588235294,0.6470588235294118,0.6423430131546289,1.9270290394638867,4.031815502505157,0.629932985852569,0.954951600893522,0.342144452717796,5.348484848484848,3.8636363636363633,4.987012987012987,2.541818181818182,4.608108108108108,0
38,2019-04-04,2019-04-18,12,fdp,9.0,9.0,0.0,0.0,0.2352941176470588,0.7058823529411765,2.57,0.1617647058823529,0.5147058823529411,0.0294117647058823,4.777777777777778,4.0,1.3333333333333333,1.391304347826087,2.212121212121212,9,3,3,23,33,68,50,566.1176470588235,True,False,3.0,FDP,0.1323529411764706,0.0441176470588235,0.0441176470588235,0.3382352941176471,0.4852941176470588,446,76,46,50,153,194,0.0201793721973094,0.0067264573991031,0.0067264573991031,0.0515695067264574,0.0739910313901345,0.1184210526315789,0.0652173913043478,0.06,0.1503267973856209,0.1701030927835051,Opposition,0.0,1.0,19.0,WP19,2019,4,14,0.7647058823529411,2.294117647058824,6.489080459770115,0.7058823529411765,1.1764705882352942,0.4117647058823529,8.666666666666666,8.0,6.214285714285714,4.96,7.0,68,58,15,23,14,25,44,0.2205882352941176,0.3382352941176471,0.2058823529411764,0.3676470588235294,0.6470588235294118,0.5294117647058822,1.5882352941176467,3.919080459770115,0.5441176470588236,0.661764705882353,0.3823529411764705,3.888888888888888,4.0,4.880952380952381,3.568695652173913,4.787878787878788,1
38,2019-04-04,2019-04-18,12,grüne,20.0,19.0,1.0,1.0,0.2804232804232804,0.8412698412698413,1.2534013605442176,0.1587301587301587,0.6031746031746031,0.0793650793650793,0.875,1.75,0.2222222222222222,1.0952380952380951,1.4615384615384617,16,4,9,21,26,63,49,575.8095238095239,True,False,1.0,Bündnis 90/Die Grünen,0.2539682539682539,0.0634920634920634,0.1428571428571428,0.3333333333333333,0.4126984126984127,446,76,46,50,153,194,0.0358744394618834,0.0089686098654708,0.0201793721973094,0.0470852017937219,0.0582959641255605,0.2105263157894736,0.0869565217391304,0.18,0.1372549019607843,0.134020618556701,Opposition,0.0,1.0,19.0,WP19,2019,4,14,0.7647058823529411,2.294117647058824,6.489080459770115,0.7058823529411765,1.1764705882352942,0.4117647058823529,8.666666666666666,8.0,6.214285714285714,4.96,7.0,68,58,15,23,14,25,44,0.2205882352941176,0.3382352941176471,0.2058823529411764,0.3676470588235294,0.6470588235294118,0.4842826019296607,1.452847805788982,5.235679099225897,0.5471521942110178,0.573295985060691,0.3323996265172735,7.791666666666666,6.25,5.992063492063492,3.8647619047619046,5.538461538461538,2
38,2019-04-04,2019-04-18,12,linke,8.0,8.0,0.0,0.0,0.4971751412429378,1.4915254237288136,1.225925925925926,0.4576271186440678,0.9491525423728814,0.0847457627118644,0.6363636363636364,2.4,0.6,1.0952380952380951,1.3478260869565215,11,5,5,21,23,59,45,551.2542372881356,True,False,0.0,Die Linke,0.1864406779661017,0.0847457627118644,0.0847457627118644,0.3559322033898305,0.3898305084745763,446,76,46,50,153,194,0.0246636771300448,0.0112107623318385,0.0112107623318385,0.0470852017937219,0.0515695067264574,0.1447368421052631,0.108695652173913,0.1,0.1372549019607843,0.1185567010309278,Opposition,0.0,1.0,19.0,WP19,2019,4,14,0.7647058823529411,2.294117647058824,6.489080459770115,0.7058823529411765,1.1764705882352942,0.4117647058823529,8.666666666666666,8.0,6.214285714285714,4.96,7.0,68,58,15,23,14,25,44,0.2205882352941176,0.3382352941176471,0.2058823529411764,0.3676470588235294,0.6470588235294118,0.2675307411100033,0.8025922233300098,5.2631545338441885,0.2482552342971087,0.2273180458624127,0.3270189431704885,8.03030303030303,5.6,5.614285714285715,3.8647619047619046,5.652173913043479,3
38,2019-04-04,2019-04-18,12,spd,17.0,18.0,-1.0,1.0,0.1564625850340135,0.4693877551020408,1.3169014084507042,0.1632653061224489,0.2551020408163265,0.0510204081632653,1.2777777777777777,2.6666666666666665,0.8181818181818182,1.2121212121212122,1.131578947368421,18,12,11,33,38,98,71,656.5714285714286,True,False,2.0,SPD,0.1836734693877551,0.1224489795918367,0.1122448979591836,0.336734693877551,0.3877551020408163,446,76,46,50,153,194,0.0403587443946188,0.0269058295964125,0.0246636771300448,0.0739910313901345,0.085201793721973,0.2368421052631578,0.2608695652173913,0.22,0.2156862745098039,0.1958762886597938,Regierung,1.0,0.0,19.0,WP19,2019,4,14,0.7647058823529411,2.294117647058824,6.489080459770115,0.7058823529411765,1.1764705882352942,0.4117647058823529,8.666666666666666,8.0,6.214285714285714,4.96,7.0,68,58,15,23,14,25,44,0.2205882352941176,0.3382352941176471,0.2058823529411764,0.3676470588235294,0.6470588235294118,0.6082432973189276,1.8247298919567825,5.172179051319411,0.5426170468187276,0.9213685474189676,0.3607442977190876,7.388888888888888,5.333333333333334,5.396103896103896,3.747878787878788,5.868421052631579,4
40,2019-05-02,2019-05-17,12,cdu/csu,28.0,29.0,-1.0,1.0,0.1071428571428571,0.3214285714285714,2.608910891089109,0.0785714285714285,0.1571428571428571,0.0857142857142857,2.590909090909091,4.580645161290323,3.571428571428572,3.212121212121212,2.4125,22,31,7,33,80,140,101,694.4857142857143,True,False,4.0,CDU/CSU,0.1571428571428571,0.2214285714285714,0.05,0.2357142857142857,0.5714285714285714,414,76,85,25,113,223,0.0531400966183574,0.0748792270531401,0.0169082125603864,0.0797101449275362,0.1932367149758454,0.2894736842105263,0.3647058823529411,0.28,0.2920353982300885,0.358744394618834,Regierung,1.0,0.0,19.0,WP19,2019,5,15,0.8737373737373737,2.621212121212121,6.536163522012579,0.8939393939393939,1.3484848484848484,0.3787878787878788,9.125,7.9,7.555555555555555,5.583333333333333,7.170212765957447,66,53,8,20,9,24,47,0.1212121212121212,0.303030303030303,0.1363636363636363,0.3636363636363636,0.7121212121212122,0.7665945165945166,2.299783549783549,3.92725263092347,0.8153679653679653,1.1913419913419911,0.293073593073593,6.534090909090909,3.3193548387096774,3.984126984126984,2.371212121212121,4.757712765957447,0
40,2019-05-02,2019-05-17,12,fdp,8.0,8.0,0.0,0.0,0.25,0.75,2.3682170542635657,0.109375,0.546875,0.09375,2.833333333333333,4.357142857142857,3.5,2.2666666666666666,2.15625,6,14,2,15,32,64,43,559.515625,True,False,3.0,FDP,0.09375,0.21875,0.03125,0.234375,0.5,414,76,85,25,113,223,0.0144927536231884,0.0338164251207729,0.0048309178743961,0.036231884057971,0.0772946859903381,0.0789473684210526,0.1647058823529411,0.08,0.1327433628318584,0.1434977578475336,Opposition,0.0,1.0,19.0,WP19,2019,5,15,0.8737373737373737,2.621212121212121,6.536163522012579,0.8939393939393939,1.3484848484848484,0.3787878787878788,9.125,7.9,7.555555555555555,5.583333333333333,7.170212765957447,66,53,8,20,9,24,47,0.1212121212121212,0.303030303030303,0.1363636363636363,0.3636363636363636,0.7121212121212122,0.6237373737373737,1.871212121212121,4.1679464677490135,0.7845643939393939,0.8016098484848484,0.2850378787878788,6.291666666666666,3.542857142857144,4.055555555555555,3.3166666666666664,5.013962765957447,1
40,2019-05-02,2019-05-17,12,grüne,20.0,21.0,-1.0,1.0,0.3333333333333333,1.0,1.1145833333333333,0.3157894736842105,0.631578947368421,0.0526315789473684,0.6666666666666666,1.9090909090909087,0.5,1.1176470588235294,1.0666666666666669,18,11,2,17,30,57,48,618.9824561403509,True,False,1.0,Bündnis 90/Die Grünen,0.3157894736842105,0.1929824561403508,0.0350877192982456,0.2982456140350877,0.5263157894736842,414,76,85,25,113,223,0.0434782608695652,0.0265700483091787,0.0048309178743961,0.0410628019323671,0.072463768115942,0.2368421052631578,0.1294117647058823,0.08,0.1504424778761062,0.1345291479820627,Opposition,0.0,1.0,19.0,WP19,2019,5,15,0.8737373737373737,2.621212121212121,6.536163522012579,0.8939393939393939,1.3484848484848484,0.3787878787878788,9.125,7.9,7.555555555555555,5.583333333333333,7.170212765957447,66,53,8,20,9,24,47,0.1212121212121212,0.303030303030303,0.1363636363636363,0.3636363636363636,0.7121212121212122,0.5404040404040404,1.621212121212121,5.421580188679246,0.5781499202551834,0.7169059011164274,0.3261562998405103,8.458333333333334,5.990909090909091,7.055555555555555,4.465686274509803,6.103546099290781,2
40,2019-05-02,2019-05-17,12,linke,9.0,8.0,1.0,1.0,0.4702380952380952,1.4107142857142858,1.2604166666666667,0.4821428571428571,0.9107142857142856,0.0178571428571428,0.8181818181818182,1.6153846153846154,0.0,1.5454545454545454,1.303030303030303,11,13,3,22,33,56,48,550.9642857142857,True,False,0.0,Die Linke,0.1964285714285714,0.2321428571428571,0.0535714285714285,0.3928571428571428,0.5892857142857143,414,76,85,25,113,223,0.0265700483091787,0.0314009661835748,0.0072463768115942,0.0531400966183574,0.0797101449275362,0.1447368421052631,0.1529411764705882,0.12,0.1946902654867256,0.147982062780269,Opposition,0.0,1.0,19.0,WP19,2019,5,15,0.8737373737373737,2.621212121212121,6.536163522012579,0.8939393939393939,1.3484848484848484,0.3787878787878788,9.125,7.9,7.555555555555555,5.583333333333333,7.170212765957447,66,53,8,20,9,24,47,0.1212121212121212,0.303030303030303,0.1363636363636363,0.3636363636363636,0.7121212121212122,0.4034992784992784,1.2104978354978353,5.275746855345912,0.4117965367965367,0.4377705627705627,0.3609307359307359,8.306818181818182,6.284615384615385,7.555555555555555,4.037878787878787,5.867182462927144,3
40,2019-05-02,2019-05-17,12,spd,18.0,16.0,2.0,2.0,0.1580756013745704,0.4742268041237113,1.3666666666666667,0.1855670103092783,0.268041237113402,0.0206185567010309,1.2105263157894737,2.3125,1.0909090909090908,1.4230769230769231,1.3541666666666667,19,16,11,26,48,97,70,690.7938144329897,True,False,2.0,SPD,0.1958762886597938,0.1649484536082474,0.1134020618556701,0.268041237113402,0.4948453608247423,414,76,85,25,113,223,0.0458937198067632,0.038647342995169,0.0265700483091787,0.0628019323671497,0.1159420289855072,0.25,0.188235294117647,0.44,0.2300884955752212,0.2152466367713004,Regierung,1.0,0.0,19.0,WP19,2019,5,15,0.8737373737373737,2.621212121212121,6.536163522012579,0.8939393939393939,1.3484848484848484,0.3787878787878788,9.125,7.9,7.555555555555555,5.583333333333333,7.170212765957447,66,53,8,20,9,24,47,0.1212121212121212,0.303030303030303,0.1363636363636363,0.3636363636363636,0.7121212121212122,0.7156617723628033,2.1469853170884097,5.169496855345912,0.7083723836301156,1.0804436113714464,0.3581693220868479,7.9144736842105265,5.5875,6.4646464646464645,4.16025641025641,5.81604609929078,4
41,2019-05-17,2019-06-06,13,cdu/csu,29.0,28.0,1.0,1.0,0.1182795698924731,0.3548387096774194,2.3225806451612905,0.064516129032258,0.2258064516129032,0.064516129032258,3.363636363636364,4.333333333333333,0.75,2.909090909090909,1.5454545454545454,11,3,4,11,22,31,31,702.1935483870968,True,False,4.0,CDU/CSU,0.3548387096774194,0.0967741935483871,0.1290322580645161,0.3548387096774194,0.7096774193548387,86,31,7,12,31,60,0.127906976744186,0.0348837209302325,0.0465116279069767,0.127906976744186,0.2558139534883721,0.3548387096774194,0.4285714285714285,0.3333333333333333,0.3548387096774194,0.3666666666666666,Regierung,1.0,0.0,19.0,WP19,2019,5,20,1.1111111111111112,3.333333333333333,8.044444444444444,0.9333333333333332,1.6,0.8,8.333333333333334,9.0,9.5,7.0,8.083333333333334,15,15,6,4,2,5,12,0.4,0.2666666666666666,0.1333333333333333,0.3333333333333333,0.8,0.992831541218638,2.978494623655914,5.721863799283154,0.8688172043010753,1.3741935483870968,0.735483870967742,4.969696969696971,4.666666666666667,8.75,4.090909090909091,6.537878787878789,0
41,2019-05-17,2019-06-06,13,fdp,8.0,8.0,0.0,0.0,0.2307692307692307,0.6923076923076923,2.474358974358974,0.0,0.6153846153846154,0.0769230769230769,4.0,4.5,0.0,2.5,1.5833333333333333,5,2,2,4,12,13,13,609.1538461538462,True,False,3.0,FDP,0.3846153846153846,0.1538461538461538,0.1538461538461538,0.3076923076923077,0.9230769230769232,86,31,7,12,31,60,0.0581395348837209,0.0232558139534883,0.0232558139534883,0.0465116279069767,0.1395348837209302,0.1612903225806451,0.2857142857142857,0.1666666666666666,0.1290322580645161,0.2,Opposition,0.0,1.0,19.0,WP19,2019,5,20,1.1111111111111112,3.333333333333333,8.044444444444444,0.9333333333333332,1.6,0.8,8.333333333333334,9.0,9.5,7.0,8.083333333333334,15,15,6,4,2,5,12,0.4,0.2666666666666666,0.1333333333333333,0.3333333333333333,0.8,0.8803418803418803,2.6410256410256414,5.57008547008547,0.9333333333333332,0.9846153846153848,0.7230769230769232,4.333333333333334,4.5,9.5,4.5,6.500000000000001,1
41,2019-05-17,2019-06-06,13,grüne,18.0,20.0,-2.0,2.0,0.238095238095238,0.7142857142857143,0.9615384615384616,0.1428571428571428,0.5,0.0714285714285714,0.8333333333333334,,0.0,0.8333333333333334,1.2222222222222223,6,0,2,6,9,14,13,613.3571428571429,True,False,1.0,Bündnis 90/Die Grünen,0.4285714285714285,0.0,0.1428571428571428,0.4285714285714285,0.6428571428571429,86,31,7,12,31,60,0.0697674418604651,0.0,0.0232558139534883,0.0697674418604651,0.1046511627906976,0.1935483870967742,0.0,0.1666666666666666,0.1935483870967742,0.15,Opposition,0.0,1.0,19.0,WP19,2019,5,20,1.1111111111111112,3.333333333333333,8.044444444444444,0.9333333333333332,1.6,0.8,8.333333333333334,9.0,9.5,7.0,8.083333333333334,15,15,6,4,2,5,12,0.4,0.2666666666666666,0.1333333333333333,0.3333333333333333,0.8,0.873015873015873,2.619047619047619,7.082905982905983,0.7904761904761906,1.1,0.7285714285714286,7.500000000000001,,9.5,6.166666666666667,6.861111111111112,2
41,2019-05-17,2019-06-06,13,linke,8.0,9.0,-1.0,1.0,0.3333333333333333,1.0,1.7333333333333332,0.3,0.7,0.0,1.0,2.0,0.0,0.75,1.875,3,2,1,4,8,10,10,641.4,True,False,0.0,Die Linke,0.3,0.2,0.1,0.4,0.8,86,31,7,12,31,60,0.0348837209302325,0.0232558139534883,0.0116279069767441,0.0465116279069767,0.0930232558139534,0.0967741935483871,0.2857142857142857,0.0833333333333333,0.1290322580645161,0.1333333333333333,Opposition,0.0,1.0,19.0,WP19,2019,5,20,1.1111111111111112,3.333333333333333,8.044444444444444,0.9333333333333332,1.6,0.8,8.333333333333334,9.0,9.5,7.0,8.083333333333334,15,15,6,4,2,5,12,0.4,0.2666666666666666,0.1333333333333333,0.3333333333333333,0.8,0.7777777777777779,2.333333333333333,6.311111111111111,0.6333333333333333,0.9000000000000001,0.8,7.333333333333334,7.0,9.5,6.25,6.208333333333334,3
41,2019-05-17,2019-06-06,13,spd,17.0,18.0,-1.0,1.0,0.1481481481481481,0.4444444444444444,1.03125,0.0,0.3888888888888889,0.0555555555555555,1.1666666666666667,,0.3333333333333333,0.6666666666666666,1.1111111111111112,6,0,3,6,9,18,16,822.7777777777778,True,False,2.0,SPD,0.3333333333333333,0.0,0.1666666666666666,0.3333333333333333,0.5,86,31,7,12,31,60,0.0697674418604651,0.0,0.0348837209302325,0.0697674418604651,0.1046511627906976,0.1935483870967742,0.0,0.25,0.1935483870967742,0.15,Regierung,1.0,0.0,19.0,WP19,2019,5,20,1.1111111111111112,3.333333333333333,8.044444444444444,0.9333333333333332,1.6,0.8,8.333333333333334,9.0,9.5,7.0,8.083333333333334,15,15,6,4,2,5,12,0.4,0.2666666666666666,0.1333333333333333,0.3333333333333333,0.8,0.962962962962963,2.8888888888888893,7.013194444444444,0.9333333333333332,1.2111111111111112,0.7444444444444445,7.166666666666667,,9.166666666666666,6.333333333333333,6.972222222222223,4
42,2019-06-06,2019-06-28,13,cdu/csu,25.0,29.0,-4.0,4.0,0.1403508771929824,0.4210526315789473,2.5906148867313914,0.0921052631578947,0.1973684210526315,0.131578947368421,2.7142857142857144,4.44,3.071428571428572,3.055555555555556,2.4603174603174605,21,25,14,54,63,152,103,675.1907894736842,True,False,4.0,CDU/CSU,0.1381578947368421,0.1644736842105263,0.0921052631578947,0.3552631578947368,0.4144736842105263,450,67,92,56,176,170,0.0466666666666666,0.0555555555555555,0.0311111111111111,0.12,0.14,0.3134328358208955,0.2717391304347826,0.25,0.3068181818181818,0.3705882352941176,Regierung,1.0,0.0,19.0,WP19,2019,6,22,0.9452054794520548,2.835616438356164,7.156089743589744,0.9041095890410958,1.356164383561644,0.5753424657534246,8.545454545454545,8.185185185185185,8.176470588235293,6.266666666666667,7.613636363636363,73,52,11,27,17,30,44,0.1506849315068493,0.3698630136986301,0.2328767123287671,0.410958904109589,0.6027397260273972,0.8048546022590723,2.414563806777217,4.565474856858353,0.8120043258832012,1.1587959625090123,0.4437635183850036,5.831168831168831,3.7451851851851847,5.105042016806722,3.2111111111111112,5.153318903318903,0
42,2019-06-06,2019-06-28,13,fdp,8.0,8.0,0.0,0.0,0.2619047619047618,0.7857142857142857,2.2003968253968256,0.1857142857142857,0.4714285714285714,0.1285714285714285,3.4285714285714284,3.928571428571429,0.8,1.807692307692308,2.238095238095238,7,14,5,26,21,70,42,598.4571428571429,True,False,3.0,FDP,0.1,0.2,0.0714285714285714,0.3714285714285714,0.3,450,67,92,56,176,170,0.0155555555555555,0.0311111111111111,0.0111111111111111,0.0577777777777777,0.0466666666666666,0.1044776119402985,0.1521739130434782,0.0892857142857142,0.1477272727272727,0.1235294117647058,Opposition,0.0,1.0,19.0,WP19,2019,6,22,0.9452054794520548,2.835616438356164,7.156089743589744,0.9041095890410958,1.356164383561644,0.5753424657534246,8.545454545454545,8.185185185185185,8.176470588235293,6.266666666666667,7.613636363636363,73,52,11,27,17,30,44,0.1506849315068493,0.3698630136986301,0.2328767123287671,0.410958904109589,0.6027397260273972,0.6833007175472929,2.0499021526418786,4.955692918192918,0.7183953033268101,0.8847358121330725,0.446771037181996,5.116883116883116,4.256613756613756,7.376470588235294,4.458974358974359,5.375541125541125,1
42,2019-06-06,2019-06-28,13,grüne,26.0,18.0,8.0,8.0,0.2711864406779661,0.8135593220338984,1.3138297872340423,0.1864406779661017,0.4915254237288136,0.135593220338983,1.4615384615384617,2.5,0.1666666666666666,1.4,1.2916666666666667,13,14,12,25,24,59,47,605.6101694915254,True,False,1.0,Bündnis 90/Die Grünen,0.2203389830508474,0.2372881355932203,0.2033898305084746,0.423728813559322,0.4067796610169492,450,67,92,56,176,170,0.0288888888888888,0.0311111111111111,0.0266666666666666,0.0555555555555555,0.0533333333333333,0.1940298507462686,0.1521739130434782,0.2142857142857142,0.1420454545454545,0.1411764705882353,Opposition,0.0,1.0,19.0,WP19,2019,6,22,0.9452054794520548,2.835616438356164,7.156089743589744,0.9041095890410958,1.356164383561644,0.5753424657534246,8.545454545454545,8.185185185185185,8.176470588235293,6.266666666666667,7.613636363636363,73,52,11,27,17,30,44,0.1506849315068493,0.3698630136986301,0.2328767123287671,0.410958904109589,0.6027397260273972,0.6740190387740888,2.022057116322266,5.842259956355702,0.7176689110749941,0.8646389598328303,0.4397492454144416,7.083916083916083,5.685185185185185,8.009803921568627,4.866666666666667,6.321969696969696,2
42,2019-06-06,2019-06-28,13,linke,7.0,8.0,-1.0,1.0,0.4918032786885246,1.475409836065574,1.0232558139534884,0.4426229508196721,0.8360655737704918,0.1967213114754098,1.3333333333333333,1.5833333333333333,0.5,1.0344827586206895,0.9,9,12,12,29,20,61,43,564.4098360655738,True,False,0.0,Die Linke,0.1475409836065573,0.1967213114754098,0.1967213114754098,0.4754098360655737,0.3278688524590163,450,67,92,56,176,170,0.02,0.0266666666666666,0.0266666666666666,0.0644444444444444,0.0444444444444444,0.1343283582089552,0.1304347826086956,0.2142857142857142,0.1647727272727272,0.1176470588235294,Opposition,0.0,1.0,19.0,WP19,2019,6,22,0.9452054794520548,2.835616438356164,7.156089743589744,0.9041095890410958,1.356164383561644,0.5753424657534246,8.545454545454545,8.185185185185185,8.176470588235293,6.266666666666667,7.613636363636363,73,52,11,27,17,30,44,0.1506849315068493,0.3698630136986301,0.2328767123287671,0.410958904109589,0.6027397260273972,0.4534022007635302,1.3602066022905903,6.132833929636256,0.4614866382214237,0.5200988097911521,0.3786211542780148,7.212121212121212,6.601851851851852,7.676470588235293,5.232183908045977,6.713636363636363,3
42,2019-06-06,2019-06-28,13,spd,12.0,17.0,-5.0,5.0,0.1882716049382715,0.5648148148148148,1.6469907407407407,0.1481481481481481,0.2777777777777778,0.1388888888888889,1.2941176470588236,2.814814814814815,0.9230769230769232,1.809523809523809,1.5714285714285714,17,27,13,42,42,108,72,639.7685185185185,True,False,2.0,SPD,0.1574074074074074,0.25,0.1203703703703703,0.3888888888888889,0.3888888888888889,450,67,92,56,176,170,0.0377777777777777,0.06,0.0288888888888888,0.0933333333333333,0.0933333333333333,0.2537313432835821,0.2934782608695652,0.2321428571428571,0.2386363636363636,0.2470588235294117,Regierung,1.0,0.0,19.0,WP19,2019,6,22,0.9452054794520548,2.835616438356164,7.156089743589744,0.9041095890410958,1.356164383561644,0.5753424657534246,8.545454545454545,8.185185185185185,8.176470588235293,6.266666666666667,7.613636363636363,73,52,11,27,17,30,44,0.1506849315068493,0.3698630136986301,0.2328767123287671,0.410958904109589,0.6027397260273972,0.7569338745137832,2.2708016235413493,5.509099002849004,0.7559614408929477,1.0783866057838662,0.4364535768645357,7.251336898395722,5.37037037037037,7.25339366515837,4.457142857142857,6.042207792207792,4
43,2019-06-28,2019-07-04,12,cdu/csu,26.0,25.0,1.0,1.0,0.0399999999999999,0.12,1.5833333333333333,0.04,0.08,0.0,2.6,2.0,,0.0,1.2857142857142858,5,1,0,2,7,25,12,751.88,True,False,4.0,CDU/CSU,0.2,0.04,0.0,0.08,0.28,75,19,7,4,10,20,0.0666666666666666,0.0133333333333333,0.0,0.0266666666666666,0.0933333333333333,0.2631578947368421,0.1428571428571428,0.0,0.2,0.35,Regierung,1.0,0.0,19.0,WP19,2019,6,6,0.611111111111111,1.8333333333333333,6.8,0.6666666666666666,0.75,0.4166666666666667,7.6,9.5,8.0,2.0,7.5,12,10,5,2,1,2,6,0.4166666666666667,0.1666666666666666,0.0833333333333333,0.1666666666666666,0.5,0.571111111111111,1.7133333333333334,5.216666666666667,0.6266666666666666,0.67,0.4166666666666667,5.0,7.5,,2.0,6.214285714285714,0
43,2019-06-28,2019-07-04,12,fdp,9.0,8.0,1.0,1.0,0.1212121212121212,0.3636363636363636,1.7857142857142858,0.0909090909090909,0.2727272727272727,0.0,4.0,3.0,0.0,0.6666666666666666,3.0,2,1,1,3,2,11,7,542.3636363636364,True,False,3.0,FDP,0.1818181818181818,0.0909090909090909,0.0909090909090909,0.2727272727272727,0.1818181818181818,75,19,7,4,10,20,0.0266666666666666,0.0133333333333333,0.0133333333333333,0.04,0.0266666666666666,0.1052631578947368,0.1428571428571428,0.25,0.3,0.1,Opposition,0.0,1.0,19.0,WP19,2019,6,6,0.611111111111111,1.8333333333333333,6.8,0.6666666666666666,0.75,0.4166666666666667,7.6,9.5,8.0,2.0,7.5,12,10,5,2,1,2,6,0.4166666666666667,0.1666666666666666,0.0833333333333333,0.1666666666666666,0.5,0.4898989898989898,1.4696969696969695,5.014285714285714,0.5757575757575757,0.4772727272727273,0.4166666666666667,3.6,6.5,8.0,1.3333333333333337,4.5,1
43,2019-06-28,2019-07-04,12,grüne,25.0,26.0,-1.0,1.0,0.303030303030303,0.9090909090909092,1.1875,0.3636363636363636,0.4545454545454545,0.0909090909090909,1.0,1.5,0.0,0.0,1.75,6,2,2,1,4,11,8,588.1818181818181,True,False,1.0,Bündnis 90/Die Grünen,0.5454545454545454,0.1818181818181818,0.1818181818181818,0.0909090909090909,0.3636363636363636,75,19,7,4,10,20,0.08,0.0266666666666666,0.0266666666666666,0.0133333333333333,0.0533333333333333,0.3157894736842105,0.2857142857142857,0.5,0.1,0.2,Opposition,0.0,1.0,19.0,WP19,2019,6,6,0.611111111111111,1.8333333333333333,6.8,0.6666666666666666,0.75,0.4166666666666667,7.6,9.5,8.0,2.0,7.5,12,10,5,2,1,2,6,0.4166666666666667,0.1666666666666666,0.0833333333333333,0.1666666666666666,0.5,0.308080808080808,0.9242424242424242,5.6125,0.303030303030303,0.2954545454545454,0.3257575757575758,6.6,8.0,8.0,2.0,5.75,2
43,2019-06-28,2019-07-04,12,linke,7.0,7.0,0.0,0.0,0.4814814814814814,1.4444444444444444,3.0666666666666664,0.5555555555555556,0.6666666666666666,0.2222222222222222,0.0,5.0,,2.0,5.0,1,2,0,2,2,9,5,605.0,True,False,0.0,Die Linke,0.1111111111111111,0.2222222222222222,0.0,0.2222222222222222,0.2222222222222222,75,19,7,4,10,20,0.0133333333333333,0.0266666666666666,0.0,0.0266666666666666,0.0266666666666666,0.0526315789473684,0.2857142857142857,0.0,0.2,0.1,Opposition,0.0,1.0,19.0,WP19,2019,6,6,0.611111111111111,1.8333333333333333,6.8,0.6666666666666666,0.75,0.4166666666666667,7.6,9.5,8.0,2.0,7.5,12,10,5,2,1,2,6,0.4166666666666667,0.1666666666666666,0.0833333333333333,0.1666666666666666,0.5,0.1296296296296296,0.3888888888888888,3.733333333333333,0.111111111111111,0.0833333333333333,0.1944444444444444,7.6,4.5,,0.0,2.5,3
43,2019-06-28,2019-07-04,12,spd,13.0,12.0,1.0,1.0,0.087719298245614,0.2631578947368421,0.9545454545454546,0.0,0.2631578947368421,0.0,1.4,0.0,0.0,0.0,1.0,5,1,1,2,5,19,11,705.3684210526316,True,False,2.0,SPD,0.2631578947368421,0.0526315789473684,0.0526315789473684,0.1052631578947368,0.2631578947368421,75,19,7,4,10,20,0.0666666666666666,0.0133333333333333,0.0133333333333333,0.0266666666666666,0.0666666666666666,0.2631578947368421,0.1428571428571428,0.25,0.2,0.25,Regierung,1.0,0.0,19.0,WP19,2019,6,6,0.611111111111111,1.8333333333333333,6.8,0.6666666666666666,0.75,0.4166666666666667,7.6,9.5,8.0,2.0,7.5,12,10,5,2,1,2,6,0.4166666666666667,0.1666666666666666,0.0833333333333333,0.1666666666666666,0.5,0.5233918128654971,1.5701754385964912,5.845454545454546,0.6666666666666666,0.4868421052631579,0.4166666666666667,6.199999999999999,9.5,8.0,2.0,6.5,4
44,2019-07-04,2019-07-26,13,cdu/csu,25.0,26.0,-1.0,1.0,0.0,0.0,2.25,0.0,0.0,0.0,,,,2.0,2.5,0,0,0,1,2,3,2,962.0,True,False,4.0,CDU/CSU,0.0,0.0,0.0,0.3333333333333333,0.6666666666666666,9,1,0,0,2,6,0.0,0.0,0.0,0.1111111111111111,0.2222222222222222,0.0,,,0.5,0.3333333333333333,Regierung,1.0,0.0,19.0,WP19,2019,7,22,1.0,3.0,,1.0,2.0,0.0,,,,,,1,0,0,0,0,0,0,0.0,0.0,0.0,0.0,0.0,1.0,3.0,,1.0,2.0,0.0,,,,,,0
44,2019-07-04,2019-07-26,13,fdp,8.0,9.0,-1.0,1.0,0.1666666666666666,0.5,3.0,0.0,0.5,0.0,,,,,3.0,0,0,0,0,1,2,1,525.5,True,False,3.0,FDP,0.0,0.0,0.0,0.0,0.5,9,1,0,0,2,6,0.0,0.0,0.0,0.0,0.1111111111111111,0.0,,,0.0,0.1666666666666666,Opposition,0.0,1.0,19.0,WP19,2019,7,22,1.0,3.0,,1.0,2.0,0.0,,,,,,1,0,0,0,0,0,0,0.0,0.0,0.0,0.0,0.0,0.8333333333333334,2.5,,1.0,1.5,0.0,,,,,,1
44,2019-07-04,2019-07-26,13,grüne,26.0,25.0,1.0,1.0,0.3333333333333333,1.0,1.0,0.0,1.0,0.0,0.0,,,2.0,1.0,1,0,0,1,1,1,1,906.0,True,False,1.0,Bündnis 90/Die Grünen,1.0,0.0,0.0,1.0,1.0,9,1,0,0,2,6,0.1111111111111111,0.0,0.0,0.1111111111111111,0.1111111111111111,1.0,,,0.5,0.1666666666666666,Opposition,0.0,1.0,19.0,WP19,2019,7,22,1.0,3.0,,1.0,2.0,0.0,,,,,,1,0,0,0,0,0,0,0.0,0.0,0.0,0.0,0.0,0.6666666666666667,2.0,,1.0,1.0,0.0,,,,,,2
44,2019-07-04,2019-07-26,13,linke,8.0,7.0,1.0,1.0,0.3333333333333333,1.0,3.0,0.0,1.0,0.0,,,,,3.0,0,0,0,0,1,1,1,776.0,True,False,0.0,Die Linke,0.0,0.0,0.0,0.0,1.0,9,1,0,0,2,6,0.0,0.0,0.0,0.0,0.1111111111111111,0.0,,,0.0,0.1666666666666666,Opposition,0.0,1.0,19.0,WP19,2019,7,22,1.0,3.0,,1.0,2.0,0.0,,,,,,1,0,0,0,0,0,0,0.0,0.0,0.0,0.0,0.0,0.6666666666666667,2.0,,1.0,1.0,0.0,,,,,,3
44,2019-07-04,2019-07-26,13,spd,13.0,13.0,0.0,0.0,0.0,0.0,2.0,0.0,0.0,0.0,,,,,2.0,0,0,0,0,1,2,1,744.0,True,False,2.0,SPD,0.0,0.0,0.0,0.0,0.5,9,1,0,0,2,6,0.0,0.0,0.0,0.0,0.1111111111111111,0.0,,,0.0,0.1666666666666666,Regierung,1.0,0.0,19.0,WP19,2019,7,22,1.0,3.0,,1.0,2.0,0.0,,,,,,1,0,0,0,0,0,0,0.0,0.0,0.0,0.0,0.0,1.0,3.0,,1.0,2.0,0.0,,,,,,4
48,2019-09-05,2019-09-20,15,cdu/csu,27.0,26.0,1.0,1.0,0.0871794871794871,0.2615384615384615,2.6535947712418304,0.1076923076923077,0.123076923076923,0.0307692307692307,3.064516129032258,3.75,2.1666666666666665,2.6666666666666665,1.9666666666666663,31,8,6,12,30,65,51,894.8153846153846,True,False,4.0,CDU/CSU,0.4769230769230769,0.123076923076923,0.0923076923076923,0.1846153846153846,0.4615384615384615,214,104,18,23,43,83,0.1448598130841121,0.0373831775700934,0.02803738317757,0.0560747663551401,0.1401869158878504,0.2980769230769231,0.4444444444444444,0.2608695652173913,0.2790697674418604,0.3614457831325301,Regierung,1.0,0.0,19.0,WP19,2019,9,15,1.0350877192982455,3.1052631578947367,7.588571428571429,0.9736842105263158,1.5263157894736843,0.6052631578947368,7.5,8.117647058823529,8.375,7.3076923076923075,7.724137931034483,38,35,20,17,8,13,29,0.5263157894736842,0.4473684210526316,0.2105263157894736,0.3421052631578947,0.7631578947368421,0.9479082321187584,2.8437246963562752,4.934976657329599,0.8659919028340082,1.4032388663967612,0.5744939271255061,4.435483870967742,4.367647058823529,6.208333333333334,4.6410256410256405,5.757471264367816,0
48,2019-09-05,2019-09-20,15,fdp,7.0,7.0,0.0,0.0,0.2604166666666666,0.78125,2.8157894736842106,0.09375,0.6875,0.0,3.7,4.5,,1.3333333333333333,1.625,10,2,0,6,8,32,19,791.375,True,False,3.0,FDP,0.3125,0.0625,0.0,0.1875,0.25,214,104,18,23,43,83,0.0467289719626168,0.0093457943925233,0.0,0.02803738317757,0.0373831775700934,0.0961538461538461,0.1111111111111111,0.0,0.1395348837209302,0.0963855421686747,Opposition,0.0,1.0,19.0,WP19,2019,9,15,1.0350877192982455,3.1052631578947367,7.588571428571429,0.9736842105263158,1.5263157894736843,0.6052631578947368,7.5,8.117647058823529,8.375,7.3076923076923075,7.724137931034483,38,35,20,17,8,13,29,0.5263157894736842,0.4473684210526316,0.2105263157894736,0.3421052631578947,0.7631578947368421,0.7746710526315791,2.3240131578947367,4.772781954887218,0.8799342105263158,0.8388157894736843,0.6052631578947368,3.8,3.617647058823529,,5.974358974358975,6.099137931034483,1
48,2019-09-05,2019-09-20,15,grüne,23.0,25.0,-2.0,2.0,0.4270833333333333,1.28125,1.160493827160494,0.28125,0.96875,0.03125,1.1428571428571428,3.0,0.25,1.2857142857142858,0.8461538461538461,21,1,4,7,13,32,27,735.03125,True,False,1.0,Bündnis 90/Die Grünen,0.65625,0.03125,0.125,0.21875,0.40625,214,104,18,23,43,83,0.0981308411214953,0.0046728971962616,0.0186915887850467,0.0327102803738317,0.0607476635514018,0.2019230769230769,0.0555555555555555,0.1739130434782608,0.1627906976744186,0.1566265060240964,Opposition,0.0,1.0,19.0,WP19,2019,9,15,1.0350877192982455,3.1052631578947367,7.588571428571429,0.9736842105263158,1.5263157894736843,0.6052631578947368,7.5,8.117647058823529,8.375,7.3076923076923075,7.724137931034483,38,35,20,17,8,13,29,0.5263157894736842,0.4473684210526316,0.2105263157894736,0.3421052631578947,0.7631578947368421,0.6080043859649125,1.8240131578947367,6.428077601410935,0.6924342105263158,0.5575657894736843,0.5740131578947368,6.357142857142858,5.117647058823529,8.125,6.021978021978022,6.877984084880637,2
48,2019-09-05,2019-09-20,15,linke,7.0,7.0,0.0,0.0,0.6161616161616161,1.8484848484848484,0.9753086419753086,0.6060606060606061,1.1515151515151516,0.0909090909090909,1.1764705882352942,2.0,0.5,0.4,1.181818181818182,17,2,6,10,11,33,27,685.4545454545455,True,False,0.0,Die Linke,0.5151515151515151,0.0606060606060606,0.1818181818181818,0.303030303030303,0.3333333333333333,214,104,18,23,43,83,0.0794392523364486,0.0093457943925233,0.02803738317757,0.0467289719626168,0.0514018691588785,0.1634615384615384,0.1111111111111111,0.2608695652173913,0.2325581395348837,0.1325301204819277,Opposition,0.0,1.0,19.0,WP19,2019,9,15,1.0350877192982455,3.1052631578947367,7.588571428571429,0.9736842105263158,1.5263157894736843,0.6052631578947368,7.5,8.117647058823529,8.375,7.3076923076923075,7.724137931034483,38,35,20,17,8,13,29,0.5263157894736842,0.4473684210526316,0.2105263157894736,0.3421052631578947,0.7631578947368421,0.4189261031366296,1.2567783094098883,6.61326278659612,0.3676236044657097,0.3748006379585327,0.5143540669856459,6.323529411764706,6.117647058823529,7.875,6.907692307692307,6.542319749216301,3
48,2019-09-05,2019-09-20,15,spd,14.0,14.0,0.0,0.0,0.141025641025641,0.4230769230769231,1.4736842105263157,0.173076923076923,0.2307692307692307,0.0192307692307692,1.48,1.8,0.4285714285714285,2.25,1.1904761904761905,25,5,7,8,21,52,38,758.4615384615385,True,False,2.0,SPD,0.4807692307692308,0.0961538461538461,0.1346153846153846,0.1538461538461538,0.4038461538461538,214,104,18,23,43,83,0.116822429906542,0.0233644859813084,0.0327102803738317,0.0373831775700934,0.0981308411214953,0.2403846153846154,0.2777777777777778,0.3043478260869565,0.1860465116279069,0.253012048192771,Regierung,1.0,0.0,19.0,WP19,2019,9,15,1.0350877192982455,3.1052631578947367,7.588571428571429,0.9736842105263158,1.5263157894736843,0.6052631578947368,7.5,8.117647058823529,8.375,7.3076923076923075,7.724137931034483,38,35,20,17,8,13,29,0.5263157894736842,0.4473684210526316,0.2105263157894736,0.3421052631578947,0.7631578947368421,0.8940620782726048,2.682186234817814,6.114887218045113,0.8006072874493928,1.2955465587044537,0.5860323886639676,6.02,6.317647058823529,7.946428571428571,5.057692307692308,6.533661740558292,4
49,2019-09-20,2019-10-11,14,cdu/csu,27.0,27.0,0.0,0.0,0.1317829457364341,0.3953488372093023,1.9625850340136053,0.127906976744186,0.2093023255813953,0.0581395348837209,2.380952380952381,3.6666666666666665,1.0,2.083333333333333,1.6521739130434785,21,6,2,12,23,86,49,654.7906976744187,True,False,4.0,CDU/CSU,0.2441860465116279,0.0697674418604651,0.0232558139534883,0.1395348837209302,0.2674418604651162,261,62,25,18,40,70,0.0804597701149425,0.0229885057471264,0.0076628352490421,0.0459770114942528,0.0881226053639846,0.3387096774193548,0.24,0.1111111111111111,0.3,0.3285714285714285,Regierung,1.0,0.0,19.0,WP19,2019,9,21,0.8333333333333334,2.5,6.645161290322581,0.9047619047619048,1.261904761904762,0.3333333333333333,8.142857142857142,7.090909090909091,6.0,5.7,7.173913043478261,42,31,14,11,4,10,23,0.3333333333333333,0.2619047619047619,0.0952380952380952,0.238095238095238,0.5476190476190477,0.7015503875968992,2.104651162790698,4.682576256308975,0.7768549280177187,1.0526024363233666,0.2751937984496124,5.761904761904761,3.4242424242424243,5.0,3.6166666666666663,5.521739130434782,0
49,2019-09-20,2019-10-11,14,fdp,8.0,7.0,1.0,1.0,0.2698412698412698,0.8095238095238095,2.2698412698412698,0.1428571428571428,0.6190476190476191,0.0476190476190476,3.142857142857143,4.2,,1.1666666666666667,1.75,7,5,0,6,12,42,21,527.3809523809524,True,False,3.0,FDP,0.1666666666666666,0.119047619047619,0.0,0.1428571428571428,0.2857142857142857,261,62,25,18,40,70,0.0268199233716475,0.0191570881226053,0.0,0.0229885057471264,0.0459770114942528,0.1129032258064516,0.2,0.0,0.15,0.1714285714285714,Opposition,0.0,1.0,19.0,WP19,2019,9,21,0.8333333333333334,2.5,6.645161290322581,0.9047619047619048,1.261904761904762,0.3333333333333333,8.142857142857142,7.090909090909091,6.0,5.7,7.173913043478261,42,31,14,11,4,10,23,0.3333333333333333,0.2619047619047619,0.0952380952380952,0.238095238095238,0.5476190476190477,0.5634920634920635,1.6904761904761905,4.375320020481311,0.7619047619047619,0.6428571428571428,0.2857142857142857,5.0,2.8909090909090907,,4.533333333333333,5.423913043478261,1
49,2019-09-20,2019-10-11,14,grüne,23.0,23.0,0.0,0.0,0.2882882882882883,0.8648648648648649,1.123188405797101,0.2162162162162162,0.5405405405405406,0.1081081081081081,1.1,2.5,0.5714285714285714,0.4285714285714285,1.1,10,6,7,7,10,37,23,557.972972972973,True,False,1.0,Bündnis 90/Die Grünen,0.2702702702702703,0.1621621621621621,0.1891891891891892,0.1891891891891892,0.2702702702702703,261,62,25,18,40,70,0.0383141762452107,0.0229885057471264,0.0268199233716475,0.0268199233716475,0.0383141762452107,0.1612903225806451,0.24,0.3888888888888889,0.175,0.1428571428571428,Opposition,0.0,1.0,19.0,WP19,2019,9,21,0.8333333333333334,2.5,6.645161290322581,0.9047619047619048,1.261904761904762,0.3333333333333333,8.142857142857142,7.090909090909091,6.0,5.7,7.173913043478261,42,31,14,11,4,10,23,0.3333333333333333,0.2619047619047619,0.0952380952380952,0.238095238095238,0.5476190476190477,0.545045045045045,1.635135135135135,5.521972884525479,0.6885456885456885,0.7213642213642213,0.2252252252252252,7.042857142857143,4.590909090909091,5.428571428571429,5.271428571428571,6.07391304347826,2
49,2019-09-20,2019-10-11,14,linke,8.0,7.0,1.0,1.0,0.3981481481481481,1.1944444444444444,1.2037037037037035,0.4166666666666667,0.6944444444444444,0.0833333333333333,0.75,2.0,1.0,1.0,1.25,8,2,3,6,8,36,18,522.8611111111111,True,False,0.0,Die Linke,0.2222222222222222,0.0555555555555555,0.0833333333333333,0.1666666666666666,0.2222222222222222,261,62,25,18,40,70,0.0306513409961685,0.0076628352490421,0.0114942528735632,0.0229885057471264,0.0306513409961685,0.1290322580645161,0.08,0.1666666666666666,0.15,0.1142857142857142,Opposition,0.0,1.0,19.0,WP19,2019,9,21,0.8333333333333334,2.5,6.645161290322581,0.9047619047619048,1.261904761904762,0.3333333333333333,8.142857142857142,7.090909090909091,6.0,5.7,7.173913043478261,42,31,14,11,4,10,23,0.3333333333333333,0.2619047619047619,0.0952380952380952,0.238095238095238,0.5476190476190477,0.4351851851851852,1.3055555555555556,5.441457586618878,0.4880952380952381,0.5674603174603174,0.25,7.392857142857142,5.090909090909091,5.0,4.7,5.923913043478261,3
49,2019-09-20,2019-10-11,14,spd,14.0,14.0,0.0,0.0,0.1833333333333333,0.55,1.156862745098039,0.2,0.2833333333333333,0.0666666666666666,0.8125,3.333333333333333,0.5,0.5555555555555556,1.1176470588235294,16,6,6,9,17,60,34,613.35,True,False,2.0,SPD,0.2666666666666666,0.1,0.1,0.15,0.2833333333333333,261,62,25,18,40,70,0.0613026819923371,0.0229885057471264,0.0229885057471264,0.0344827586206896,0.0651340996168582,0.2580645161290322,0.24,0.3333333333333333,0.225,0.2428571428571428,Regierung,1.0,0.0,19.0,WP19,2019,9,21,0.8333333333333334,2.5,6.645161290322581,0.9047619047619048,1.261904761904762,0.3333333333333333,8.142857142857142,7.090909090909091,6.0,5.7,7.173913043478261,42,31,14,11,4,10,23,0.3333333333333333,0.2619047619047619,0.0952380952380952,0.238095238095238,0.5476190476190477,0.65,1.95,5.488298545224541,0.7047619047619047,0.9785714285714284,0.2666666666666666,7.330357142857142,3.757575757575757,5.5,5.144444444444445,6.056265984654731,4
50,2019-10-11,2019-10-18,14,cdu/csu,28.0,27.0,1.0,1.0,0.0923076923076923,0.2769230769230769,2.252032520325203,0.0461538461538461,0.1692307692307692,0.0615384615384615,2.333333333333333,3.625,0.5,2.25,1.5217391304347827,12,8,6,20,23,65,41,640.5230769230769,True,False,4.0,CDU/CSU,0.1846153846153846,0.123076923076923,0.0923076923076923,0.3076923076923077,0.3538461538461538,185,44,17,13,59,58,0.0648648648648648,0.0432432432432432,0.0324324324324324,0.1081081081081081,0.1243243243243243,0.2727272727272727,0.4705882352941176,0.4615384615384615,0.3389830508474576,0.396551724137931,Regierung,1.0,0.0,19.0,WP19,2019,10,7,0.9285714285714286,2.7857142857142856,6.481060606060606,0.9285714285714286,1.3214285714285714,0.5357142857142857,8.333333333333334,7.25,6.0,5.5,7.222222222222222,28,22,6,12,5,12,18,0.2142857142857142,0.4285714285714285,0.1785714285714285,0.4285714285714285,0.6428571428571429,0.8362637362637363,2.5087912087912088,4.229028085735403,0.8824175824175824,1.152197802197802,0.4741758241758241,6.0,3.625,5.5,3.25,5.70048309178744,0
50,2019-10-11,2019-10-18,14,fdp,7.0,8.0,-1.0,1.0,0.2051282051282051,0.6153846153846154,2.739583333333333,0.1153846153846153,0.5,0.0,4.666666666666667,4.5,,2.375,2.0,6,2,0,8,8,26,16,575.2692307692307,True,False,3.0,FDP,0.2307692307692307,0.0769230769230769,0.0,0.3076923076923077,0.3076923076923077,185,44,17,13,59,58,0.0324324324324324,0.0108108108108108,0.0,0.0432432432432432,0.0432432432432432,0.1363636363636363,0.1176470588235294,0.0,0.135593220338983,0.1379310344827586,Opposition,0.0,1.0,19.0,WP19,2019,10,7,0.9285714285714286,2.7857142857142856,6.481060606060606,0.9285714285714286,1.3214285714285714,0.5357142857142857,8.333333333333334,7.25,6.0,5.5,7.222222222222222,28,22,6,12,5,12,18,0.2142857142857142,0.4285714285714285,0.1785714285714285,0.4285714285714285,0.6428571428571429,0.7234432234432235,2.17032967032967,3.741477272727274,0.8131868131868132,0.8214285714285714,0.5357142857142857,3.666666666666667,2.75,,3.125,5.222222222222222,1
50,2019-10-11,2019-10-18,14,grüne,24.0,23.0,1.0,1.0,0.2716049382716049,0.8148148148148148,1.3166666666666669,0.074074074074074,0.5925925925925926,0.1481481481481481,1.0,0.5,,2.0,0.9,9,2,0,10,10,27,20,540.3333333333334,True,False,1.0,Bündnis 90/Die Grünen,0.3333333333333333,0.074074074074074,0.0,0.3703703703703703,0.3703703703703703,185,44,17,13,59,58,0.0486486486486486,0.0108108108108108,0.0,0.054054054054054,0.054054054054054,0.2045454545454545,0.1176470588235294,0.0,0.1694915254237288,0.1724137931034483,Opposition,0.0,1.0,19.0,WP19,2019,10,7,0.9285714285714286,2.7857142857142856,6.481060606060606,0.9285714285714286,1.3214285714285714,0.5357142857142857,8.333333333333334,7.25,6.0,5.5,7.222222222222222,28,22,6,12,5,12,18,0.2142857142857142,0.4285714285714285,0.1785714285714285,0.4285714285714285,0.6428571428571429,0.6569664902998237,1.9708994708994707,5.16439393939394,0.8544973544973545,0.7288359788359788,0.3875661375661375,7.333333333333334,6.75,,3.5,6.322222222222222,2
50,2019-10-11,2019-10-18,14,linke,8.0,8.0,0.0,0.0,0.4567901234567901,1.3703703703703705,1.2416666666666667,0.4444444444444444,0.7407407407407407,0.1851851851851851,1.0,1.25,1.0,1.181818181818182,1.4285714285714286,7,4,2,11,7,27,20,563.2962962962963,True,False,0.0,Die Linke,0.2592592592592592,0.1481481481481481,0.074074074074074,0.4074074074074074,0.2592592592592592,185,44,17,13,59,58,0.0378378378378378,0.0216216216216216,0.0108108108108108,0.0594594594594594,0.0378378378378378,0.1590909090909091,0.2352941176470588,0.1538461538461538,0.1864406779661017,0.1206896551724138,Opposition,0.0,1.0,19.0,WP19,2019,10,7,0.9285714285714286,2.7857142857142856,6.481060606060606,0.9285714285714286,1.3214285714285714,0.5357142857142857,8.333333333333334,7.25,6.0,5.5,7.222222222222222,28,22,6,12,5,12,18,0.2142857142857142,0.4285714285714285,0.1785714285714285,0.4285714285714285,0.6428571428571429,0.4717813051146385,1.4153439153439151,5.23939393939394,0.4841269841269842,0.5806878306878307,0.3505291005291005,7.333333333333334,6.0,5.0,4.318181818181818,5.7936507936507935,3
50,2019-10-11,2019-10-18,14,spd,13.0,14.0,-1.0,1.0,0.15,0.45,0.9027777777777778,0.075,0.25,0.125,0.8,2.0,0.2,1.2,0.5,10,1,5,10,10,40,24,601.425,True,False,2.0,SPD,0.25,0.025,0.125,0.25,0.25,185,44,17,13,59,58,0.054054054054054,0.0054054054054054,0.027027027027027,0.054054054054054,0.054054054054054,0.2272727272727272,0.0588235294117647,0.3846153846153846,0.1694915254237288,0.1724137931034483,Regierung,1.0,0.0,19.0,WP19,2019,10,7,0.9285714285714286,2.7857142857142856,6.481060606060606,0.9285714285714286,1.3214285714285714,0.5357142857142857,8.333333333333334,7.25,6.0,5.5,7.222222222222222,28,22,6,12,5,12,18,0.2142857142857142,0.4285714285714285,0.1785714285714285,0.4285714285714285,0.6428571428571429,0.7785714285714286,2.3357142857142854,5.578282828282829,0.8535714285714286,1.0714285714285714,0.4107142857142857,7.533333333333334,5.25,5.8,4.3,6.722222222222222,4
51,2019-10-18,2019-11-07,14,cdu/csu,28.0,28.0,0.0,0.0,0.1057692307692307,0.3173076923076923,2.412280701754386,0.0576923076923076,0.2019230769230769,0.0576923076923076,2.8095238095238093,4.428571428571429,1.0,2.347826086956522,1.92,21,7,1,23,25,104,57,705.125,True,False,4.0,CDU/CSU,0.2019230769230769,0.0673076923076923,0.0096153846153846,0.2211538461538461,0.2403846153846154,314,63,25,12,68,78,0.0668789808917197,0.0222929936305732,0.0031847133757961,0.0732484076433121,0.0796178343949044,0.3333333333333333,0.28,0.0833333333333333,0.3382352941176471,0.3205128205128205,Regierung,1.0,0.0,19.0,WP19,2019,10,20,0.8867924528301887,2.660377358490566,7.285714285714286,0.9245283018867924,1.320754716981132,0.4150943396226415,7.666666666666667,7.928571428571429,8.090909090909092,7.5,7.363636363636363,53,42,12,14,11,20,33,0.2264150943396226,0.2641509433962264,0.2075471698113207,0.3773584905660377,0.6226415094339622,0.781023222060958,2.343069666182874,4.8734335839599,0.8668359941944848,1.1188316400580551,0.3574020319303338,4.857142857142858,3.5,7.090909090909092,5.152173913043479,5.443636363636363,0
51,2019-10-18,2019-11-07,14,fdp,7.0,7.0,0.0,0.0,0.3133333333333333,0.94,2.763888888888889,0.28,0.6,0.06,5.0,3.25,,1.8888888888888888,1.875,7,4,0,9,16,50,24,576.44,True,False,3.0,FDP,0.14,0.08,0.0,0.18,0.32,314,63,25,12,68,78,0.0222929936305732,0.0127388535031847,0.0,0.0286624203821656,0.0509554140127388,0.1111111111111111,0.16,0.0,0.1323529411764706,0.2051282051282051,Opposition,0.0,1.0,19.0,WP19,2019,10,20,0.8867924528301887,2.660377358490566,7.285714285714286,0.9245283018867924,1.320754716981132,0.4150943396226415,7.666666666666667,7.928571428571429,8.090909090909092,7.5,7.363636363636363,53,42,12,14,11,20,33,0.2264150943396226,0.2641509433962264,0.2075471698113207,0.3773584905660377,0.6226415094339622,0.5734591194968555,1.7203773584905662,4.521825396825397,0.6445283018867924,0.720754716981132,0.3550943396226415,2.666666666666667,4.678571428571429,,5.611111111111111,5.488636363636363,1
51,2019-10-18,2019-11-07,14,grüne,22.0,24.0,-2.0,2.0,0.3181818181818182,0.9545454545454546,0.9652777777777778,0.2954545454545454,0.5909090909090909,0.0681818181818181,0.5833333333333334,1.25,1.0,1.5,0.875,12,4,2,8,8,44,24,581.75,True,False,1.0,Bündnis 90/Die Grünen,0.2727272727272727,0.0909090909090909,0.0454545454545454,0.1818181818181818,0.1818181818181818,314,63,25,12,68,78,0.0382165605095541,0.0127388535031847,0.0063694267515923,0.0254777070063694,0.0254777070063694,0.1904761904761904,0.16,0.1666666666666666,0.1176470588235294,0.1025641025641025,Opposition,0.0,1.0,19.0,WP19,2019,10,20,0.8867924528301887,2.660377358490566,7.285714285714286,0.9245283018867924,1.320754716981132,0.4150943396226415,7.666666666666667,7.928571428571429,8.090909090909092,7.5,7.363636363636363,53,42,12,14,11,20,33,0.2264150943396226,0.2641509433962264,0.2075471698113207,0.3773584905660377,0.6226415094339622,0.5686106346483706,1.7058319039451115,6.320436507936508,0.629073756432247,0.7298456260720411,0.3469125214408233,7.083333333333334,6.678571428571429,7.090909090909092,6.0,6.488636363636363,2
51,2019-10-18,2019-11-07,14,linke,8.0,8.0,0.0,0.0,0.4651162790697674,1.3953488372093024,1.2564102564102564,0.4418604651162791,0.7906976744186046,0.1627906976744186,0.5555555555555556,1.5,0.25,1.181818181818182,1.4545454545454546,9,4,4,11,11,43,26,578.2790697674419,True,False,0.0,Die Linke,0.2093023255813953,0.0930232558139534,0.0930232558139534,0.2558139534883721,0.2558139534883721,314,63,25,12,68,78,0.0286624203821656,0.0127388535031847,0.0127388535031847,0.0350318471337579,0.0350318471337579,0.1428571428571428,0.16,0.3333333333333333,0.1617647058823529,0.141025641025641,Opposition,0.0,1.0,19.0,WP19,2019,10,20,0.8867924528301887,2.660377358490566,7.285714285714286,0.9245283018867924,1.320754716981132,0.4150943396226415,7.666666666666667,7.928571428571429,8.090909090909092,7.5,7.363636363636363,53,42,12,14,11,20,33,0.2264150943396226,0.2641509433962264,0.2075471698113207,0.3773584905660377,0.6226415094339622,0.4216761737604212,1.2650285212812638,6.029304029304029,0.4826678367705134,0.5300570425625274,0.2523036419482229,7.111111111111112,6.428571428571429,7.840909090909092,6.318181818181818,5.909090909090908,3
51,2019-10-18,2019-11-07,14,spd,14.0,13.0,1.0,1.0,0.1643835616438356,0.4931506849315068,1.3895833333333334,0.1506849315068493,0.2602739726027397,0.0821917808219178,1.2857142857142858,2.833333333333333,0.4,1.3529411764705883,1.4444444444444444,14,6,5,17,18,73,40,614.3424657534247,True,False,2.0,SPD,0.1917808219178082,0.0821917808219178,0.0684931506849315,0.2328767123287671,0.2465753424657534,314,63,25,12,68,78,0.0445859872611464,0.019108280254777,0.0159235668789808,0.054140127388535,0.0573248407643312,0.2222222222222222,0.24,0.4166666666666667,0.25,0.2307692307692307,Regierung,1.0,0.0,19.0,WP19,2019,10,20,0.8867924528301887,2.660377358490566,7.285714285714286,0.9245283018867924,1.320754716981132,0.4150943396226415,7.666666666666667,7.928571428571429,8.090909090909092,7.5,7.363636363636363,53,42,12,14,11,20,33,0.2264150943396226,0.2641509433962264,0.2075471698113207,0.3773584905660377,0.6226415094339622,0.7224088911863531,2.1672266735590595,5.896130952380952,0.7738433703799432,1.0604807443783923,0.3329025588007237,6.380952380952381,5.095238095238095,7.690909090909091,6.147058823529411,5.919191919191919,4
52,2019-11-07,2019-11-15,14,cdu/csu,26.0,28.0,-2.0,2.0,0.1079136690647482,0.3237410071942446,2.863295880149813,0.0935251798561151,0.1726618705035971,0.0575539568345323,3.3846153846153846,6.285714285714286,0.625,3.363636363636364,2.25,26,7,8,44,52,139,89,685.5971223021583,True,False,4.0,CDU/CSU,0.1870503597122302,0.0503597122302158,0.0575539568345323,0.316546762589928,0.3741007194244604,427,98,43,45,147,159,0.0608899297423887,0.0163934426229508,0.018735362997658,0.1030444964871194,0.1217798594847775,0.2653061224489796,0.1627906976744186,0.1777777777777777,0.2993197278911564,0.3270440251572327,Regierung,1.0,0.0,19.0,WP19,2019,11,8,0.817351598173516,2.452054794520548,6.612962962962963,0.821917808219178,1.2054794520547945,0.4246575342465753,7.421052631578948,7.952380952380952,7.4,6.0,7.162790697674419,73,54,19,21,15,29,43,0.2602739726027397,0.2876712328767123,0.2054794520547945,0.3972602739726027,0.589041095890411,0.7094379291087678,2.128313787326303,3.74966708281315,0.728392628363063,1.0328175815511973,0.3671035774120429,4.036437246963564,1.666666666666667,6.775,2.636363636363636,4.912790697674419,0
52,2019-11-07,2019-11-15,14,fdp,8.0,7.0,1.0,1.0,0.1919191919191919,0.5757575757575758,2.8068181818181817,0.1363636363636363,0.4090909090909091,0.0303030303030303,5.076923076923077,4.166666666666667,0.25,1.7391304347826086,2.117647058823529,13,6,4,23,17,66,44,549.0454545454545,True,False,3.0,FDP,0.1969696969696969,0.0909090909090909,0.0606060606060606,0.3484848484848485,0.2575757575757575,427,98,43,45,147,159,0.0304449648711943,0.0140515222482435,0.009367681498829,0.0538641686182669,0.0398126463700234,0.1326530612244898,0.1395348837209302,0.0888888888888888,0.1564625850340136,0.1069182389937107,Opposition,0.0,1.0,19.0,WP19,2019,11,8,0.817351598173516,2.452054794520548,6.612962962962963,0.821917808219178,1.2054794520547945,0.4246575342465753,7.421052631578948,7.952380952380952,7.4,6.0,7.162790697674419,73,54,19,21,15,29,43,0.2602739726027397,0.2876712328767123,0.2054794520547945,0.3972602739726027,0.589041095890411,0.6254324062543241,1.8762972187629725,3.8061447811447815,0.6855541718555417,0.7963885429638853,0.394354503943545,2.344129554655871,3.7857142857142856,7.15,4.260869565217392,5.04514363885089,1
52,2019-11-07,2019-11-15,14,grüne,22.0,22.0,0.0,0.0,0.2611111111111111,0.7833333333333333,1.3983333333333334,0.15,0.5333333333333333,0.1,1.2916666666666667,2.0,0.4545454545454545,1.375,1.0454545454545454,24,10,11,24,22,60,50,573.55,True,False,1.0,Bündnis 90/Die Grünen,0.4,0.1666666666666666,0.1833333333333333,0.4,0.3666666666666666,427,98,43,45,147,159,0.0562060889929742,0.0234192037470726,0.0257611241217798,0.0562060889929742,0.0515222482435597,0.2448979591836734,0.2325581395348837,0.2444444444444444,0.1632653061224489,0.1383647798742138,Opposition,0.0,1.0,19.0,WP19,2019,11,8,0.817351598173516,2.452054794520548,6.612962962962963,0.821917808219178,1.2054794520547945,0.4246575342465753,7.421052631578948,7.952380952380952,7.4,6.0,7.162790697674419,73,54,19,21,15,29,43,0.2602739726027397,0.2876712328767123,0.2054794520547945,0.3972602739726027,0.589041095890411,0.5562404870624049,1.6687214611872148,5.21462962962963,0.671917808219178,0.6721461187214611,0.3246575342465753,6.129385964912281,5.9523809523809526,6.945454545454546,4.625,6.117336152219874,2
52,2019-11-07,2019-11-15,14,linke,9.0,8.0,1.0,1.0,0.4269005847953216,1.280701754385965,1.3479166666666669,0.3333333333333333,0.8245614035087719,0.1228070175438596,1.0,2.0,0.2857142857142857,0.8947368421052632,1.6153846153846154,14,9,7,19,26,57,40,577.9473684210526,True,False,0.0,Die Linke,0.2456140350877192,0.1578947368421052,0.1228070175438596,0.3333333333333333,0.4561403508771929,427,98,43,45,147,159,0.0327868852459016,0.0210772833723653,0.0163934426229508,0.0444964871194379,0.0608899297423887,0.1428571428571428,0.2093023255813953,0.1555555555555555,0.1292517006802721,0.1635220125786163,Opposition,0.0,1.0,19.0,WP19,2019,11,8,0.817351598173516,2.452054794520548,6.612962962962963,0.821917808219178,1.2054794520547945,0.4246575342465753,7.421052631578948,7.952380952380952,7.4,6.0,7.162790697674419,73,54,19,21,15,29,43,0.2602739726027397,0.2876712328767123,0.2054794520547945,0.3972602739726027,0.589041095890411,0.3904510133781944,1.171353040134583,5.265046296296297,0.4885844748858447,0.3809180485460225,0.3018505167027157,6.421052631578948,5.9523809523809526,7.114285714285715,5.105263157894737,5.547406082289804,3
52,2019-11-07,2019-11-15,14,spd,14.0,14.0,0.0,0.0,0.1523809523809524,0.4571428571428571,1.4748858447488584,0.1333333333333333,0.2666666666666666,0.0571428571428571,1.4285714285714286,3.272727272727273,0.5333333333333333,1.6216216216216215,0.9761904761904762,21,11,15,37,42,105,73,620.2666666666667,True,False,2.0,SPD,0.2,0.1047619047619047,0.1428571428571428,0.3523809523809524,0.4,427,98,43,45,147,159,0.0491803278688524,0.0257611241217798,0.0351288056206089,0.0866510538641686,0.0983606557377049,0.2142857142857142,0.2558139534883721,0.3333333333333333,0.2517006802721088,0.2641509433962264,Regierung,1.0,0.0,19.0,WP19,2019,11,8,0.817351598173516,2.452054794520548,6.612962962962963,0.821917808219178,1.2054794520547945,0.4246575342465753,7.421052631578948,7.952380952380952,7.4,6.0,7.162790697674419,73,54,19,21,15,29,43,0.2602739726027397,0.2876712328767123,0.2054794520547945,0.3972602739726027,0.589041095890411,0.6649706457925636,1.994911937377691,5.138077118214104,0.6885844748858447,0.9388127853881278,0.3675146771037181,5.992481203007519,4.679653679653679,6.866666666666667,4.378378378378378,6.186600221483943,4
53,2019-11-15,2019-12-05,14,cdu/csu,25.0,26.0,-1.0,1.0,0.0861423220973782,0.2584269662921348,2.5568181818181817,0.0898876404494382,0.1235955056179775,0.0449438202247191,2.813953488372093,2.9166666666666665,0.6666666666666666,2.8823529411764706,1.75,43,12,3,17,44,89,66,859.3033707865169,True,False,4.0,CDU/CSU,0.4831460674157303,0.1348314606741573,0.0337078651685393,0.1910112359550561,0.4943820224719101,293,133,29,20,66,120,0.1467576791808873,0.0409556313993174,0.0102389078498293,0.0580204778156996,0.1501706484641638,0.3233082706766917,0.4137931034482758,0.15,0.2575757575757575,0.3666666666666666,Regierung,1.0,0.0,19.0,WP19,2019,11,20,0.9753086419753086,2.925925925925926,6.777777777777779,0.925925925925926,1.5185185185185186,0.4814814814814814,7.615384615384615,8.05,7.75,5.3125,6.974358974358975,54,51,26,20,8,16,39,0.4814814814814814,0.3703703703703703,0.1481481481481481,0.2962962962962963,0.7222222222222222,0.8891663198779304,2.6674989596337912,4.220959595959597,0.8360382854764877,1.394923012900541,0.4365376612567623,4.801431127012522,5.133333333333335,7.083333333333333,2.430147058823529,5.224358974358975,0
53,2019-11-15,2019-12-05,14,fdp,7.0,8.0,-1.0,1.0,0.3197278911564625,0.9591836734693876,3.07843137254902,0.1836734693877551,0.7551020408163265,0.0204081632653061,4.125,3.5,4.0,2.923076923076923,2.388888888888889,16,4,3,13,18,49,34,671.7142857142857,True,False,3.0,FDP,0.3265306122448979,0.0816326530612244,0.0612244897959183,0.2653061224489796,0.3673469387755102,293,133,29,20,66,120,0.0546075085324232,0.0136518771331058,0.0102389078498293,0.0443686006825938,0.0614334470989761,0.1203007518796992,0.1379310344827586,0.15,0.1969696969696969,0.15,Opposition,0.0,1.0,19.0,WP19,2019,11,20,0.9753086419753086,2.925925925925926,6.777777777777779,0.925925925925926,1.5185185185185186,0.4814814814814814,7.615384615384615,8.05,7.75,5.3125,6.974358974358975,54,51,26,20,8,16,39,0.4814814814814814,0.3703703703703703,0.1481481481481481,0.2962962962962963,0.7222222222222222,0.655580750818846,1.9667422524565383,3.699346405228759,0.7422524565381708,0.7634164777021921,0.4610733182161753,3.490384615384615,4.550000000000001,3.75,2.389423076923077,4.585470085470085,1
53,2019-11-15,2019-12-05,14,grüne,22.0,22.0,0.0,0.0,0.2727272727272727,0.8181818181818182,1.3101851851851851,0.1136363636363636,0.7045454545454546,0.0,1.0,3.0,0.0,1.7,1.7692307692307692,24,3,2,10,13,44,36,687.25,True,False,1.0,Bündnis 90/Die Grünen,0.5454545454545454,0.0681818181818181,0.0454545454545454,0.2272727272727272,0.2954545454545454,293,133,29,20,66,120,0.0819112627986348,0.0102389078498293,0.0068259385665529,0.0341296928327645,0.0443686006825938,0.1804511278195488,0.1034482758620689,0.1,0.1515151515151515,0.1083333333333333,Opposition,0.0,1.0,19.0,WP19,2019,11,20,0.9753086419753086,2.925925925925926,6.777777777777779,0.925925925925926,1.5185185185185186,0.4814814814814814,7.615384615384615,8.05,7.75,5.3125,6.974358974358975,54,51,26,20,8,16,39,0.4814814814814814,0.3703703703703703,0.1481481481481481,0.2962962962962963,0.7222222222222222,0.7025813692480359,2.107744107744108,5.4675925925925934,0.8122895622895623,0.813973063973064,0.4814814814814814,6.615384615384615,5.050000000000001,7.75,3.6125,5.205128205128205,2
53,2019-11-15,2019-12-05,14,linke,9.0,9.0,0.0,0.0,0.5238095238095238,1.5714285714285714,1.2838541666666667,0.5238095238095238,0.9761904761904762,0.0714285714285714,1.3529411764705883,1.3333333333333333,0.8,1.0769230769230769,1.1333333333333333,17,3,5,13,15,42,32,650.8809523809524,True,False,0.0,Die Linke,0.4047619047619047,0.0714285714285714,0.119047619047619,0.3095238095238095,0.3571428571428571,293,133,29,20,66,120,0.0580204778156996,0.0102389078498293,0.0170648464163822,0.0443686006825938,0.0511945392491467,0.1278195488721804,0.1034482758620689,0.25,0.1969696969696969,0.125,Opposition,0.0,1.0,19.0,WP19,2019,11,20,0.9753086419753086,2.925925925925926,6.777777777777779,0.925925925925926,1.5185185185185186,0.4814814814814814,7.615384615384615,8.05,7.75,5.3125,6.974358974358975,54,51,26,20,8,16,39,0.4814814814814814,0.3703703703703703,0.1481481481481481,0.2962962962962963,0.7222222222222222,0.4514991181657848,1.3544973544973546,5.493923611111112,0.4021164021164021,0.5423280423280424,0.41005291005291,6.262443438914026,6.716666666666668,6.95,4.235576923076923,5.841025641025642,3
53,2019-11-15,2019-12-05,14,spd,15.0,14.0,1.0,1.0,0.1062801932367149,0.3188405797101449,1.4820261437908495,0.0869565217391304,0.1884057971014492,0.0434782608695652,1.5151515151515151,1.8571428571428568,0.8571428571428571,1.8461538461538465,1.2,33,7,7,13,30,69,51,765.695652173913,True,False,2.0,SPD,0.4782608695652174,0.1014492753623188,0.1014492753623188,0.1884057971014492,0.4347826086956521,293,133,29,20,66,120,0.1126279863481228,0.0238907849829351,0.0238907849829351,0.0443686006825938,0.1023890784982935,0.2481203007518796,0.2413793103448276,0.35,0.1969696969696969,0.25,Regierung,1.0,0.0,19.0,WP19,2019,11,20,0.9753086419753086,2.925925925925926,6.777777777777779,0.925925925925926,1.5185185185185186,0.4814814814814814,7.615384615384615,8.05,7.75,5.3125,6.974358974358975,54,51,26,20,8,16,39,0.4814814814814814,0.3703703703703703,0.1481481481481481,0.2962962962962963,0.7222222222222222,0.8690284487385936,2.607085346215781,5.295751633986929,0.8389694041867954,1.3301127214170694,0.4380032206119162,6.100233100233099,6.192857142857143,6.892857142857143,3.4663461538461537,5.774358974358974,4
54,2019-12-05,2019-12-13,15,cdu/csu,25.0,25.0,0.0,0.0,0.1180555555555555,0.3541666666666667,2.0972222222222223,0.0625,0.2291666666666666,0.0625,4.75,1.5,2.1666666666666665,1.2857142857142858,1.3571428571428572,4,4,6,14,14,48,24,670.7708333333334,True,False,4.0,CDU/CSU,0.0833333333333333,0.0833333333333333,0.125,0.2916666666666667,0.2916666666666667,150,17,16,26,49,46,0.0266666666666666,0.0266666666666666,0.04,0.0933333333333333,0.0933333333333333,0.2352941176470588,0.25,0.2307692307692307,0.2857142857142857,0.3043478260869565,Regierung,1.0,0.0,19.0,WP19,2019,12,8,0.6666666666666667,2.0,5.5740740740740735,0.68,1.12,0.2,5.75,7.4,6.333333333333333,3.7142857142857135,6.2,25,18,4,5,3,7,15,0.16,0.2,0.12,0.28,0.6,0.5486111111111112,1.6458333333333333,3.476851851851851,0.6175,0.8908333333333335,0.1375,1.0,5.9,4.166666666666666,2.428571428571429,4.842857142857143,0
54,2019-12-05,2019-12-13,15,fdp,9.0,7.0,2.0,2.0,0.2222222222222221,0.6666666666666666,1.4583333333333333,0.1904761904761904,0.4761904761904761,0.0,3.0,2.0,0.0,1.0,1.3333333333333333,3,1,2,7,6,21,12,539.3333333333334,True,False,3.0,FDP,0.1428571428571428,0.0476190476190476,0.0952380952380952,0.3333333333333333,0.2857142857142857,150,17,16,26,49,46,0.02,0.0066666666666666,0.0133333333333333,0.0466666666666666,0.04,0.1764705882352941,0.0625,0.0769230769230769,0.1428571428571428,0.1304347826086956,Opposition,0.0,1.0,19.0,WP19,2019,12,8,0.6666666666666667,2.0,5.5740740740740735,0.68,1.12,0.2,5.75,7.4,6.333333333333333,3.7142857142857135,6.2,25,18,4,5,3,7,15,0.16,0.2,0.12,0.28,0.6,0.4444444444444445,1.3333333333333337,4.1157407407407405,0.4895238095238096,0.6438095238095239,0.2,2.75,5.4,6.333333333333333,2.7142857142857144,4.866666666666667,1
54,2019-12-05,2019-12-13,15,grüne,23.0,22.0,1.0,1.0,0.238095238095238,0.7142857142857143,0.5307692307692308,0.0952380952380952,0.4761904761904761,0.1428571428571428,0.5,0.0,0.1666666666666666,0.6,0.125,4,4,6,10,8,21,13,520.5714285714286,True,False,1.0,Bündnis 90/Die Grünen,0.1904761904761904,0.1904761904761904,0.2857142857142857,0.4761904761904761,0.3809523809523809,150,17,16,26,49,46,0.0266666666666666,0.0266666666666666,0.04,0.0666666666666666,0.0533333333333333,0.2352941176470588,0.25,0.2307692307692307,0.2040816326530612,0.1739130434782608,Opposition,0.0,1.0,19.0,WP19,2019,12,8,0.6666666666666667,2.0,5.5740740740740735,0.68,1.12,0.2,5.75,7.4,6.333333333333333,3.7142857142857135,6.2,25,18,4,5,3,7,15,0.16,0.2,0.12,0.28,0.6,0.4285714285714286,1.2857142857142856,5.043304843304843,0.5847619047619048,0.6438095238095239,0.0571428571428571,5.25,7.4,6.166666666666666,3.1142857142857143,6.075,2
54,2019-12-05,2019-12-13,15,linke,8.0,9.0,-1.0,1.0,0.5,1.5,1.3846153846153846,0.5454545454545454,0.8636363636363636,0.0909090909090909,0.25,0.6666666666666666,1.3333333333333333,1.0,0.7777777777777778,4,3,6,7,9,22,13,511.2272727272728,True,False,0.0,Die Linke,0.1818181818181818,0.1363636363636363,0.2727272727272727,0.3181818181818182,0.4090909090909091,150,17,16,26,49,46,0.0266666666666666,0.02,0.04,0.0466666666666666,0.06,0.2352941176470588,0.1875,0.2307692307692307,0.1428571428571428,0.1956521739130435,Opposition,0.0,1.0,19.0,WP19,2019,12,8,0.6666666666666667,2.0,5.5740740740740735,0.68,1.12,0.2,5.75,7.4,6.333333333333333,3.7142857142857135,6.2,25,18,4,5,3,7,15,0.16,0.2,0.12,0.28,0.6,0.1666666666666667,0.5,4.189458689458689,0.1345454545454546,0.2563636363636364,0.1090909090909091,5.5,6.733333333333333,5.0,2.7142857142857144,5.422222222222223,3
54,2019-12-05,2019-12-13,15,spd,13.0,15.0,-2.0,2.0,0.2017543859649122,0.6052631578947368,1.0833333333333333,0.2368421052631578,0.2894736842105263,0.0789473684210526,2.0,0.5,0.5,0.9090909090909092,0.5555555555555556,2,4,6,11,9,38,18,600.8157894736842,True,False,2.0,SPD,0.0526315789473684,0.1052631578947368,0.1578947368421052,0.2894736842105263,0.2368421052631578,150,17,16,26,49,46,0.0133333333333333,0.0266666666666666,0.04,0.0733333333333333,0.06,0.1176470588235294,0.25,0.2307692307692307,0.2244897959183673,0.1956521739130435,Regierung,1.0,0.0,19.0,WP19,2019,12,8,0.6666666666666667,2.0,5.5740740740740735,0.68,1.12,0.2,5.75,7.4,6.333333333333333,3.7142857142857135,6.2,25,18,4,5,3,7,15,0.16,0.2,0.12,0.28,0.6,0.4649122807017545,1.3947368421052633,4.4907407407407405,0.4431578947368422,0.8305263157894738,0.1210526315789473,3.75,6.9,5.833333333333333,2.805194805194805,5.644444444444445,4
55,2019-12-13,2020-01-09,15,cdu/csu,27.0,25.0,2.0,2.0,0.1512345679012345,0.4537037037037037,3.022300469483568,0.1203703703703703,0.2407407407407407,0.0925925925925925,3.08,2.8,1.5,4.366666666666666,1.947368421052632,25,10,6,30,38,108,71,671.9722222222222,True,False,4.0,CDU/CSU,0.2314814814814814,0.0925925925925925,0.0555555555555555,0.2777777777777778,0.3518518518518518,310,78,32,21,99,108,0.0806451612903225,0.032258064516129,0.0193548387096774,0.0967741935483871,0.1225806451612903,0.3205128205128205,0.3125,0.2857142857142857,0.303030303030303,0.3518518518518518,Regierung,1.0,0.0,19.0,WP19,2019,12,27,0.9411764705882352,2.823529411764706,7.060606060606061,0.8627450980392157,1.3137254901960784,0.6470588235294118,7.882352941176471,8.45,7.857142857142857,6.0,7.8,51,44,17,20,7,21,35,0.3333333333333333,0.392156862745098,0.1372549019607843,0.4117647058823529,0.6862745098039216,0.7899419026870007,2.3698257080610023,4.038305591122493,0.7423747276688454,1.0729847494553375,0.5544662309368192,4.802352941176471,5.65,6.357142857142857,1.6333333333333335,5.852631578947368,0
55,2019-12-13,2020-01-09,15,fdp,8.0,9.0,-1.0,1.0,0.2666666666666666,0.8,3.171875,0.12,0.6,0.08,5.0,1.5,,2.5,2.4,12,2,0,16,15,50,32,513.6,True,False,3.0,FDP,0.24,0.04,0.0,0.32,0.3,310,78,32,21,99,108,0.0387096774193548,0.0064516129032258,0.0,0.0516129032258064,0.0483870967741935,0.1538461538461538,0.0625,0.0,0.1616161616161616,0.1388888888888889,Opposition,0.0,1.0,19.0,WP19,2019,12,27,0.9411764705882352,2.823529411764706,7.060606060606061,0.8627450980392157,1.3137254901960784,0.6470588235294118,7.882352941176471,8.45,7.857142857142857,6.0,7.8,51,44,17,20,7,21,35,0.3333333333333333,0.392156862745098,0.1372549019607843,0.4117647058823529,0.6862745098039216,0.6745098039215687,2.023529411764706,3.888731060606061,0.7427450980392157,0.7137254901960784,0.5670588235294118,2.882352941176471,6.949999999999999,,3.5,5.4,1
55,2019-12-13,2020-01-09,15,grüne,21.0,23.0,-2.0,2.0,0.3023255813953488,0.9069767441860463,1.46875,0.2558139534883721,0.5348837209302325,0.1162790697674418,1.1333333333333333,1.25,0.2,1.8125,1.0,15,4,5,16,16,43,32,501.4186046511628,True,False,1.0,Bündnis 90/Die Grünen,0.3488372093023256,0.0930232558139534,0.1162790697674418,0.3720930232558139,0.3720930232558139,310,78,32,21,99,108,0.0483870967741935,0.0129032258064516,0.0161290322580645,0.0516129032258064,0.0516129032258064,0.1923076923076923,0.125,0.238095238095238,0.1616161616161616,0.1481481481481481,Opposition,0.0,1.0,19.0,WP19,2019,12,27,0.9411764705882352,2.823529411764706,7.060606060606061,0.8627450980392157,1.3137254901960784,0.6470588235294118,7.882352941176471,8.45,7.857142857142857,6.0,7.8,51,44,17,20,7,21,35,0.3333333333333333,0.392156862745098,0.1372549019607843,0.4117647058823529,0.6862745098039216,0.6388508891928865,1.91655266757866,5.591856060606061,0.6069311445508436,0.7788417692658459,0.53077975376197,6.749019607843138,7.199999999999999,7.657142857142857,4.1875,6.8,2
55,2019-12-13,2020-01-09,15,linke,8.0,8.0,0.0,0.0,0.4471544715447154,1.3414634146341464,1.0993589743589742,0.4146341463414634,0.8048780487804879,0.1219512195121951,0.8,1.2,0.75,1.1176470588235294,0.75,10,5,4,17,12,41,26,506.5365853658537,True,False,0.0,Die Linke,0.2439024390243902,0.1219512195121951,0.0975609756097561,0.4146341463414634,0.2926829268292683,310,78,32,21,99,108,0.032258064516129,0.0161290322580645,0.0129032258064516,0.0548387096774193,0.0387096774193548,0.1282051282051282,0.15625,0.1904761904761904,0.1717171717171717,0.1111111111111111,Opposition,0.0,1.0,19.0,WP19,2019,12,27,0.9411764705882352,2.823529411764706,7.060606060606061,0.8627450980392157,1.3137254901960784,0.6470588235294118,7.882352941176471,8.45,7.857142857142857,6.0,7.8,51,44,17,20,7,21,35,0.3333333333333333,0.392156862745098,0.1372549019607843,0.4117647058823529,0.6862745098039216,0.4940219990435198,1.4820659971305596,5.961247086247087,0.4481109516977523,0.5088474414155906,0.5251076040172167,7.082352941176471,7.249999999999999,7.107142857142857,4.882352941176471,7.05,3
55,2019-12-13,2020-01-09,15,spd,14.0,13.0,1.0,1.0,0.1323529411764706,0.3970588235294117,1.7814814814814817,0.0588235294117647,0.25,0.088235294117647,1.4375,1.9090909090909087,0.1666666666666666,2.1,1.148148148148148,16,11,6,20,27,68,45,704.7352941176471,True,False,2.0,SPD,0.2352941176470588,0.1617647058823529,0.088235294117647,0.2941176470588235,0.3970588235294117,310,78,32,21,99,108,0.0516129032258064,0.0354838709677419,0.0193548387096774,0.064516129032258,0.0870967741935483,0.2051282051282051,0.34375,0.2857142857142857,0.202020202020202,0.25,Regierung,1.0,0.0,19.0,WP19,2019,12,27,0.9411764705882352,2.823529411764706,7.060606060606061,0.8627450980392157,1.3137254901960784,0.6470588235294118,7.882352941176471,8.45,7.857142857142857,6.0,7.8,51,44,17,20,7,21,35,0.3333333333333333,0.392156862745098,0.1372549019607843,0.4117647058823529,0.6862745098039216,0.8088235294117647,2.4264705882352944,5.27912457912458,0.803921568627451,1.0637254901960784,0.5588235294117647,6.444852941176471,6.54090909090909,7.69047619047619,3.9,6.651851851851852,4
56,2020-01-09,2020-01-24,14,cdu/csu,27.0,27.0,0.0,0.0,0.0695970695970696,0.2087912087912088,2.4548192771084336,0.0549450549450549,0.1098901098901098,0.0439560439560439,3.2962962962962963,3.8333333333333335,1.0,2.5434782608695654,2.28125,27,6,11,46,32,91,83,645.9230769230769,True,False,4.0,CDU/CSU,0.2967032967032967,0.0659340659340659,0.1208791208791208,0.5054945054945055,0.3516483516483517,241,77,19,26,117,89,0.1120331950207468,0.0248962655601659,0.0456431535269709,0.1908713692946058,0.1327800829875518,0.3506493506493506,0.3157894736842105,0.4230769230769231,0.3931623931623931,0.3595505617977528,Regierung,1.0,0.0,19.0,WP19,2020,1,15,0.8070175438596492,2.421052631578948,6.30787037037037,0.7631578947368421,1.368421052631579,0.2894736842105263,8.571428571428571,9.333333333333334,6.5,4.95,7.375,38,36,14,6,4,20,24,0.3684210526315789,0.1578947368421052,0.1052631578947368,0.5263157894736842,0.631578947368421,0.7374204742625796,2.2122614227877384,3.8530510932619366,0.7082128397917872,1.258530942741469,0.2455176402544823,5.275132275132275,5.5,5.5,2.4065217391304348,5.09375,0
56,2020-01-09,2020-01-24,14,fdp,9.0,8.0,1.0,1.0,0.1388888888888889,0.4166666666666667,2.6796875,0.1111111111111111,0.3055555555555556,0.0,4.5,5.666666666666667,1.0,1.6428571428571428,2.0,12,3,1,14,15,36,32,552.3888888888889,True,False,3.0,FDP,0.3333333333333333,0.0833333333333333,0.0277777777777777,0.3888888888888889,0.4166666666666667,241,77,19,26,117,89,0.0497925311203319,0.0124481327800829,0.0041493775933609,0.0580912863070539,0.0622406639004149,0.1558441558441558,0.1578947368421052,0.0384615384615384,0.1196581196581196,0.1685393258426966,Opposition,0.0,1.0,19.0,WP19,2020,1,15,0.8070175438596492,2.421052631578948,6.30787037037037,0.7631578947368421,1.368421052631579,0.2894736842105263,8.571428571428571,9.333333333333334,6.5,4.95,7.375,38,36,14,6,4,20,24,0.3684210526315789,0.1578947368421052,0.1052631578947368,0.5263157894736842,0.631578947368421,0.6681286549707603,2.004385964912281,3.62818287037037,0.6520467836257311,1.0628654970760234,0.2894736842105263,4.071428571428571,3.666666666666667,5.5,3.3071428571428574,5.375,1
56,2020-01-09,2020-01-24,14,grüne,23.0,21.0,2.0,2.0,0.2083333333333333,0.625,1.2413793103448276,0.125,0.46875,0.03125,1.2727272727272727,2.25,0.25,1.2352941176470589,0.8,11,4,4,17,10,32,29,594.5,True,False,1.0,Bündnis 90/Die Grünen,0.34375,0.125,0.125,0.53125,0.3125,241,77,19,26,117,89,0.0456431535269709,0.0165975103734439,0.0165975103734439,0.0705394190871369,0.0414937759336099,0.1428571428571428,0.2105263157894736,0.1538461538461538,0.1452991452991453,0.1123595505617977,Opposition,0.0,1.0,19.0,WP19,2020,1,15,0.8070175438596492,2.421052631578948,6.30787037037037,0.7631578947368421,1.368421052631579,0.2894736842105263,8.571428571428571,9.333333333333334,6.5,4.95,7.375,38,36,14,6,4,20,24,0.3684210526315789,0.1578947368421052,0.1052631578947368,0.5263157894736842,0.631578947368421,0.5986842105263159,1.7960526315789471,5.066491060025543,0.6381578947368421,0.899671052631579,0.2582236842105263,7.298701298701299,7.083333333333334,6.25,3.714705882352941,6.575,2
56,2020-01-09,2020-01-24,14,linke,8.0,8.0,0.0,0.0,0.369047619047619,1.1071428571428572,1.1266666666666667,0.3214285714285714,0.7142857142857143,0.0714285714285714,0.8888888888888888,1.0,0.75,1.2857142857142858,1.2727272727272727,9,2,4,14,11,28,25,545.0357142857143,True,False,0.0,Die Linke,0.3214285714285714,0.0714285714285714,0.1428571428571428,0.5,0.3928571428571428,241,77,19,26,117,89,0.0373443983402489,0.0082987551867219,0.0165975103734439,0.0580912863070539,0.0456431535269709,0.1168831168831168,0.1052631578947368,0.1538461538461538,0.1196581196581196,0.1235955056179775,Opposition,0.0,1.0,19.0,WP19,2020,1,15,0.8070175438596492,2.421052631578948,6.30787037037037,0.7631578947368421,1.368421052631579,0.2894736842105263,8.571428571428571,9.333333333333334,6.5,4.95,7.375,38,36,14,6,4,20,24,0.3684210526315789,0.1578947368421052,0.1052631578947368,0.5263157894736842,0.631578947368421,0.4379699248120302,1.31390977443609,5.181203703703703,0.4417293233082707,0.6541353383458647,0.2180451127819549,7.682539682539682,8.333333333333334,5.75,3.6642857142857146,6.102272727272728,3
56,2020-01-09,2020-01-24,14,spd,13.0,14.0,-1.0,1.0,0.0864197530864197,0.2592592592592592,1.6180555555555556,0.074074074074074,0.1296296296296296,0.0555555555555555,1.7222222222222223,3.0,0.3333333333333333,2.0384615384615383,1.0476190476190477,18,4,6,26,21,54,48,620.7592592592592,True,False,2.0,SPD,0.3333333333333333,0.074074074074074,0.1111111111111111,0.4814814814814814,0.3888888888888889,241,77,19,26,117,89,0.0746887966804979,0.0165975103734439,0.0248962655601659,0.1078838174273859,0.0871369294605809,0.2337662337662337,0.2105263157894736,0.2307692307692307,0.2222222222222222,0.2359550561797752,Regierung,1.0,0.0,19.0,WP19,2020,1,15,0.8070175438596492,2.421052631578948,6.30787037037037,0.7631578947368421,1.368421052631579,0.2894736842105263,8.571428571428571,9.333333333333334,6.5,4.95,7.375,38,36,14,6,4,20,24,0.3684210526315789,0.1578947368421052,0.1052631578947368,0.5263157894736842,0.631578947368421,0.7205977907732295,2.1617933723196883,4.689814814814815,0.6890838206627681,1.2387914230019494,0.2339181286549707,6.849206349206349,6.333333333333334,6.166666666666667,2.911538461538462,6.3273809523809526,4
57,2020-01-24,2020-02-06,14,cdu/csu,26.0,27.0,-1.0,1.0,0.09375,0.28125,2.473170731707317,0.0625,0.203125,0.015625,2.8461538461538463,2.857142857142857,0.5,3.095238095238096,2.0384615384615383,13,7,4,21,26,64,41,673.234375,True,False,4.0,CDU/CSU,0.203125,0.109375,0.0625,0.328125,0.40625,194,56,18,19,58,66,0.0670103092783505,0.0360824742268041,0.0206185567010309,0.1082474226804123,0.134020618556701,0.2321428571428571,0.3888888888888889,0.2105263157894736,0.3620689655172414,0.3939393939393939,Regierung,1.0,0.0,19.0,WP19,2020,1,13,0.6206896551724138,1.862068965517241,7.619047619047619,0.4482758620689655,1.1724137931034482,0.2413793103448276,8.625,6.75,7.666666666666667,7.25,7.6875,29,21,8,4,6,8,16,0.2758620689655172,0.1379310344827586,0.2068965517241379,0.2758620689655172,0.5517241379310345,0.5269396551724138,1.580818965517241,5.145876887340302,0.3857758620689655,0.9692887931034482,0.2257543103448276,5.778846153846153,3.892857142857143,7.166666666666667,4.154761904761905,5.649038461538462,0
57,2020-01-24,2020-02-06,14,fdp,8.0,9.0,-1.0,1.0,0.2916666666666666,0.875,2.421052631578948,0.25,0.59375,0.03125,3.571428571428572,2.333333333333333,0.3333333333333333,0.5714285714285714,1.7272727272727273,7,3,3,7,11,32,19,507.65625,True,False,3.0,FDP,0.21875,0.09375,0.09375,0.21875,0.34375,194,56,18,19,58,66,0.0360824742268041,0.0154639175257731,0.0154639175257731,0.0360824742268041,0.056701030927835,0.125,0.1666666666666666,0.1578947368421052,0.1206896551724138,0.1666666666666666,Opposition,0.0,1.0,19.0,WP19,2020,1,13,0.6206896551724138,1.862068965517241,7.619047619047619,0.4482758620689655,1.1724137931034482,0.2413793103448276,8.625,6.75,7.666666666666667,7.25,7.6875,29,21,8,4,6,8,16,0.2758620689655172,0.1379310344827586,0.2068965517241379,0.2758620689655172,0.5517241379310345,0.3290229885057472,0.9870689655172412,5.197994987468672,0.1982758620689655,0.5786637931034482,0.2101293103448276,5.053571428571429,4.416666666666666,7.333333333333334,6.678571428571429,5.9602272727272725,1
57,2020-01-24,2020-02-06,14,grüne,24.0,23.0,1.0,1.0,0.3461538461538461,1.0384615384615383,1.1140350877192984,0.2307692307692307,0.7307692307692307,0.0769230769230769,0.9,0.5,0.5,1.1111111111111112,1.1,10,2,2,9,10,26,19,560.6153846153846,True,False,1.0,Bündnis 90/Die Grünen,0.3846153846153846,0.0769230769230769,0.0769230769230769,0.3461538461538461,0.3846153846153846,194,56,18,19,58,66,0.0515463917525773,0.0103092783505154,0.0103092783505154,0.0463917525773195,0.0515463917525773,0.1785714285714285,0.1111111111111111,0.1052631578947368,0.1551724137931034,0.1515151515151515,Opposition,0.0,1.0,19.0,WP19,2020,1,13,0.6206896551724138,1.862068965517241,7.619047619047619,0.4482758620689655,1.1724137931034482,0.2413793103448276,8.625,6.75,7.666666666666667,7.25,7.6875,29,21,8,4,6,8,16,0.2758620689655172,0.1379310344827586,0.2068965517241379,0.2758620689655172,0.5517241379310345,0.2745358090185676,0.8236074270557028,6.505012531328321,0.2175066312997347,0.4416445623342174,0.1644562334217506,7.725,6.25,7.166666666666667,6.138888888888889,6.5875,2
57,2020-01-24,2020-02-06,14,linke,8.0,8.0,0.0,0.0,0.4102564102564102,1.2307692307692308,1.0555555555555556,0.3846153846153846,0.8461538461538461,0.0,1.2857142857142858,0.0,0.6,0.5,1.5555555555555556,7,1,5,8,9,26,18,502.11538461538464,True,False,0.0,Die Linke,0.2692307692307692,0.0384615384615384,0.1923076923076923,0.3076923076923077,0.3461538461538461,194,56,18,19,58,66,0.0360824742268041,0.0051546391752577,0.0257731958762886,0.0412371134020618,0.0463917525773195,0.125,0.0555555555555555,0.2631578947368421,0.1379310344827586,0.1363636363636363,Opposition,0.0,1.0,19.0,WP19,2020,1,13,0.6206896551724138,1.862068965517241,7.619047619047619,0.4482758620689655,1.1724137931034482,0.2413793103448276,8.625,6.75,7.666666666666667,7.25,7.6875,29,21,8,4,6,8,16,0.2758620689655172,0.1379310344827586,0.2068965517241379,0.2758620689655172,0.5517241379310345,0.2104332449160035,0.6312997347480105,6.563492063492063,0.0636604774535808,0.326259946949602,0.2413793103448276,7.339285714285714,6.75,7.066666666666667,6.75,6.131944444444445,3
57,2020-01-24,2020-02-06,14,spd,14.0,13.0,1.0,1.0,0.1304347826086956,0.391304347826087,1.5078125,0.1521739130434782,0.1956521739130435,0.0434782608695652,1.5789473684210529,0.8,0.6,1.2307692307692308,0.5,19,5,5,13,10,46,32,616.195652173913,True,False,2.0,SPD,0.4130434782608695,0.108695652173913,0.108695652173913,0.2826086956521739,0.217391304347826,194,56,18,19,58,66,0.0979381443298969,0.0257731958762886,0.0257731958762886,0.0670103092783505,0.0515463917525773,0.3392857142857143,0.2777777777777778,0.2631578947368421,0.2241379310344827,0.1515151515151515,Regierung,1.0,0.0,19.0,WP19,2020,1,13,0.6206896551724138,1.862068965517241,7.619047619047619,0.4482758620689655,1.1724137931034482,0.2413793103448276,8.625,6.75,7.666666666666667,7.25,7.6875,29,21,8,4,6,8,16,0.2758620689655172,0.1379310344827586,0.2068965517241379,0.2758620689655172,0.5517241379310345,0.4902548725637181,1.4707646176911544,6.111235119047619,0.2961019490254872,0.9767616191904048,0.1979010494752623,7.046052631578947,5.95,7.066666666666667,6.019230769230769,7.1875,4
58,2020-02-06,2020-02-13,14,cdu/csu,27.0,26.0,1.0,1.0,0.0,0.0,1.1,0.0,0.0,0.0,1.0,,,2.0,1.0,2,0,0,1,10,13,10,622.6923076923077,True,False,4.0,CDU/CSU,0.1538461538461538,0.0,0.0,0.0769230769230769,0.7692307692307693,40,7,4,1,6,29,0.05,0.0,0.0,0.025,0.25,0.2857142857142857,0.0,0.0,0.1666666666666666,0.3448275862068966,Regierung,1.0,0.0,19.0,WP19,2020,2,7,0.5238095238095238,1.5714285714285714,4.309523809523809,0.4285714285714285,0.8571428571428571,0.2857142857142857,,9.0,,4.666666666666667,4.285714285714286,7,7,0,1,0,3,7,0.0,0.1428571428571428,0.0,0.4285714285714285,1.0,0.5238095238095238,1.5714285714285714,3.209523809523809,0.4285714285714285,0.8571428571428571,0.2857142857142857,,,,2.666666666666667,3.2857142857142856,0
58,2020-02-06,2020-02-13,14,fdp,8.0,8.0,0.0,0.0,0.1904761904761904,0.5714285714285714,0.8666666666666666,0.1428571428571428,0.2857142857142857,0.1428571428571428,,0.0,,0.0,1.0,0,1,0,2,5,7,5,484.1428571428572,True,False,3.0,FDP,0.0,0.1428571428571428,0.0,0.2857142857142857,0.7142857142857143,40,7,4,1,6,29,0.0,0.025,0.0,0.05,0.125,0.0,0.25,0.0,0.3333333333333333,0.1724137931034483,Opposition,0.0,1.0,19.0,WP19,2020,2,7,0.5238095238095238,1.5714285714285714,4.309523809523809,0.4285714285714285,0.8571428571428571,0.2857142857142857,,9.0,,4.666666666666667,4.285714285714286,7,7,0,1,0,3,7,0.0,0.1428571428571428,0.0,0.4285714285714285,1.0,0.3333333333333333,1.0,3.4428571428571426,0.2857142857142857,0.5714285714285714,0.1428571428571428,,9.0,,4.666666666666667,3.2857142857142856,1
58,2020-02-06,2020-02-13,14,grüne,22.0,24.0,-2.0,2.0,0.2,0.6,1.2,0.0,0.4,0.2,1.5,,,,1.0,2,0,0,0,4,5,5,545.8,True,False,1.0,Bündnis 90/Die Grünen,0.4,0.0,0.0,0.0,0.8,40,7,4,1,6,29,0.05,0.0,0.0,0.0,0.1,0.2857142857142857,0.0,0.0,0.0,0.1379310344827586,Opposition,0.0,1.0,19.0,WP19,2020,2,7,0.5238095238095238,1.5714285714285714,4.309523809523809,0.4285714285714285,0.8571428571428571,0.2857142857142857,,9.0,,4.666666666666667,4.285714285714286,7,7,0,1,0,3,7,0.0,0.1428571428571428,0.0,0.4285714285714285,1.0,0.3238095238095238,0.9714285714285714,3.109523809523809,0.4285714285714285,0.4571428571428571,0.0857142857142856,,,,,3.2857142857142856,2
58,2020-02-06,2020-02-13,14,linke,9.0,8.0,1.0,1.0,0.2777777777777777,0.8333333333333334,1.625,0.3333333333333333,0.5,0.0,,3.0,,0.0,2.0,0,1,0,1,3,6,4,412.0,True,False,0.0,Die Linke,0.0,0.1666666666666666,0.0,0.1666666666666666,0.5,40,7,4,1,6,29,0.0,0.025,0.0,0.025,0.075,0.0,0.25,0.0,0.1666666666666666,0.1034482758620689,Opposition,0.0,1.0,19.0,WP19,2020,2,7,0.5238095238095238,1.5714285714285714,4.309523809523809,0.4285714285714285,0.8571428571428571,0.2857142857142857,,9.0,,4.666666666666667,4.285714285714286,7,7,0,1,0,3,7,0.0,0.1428571428571428,0.0,0.4285714285714285,1.0,0.2460317460317461,0.738095238095238,2.6845238095238093,0.0952380952380952,0.3571428571428571,0.2857142857142857,,6.0,,4.666666666666667,2.2857142857142856,3
58,2020-02-06,2020-02-13,14,spd,14.0,14.0,0.0,0.0,0.2592592592592592,0.7777777777777778,0.5714285714285714,0.3333333333333333,0.3333333333333333,0.1111111111111111,0.6666666666666666,0.5,0.0,0.0,0.5714285714285714,3,2,1,2,7,9,7,579.8888888888889,True,False,2.0,SPD,0.3333333333333333,0.2222222222222222,0.1111111111111111,0.2222222222222222,0.7777777777777778,40,7,4,1,6,29,0.075,0.05,0.025,0.05,0.175,0.4285714285714285,0.5,1.0,0.3333333333333333,0.2413793103448276,Regierung,1.0,0.0,19.0,WP19,2020,2,7,0.5238095238095238,1.5714285714285714,4.309523809523809,0.4285714285714285,0.8571428571428571,0.2857142857142857,,9.0,,4.666666666666667,4.285714285714286,7,7,0,1,0,3,7,0.0,0.1428571428571428,0.0,0.4285714285714285,1.0,0.2645502645502646,0.7936507936507936,3.738095238095238,0.0952380952380952,0.5238095238095237,0.1746031746031746,,8.5,,4.666666666666667,3.7142857142857135,4
59,2020-02-13,2020-03-05,14,cdu/csu,26.0,27.0,-1.0,1.0,0.1351351351351351,0.4054054054054054,2.796666666666667,0.081081081081081,0.2027027027027027,0.1216216216216216,3.8181818181818175,5.333333333333333,4.0,2.5625,2.45,11,12,5,16,40,74,50,685.5135135135135,True,False,4.0,CDU/CSU,0.1486486486486486,0.1621621621621621,0.0675675675675675,0.2162162162162162,0.5405405405405406,222,45,36,18,57,98,0.0495495495495495,0.054054054054054,0.0225225225225225,0.072072072072072,0.1801801801801801,0.2444444444444444,0.3333333333333333,0.2777777777777778,0.2807017543859649,0.4081632653061224,Regierung,1.0,0.0,19.0,WP19,2020,2,21,0.8787878787878788,2.636363636363636,6.872222222222223,0.7575757575757576,1.303030303030303,0.5757575757575758,7.0,7.166666666666667,6.625,6.75,6.85,33,27,9,12,8,12,20,0.2727272727272727,0.3636363636363636,0.2424242424242424,0.3636363636363636,0.6060606060606061,0.7436527436527436,2.230958230958231,4.075555555555556,0.6764946764946764,1.1003276003276004,0.4541359541359542,3.1818181818181817,1.833333333333334,2.625,4.1875,4.4,0
59,2020-02-13,2020-03-05,14,fdp,7.0,8.0,-1.0,1.0,0.1574074074074073,0.4722222222222222,2.371212121212121,0.0833333333333333,0.3333333333333333,0.0555555555555555,4.0,3.6666666666666665,2.0,1.9,2.0,6,3,1,10,15,36,22,473.0833333333333,True,False,3.0,FDP,0.1666666666666666,0.0833333333333333,0.0277777777777777,0.2777777777777778,0.4166666666666667,222,45,36,18,57,98,0.027027027027027,0.0135135135135135,0.0045045045045045,0.045045045045045,0.0675675675675675,0.1333333333333333,0.0833333333333333,0.0555555555555555,0.175438596491228,0.1530612244897959,Opposition,0.0,1.0,19.0,WP19,2020,2,21,0.8787878787878788,2.636363636363636,6.872222222222223,0.7575757575757576,1.303030303030303,0.5757575757575758,7.0,7.166666666666667,6.625,6.75,6.85,33,27,9,12,8,12,20,0.2727272727272727,0.3636363636363636,0.2424242424242424,0.3636363636363636,0.6060606060606061,0.7213804713804715,2.164141414141414,4.501010101010102,0.6742424242424242,0.9696969696969696,0.5202020202020202,3.0,3.5000000000000004,4.625,4.85,4.85,1
59,2020-02-13,2020-03-05,14,grüne,22.0,22.0,0.0,0.0,0.2395833333333333,0.71875,0.9583333333333334,0.1875,0.46875,0.0625,1.0,2.0,0.5,0.6666666666666666,0.8333333333333334,11,5,4,9,12,32,24,525.03125,True,False,1.0,Bündnis 90/Die Grünen,0.34375,0.15625,0.125,0.28125,0.375,222,45,36,18,57,98,0.0495495495495495,0.0225225225225225,0.018018018018018,0.0405405405405405,0.054054054054054,0.2444444444444444,0.1388888888888889,0.2222222222222222,0.1578947368421052,0.1224489795918367,Opposition,0.0,1.0,19.0,WP19,2020,2,21,0.8787878787878788,2.636363636363636,6.872222222222223,0.7575757575757576,1.303030303030303,0.5757575757575758,7.0,7.166666666666667,6.625,6.75,6.85,33,27,9,12,8,12,20,0.2727272727272727,0.3636363636363636,0.2424242424242424,0.3636363636363636,0.6060606060606061,0.6392045454545454,1.917613636363636,5.91388888888889,0.5700757575757576,0.834280303030303,0.5132575757575758,6.0,5.166666666666667,6.125,6.083333333333333,6.016666666666667,2
59,2020-02-13,2020-03-05,14,linke,9.0,9.0,0.0,0.0,0.4285714285714285,1.2857142857142858,0.9053030303030304,0.3928571428571428,0.7857142857142857,0.1071428571428571,0.75,1.8571428571428568,0.3333333333333333,0.4166666666666667,0.8333333333333334,8,7,3,12,12,28,22,538.3571428571429,True,False,0.0,Die Linke,0.2857142857142857,0.25,0.1071428571428571,0.4285714285714285,0.4285714285714285,222,45,36,18,57,98,0.036036036036036,0.0315315315315315,0.0135135135135135,0.054054054054054,0.054054054054054,0.1777777777777777,0.1944444444444444,0.1666666666666666,0.2105263157894736,0.1224489795918367,Opposition,0.0,1.0,19.0,WP19,2020,2,21,0.8787878787878788,2.636363636363636,6.872222222222223,0.7575757575757576,1.303030303030303,0.5757575757575758,7.0,7.166666666666667,6.625,6.75,6.85,33,27,9,12,8,12,20,0.2727272727272727,0.3636363636363636,0.2424242424242424,0.3636363636363636,0.6060606060606061,0.4502164502164502,1.3506493506493504,5.966919191919192,0.3647186147186147,0.5173160173160173,0.4686147186147186,6.25,5.30952380952381,6.291666666666667,6.333333333333333,6.016666666666667,3
59,2020-02-13,2020-03-05,14,spd,16.0,14.0,2.0,2.0,0.1923076923076923,0.5769230769230769,1.3203125,0.173076923076923,0.2692307692307692,0.1346153846153846,1.6666666666666667,1.3333333333333333,0.8,1.0,1.0526315789473684,9,9,5,10,19,52,32,597.25,True,False,2.0,SPD,0.173076923076923,0.173076923076923,0.0961538461538461,0.1923076923076923,0.3653846153846153,222,45,36,18,57,98,0.0405405405405405,0.0405405405405405,0.0225225225225225,0.045045045045045,0.0855855855855855,0.2,0.25,0.2777777777777778,0.175438596491228,0.1938775510204081,Regierung,1.0,0.0,19.0,WP19,2020,2,21,0.8787878787878788,2.636363636363636,6.872222222222223,0.7575757575757576,1.303030303030303,0.5757575757575758,7.0,7.166666666666667,6.625,6.75,6.85,33,27,9,12,8,12,20,0.2727272727272727,0.3636363636363636,0.2424242424242424,0.3636363636363636,0.6060606060606061,0.6864801864801865,2.059440559440559,5.551909722222223,0.5844988344988344,1.0337995337995338,0.4411421911421912,5.333333333333333,5.833333333333334,5.825,5.75,5.797368421052632,4
60,2020-03-05,2020-03-20,12,cdu/csu,27.0,26.0,1.0,1.0,0.1472222222222222,0.4416666666666666,2.427777777777778,0.075,0.275,0.0916666666666666,2.3125,3.9130434782608696,0.9090909090909092,3.1481481481481484,1.7959183673469388,16,23,11,27,49,120,75,677.3,True,False,4.0,CDU/CSU,0.1333333333333333,0.1916666666666666,0.0916666666666666,0.225,0.4083333333333333,372,67,71,49,102,152,0.043010752688172,0.0618279569892473,0.0295698924731182,0.0725806451612903,0.1317204301075268,0.2388059701492537,0.323943661971831,0.2244897959183673,0.2647058823529412,0.3223684210526316,Regierung,1.0,0.0,19.0,WP19,2020,3,15,0.7570621468926553,2.2711864406779663,6.52689393939394,0.6949152542372882,1.152542372881356,0.423728813559322,7.363636363636363,7.473684210526316,8.4,6.45,6.545454545454546,59,44,11,19,5,20,33,0.1864406779661017,0.3220338983050847,0.0847457627118644,0.3389830508474576,0.559322033898305,0.6098399246704331,1.8295197740113,4.099116161616162,0.6199152542372882,0.877542372881356,0.3320621468926553,5.051136363636363,3.5606407322654463,7.490909090909091,3.301851851851852,4.749536178107607,0
60,2020-03-05,2020-03-20,12,fdp,6.0,7.0,-1.0,1.0,0.2222222222222222,0.6666666666666666,2.236434108527132,0.1,0.4333333333333333,0.1333333333333333,4.1,3.083333333333333,0.3333333333333333,1.7058823529411764,1.96,10,12,6,17,25,60,43,507.4666666666666,True,False,3.0,FDP,0.1666666666666666,0.2,0.1,0.2833333333333333,0.4166666666666667,372,67,71,49,102,152,0.0268817204301075,0.032258064516129,0.0161290322580645,0.0456989247311828,0.0672043010752688,0.1492537313432835,0.1690140845070422,0.1224489795918367,0.1666666666666666,0.1644736842105263,Opposition,0.0,1.0,19.0,WP19,2020,3,15,0.7570621468926553,2.2711864406779663,6.52689393939394,0.6949152542372882,1.152542372881356,0.423728813559322,7.363636363636363,7.473684210526316,8.4,6.45,6.545454545454546,59,44,11,19,5,20,33,0.1864406779661017,0.3220338983050847,0.0847457627118644,0.3389830508474576,0.559322033898305,0.5348399246704331,1.6045197740112995,4.2904598308668085,0.5949152542372882,0.7192090395480226,0.2903954802259887,3.263636363636364,4.390350877192983,8.066666666666666,4.744117647058824,4.585454545454546,1
60,2020-03-05,2020-03-20,12,grüne,23.0,22.0,1.0,1.0,0.2586206896551724,0.7758620689655172,1.1924603174603174,0.1724137931034483,0.5344827586206896,0.0689655172413793,1.125,1.5833333333333333,0.4285714285714285,1.0666666666666669,0.8636363636363636,16,12,7,15,22,58,42,518.8620689655172,True,False,1.0,Bündnis 90/Die Grünen,0.2758620689655172,0.2068965517241379,0.1206896551724138,0.2586206896551724,0.3793103448275862,372,67,71,49,102,152,0.043010752688172,0.032258064516129,0.0188172043010752,0.0403225806451612,0.0591397849462365,0.2388059701492537,0.1690140845070422,0.1428571428571428,0.1470588235294117,0.1447368421052631,Opposition,0.0,1.0,19.0,WP19,2020,3,15,0.7570621468926553,2.2711864406779663,6.52689393939394,0.6949152542372882,1.152542372881356,0.423728813559322,7.363636363636363,7.473684210526316,8.4,6.45,6.545454545454546,59,44,11,19,5,20,33,0.1864406779661017,0.3220338983050847,0.0847457627118644,0.3389830508474576,0.559322033898305,0.4984414572374828,1.495324371712449,5.334433621933623,0.5225014611338399,0.6180596142606664,0.3547632963179427,6.238636363636363,5.890350877192983,7.9714285714285715,5.383333333333334,5.681818181818183,2
60,2020-03-05,2020-03-20,12,linke,9.0,9.0,0.0,0.0,0.4066666666666666,1.22,0.8587962962962963,0.4,0.72,0.1,0.875,1.0,0.25,0.6470588235294118,0.9047619047619048,8,12,8,17,21,50,36,525.62,True,False,0.0,Die Linke,0.16,0.24,0.16,0.34,0.42,372,67,71,49,102,152,0.021505376344086,0.032258064516129,0.021505376344086,0.0456989247311828,0.0564516129032258,0.1194029850746268,0.1690140845070422,0.1632653061224489,0.1666666666666666,0.1381578947368421,Opposition,0.0,1.0,19.0,WP19,2020,3,15,0.7570621468926553,2.2711864406779663,6.52689393939394,0.6949152542372882,1.152542372881356,0.423728813559322,7.363636363636363,7.473684210526316,8.4,6.45,6.545454545454546,59,44,11,19,5,20,33,0.1864406779661017,0.3220338983050847,0.0847457627118644,0.3389830508474576,0.559322033898305,0.3503954802259886,1.0511864406779663,5.668097643097644,0.2949152542372881,0.432542372881356,0.323728813559322,6.488636363636363,6.473684210526316,8.15,5.802941176470588,5.640692640692641,3
60,2020-03-05,2020-03-20,12,spd,16.0,16.0,0.0,0.0,0.1309523809523809,0.3928571428571428,1.1724137931034482,0.0714285714285714,0.25,0.0714285714285714,1.0588235294117647,1.4166666666666667,0.5294117647058824,1.3846153846153846,0.8285714285714286,17,12,17,26,35,84,58,612.6428571428571,True,False,2.0,SPD,0.2023809523809523,0.1428571428571428,0.2023809523809523,0.3095238095238095,0.4166666666666667,372,67,71,49,102,152,0.0456989247311828,0.032258064516129,0.0456989247311828,0.0698924731182795,0.0940860215053763,0.2537313432835821,0.1690140845070422,0.3469387755102041,0.2549019607843137,0.2302631578947368,Regierung,1.0,0.0,19.0,WP19,2020,3,15,0.7570621468926553,2.2711864406779663,6.52689393939394,0.6949152542372882,1.152542372881356,0.423728813559322,7.363636363636363,7.473684210526316,8.4,6.45,6.545454545454546,59,44,11,19,5,20,33,0.1864406779661017,0.3220338983050847,0.0847457627118644,0.3389830508474576,0.559322033898305,0.6261097659402743,1.8783292978208237,5.354480146290491,0.6234866828087168,0.902542372881356,0.3523002421307506,6.304812834224599,6.057017543859649,7.870588235294118,5.065384615384616,5.716883116883118,4
61,2020-03-20,2020-04-02,10,cdu/csu,30.0,27.0,3.0,3.0,0.1052631578947368,0.3157894736842105,2.05,0.2105263157894736,0.0526315789473684,0.0526315789473684,,6.0,,2.0,1.8,0,1,0,8,5,19,10,588.9473684210526,True,False,4.0,CDU/CSU,0.0,0.0526315789473684,0.0,0.4210526315789473,0.2631578947368421,47,2,2,1,23,18,0.0,0.0212765957446808,0.0,0.1702127659574468,0.1063829787234042,0.0,0.5,0.0,0.3478260869565217,0.2777777777777778,Regierung,1.0,0.0,19.0,WP19,2020,3,13,0.3809523809523809,1.1428571428571428,4.545454545454546,0.4285714285714285,0.5714285714285714,0.1428571428571428,,10.0,10.0,3.111111111111111,7.4,14,11,0,1,1,9,5,0.0,0.0714285714285714,0.0714285714285714,0.6428571428571429,0.3571428571428571,0.2756892230576441,0.8270676691729323,2.495454545454546,0.2180451127819548,0.518796992481203,0.0902255639097744,,4.0,,1.1111111111111112,5.6000000000000005,0
61,2020-03-20,2020-04-02,10,fdp,7.0,6.0,1.0,1.0,0.0416666666666666,0.125,1.6,0.0,0.125,0.0,,,,1.6,1.6666666666666667,0,0,0,5,3,8,5,575.875,True,False,3.0,FDP,0.0,0.0,0.0,0.625,0.375,47,2,2,1,23,18,0.0,0.0,0.0,0.1063829787234042,0.0638297872340425,0.0,0.0,0.0,0.217391304347826,0.1666666666666666,Opposition,0.0,1.0,19.0,WP19,2020,3,13,0.3809523809523809,1.1428571428571428,4.545454545454546,0.4285714285714285,0.5714285714285714,0.1428571428571428,,10.0,10.0,3.111111111111111,7.4,14,11,0,1,1,9,5,0.0,0.0714285714285714,0.0714285714285714,0.6428571428571429,0.3571428571428571,0.3392857142857142,1.0178571428571428,2.9454545454545458,0.4285714285714285,0.4464285714285714,0.1428571428571428,,,,1.511111111111111,5.733333333333333,1
61,2020-03-20,2020-04-02,10,grüne,23.0,23.0,0.0,0.0,0.0476190476190476,0.1428571428571428,1.523809523809524,0.0,0.1428571428571428,0.0,1.0,,,1.6666666666666667,1.25,2,0,0,6,4,7,7,754.5714285714286,True,False,1.0,Bündnis 90/Die Grünen,0.2857142857142857,0.0,0.0,0.8571428571428571,0.5714285714285714,47,2,2,1,23,18,0.0425531914893617,0.0,0.0,0.1276595744680851,0.0851063829787234,1.0,0.0,0.0,0.2608695652173913,0.2222222222222222,Opposition,0.0,1.0,19.0,WP19,2020,3,13,0.3809523809523809,1.1428571428571428,4.545454545454546,0.4285714285714285,0.5714285714285714,0.1428571428571428,,10.0,10.0,3.111111111111111,7.4,14,11,0,1,1,9,5,0.0,0.0714285714285714,0.0714285714285714,0.6428571428571429,0.3571428571428571,0.3333333333333333,1.0,3.021645021645022,0.4285714285714285,0.4285714285714285,0.1428571428571428,,,,1.4444444444444444,6.15,2
61,2020-03-20,2020-04-02,10,linke,9.0,9.0,0.0,0.0,0.5333333333333333,1.6,1.35,0.8,0.6,0.2,,2.0,0.0,1.6666666666666667,0.6666666666666666,0,1,1,3,3,5,5,869.2,True,False,0.0,Die Linke,0.0,0.2,0.2,0.6,0.6,47,2,2,1,23,18,0.0,0.0212765957446808,0.0212765957446808,0.0638297872340425,0.0638297872340425,0.0,0.5,1.0,0.1304347826086956,0.1666666666666666,Opposition,0.0,1.0,19.0,WP19,2020,3,13,0.3809523809523809,1.1428571428571428,4.545454545454546,0.4285714285714285,0.5714285714285714,0.1428571428571428,,10.0,10.0,3.111111111111111,7.4,14,11,0,1,1,9,5,0.0,0.0714285714285714,0.0714285714285714,0.6428571428571429,0.3571428571428571,0.1523809523809524,0.4571428571428573,3.1954545454545458,0.3714285714285715,0.0285714285714285,0.0571428571428571,,8.0,10.0,1.4444444444444444,6.733333333333333,3
61,2020-03-20,2020-04-02,10,spd,14.0,16.0,-2.0,2.0,0.0416666666666666,0.125,0.5,0.125,0.0,0.0,,,,0.0,0.6666666666666666,0,0,0,1,3,8,4,614.375,True,False,2.0,SPD,0.0,0.0,0.0,0.125,0.375,47,2,2,1,23,18,0.0,0.0,0.0,0.0212765957446808,0.0638297872340425,0.0,0.0,0.0,0.0434782608695652,0.1666666666666666,Regierung,1.0,0.0,19.0,WP19,2020,3,13,0.3809523809523809,1.1428571428571428,4.545454545454546,0.4285714285714285,0.5714285714285714,0.1428571428571428,,10.0,10.0,3.111111111111111,7.4,14,11,0,1,1,9,5,0.0,0.0714285714285714,0.0714285714285714,0.6428571428571429,0.3571428571428571,0.3392857142857142,1.0178571428571428,4.045454545454546,0.3035714285714285,0.5714285714285714,0.1428571428571428,,,,3.111111111111111,6.733333333333333,4
63,2020-04-17,2020-05-07,9,cdu/csu,38.0,34.0,4.0,4.0,0.0467836257309941,0.1403508771929824,2.538095238095238,0.0350877192982456,0.1052631578947368,0.0,2.0,4.8,1.5,2.5384615384615383,2.8095238095238093,11,5,2,13,21,57,35,701.9649122807018,True,False,4.0,CDU/CSU,0.1929824561403508,0.087719298245614,0.0350877192982456,0.2280701754385964,0.3684210526315789,167,32,16,10,44,55,0.0658682634730539,0.029940119760479,0.0119760479041916,0.0778443113772455,0.1257485029940119,0.34375,0.3125,0.2,0.2954545454545454,0.3818181818181818,Regierung,1.0,0.0,19.0,WP19,2020,4,20,0.8589743589743589,2.576923076923077,7.132575757575757,0.9230769230769232,1.4230769230769231,0.2307692307692307,8.0,8.833333333333334,7.666666666666667,5.7,7.583333333333333,26,22,6,6,3,10,12,0.2307692307692307,0.2307692307692307,0.1153846153846153,0.3846153846153846,0.4615384615384615,0.8121907332433648,2.436572199730094,4.594480519480519,0.8879892037786775,1.3178137651821862,0.2307692307692307,6.0,4.033333333333334,6.166666666666667,3.161538461538462,4.773809523809524,0
63,2020-04-17,2020-05-07,9,fdp,5.0,5.0,0.0,0.0,0.1666666666666666,0.5,2.147058823529412,0.0833333333333333,0.4166666666666667,0.0,5.0,2.0,0.0,1.6666666666666667,1.4285714285714286,3,1,2,9,7,24,17,537.9583333333334,True,False,3.0,FDP,0.125,0.0416666666666666,0.0833333333333333,0.375,0.2916666666666667,167,32,16,10,44,55,0.0179640718562874,0.0059880239520958,0.0119760479041916,0.0538922155688622,0.0419161676646706,0.09375,0.0625,0.2,0.2045454545454545,0.1272727272727272,Opposition,0.0,1.0,19.0,WP19,2020,4,20,0.8589743589743589,2.576923076923077,7.132575757575757,0.9230769230769232,1.4230769230769231,0.2307692307692307,8.0,8.833333333333334,7.666666666666667,5.7,7.583333333333333,26,22,6,6,3,10,12,0.2307692307692307,0.2307692307692307,0.1153846153846153,0.3846153846153846,0.4615384615384615,0.6923076923076923,2.076923076923077,4.985516934046345,0.8397435897435898,1.0064102564102564,0.2307692307692307,3.0,6.833333333333334,7.666666666666667,4.033333333333333,6.154761904761904,1
63,2020-04-17,2020-05-07,9,grüne,19.0,22.0,-3.0,3.0,0.28,0.84,1.2745098039215683,0.28,0.52,0.04,0.625,4.5,1.0,2.2,1.2857142857142858,8,2,2,5,7,25,17,530.24,True,False,1.0,Bündnis 90/Die Grünen,0.32,0.08,0.08,0.2,0.28,167,32,16,10,44,55,0.0479041916167664,0.0119760479041916,0.0119760479041916,0.029940119760479,0.0419161676646706,0.25,0.125,0.2,0.1136363636363636,0.1272727272727272,Opposition,0.0,1.0,19.0,WP19,2020,4,20,0.8589743589743589,2.576923076923077,7.132575757575757,0.9230769230769232,1.4230769230769231,0.2307692307692307,8.0,8.833333333333334,7.666666666666667,5.7,7.583333333333333,26,22,6,6,3,10,12,0.2307692307692307,0.2307692307692307,0.1153846153846153,0.3846153846153846,0.4615384615384615,0.5789743589743589,1.7369230769230772,5.858065953654188,0.6430769230769231,0.9030769230769232,0.1907692307692307,7.375,4.333333333333334,6.666666666666667,3.5,6.297619047619048,2
63,2020-04-17,2020-05-07,9,linke,7.0,7.0,0.0,0.0,0.4861111111111111,1.4583333333333333,1.2888888888888888,0.5833333333333334,0.75,0.125,0.75,3.0,0.5,1.5,1.125,4,5,2,6,8,24,15,497.3333333333333,True,False,0.0,Die Linke,0.1666666666666666,0.2083333333333333,0.0833333333333333,0.25,0.3333333333333333,167,32,16,10,44,55,0.0239520958083832,0.029940119760479,0.0119760479041916,0.0359281437125748,0.0479041916167664,0.125,0.3125,0.2,0.1363636363636363,0.1454545454545454,Opposition,0.0,1.0,19.0,WP19,2020,4,20,0.8589743589743589,2.576923076923077,7.132575757575757,0.9230769230769232,1.4230769230769231,0.2307692307692307,8.0,8.833333333333334,7.666666666666667,5.7,7.583333333333333,26,22,6,6,3,10,12,0.2307692307692307,0.2307692307692307,0.1153846153846153,0.3846153846153846,0.4615384615384615,0.3728632478632478,1.1185897435897438,5.843686868686868,0.3397435897435897,0.6730769230769231,0.1057692307692307,7.25,5.833333333333334,7.166666666666667,4.2,6.458333333333333,3
63,2020-04-17,2020-05-07,9,spd,17.0,16.0,1.0,1.0,0.1261261261261261,0.3783783783783784,1.2727272727272727,0.1351351351351351,0.2432432432432432,0.0,1.0,1.6666666666666667,1.5,2.090909090909091,0.8333333333333334,6,3,2,11,12,37,22,581.2162162162163,True,False,2.0,SPD,0.1621621621621621,0.081081081081081,0.054054054054054,0.2972972972972973,0.3243243243243243,167,32,16,10,44,55,0.0359281437125748,0.0179640718562874,0.0119760479041916,0.0658682634730539,0.0718562874251497,0.1875,0.1875,0.2,0.25,0.2181818181818181,Regierung,1.0,0.0,19.0,WP19,2020,4,20,0.8589743589743589,2.576923076923077,7.132575757575757,0.9230769230769232,1.4230769230769231,0.2307692307692307,8.0,8.833333333333334,7.666666666666667,5.7,7.583333333333333,26,22,6,6,3,10,12,0.2307692307692307,0.2307692307692307,0.1153846153846153,0.3846153846153846,0.4615384615384615,0.7328482328482329,2.1985446985446986,5.859848484848484,0.787941787941788,1.17983367983368,0.2307692307692307,7.0,7.166666666666667,6.166666666666667,3.609090909090909,6.75,4
64,2020-05-07,2020-05-15,9,cdu/csu,39.0,38.0,1.0,1.0,0.0737179487179487,0.2211538461538461,1.9112903225806448,0.0384615384615384,0.1538461538461538,0.0288461538461538,1.818181818181818,3.5,1.25,1.8333333333333333,1.7804878048780488,11,8,4,30,41,104,62,648.6153846153846,True,False,4.0,CDU/CSU,0.1057692307692307,0.0769230769230769,0.0384615384615384,0.2884615384615384,0.3942307692307692,304,43,28,18,89,110,0.0361842105263157,0.0263157894736842,0.0131578947368421,0.0986842105263157,0.1348684210526315,0.2558139534883721,0.2857142857142857,0.2222222222222222,0.3370786516853932,0.3727272727272727,Regierung,1.0,0.0,19.0,WP19,2020,5,8,0.8592592592592592,2.577777777777778,6.894715447154471,0.8444444444444444,1.4444444444444444,0.2888888888888888,8.285714285714286,8.2,8.25,6.166666666666667,7.3,45,41,7,10,8,24,30,0.1555555555555555,0.2222222222222222,0.1777777777777777,0.5333333333333333,0.6666666666666666,0.7855413105413105,2.356623931623932,4.983425124573826,0.805982905982906,1.2905982905982905,0.260042735042735,6.467532467532468,4.699999999999999,7.0,4.333333333333334,5.519512195121951,0
64,2020-05-07,2020-05-15,9,fdp,5.0,5.0,0.0,0.0,0.2028985507246376,0.6086956521739131,2.072222222222222,0.1521739130434782,0.4347826086956521,0.0217391304347826,4.4,3.0,1.0,1.4285714285714286,2.055555555555556,5,4,1,14,18,46,30,514.5652173913044,True,False,3.0,FDP,0.108695652173913,0.0869565217391304,0.0217391304347826,0.3043478260869565,0.391304347826087,304,43,28,18,89,110,0.0164473684210526,0.0131578947368421,0.0032894736842105,0.0460526315789473,0.0592105263157894,0.1162790697674418,0.1428571428571428,0.0555555555555555,0.1573033707865168,0.1636363636363636,Opposition,0.0,1.0,19.0,WP19,2020,5,8,0.8592592592592592,2.577777777777778,6.894715447154471,0.8444444444444444,1.4444444444444444,0.2888888888888888,8.285714285714286,8.2,8.25,6.166666666666667,7.3,45,41,7,10,8,24,30,0.1555555555555555,0.2222222222222222,0.1777777777777777,0.5333333333333333,0.6666666666666666,0.6563607085346215,1.9690821256038649,4.822493224932249,0.6922705314009662,1.0096618357487923,0.2671497584541062,3.885714285714286,5.199999999999999,7.25,4.738095238095238,5.2444444444444445,1
64,2020-05-07,2020-05-15,9,grüne,18.0,19.0,-1.0,1.0,0.2619047619047619,0.7857142857142857,1.4807692307692308,0.238095238095238,0.4761904761904761,0.0714285714285714,0.625,3.0,0.0,2.2857142857142856,1.2,8,2,2,14,15,42,26,564.0,True,False,1.0,Bündnis 90/Die Grünen,0.1904761904761904,0.0476190476190476,0.0476190476190476,0.3333333333333333,0.3571428571428571,304,43,28,18,89,110,0.0263157894736842,0.006578947368421,0.006578947368421,0.0460526315789473,0.0493421052631578,0.1860465116279069,0.0714285714285714,0.1111111111111111,0.1573033707865168,0.1363636363636363,Opposition,0.0,1.0,19.0,WP19,2020,5,8,0.8592592592592592,2.577777777777778,6.894715447154471,0.8444444444444444,1.4444444444444444,0.2888888888888888,8.285714285714286,8.2,8.25,6.166666666666667,7.3,45,41,7,10,8,24,30,0.1555555555555555,0.2222222222222222,0.1777777777777777,0.5333333333333333,0.6666666666666666,0.5973544973544973,1.7920634920634924,5.4139462163852405,0.6063492063492064,0.9682539682539684,0.2174603174603174,7.6607142857142865,5.199999999999999,8.25,3.880952380952381,6.1,2
64,2020-05-07,2020-05-15,9,linke,8.0,7.0,1.0,1.0,0.4166666666666666,1.25,1.5804597701149423,0.4545454545454545,0.7272727272727273,0.0681818181818181,0.8333333333333334,2.6666666666666665,0.8333333333333334,1.5,1.6923076923076923,6,6,6,12,13,44,29,488.0,True,False,0.0,Die Linke,0.1363636363636363,0.1363636363636363,0.1363636363636363,0.2727272727272727,0.2954545454545454,304,43,28,18,89,110,0.0197368421052631,0.0197368421052631,0.0197368421052631,0.0394736842105263,0.0427631578947368,0.1395348837209302,0.2142857142857142,0.3333333333333333,0.1348314606741573,0.1181818181818181,Opposition,0.0,1.0,19.0,WP19,2020,5,8,0.8592592592592592,2.577777777777778,6.894715447154471,0.8444444444444444,1.4444444444444444,0.2888888888888888,8.285714285714286,8.2,8.25,6.166666666666667,7.3,45,41,7,10,8,24,30,0.1555555555555555,0.2222222222222222,0.1777777777777777,0.5333333333333333,0.6666666666666666,0.4425925925925925,1.327777777777778,5.3142556770395295,0.3898989898989899,0.7171717171717171,0.2207070707070706,7.452380952380953,5.533333333333333,7.416666666666667,4.666666666666667,5.607692307692307,3
64,2020-05-07,2020-05-15,9,spd,16.0,17.0,-1.0,1.0,0.1225490196078431,0.3676470588235294,1.4326241134751772,0.1029411764705882,0.2352941176470588,0.0294117647058823,1.2307692307692308,2.75,0.6,1.263157894736842,1.2173913043478262,13,8,5,19,23,68,47,600.6176470588235,True,False,2.0,SPD,0.1911764705882352,0.1176470588235294,0.0735294117647058,0.2794117647058823,0.3382352941176471,304,43,28,18,89,110,0.0427631578947368,0.0263157894736842,0.0164473684210526,0.0625,0.0756578947368421,0.3023255813953488,0.2857142857142857,0.2777777777777778,0.2134831460674157,0.209090909090909,Regierung,1.0,0.0,19.0,WP19,2020,5,8,0.8592592592592592,2.577777777777778,6.894715447154471,0.8444444444444444,1.4444444444444444,0.2888888888888888,8.285714285714286,8.2,8.25,6.166666666666667,7.3,45,41,7,10,8,24,30,0.1555555555555555,0.2222222222222222,0.1777777777777777,0.5333333333333333,0.6666666666666666,0.736710239651416,2.2101307189542485,5.462091333679294,0.7415032679738562,1.2091503267973855,0.2594771241830065,7.054945054945056,5.449999999999999,7.65,4.903508771929825,6.082608695652174,4
65,2020-05-15,2020-06-04,10,cdu/csu,38.0,39.0,-1.0,1.0,0.0812324929971988,0.2436974789915966,2.2888888888888888,0.042016806722689,0.1428571428571428,0.0588235294117647,2.5789473684210527,4.75,2.1538461538461537,2.575757575757576,1.5,19,8,13,33,50,119,75,674.2352941176471,True,False,4.0,CDU/CSU,0.1596638655462184,0.0672268907563025,0.1092436974789916,0.2773109243697479,0.4201680672268907,331,64,30,51,104,145,0.0574018126888217,0.0241691842900302,0.039274924471299,0.0996978851963746,0.1510574018126888,0.296875,0.2666666666666666,0.2549019607843137,0.3173076923076923,0.3448275862068966,Regierung,1.0,0.0,19.0,WP19,2020,5,20,0.75,2.25,6.519629629629629,0.6964285714285714,1.2857142857142858,0.2678571428571428,7.583333333333333,8.125,6.714285714285714,5.666666666666667,7.206896551724138,56,45,12,8,7,21,29,0.2142857142857142,0.1428571428571428,0.125,0.375,0.5178571428571429,0.6687675070028012,2.006302521008404,4.230740740740741,0.6544117647058824,1.142857142857143,0.2090336134453781,5.004385964912281,3.375,4.56043956043956,3.0909090909090917,5.706896551724138,0
65,2020-05-15,2020-06-04,10,fdp,6.0,5.0,1.0,1.0,0.2,0.6,1.7745098039215688,0.1,0.46,0.04,4.428571428571429,2.0,1.0,1.0,1.0416666666666667,7,5,6,16,24,50,34,551.28,True,False,3.0,FDP,0.14,0.1,0.12,0.32,0.48,331,64,30,51,104,145,0.0211480362537764,0.0151057401812688,0.0181268882175226,0.0483383685800604,0.0725075528700906,0.109375,0.1666666666666666,0.1176470588235294,0.1538461538461538,0.1655172413793103,Opposition,0.0,1.0,19.0,WP19,2020,5,20,0.75,2.25,6.519629629629629,0.6964285714285714,1.2857142857142858,0.2678571428571428,7.583333333333333,8.125,6.714285714285714,5.666666666666667,7.206896551724138,56,45,12,8,7,21,29,0.2142857142857142,0.1428571428571428,0.125,0.375,0.5178571428571429,0.55,1.65,4.745119825708061,0.5964285714285714,0.8257142857142858,0.2278571428571428,3.154761904761904,6.125,5.714285714285714,4.666666666666667,6.165229885057471,1
65,2020-05-15,2020-06-04,10,grüne,18.0,18.0,0.0,0.0,0.2272727272727272,0.6818181818181818,1.0144144144144145,0.1363636363636363,0.4772727272727273,0.0681818181818181,0.6666666666666666,2.8,0.4545454545454545,1.0,0.6470588235294118,12,5,11,16,17,44,37,547.0454545454545,True,False,1.0,Bündnis 90/Die Grünen,0.2727272727272727,0.1136363636363636,0.25,0.3636363636363636,0.3863636363636363,331,64,30,51,104,145,0.0362537764350453,0.0151057401812688,0.0332326283987915,0.0483383685800604,0.0513595166163142,0.1875,0.1666666666666666,0.2156862745098039,0.1538461538461538,0.1172413793103448,Opposition,0.0,1.0,19.0,WP19,2020,5,20,0.75,2.25,6.519629629629629,0.6964285714285714,1.2857142857142858,0.2678571428571428,7.583333333333333,8.125,6.714285714285714,5.666666666666667,7.206896551724138,56,45,12,8,7,21,29,0.2142857142857142,0.1428571428571428,0.125,0.375,0.5178571428571429,0.5227272727272727,1.5681818181818183,5.505215215215215,0.560064935064935,0.8084415584415585,0.1996753246753246,6.916666666666666,5.325,6.25974025974026,4.666666666666667,6.559837728194726,2
65,2020-05-15,2020-06-04,10,linke,7.0,8.0,-1.0,1.0,0.4031007751937984,1.2093023255813953,0.9301075268817204,0.4186046511627907,0.7674418604651163,0.0232558139534883,1.8333333333333333,1.0,0.25,0.8888888888888888,0.5263157894736842,6,5,8,18,19,43,31,562.1395348837209,True,False,0.0,Die Linke,0.1395348837209302,0.1162790697674418,0.1860465116279069,0.4186046511627907,0.4418604651162791,331,64,30,51,104,145,0.0181268882175226,0.0151057401812688,0.0241691842900302,0.0543806646525679,0.0574018126888217,0.09375,0.1666666666666666,0.1568627450980392,0.173076923076923,0.1310344827586207,Opposition,0.0,1.0,19.0,WP19,2020,5,20,0.75,2.25,6.519629629629629,0.6964285714285714,1.2857142857142858,0.2678571428571428,7.583333333333333,8.125,6.714285714285714,5.666666666666667,7.206896551724138,56,45,12,8,7,21,29,0.2142857142857142,0.1428571428571428,0.125,0.375,0.5178571428571429,0.3468992248062015,1.0406976744186047,5.589522102747909,0.2778239202657807,0.5182724252491695,0.2446013289036545,5.75,7.125,6.464285714285714,4.777777777777779,6.680580762250454,3
65,2020-05-15,2020-06-04,10,spd,15.0,16.0,-1.0,1.0,0.1244444444444444,0.3733333333333333,0.9727272727272728,0.1333333333333333,0.1866666666666666,0.0533333333333333,1.05,1.4285714285714286,0.6153846153846154,0.9047619047619048,0.6571428571428571,20,7,13,21,35,75,55,617.3066666666666,True,False,2.0,SPD,0.2666666666666666,0.0933333333333333,0.1733333333333333,0.28,0.4666666666666667,331,64,30,51,104,145,0.0604229607250755,0.0211480362537764,0.039274924471299,0.0634441087613293,0.1057401812688821,0.3125,0.2333333333333333,0.2549019607843137,0.2019230769230769,0.2413793103448276,Regierung,1.0,0.0,19.0,WP19,2020,5,20,0.75,2.25,6.519629629629629,0.6964285714285714,1.2857142857142858,0.2678571428571428,7.583333333333333,8.125,6.714285714285714,5.666666666666667,7.206896551724138,56,45,12,8,7,21,29,0.2142857142857142,0.1428571428571428,0.125,0.375,0.5178571428571429,0.6255555555555555,1.8766666666666667,5.546902356902357,0.5630952380952381,1.099047619047619,0.2145238095238095,6.533333333333333,6.696428571428571,6.0989010989010985,4.761904761904762,6.54975369458128,4
66,2020-06-04,2020-06-26,9,cdu/csu,38.0,38.0,0.0,0.0,0.1374570446735395,0.4123711340206185,2.698717948717949,0.0721649484536082,0.2577319587628865,0.0824742268041237,2.421052631578948,3.2857142857142856,2.2222222222222223,3.1818181818181817,2.5,19,7,9,33,46,97,78,663.5979381443299,True,False,4.0,CDU/CSU,0.1958762886597938,0.0721649484536082,0.0927835051546391,0.3402061855670103,0.4742268041237113,274,54,22,35,89,105,0.0693430656934306,0.0255474452554744,0.0328467153284671,0.1204379562043795,0.1678832116788321,0.3518518518518518,0.3181818181818182,0.2571428571428571,0.3707865168539326,0.4380952380952381,Regierung,1.0,0.0,19.0,WP19,2020,6,22,0.8730158730158729,2.619047619047619,7.72979797979798,0.7619047619047619,1.380952380952381,0.4761904761904761,8.875,7.833333333333333,8.727272727272727,7.705882352941177,7.75,42,33,8,6,11,17,20,0.1904761904761904,0.1428571428571428,0.2619047619047619,0.4047619047619047,0.4761904761904761,0.7355588283423334,2.2066764850270006,5.031080031080031,0.6897398134511536,1.1232204221894944,0.3937162493863524,6.453947368421053,4.547619047619048,6.505050505050504,4.524064171122995,5.25,0
66,2020-06-04,2020-06-26,9,fdp,6.0,6.0,0.0,0.0,0.1544715447154471,0.4634146341463415,2.25,0.0975609756097561,0.3414634146341463,0.024390243902439,3.2857142857142856,4.333333333333333,0.6666666666666666,1.5833333333333333,1.7142857142857142,7,3,3,12,14,41,28,543.8536585365854,True,False,3.0,FDP,0.1707317073170731,0.073170731707317,0.073170731707317,0.2926829268292683,0.3414634146341463,274,54,22,35,89,105,0.0255474452554744,0.010948905109489,0.010948905109489,0.0437956204379562,0.0510948905109489,0.1296296296296296,0.1363636363636363,0.0857142857142857,0.1348314606741573,0.1333333333333333,Opposition,0.0,1.0,19.0,WP19,2020,6,22,0.8730158730158729,2.619047619047619,7.72979797979798,0.7619047619047619,1.380952380952381,0.4761904761904761,8.875,7.833333333333333,8.727272727272727,7.705882352941177,7.75,42,33,8,6,11,17,20,0.1904761904761904,0.1428571428571428,0.2619047619047619,0.4047619047619047,0.4761904761904761,0.7185443283004258,2.1556329849012776,5.47979797979798,0.6643437862950058,1.0394889663182345,0.4518002322880371,5.589285714285714,3.5,8.06060606060606,6.122549019607844,6.035714285714286,1
66,2020-06-04,2020-06-26,9,grüne,19.0,18.0,1.0,1.0,0.2037037037037037,0.6111111111111112,1.1111111111111112,0.1388888888888889,0.4444444444444444,0.0277777777777777,1.1,0.0,0.0,1.1,1.0,10,1,6,10,9,36,24,562.5277777777778,True,False,1.0,Bündnis 90/Die Grünen,0.2777777777777778,0.0277777777777777,0.1666666666666666,0.2777777777777778,0.25,274,54,22,35,89,105,0.0364963503649635,0.0036496350364963,0.0218978102189781,0.0364963503649635,0.0328467153284671,0.1851851851851851,0.0454545454545454,0.1714285714285714,0.1123595505617977,0.0857142857142857,Opposition,0.0,1.0,19.0,WP19,2020,6,22,0.8730158730158729,2.619047619047619,7.72979797979798,0.7619047619047619,1.380952380952381,0.4761904761904761,8.875,7.833333333333333,8.727272727272727,7.705882352941177,7.75,42,33,8,6,11,17,20,0.1904761904761904,0.1428571428571428,0.2619047619047619,0.4047619047619047,0.4761904761904761,0.6693121693121692,2.007936507936508,6.6186868686868685,0.623015873015873,0.9365079365079364,0.4484126984126984,7.775,7.833333333333333,8.727272727272727,6.605882352941176,6.75,2
66,2020-06-04,2020-06-26,9,linke,8.0,7.0,1.0,1.0,0.4722222222222222,1.4166666666666667,1.3633333333333335,0.5,0.8333333333333334,0.0833333333333333,1.4285714285714286,0.5714285714285714,0.5,1.0,1.6428571428571428,7,7,8,11,14,36,25,544.0833333333334,True,False,0.0,Die Linke,0.1944444444444444,0.1944444444444444,0.2222222222222222,0.3055555555555556,0.3888888888888889,274,54,22,35,89,105,0.0255474452554744,0.0255474452554744,0.0291970802919708,0.0401459854014598,0.0510948905109489,0.1296296296296296,0.3181818181818182,0.2285714285714285,0.1235955056179775,0.1333333333333333,Opposition,0.0,1.0,19.0,WP19,2020,6,22,0.8730158730158729,2.619047619047619,7.72979797979798,0.7619047619047619,1.380952380952381,0.4761904761904761,8.875,7.833333333333333,8.727272727272727,7.705882352941177,7.75,42,33,8,6,11,17,20,0.1904761904761904,0.1428571428571428,0.2619047619047619,0.4047619047619047,0.4761904761904761,0.4007936507936507,1.2023809523809523,6.366464646464647,0.2619047619047618,0.5476190476190476,0.3928571428571428,7.446428571428571,7.261904761904762,8.227272727272727,6.705882352941177,6.107142857142858,3
66,2020-06-04,2020-06-26,9,spd,15.0,15.0,0.0,0.0,0.1302083333333333,0.390625,1.3055555555555556,0.125,0.203125,0.0625,0.9090909090909092,3.0,0.4444444444444444,1.6956521739130437,1.0909090909090908,11,4,9,23,22,64,48,619.6875,True,False,2.0,SPD,0.171875,0.0625,0.140625,0.359375,0.34375,274,54,22,35,89,105,0.0401459854014598,0.0145985401459854,0.0328467153284671,0.083941605839416,0.0802919708029197,0.2037037037037037,0.1818181818181818,0.2571428571428571,0.2584269662921348,0.2095238095238095,Regierung,1.0,0.0,19.0,WP19,2020,6,22,0.8730158730158729,2.619047619047619,7.72979797979798,0.7619047619047619,1.380952380952381,0.4761904761904761,8.875,7.833333333333333,8.727272727272727,7.705882352941177,7.75,42,33,8,6,11,17,20,0.1904761904761904,0.1428571428571428,0.2619047619047619,0.4047619047619047,0.4761904761904761,0.7428075396825395,2.228422619047619,6.424242424242425,0.6369047619047619,1.177827380952381,0.4136904761904761,7.965909090909091,4.833333333333333,8.282828282828282,6.010230179028133,6.659090909090909,4
67,2020-06-26,2020-07-02,10,cdu/csu,37.0,38.0,-1.0,1.0,0.0158730158730158,0.0476190476190476,1.2638888888888888,0.0,0.0476190476190476,0.0,2.0,6.0,,1.3333333333333333,1.0,4,1,0,3,11,21,12,668.8095238095239,True,False,4.0,CDU/CSU,0.1904761904761904,0.0476190476190476,0.0,0.1428571428571428,0.5238095238095238,55,9,2,0,7,27,0.0727272727272727,0.0181818181818181,0.0,0.0545454545454545,0.2,0.4444444444444444,0.5,,0.4285714285714285,0.4074074074074074,Regierung,1.0,0.0,19.0,WP19,2020,6,6,0.9166666666666666,2.75,7.985714285714286,0.75,1.375,0.625,8.333333333333334,8.0,9.0,8.0,8.142857142857142,8,7,3,2,2,1,7,0.375,0.25,0.25,0.125,0.875,0.9007936507936508,2.702380952380953,6.7218253968253965,0.75,1.3273809523809523,0.625,6.333333333333334,2.0,,6.666666666666667,7.142857142857142,0
67,2020-06-26,2020-07-02,10,fdp,5.0,6.0,-1.0,1.0,0.1481481481481481,0.4444444444444444,1.25,0.0,0.4444444444444444,0.0,,,,0.0,1.5,0,0,0,1,4,9,4,564.7777777777778,True,False,3.0,FDP,0.0,0.0,0.0,0.1111111111111111,0.4444444444444444,55,9,2,0,7,27,0.0,0.0,0.0,0.0181818181818181,0.0727272727272727,0.0,0.0,,0.1428571428571428,0.1481481481481481,Opposition,0.0,1.0,19.0,WP19,2020,6,6,0.9166666666666666,2.75,7.985714285714286,0.75,1.375,0.625,8.333333333333334,8.0,9.0,8.0,8.142857142857142,8,7,3,2,2,1,7,0.375,0.25,0.25,0.125,0.875,0.7685185185185185,2.305555555555556,6.735714285714286,0.75,0.9305555555555556,0.625,,,,8.0,6.642857142857142,1
67,2020-06-26,2020-07-02,10,grüne,20.0,19.0,1.0,1.0,0.1666666666666666,0.5,1.6333333333333333,0.0,0.5,0.0,2.0,,,0.0,1.6,3,0,0,1,5,8,5,561.125,True,False,1.0,Bündnis 90/Die Grünen,0.375,0.0,0.0,0.125,0.625,55,9,2,0,7,27,0.0545454545454545,0.0,0.0,0.0181818181818181,0.0909090909090909,0.3333333333333333,0.0,,0.1428571428571428,0.1851851851851851,Opposition,0.0,1.0,19.0,WP19,2020,6,6,0.9166666666666666,2.75,7.985714285714286,0.75,1.375,0.625,8.333333333333334,8.0,9.0,8.0,8.142857142857142,8,7,3,2,2,1,7,0.375,0.25,0.25,0.125,0.875,0.75,2.25,6.352380952380953,0.75,0.875,0.625,6.333333333333334,,,8.0,6.542857142857143,2
67,2020-06-26,2020-07-02,10,linke,7.0,8.0,-1.0,1.0,0.3703703703703703,1.1111111111111112,1.25,0.4444444444444444,0.6666666666666666,0.0,,5.0,,0.0,1.2,0,1,0,1,5,9,6,478.6666666666667,True,False,0.0,Die Linke,0.0,0.1111111111111111,0.0,0.1111111111111111,0.5555555555555556,55,9,2,0,7,27,0.0,0.0181818181818181,0.0,0.0181818181818181,0.0909090909090909,0.0,0.5,,0.1428571428571428,0.1851851851851851,Opposition,0.0,1.0,19.0,WP19,2020,6,6,0.9166666666666666,2.75,7.985714285714286,0.75,1.375,0.625,8.333333333333334,8.0,9.0,8.0,8.142857142857142,8,7,3,2,2,1,7,0.375,0.25,0.25,0.125,0.875,0.5462962962962963,1.6388888888888888,6.735714285714286,0.3055555555555556,0.7083333333333334,0.625,,3.0,,8.0,6.942857142857142,3
67,2020-06-26,2020-07-02,10,spd,16.0,15.0,1.0,1.0,0.0,0.0,1.0833333333333333,0.0,0.0,0.0,2.0,,,0.0,0.5,2,0,0,1,2,8,2,868.625,True,False,2.0,SPD,0.25,0.0,0.0,0.125,0.25,55,9,2,0,7,27,0.0363636363636363,0.0,0.0,0.0181818181818181,0.0363636363636363,0.2222222222222222,0.0,,0.1428571428571428,0.074074074074074,Regierung,1.0,0.0,19.0,WP19,2020,6,6,0.9166666666666666,2.75,7.985714285714286,0.75,1.375,0.625,8.333333333333334,8.0,9.0,8.0,8.142857142857142,8,7,3,2,2,1,7,0.375,0.25,0.25,0.125,0.875,0.9166666666666666,2.75,6.902380952380953,0.75,1.375,0.625,6.333333333333334,,,8.0,7.642857142857142,4
68,2020-07-02,2020-07-24,10,cdu/csu,37.0,37.0,0.0,0.0,0.1025641025641025,0.3076923076923077,2.8903508771929824,0.0384615384615384,0.2307692307692307,0.0384615384615384,3.3125,5.333333333333333,4.0,2.85,1.5,16,3,2,20,22,78,38,699.7307692307693,True,False,4.0,CDU/CSU,0.2051282051282051,0.0384615384615384,0.0256410256410256,0.2564102564102564,0.282051282051282,228,50,14,13,57,56,0.0701754385964912,0.0131578947368421,0.0087719298245614,0.087719298245614,0.0964912280701754,0.32,0.2142857142857142,0.1538461538461538,0.3508771929824561,0.3928571428571428,Regierung,1.0,0.0,19.0,WP19,2020,7,22,0.7567567567567568,2.27027027027027,6.5,0.7567567567567568,1.2702702702702702,0.2432432432432432,7.888888888888889,8.428571428571429,7.0,5.846153846153846,7.421052631578948,37,25,9,7,5,13,19,0.2432432432432432,0.1891891891891892,0.1351351351351351,0.3513513513513513,0.5135135135135135,0.6541926541926543,1.9625779625779625,3.6096491228070176,0.7182952182952184,1.0395010395010391,0.2047817047817048,4.576388888888889,3.095238095238096,3.0,2.9961538461538457,5.921052631578948,0
68,2020-07-02,2020-07-24,10,fdp,5.0,5.0,0.0,0.0,0.3333333333333333,1.0,3.362745098039216,0.2352941176470588,0.7058823529411765,0.0588235294117647,5.0,5.0,,2.6666666666666665,2.857142857142857,6,3,0,9,7,34,17,554.4705882352941,True,False,3.0,FDP,0.1764705882352941,0.088235294117647,0.0,0.2647058823529412,0.2058823529411764,228,50,14,13,57,56,0.0263157894736842,0.0131578947368421,0.0,0.0394736842105263,0.0307017543859649,0.12,0.2142857142857142,0.0,0.1578947368421052,0.125,Opposition,0.0,1.0,19.0,WP19,2020,7,22,0.7567567567567568,2.27027027027027,6.5,0.7567567567567568,1.2702702702702702,0.2432432432432432,7.888888888888889,8.428571428571429,7.0,5.846153846153846,7.421052631578948,37,25,9,7,5,13,19,0.2432432432432432,0.1891891891891892,0.1351351351351351,0.3513513513513513,0.5135135135135135,0.4234234234234235,1.2702702702702702,3.1372549019607843,0.5214626391096979,0.5643879173290937,0.1844197138314785,2.8888888888888893,3.428571428571429,,3.1794871794871797,4.563909774436091,1
68,2020-07-02,2020-07-24,10,grüne,20.0,20.0,0.0,0.0,0.3010752688172042,0.9032258064516128,1.1904761904761905,0.2258064516129032,0.6129032258064516,0.064516129032258,0.9,2.5,1.5,1.5,1.1428571428571428,10,2,2,8,7,31,21,579.2258064516129,True,False,1.0,Bündnis 90/Die Grünen,0.3225806451612903,0.064516129032258,0.064516129032258,0.2580645161290322,0.2258064516129032,228,50,14,13,57,56,0.043859649122807,0.0087719298245614,0.0087719298245614,0.0350877192982456,0.0307017543859649,0.2,0.1428571428571428,0.1538461538461538,0.1403508771929824,0.125,Opposition,0.0,1.0,19.0,WP19,2020,7,22,0.7567567567567568,2.27027027027027,6.5,0.7567567567567568,1.2702702702702702,0.2432432432432432,7.888888888888889,8.428571428571429,7.0,5.846153846153846,7.421052631578948,37,25,9,7,5,13,19,0.2432432432432432,0.1891891891891892,0.1351351351351351,0.3513513513513513,0.5135135135135135,0.4556814879395525,1.3670444638186572,5.309523809523809,0.5309503051438536,0.6573670444638186,0.1787271142109852,6.988888888888889,5.928571428571429,5.5,4.346153846153846,6.2781954887218046,2
68,2020-07-02,2020-07-24,10,linke,7.0,7.0,0.0,0.0,0.5,1.5,1.0294117647058822,0.4666666666666667,0.9666666666666668,0.0666666666666666,0.5714285714285714,0.6666666666666666,0.25,1.7777777777777777,1.1111111111111112,7,3,4,9,9,30,17,553.7666666666667,True,False,0.0,Die Linke,0.2333333333333333,0.1,0.1333333333333333,0.3,0.3,228,50,14,13,57,56,0.0307017543859649,0.0131578947368421,0.0175438596491228,0.0394736842105263,0.0394736842105263,0.14,0.2142857142857142,0.3076923076923077,0.1578947368421052,0.1607142857142857,Opposition,0.0,1.0,19.0,WP19,2020,7,22,0.7567567567567568,2.27027027027027,6.5,0.7567567567567568,1.2702702702702702,0.2432432432432432,7.888888888888889,8.428571428571429,7.0,5.846153846153846,7.421052631578948,37,25,9,7,5,13,19,0.2432432432432432,0.1891891891891892,0.1351351351351351,0.3513513513513513,0.5135135135135135,0.2567567567567568,0.7702702702702702,5.470588235294118,0.2900900900900901,0.3036036036036035,0.1765765765765766,7.317460317460318,7.761904761904762,6.75,4.068376068376068,6.309941520467836,3
68,2020-07-02,2020-07-24,10,spd,16.0,16.0,0.0,0.0,0.1818181818181818,0.5454545454545454,1.6206896551724137,0.1818181818181818,0.3090909090909091,0.0545454545454545,1.3636363636363635,6.0,1.2,1.9090909090909087,1.181818181818182,11,3,5,11,11,55,29,622.2181818181818,True,False,2.0,SPD,0.2,0.0545454545454545,0.0909090909090909,0.2,0.2,228,50,14,13,57,56,0.0482456140350877,0.0131578947368421,0.0219298245614035,0.0482456140350877,0.0482456140350877,0.22,0.2142857142857142,0.3846153846153846,0.1929824561403508,0.1964285714285714,Regierung,1.0,0.0,19.0,WP19,2020,7,22,0.7567567567567568,2.27027027027027,6.5,0.7567567567567568,1.2702702702702702,0.2432432432432432,7.888888888888889,8.428571428571429,7.0,5.846153846153846,7.421052631578948,37,25,9,7,5,13,19,0.2432432432432432,0.1891891891891892,0.1351351351351351,0.3513513513513513,0.5135135135135135,0.5749385749385749,1.7248157248157248,4.879310344827586,0.5749385749385749,0.9611793611793612,0.1886977886977887,6.525252525252526,2.428571428571429,5.8,3.9370629370629366,6.239234449760766,4
72,2020-09-03,2020-09-18,10,cdu/csu,36.0,37.0,-1.0,1.0,0.1296296296296296,0.3888888888888889,2.236254295532646,0.0763888888888889,0.2569444444444444,0.0555555555555555,1.809523809523809,4.181818181818182,1.4,2.918918918918919,1.6226415094339623,42,11,5,37,53,144,97,677.9652777777778,True,False,4.0,CDU/CSU,0.2916666666666667,0.0763888888888889,0.0347222222222222,0.2569444444444444,0.3680555555555556,444,156,36,15,112,130,0.0945945945945946,0.0247747747747747,0.0112612612612612,0.0833333333333333,0.1193693693693693,0.2692307692307692,0.3055555555555556,0.3333333333333333,0.3303571428571428,0.4076923076923077,Regierung,1.0,0.0,19.0,WP19,2020,9,15,0.9342723004694836,2.8028169014084505,6.647740112994351,0.943661971830986,1.3943661971830985,0.4647887323943662,7.423076923076923,8.473684210526315,8.384615384615385,6.0,7.02,71,59,26,19,13,27,50,0.3661971830985915,0.2676056338028169,0.1830985915492957,0.380281690140845,0.704225352112676,0.8046426708398539,2.4139280125195617,4.411485817461704,0.8672730829420969,1.137421752738654,0.4092331768388106,5.613553113553114,4.291866028708133,6.984615384615385,3.081081081081081,5.397358490566037,0
72,2020-09-03,2020-09-18,10,fdp,6.0,6.0,0.0,0.0,0.2205882352941176,0.6617647058823529,2.95,0.0588235294117647,0.5735294117647058,0.0294117647058823,3.5454545454545454,3.333333333333333,2.0,2.1538461538461537,2.071428571428572,22,3,1,13,14,68,40,534.4705882352941,True,False,3.0,FDP,0.3235294117647059,0.0441176470588235,0.0147058823529411,0.1911764705882352,0.2058823529411764,444,156,36,15,112,130,0.0495495495495495,0.0067567567567567,0.0022522522522522,0.0292792792792792,0.0315315315315315,0.141025641025641,0.0833333333333333,0.0666666666666666,0.1160714285714285,0.1076923076923077,Opposition,0.0,1.0,19.0,WP19,2020,9,15,0.9342723004694836,2.8028169014084505,6.647740112994351,0.943661971830986,1.3943661971830985,0.4647887323943662,7.423076923076923,8.473684210526315,8.384615384615385,6.0,7.02,71,59,26,19,13,27,50,0.3661971830985915,0.2676056338028169,0.1830985915492957,0.380281690140845,0.704225352112676,0.7136840651753659,2.1410521955260977,3.6977401129943503,0.8848384424192212,0.8208367854183927,0.4353769676884838,3.877622377622378,5.140350877192981,6.384615384615385,3.8461538461538463,4.948571428571428,1
72,2020-09-03,2020-09-18,10,grüne,19.0,17.0,2.0,2.0,0.25,0.75,1.256060606060606,0.2205882352941176,0.4705882352941176,0.0588235294117647,0.9705882352941176,1.8571428571428568,0.0,1.5,0.8823529411764706,34,7,1,20,17,68,55,482.5,True,False,1.0,Bündnis 90/Die Grünen,0.5,0.1029411764705882,0.0147058823529411,0.2941176470588235,0.25,444,156,36,15,112,130,0.0765765765765765,0.0157657657657657,0.0022522522522522,0.045045045045045,0.0382882882882882,0.2179487179487179,0.1944444444444444,0.0666666666666666,0.1785714285714285,0.1307692307692307,Opposition,0.0,1.0,19.0,WP19,2020,9,15,0.9342723004694836,2.8028169014084505,6.647740112994351,0.943661971830986,1.3943661971830985,0.4647887323943662,7.423076923076923,8.473684210526315,8.384615384615385,6.0,7.02,71,59,26,19,13,27,50,0.3661971830985915,0.2676056338028169,0.1830985915492957,0.380281690140845,0.704225352112676,0.6842723004694835,2.0528169014084505,5.391679506933745,0.7230737365368682,0.9237779618889808,0.4059652029826014,6.452488687782806,6.616541353383457,8.384615384615385,4.5,6.137647058823529,2
72,2020-09-03,2020-09-18,10,linke,7.0,8.0,-1.0,1.0,0.4535519125683059,1.360655737704918,0.9954954954954957,0.4590163934426229,0.8688524590163934,0.0327868852459016,0.7083333333333334,1.0,,1.2142857142857142,1.0,24,4,0,14,18,61,37,522.0983606557377,True,False,0.0,Die Linke,0.3934426229508196,0.0655737704918032,0.0,0.2295081967213114,0.2950819672131147,444,156,36,15,112,130,0.054054054054054,0.009009009009009,0.0,0.0315315315315315,0.0405405405405405,0.1538461538461538,0.1111111111111111,0.0,0.125,0.1384615384615384,Opposition,0.0,1.0,19.0,WP19,2020,9,15,0.9342723004694836,2.8028169014084505,6.647740112994351,0.943661971830986,1.3943661971830985,0.4647887323943662,7.423076923076923,8.473684210526315,8.384615384615385,6.0,7.02,71,59,26,19,13,27,50,0.3661971830985915,0.2676056338028169,0.1830985915492957,0.380281690140845,0.704225352112676,0.4807203879011775,1.4421611637035323,5.652244617498855,0.4846455783883629,0.5255137381667051,0.4320018471484645,6.71474358974359,7.473684210526315,,4.785714285714286,6.02,3
72,2020-09-03,2020-09-18,10,spd,17.0,16.0,1.0,1.0,0.145631067961165,0.4368932038834951,1.2442129629629628,0.1262135922330097,0.2427184466019417,0.0679611650485436,1.0294117647058822,3.4545454545454546,1.25,1.3928571428571428,0.9285714285714286,34,11,8,28,28,103,72,600.3495145631068,True,False,2.0,SPD,0.3300970873786408,0.1067961165048543,0.0776699029126213,0.2718446601941747,0.2718446601941747,444,156,36,15,112,130,0.0765765765765765,0.0247747747747747,0.018018018018018,0.063063063063063,0.063063063063063,0.2179487179487179,0.3055555555555556,0.5333333333333333,0.25,0.2153846153846154,Regierung,1.0,0.0,19.0,WP19,2020,9,15,0.9342723004694836,2.8028169014084505,6.647740112994351,0.943661971830986,1.3943661971830985,0.4647887323943662,7.423076923076923,8.473684210526315,8.384615384615385,6.0,7.02,71,59,26,19,13,27,50,0.3661971830985915,0.2676056338028169,0.1830985915492957,0.380281690140845,0.704225352112676,0.7886412325083185,2.365923697524956,5.403527150031388,0.8174483795979761,1.1516477505811569,0.3968275673458225,6.393665158371041,5.01913875598086,7.134615384615385,4.607142857142858,6.091428571428571,4
73,2020-09-18,2020-10-01,10,cdu/csu,36.0,36.0,0.0,0.0,0.1269841269841269,0.3809523809523809,2.1777777777777776,0.0793650793650793,0.2698412698412698,0.0317460317460317,3.0454545454545454,2.8,1.5,2.0,1.935483870967742,22,5,4,12,31,63,45,804.9206349206349,True,False,4.0,CDU/CSU,0.3492063492063492,0.0793650793650793,0.0634920634920634,0.1904761904761904,0.492063492063492,234,65,54,14,39,126,0.094017094017094,0.0213675213675213,0.017094017094017,0.0512820512820512,0.1324786324786324,0.3384615384615385,0.0925925925925925,0.2857142857142857,0.3076923076923077,0.246031746031746,Regierung,1.0,0.0,19.0,WP19,2020,9,13,0.9904761904761904,2.9714285714285715,7.218390804597702,0.9142857142857144,1.6,0.4571428571428571,7.461538461538462,8.583333333333334,8.0,6.9,7.166666666666667,35,29,13,12,4,10,24,0.3714285714285714,0.3428571428571428,0.1142857142857142,0.2857142857142857,0.6857142857142857,0.8634920634920634,2.5904761904761906,5.0406130268199245,0.8349206349206348,1.3301587301587303,0.4253968253968254,4.416083916083917,5.783333333333334,6.5,4.9,5.231182795698925,0
73,2020-09-18,2020-10-01,10,fdp,5.0,6.0,-1.0,1.0,0.2888888888888888,0.8666666666666667,2.504166666666667,0.2333333333333333,0.6333333333333333,0.0,3.75,4.5,1.0,2.0,2.1333333333333333,8,2,1,6,15,30,20,687.6666666666666,True,False,3.0,FDP,0.2666666666666666,0.0666666666666666,0.0333333333333333,0.2,0.5,234,65,54,14,39,126,0.0341880341880341,0.0085470085470085,0.0042735042735042,0.0256410256410256,0.0641025641025641,0.123076923076923,0.037037037037037,0.0714285714285714,0.1538461538461538,0.119047619047619,Opposition,0.0,1.0,19.0,WP19,2020,9,13,0.9904761904761904,2.9714285714285715,7.218390804597702,0.9142857142857144,1.6,0.4571428571428571,7.461538461538462,8.583333333333334,8.0,6.9,7.166666666666667,35,29,13,12,4,10,24,0.3714285714285714,0.3428571428571428,0.1142857142857142,0.2857142857142857,0.6857142857142857,0.7015873015873015,2.104761904761905,4.714224137931035,0.680952380952381,0.9666666666666668,0.4571428571428571,3.7115384615384617,4.083333333333334,7.0,4.9,5.033333333333333,1
73,2020-09-18,2020-10-01,10,grüne,20.0,19.0,1.0,1.0,0.3444444444444444,1.0333333333333334,1.178030303030303,0.2333333333333333,0.7333333333333333,0.0666666666666666,1.4166666666666667,1.0,0.0,0.5,1.181818181818182,12,4,4,4,11,30,22,643.0666666666667,True,False,1.0,Bündnis 90/Die Grünen,0.4,0.1333333333333333,0.1333333333333333,0.1333333333333333,0.3666666666666666,234,65,54,14,39,126,0.0512820512820512,0.017094017094017,0.017094017094017,0.017094017094017,0.047008547008547,0.1846153846153846,0.074074074074074,0.2857142857142857,0.1025641025641025,0.0873015873015873,Opposition,0.0,1.0,19.0,WP19,2020,9,13,0.9904761904761904,2.9714285714285715,7.218390804597702,0.9142857142857144,1.6,0.4571428571428571,7.461538461538462,8.583333333333334,8.0,6.9,7.166666666666667,35,29,13,12,4,10,24,0.3714285714285714,0.3428571428571428,0.1142857142857142,0.2857142857142857,0.6857142857142857,0.646031746031746,1.938095238095238,6.040360501567399,0.680952380952381,0.8666666666666668,0.3904761904761905,6.044871794871795,7.583333333333334,8.0,6.4,5.984848484848485,2
73,2020-09-18,2020-10-01,10,linke,8.0,7.0,1.0,1.0,0.3888888888888889,1.1666666666666667,1.3083333333333331,0.3666666666666666,0.8,0.0,1.5454545454545454,0.6666666666666666,1.0,1.0,1.5833333333333333,11,3,1,6,12,30,20,619.3,True,False,0.0,Die Linke,0.3666666666666666,0.1,0.0333333333333333,0.2,0.4,234,65,54,14,39,126,0.047008547008547,0.0128205128205128,0.0042735042735042,0.0256410256410256,0.0512820512820512,0.1692307692307692,0.0555555555555555,0.0714285714285714,0.1538461538461538,0.0952380952380952,Opposition,0.0,1.0,19.0,WP19,2020,9,13,0.9904761904761904,2.9714285714285715,7.218390804597702,0.9142857142857144,1.6,0.4571428571428571,7.461538461538462,8.583333333333334,8.0,6.9,7.166666666666667,35,29,13,12,4,10,24,0.3714285714285714,0.3428571428571428,0.1142857142857142,0.2857142857142857,0.6857142857142857,0.6015873015873014,1.8047619047619048,5.910057471264368,0.5476190476190477,0.8,0.4571428571428571,5.916083916083917,7.916666666666667,7.0,5.9,5.583333333333334,3
73,2020-09-18,2020-10-01,10,spd,16.0,17.0,-1.0,1.0,0.1193415637860082,0.3580246913580246,1.0694444444444444,0.1234567901234567,0.2222222222222222,0.0123456790123456,1.9166666666666667,1.075,0.25,0.8181818181818182,0.9649122807017544,12,40,4,11,57,81,66,769.8148148148148,True,False,2.0,SPD,0.1481481481481481,0.4938271604938271,0.0493827160493827,0.1358024691358024,0.7037037037037037,234,65,54,14,39,126,0.0512820512820512,0.1709401709401709,0.017094017094017,0.047008547008547,0.2435897435897435,0.1846153846153846,0.7407407407407407,0.2857142857142857,0.282051282051282,0.4523809523809524,Regierung,1.0,0.0,19.0,WP19,2020,9,13,0.9904761904761904,2.9714285714285715,7.218390804597702,0.9142857142857144,1.6,0.4571428571428571,7.461538461538462,8.583333333333334,8.0,6.9,7.166666666666667,35,29,13,12,4,10,24,0.3714285714285714,0.3428571428571428,0.1142857142857142,0.2857142857142857,0.6857142857142857,0.8711346266901822,2.613403880070547,6.148946360153257,0.7908289241622575,1.3777777777777778,0.4447971781305114,5.544871794871795,7.508333333333334,7.75,6.081818181818182,6.201754385964913,4
74,2020-10-01,2020-10-16,10,cdu/csu,35.0,36.0,-1.0,1.0,0.1366120218579234,0.4098360655737705,2.2816901408450705,0.1147540983606557,0.2295081967213114,0.0655737704918032,3.2222222222222223,3.1333333333333333,0.6923076923076923,2.5,1.4210526315789471,18,15,13,24,38,122,71,752.5,True,False,4.0,CDU/CSU,0.1475409836065573,0.1229508196721311,0.1065573770491803,0.1967213114754098,0.3114754098360656,384,69,42,45,88,115,0.046875,0.0390625,0.0338541666666666,0.0625,0.0989583333333333,0.2608695652173913,0.3571428571428571,0.2888888888888888,0.2727272727272727,0.3304347826086956,Regierung,1.0,0.0,19.0,WP19,2020,10,15,0.9362745098039216,2.8088235294117645,6.989367816091954,0.9411764705882352,1.3823529411764706,0.4852941176470588,8.11111111111111,8.458333333333334,7.705882352941177,5.928571428571429,7.431818181818182,68,58,18,24,17,28,44,0.2647058823529412,0.3529411764705882,0.25,0.4117647058823529,0.6470588235294118,0.7996624879459981,2.3989874638379938,4.707677675246883,0.8264223722275795,1.152844744455159,0.4197203471552555,4.888888888888888,5.325000000000001,7.013574660633484,3.428571428571429,6.010765550239235,0
74,2020-10-01,2020-10-16,10,fdp,6.0,5.0,1.0,1.0,0.2833333333333333,0.85,2.6444444444444444,0.25,0.5666666666666667,0.0333333333333333,4.875,4.0,1.0,2.2,2.0,8,5,3,15,17,60,30,582.8666666666667,True,False,3.0,FDP,0.1333333333333333,0.0833333333333333,0.05,0.25,0.2833333333333333,384,69,42,45,88,115,0.0208333333333333,0.0130208333333333,0.0078125,0.0390625,0.0442708333333333,0.1159420289855072,0.119047619047619,0.0666666666666666,0.1704545454545454,0.1478260869565217,Opposition,0.0,1.0,19.0,WP19,2020,10,15,0.9362745098039216,2.8088235294117645,6.989367816091954,0.9411764705882352,1.3823529411764706,0.4852941176470588,8.11111111111111,8.458333333333334,7.705882352941177,5.928571428571429,7.431818181818182,68,58,18,24,17,28,44,0.2647058823529412,0.3529411764705882,0.25,0.4117647058823529,0.6470588235294118,0.6529411764705882,1.9588235294117644,4.344923371647509,0.6911764705882353,0.8156862745098039,0.4519607843137255,3.2361111111111107,4.458333333333334,6.705882352941177,3.7285714285714286,5.431818181818182,1
74,2020-10-01,2020-10-16,10,grüne,21.0,20.0,1.0,1.0,0.3273809523809524,0.9821428571428572,0.9900793650793652,0.3392857142857143,0.625,0.0178571428571428,1.0588235294117647,2.25,0.3636363636363636,1.0,0.8,17,8,11,15,20,56,42,562.7857142857143,True,False,1.0,Bündnis 90/Die Grünen,0.3035714285714285,0.1428571428571428,0.1964285714285714,0.2678571428571428,0.3571428571428571,384,69,42,45,88,115,0.0442708333333333,0.0208333333333333,0.0286458333333333,0.0390625,0.0520833333333333,0.2463768115942029,0.1904761904761904,0.2444444444444444,0.1704545454545454,0.1739130434782608,Opposition,0.0,1.0,19.0,WP19,2020,10,15,0.9362745098039216,2.8088235294117645,6.989367816091954,0.9411764705882352,1.3823529411764706,0.4852941176470588,8.11111111111111,8.458333333333334,7.705882352941177,5.928571428571429,7.431818181818182,68,58,18,24,17,28,44,0.2647058823529412,0.3529411764705882,0.25,0.4117647058823529,0.6470588235294118,0.6088935574229692,1.8266806722689075,5.999288451012589,0.601890756302521,0.7573529411764706,0.4674369747899159,7.052287581699346,6.208333333333334,7.342245989304813,4.928571428571429,6.631818181818182,2
74,2020-10-01,2020-10-16,10,linke,8.0,8.0,0.0,0.0,0.5321637426900585,1.5964912280701755,1.15625,0.6140350877192983,0.9473684210526316,0.0350877192982456,1.2222222222222223,1.4,0.3333333333333333,1.1333333333333333,0.9166666666666666,9,5,6,15,12,57,32,544.2982456140351,True,False,0.0,Die Linke,0.1578947368421052,0.087719298245614,0.1052631578947368,0.2631578947368421,0.2105263157894736,384,69,42,45,88,115,0.0234375,0.0130208333333333,0.015625,0.0390625,0.03125,0.1304347826086956,0.119047619047619,0.1333333333333333,0.1704545454545454,0.1043478260869565,Opposition,0.0,1.0,19.0,WP19,2020,10,15,0.9362745098039216,2.8088235294117645,6.989367816091954,0.9411764705882352,1.3823529411764706,0.4852941176470588,8.11111111111111,8.458333333333334,7.705882352941177,5.928571428571429,7.431818181818182,68,58,18,24,17,28,44,0.2647058823529412,0.3529411764705882,0.25,0.4117647058823529,0.6470588235294118,0.404110767113863,1.212332301341589,5.833117816091954,0.327141382868937,0.434984520123839,0.4502063983488132,6.888888888888888,7.058333333333334,7.372549019607844,4.795238095238096,6.515151515151515,3
74,2020-10-01,2020-10-16,10,spd,15.0,16.0,-1.0,1.0,0.1535580524344569,0.4606741573033708,1.3989795918367347,0.146067415730337,0.2696629213483146,0.0449438202247191,1.8823529411764703,1.7777777777777777,0.5,1.3157894736842106,0.8928571428571429,17,9,12,19,28,89,49,655.6067415730337,True,False,2.0,SPD,0.1910112359550561,0.1011235955056179,0.1348314606741573,0.2134831460674157,0.3146067415730337,384,69,42,45,88,115,0.0442708333333333,0.0234375,0.03125,0.0494791666666666,0.0729166666666666,0.2463768115942029,0.2142857142857142,0.2666666666666666,0.2159090909090909,0.2434782608695652,Regierung,1.0,0.0,19.0,WP19,2020,10,15,0.9362745098039216,2.8088235294117645,6.989367816091954,0.9411764705882352,1.3823529411764706,0.4852941176470588,8.11111111111111,8.458333333333334,7.705882352941177,5.928571428571429,7.431818181818182,68,58,18,24,17,28,44,0.2647058823529412,0.3529411764705882,0.25,0.4117647058823529,0.6470588235294118,0.7827164573694647,2.3481493721083937,5.590388224255219,0.7951090548578982,1.112690019828156,0.4403502974223397,6.22875816993464,6.680555555555556,7.205882352941177,4.612781954887218,6.538961038961038,4
75,2020-10-16,2020-11-12,11,cdu/csu,35.0,35.0,0.0,0.0,0.1143410852713178,0.3430232558139535,2.967889908256881,0.0465116279069767,0.1802325581395348,0.1162790697674418,1.9545454545454544,6.0,4.0,3.892307692307692,1.9384615384615385,22,23,12,65,65,172,109,662.5872093023256,True,False,4.0,CDU/CSU,0.127906976744186,0.1337209302325581,0.0697674418604651,0.377906976744186,0.377906976744186,493,75,56,46,199,176,0.0446247464503042,0.0466531440162271,0.024340770791075,0.1318458417849898,0.1318458417849898,0.2933333333333333,0.4107142857142857,0.2608695652173913,0.3266331658291457,0.3693181818181818,Regierung,1.0,0.0,19.0,WP19,2020,10,27,0.8847736625514404,2.654320987654321,6.852564102564103,0.8641975308641975,1.2839506172839503,0.5061728395061729,8.615384615384615,8.12,7.375,6.454545454545454,7.0638297872340425,81,65,13,25,16,44,47,0.1604938271604938,0.3086419753086419,0.1975308641975308,0.5432098765432098,0.5802469135802469,0.7704325772801226,2.311297731840367,3.8846741943072223,0.8176859029572208,1.1037180591444158,0.389893769738731,6.66083916083916,2.119999999999999,3.375,2.562237762237762,5.125368248772504,0
75,2020-10-16,2020-11-12,11,fdp,6.0,6.0,0.0,0.0,0.2342342342342342,0.7027027027027027,2.2766666666666664,0.1351351351351351,0.5,0.0675675675675675,4.0,5.166666666666667,2.4285714285714284,2.206896551724138,1.8928571428571428,9,6,7,29,28,74,50,502.3378378378378,True,False,3.0,FDP,0.1216216216216216,0.081081081081081,0.0945945945945946,0.3918918918918919,0.3783783783783784,493,75,56,46,199,176,0.0182555780933062,0.0121703853955375,0.0141987829614604,0.0588235294117647,0.0567951318458417,0.12,0.1071428571428571,0.1521739130434782,0.1457286432160804,0.1590909090909091,Opposition,0.0,1.0,19.0,WP19,2020,10,27,0.8847736625514404,2.654320987654321,6.852564102564103,0.8641975308641975,1.2839506172839503,0.5061728395061729,8.615384615384615,8.12,7.375,6.454545454545454,7.0638297872340425,81,65,13,25,16,44,47,0.1604938271604938,0.3086419753086419,0.1975308641975308,0.5432098765432098,0.5802469135802469,0.6505394283172061,1.9516182849516184,4.575897435897437,0.7290623957290623,0.7839506172839505,0.4386052719386053,4.615384615384615,2.9533333333333323,4.946428571428571,4.247648902821316,5.170972644376899,1
75,2020-10-16,2020-11-12,11,grüne,20.0,21.0,-1.0,1.0,0.2270531400966183,0.6811594202898551,1.3692810457516338,0.1014492753623188,0.4927536231884058,0.0869565217391304,0.8823529411764706,3.6666666666666665,0.4285714285714285,1.7586206896551724,1.0,17,6,7,29,26,69,51,535.6521739130435,True,False,1.0,Bündnis 90/Die Grünen,0.2463768115942029,0.0869565217391304,0.1014492753623188,0.4202898550724637,0.3768115942028985,493,75,56,46,199,176,0.0344827586206896,0.0121703853955375,0.0141987829614604,0.0588235294117647,0.0527383367139959,0.2266666666666666,0.1071428571428571,0.1521739130434782,0.1457286432160804,0.1477272727272727,Opposition,0.0,1.0,19.0,WP19,2020,10,27,0.8847736625514404,2.654320987654321,6.852564102564103,0.8641975308641975,1.2839506172839503,0.5061728395061729,8.615384615384615,8.12,7.375,6.454545454545454,7.0638297872340425,81,65,13,25,16,44,47,0.1604938271604938,0.3086419753086419,0.1975308641975308,0.5432098765432098,0.5802469135802469,0.657720522454822,1.9731615673644656,5.4832830568124695,0.7627482555018786,0.7911969940955448,0.4192163177670424,7.733031674208144,4.453333333333333,6.946428571428571,4.6959247648902815,6.0638297872340425,2
75,2020-10-16,2020-11-12,11,linke,7.0,8.0,-1.0,1.0,0.4776119402985074,1.4328358208955223,1.724074074074074,0.4477611940298507,0.8059701492537313,0.1791044776119403,1.0909090909090908,4.4,0.6363636363636364,1.4285714285714286,1.15,11,10,11,28,20,67,45,519.0149253731344,True,False,0.0,Die Linke,0.1641791044776119,0.1492537313432835,0.1641791044776119,0.417910447761194,0.2985074626865671,493,75,56,46,199,176,0.0223123732251521,0.0202839756592292,0.0223123732251521,0.0567951318458417,0.0405679513184584,0.1466666666666666,0.1785714285714285,0.2391304347826087,0.1407035175879397,0.1136363636363636,Opposition,0.0,1.0,19.0,WP19,2020,10,27,0.8847736625514404,2.654320987654321,6.852564102564103,0.8641975308641975,1.2839506172839503,0.5061728395061729,8.615384615384615,8.12,7.375,6.454545454545454,7.0638297872340425,81,65,13,25,16,44,47,0.1604938271604938,0.3086419753086419,0.1975308641975308,0.5432098765432098,0.5802469135802469,0.4071617222529329,1.2214851667587985,5.128490028490029,0.4164363368343467,0.4779804680302192,0.3270683618942326,7.524475524475524,3.719999999999999,6.738636363636363,5.025974025974025,5.913829787234043,3
75,2020-10-16,2020-11-12,11,spd,15.0,15.0,0.0,0.0,0.1081081081081081,0.3243243243243243,1.5819444444444446,0.072072072072072,0.1621621621621621,0.09009009009009,1.3125,3.0,0.6666666666666666,1.75,0.7837837837837838,16,11,9,48,37,111,72,630.7657657657658,True,False,2.0,SPD,0.1441441441441441,0.0990990990990991,0.081081081081081,0.4324324324324324,0.3333333333333333,493,75,56,46,199,176,0.0324543610547667,0.0223123732251521,0.0182555780933062,0.0973630831643002,0.075050709939148,0.2133333333333333,0.1964285714285714,0.1956521739130435,0.2412060301507537,0.2102272727272727,Regierung,1.0,0.0,19.0,WP19,2020,10,27,0.8847736625514404,2.654320987654321,6.852564102564103,0.8641975308641975,1.2839506172839503,0.5061728395061729,8.615384615384615,8.12,7.375,6.454545454545454,7.0638297872340425,81,65,13,25,16,44,47,0.1604938271604938,0.3086419753086419,0.1975308641975308,0.5432098765432098,0.5802469135802469,0.7766655544433323,2.3299966633299967,5.270619658119658,0.7921254587921254,1.1217884551217885,0.4160827494160828,7.302884615384615,5.119999999999999,6.708333333333333,4.704545454545454,6.280046003450259,4
76,2020-11-12,2020-11-27,10,cdu/csu,36.0,35.0,1.0,1.0,0.1038647342995169,0.3115942028985507,2.147058823529412,0.0579710144927536,0.2101449275362318,0.0434782608695652,2.6875,4.6,1.3333333333333333,2.4791666666666665,1.4893617021276595,16,5,6,48,47,138,85,673.6594202898551,True,False,4.0,CDU/CSU,0.1159420289855072,0.036231884057971,0.0434782608695652,0.3478260869565217,0.3405797101449275,402,64,25,41,148,127,0.0398009950248756,0.0124378109452736,0.0149253731343283,0.1194029850746268,0.1169154228855721,0.25,0.2,0.1463414634146341,0.3243243243243243,0.3700787401574803,Regierung,1.0,0.0,19.0,WP19,2020,11,15,0.796875,2.390625,6.556603773584905,0.796875,1.28125,0.3125,7.538461538461538,8.071428571428571,7.222222222222222,6.09375,7.4411764705882355,64,53,13,14,9,32,34,0.203125,0.21875,0.140625,0.5,0.53125,0.6930102657004831,2.079030797101449,4.409544950055494,0.7389039855072463,1.071105072463768,0.2690217391304348,4.850961538461538,3.4714285714285715,5.888888888888889,3.6145833333333335,5.951814768460576,0
76,2020-11-12,2020-11-27,10,fdp,6.0,6.0,0.0,0.0,0.1919191919191919,0.5757575757575758,2.1595744680851063,0.0909090909090909,0.4545454545454545,0.0303030303030303,4.857142857142857,2.25,1.6666666666666667,1.5769230769230769,1.3888888888888888,7,4,6,26,18,66,47,501.59090909090907,True,False,3.0,FDP,0.106060606060606,0.0606060606060606,0.0909090909090909,0.3939393939393939,0.2727272727272727,402,64,25,41,148,127,0.017412935323383,0.0099502487562189,0.0149253731343283,0.0646766169154228,0.044776119402985,0.109375,0.16,0.1463414634146341,0.1756756756756756,0.1417322834645669,Opposition,0.0,1.0,19.0,WP19,2020,11,15,0.796875,2.390625,6.556603773584905,0.796875,1.28125,0.3125,7.538461538461538,8.071428571428571,7.222222222222222,6.09375,7.4411764705882355,64,53,13,14,9,32,34,0.203125,0.21875,0.140625,0.5,0.53125,0.6049558080808081,1.8148674242424243,4.3970293054998,0.7059659090909091,0.8267045454545454,0.2821969696969697,2.6813186813186816,5.821428571428571,5.555555555555555,4.516826923076923,6.052287581699346,1
76,2020-11-12,2020-11-27,10,grüne,20.0,20.0,0.0,0.0,0.2242424242424242,0.6727272727272727,1.304263565891473,0.109090909090909,0.4727272727272727,0.0909090909090909,1.3846153846153846,2.75,0.625,1.2173913043478262,0.9444444444444444,13,4,8,23,18,55,43,541.1818181818181,True,False,1.0,Bündnis 90/Die Grünen,0.2363636363636363,0.0727272727272727,0.1454545454545454,0.4181818181818181,0.3272727272727272,402,64,25,41,148,127,0.0323383084577114,0.0099502487562189,0.0199004975124378,0.0572139303482587,0.044776119402985,0.203125,0.16,0.1951219512195122,0.1554054054054054,0.1417322834645669,Opposition,0.0,1.0,19.0,WP19,2020,11,15,0.796875,2.390625,6.556603773584905,0.796875,1.28125,0.3125,7.538461538461538,8.071428571428571,7.222222222222222,6.09375,7.4411764705882355,64,53,13,14,9,32,34,0.203125,0.21875,0.140625,0.5,0.53125,0.5726325757575758,1.7178977272727272,5.2523402076934325,0.6877840909090909,0.8085227272727273,0.2215909090909091,6.153846153846153,5.321428571428571,6.597222222222222,4.876358695652174,6.496732026143791,2
76,2020-11-12,2020-11-27,10,linke,7.0,7.0,0.0,0.0,0.5094339622641509,1.528301886792453,1.7735042735042736,0.490566037735849,0.8867924528301887,0.1509433962264151,1.5,5.0,1.6666666666666667,1.8333333333333333,1.947368421052632,12,4,6,18,19,53,39,549.0754716981132,True,False,0.0,Die Linke,0.2264150943396226,0.0754716981132075,0.1132075471698113,0.3396226415094339,0.3584905660377358,402,64,25,41,148,127,0.0298507462686567,0.0099502487562189,0.0149253731343283,0.044776119402985,0.0472636815920398,0.1875,0.16,0.1463414634146341,0.1216216216216216,0.1496062992125984,Opposition,0.0,1.0,19.0,WP19,2020,11,15,0.796875,2.390625,6.556603773584905,0.796875,1.28125,0.3125,7.538461538461538,8.071428571428571,7.222222222222222,6.09375,7.4411764705882355,64,53,13,14,9,32,34,0.203125,0.21875,0.140625,0.5,0.53125,0.287441037735849,0.8623231132075471,4.783099500080632,0.3063089622641509,0.3944575471698113,0.1615566037735849,6.038461538461538,3.071428571428571,5.555555555555555,4.260416666666667,5.493808049535604,3
76,2020-11-12,2020-11-27,10,spd,15.0,15.0,0.0,0.0,0.1481481481481481,0.4444444444444444,1.441358024691358,0.1333333333333333,0.2222222222222222,0.0888888888888888,1.5,2.0,0.9333333333333332,1.4545454545454546,1.04,16,8,15,33,25,90,54,614.0555555555555,True,False,2.0,SPD,0.1777777777777777,0.0888888888888888,0.1666666666666666,0.3666666666666666,0.2777777777777778,402,64,25,41,148,127,0.0398009950248756,0.0199004975124378,0.0373134328358208,0.0820895522388059,0.0621890547263681,0.25,0.32,0.3658536585365853,0.2229729729729729,0.1968503937007874,Regierung,1.0,0.0,19.0,WP19,2020,11,15,0.796875,2.390625,6.556603773584905,0.796875,1.28125,0.3125,7.538461538461538,8.071428571428571,7.222222222222222,6.09375,7.4411764705882355,64,53,13,14,9,32,34,0.203125,0.21875,0.140625,0.5,0.53125,0.6487268518518519,1.946180555555556,5.115245748893548,0.6635416666666667,1.0590277777777777,0.2236111111111111,6.038461538461538,6.071428571428571,6.288888888888889,4.639204545454545,6.401176470588236,4
77,2020-11-27,2020-12-03,11,cdu/csu,35.0,36.0,-1.0,1.0,0.0303030303030303,0.0909090909090909,0.9696969696969696,0.0,0.0909090909090909,0.0,2.0,,0.8333333333333334,0.625,0.4,1,0,6,8,5,22,11,720.0,True,False,4.0,CDU/CSU,0.0454545454545454,0.0,0.2727272727272727,0.3636363636363636,0.2272727272727272,66,2,5,22,22,14,0.0151515151515151,0.0,0.0909090909090909,0.1212121212121212,0.0757575757575757,0.5,0.0,0.2727272727272727,0.3636363636363636,0.3571428571428571,Regierung,1.0,0.0,19.0,WP19,2020,11,6,1.2121212121212122,3.636363636363636,7.428571428571429,1.3636363636363635,1.6363636363636365,0.6363636363636364,,9.0,6.666666666666667,8.4,8.333333333333334,11,7,0,3,3,5,6,0.0,0.2727272727272727,0.2727272727272727,0.4545454545454545,0.5454545454545454,1.181818181818182,3.5454545454545454,6.458874458874459,1.3636363636363635,1.5454545454545456,0.6363636363636364,,,5.833333333333334,7.775,7.933333333333334,0
77,2020-11-27,2020-12-03,11,fdp,7.0,6.0,1.0,1.0,0.1515151515151515,0.4545454545454545,0.7222222222222223,0.0909090909090909,0.3636363636363636,0.0,,1.0,0.6,0.5,0.0,0,1,5,4,2,11,6,522.8181818181819,True,False,3.0,FDP,0.0,0.0909090909090909,0.4545454545454545,0.3636363636363636,0.1818181818181818,66,2,5,22,22,14,0.0,0.0151515151515151,0.0757575757575757,0.0606060606060606,0.0303030303030303,0.0,0.2,0.2272727272727272,0.1818181818181818,0.1428571428571428,Opposition,0.0,1.0,19.0,WP19,2020,11,6,1.2121212121212122,3.636363636363636,7.428571428571429,1.3636363636363635,1.6363636363636365,0.6363636363636364,,9.0,6.666666666666667,8.4,8.333333333333334,11,7,0,3,3,5,6,0.0,0.2727272727272727,0.2727272727272727,0.4545454545454545,0.5454545454545454,1.0606060606060606,3.1818181818181817,6.706349206349207,1.2727272727272727,1.272727272727273,0.6363636363636364,,8.0,6.066666666666667,7.9,8.333333333333334,1
77,2020-11-27,2020-12-03,11,grüne,21.0,20.0,1.0,1.0,0.125,0.375,1.0,0.125,0.25,0.0,2.0,0.0,0.3333333333333333,0.6666666666666666,0.0,1,1,3,3,2,8,5,617.875,True,False,1.0,Bündnis 90/Die Grünen,0.125,0.125,0.375,0.375,0.25,66,2,5,22,22,14,0.0151515151515151,0.0151515151515151,0.0454545454545454,0.0454545454545454,0.0303030303030303,0.5,0.2,0.1363636363636363,0.1363636363636363,0.1428571428571428,Opposition,0.0,1.0,19.0,WP19,2020,11,6,1.2121212121212122,3.636363636363636,7.428571428571429,1.3636363636363635,1.6363636363636365,0.6363636363636364,,9.0,6.666666666666667,8.4,8.333333333333334,11,7,0,3,3,5,6,0.0,0.2727272727272727,0.2727272727272727,0.4545454545454545,0.5454545454545454,1.0871212121212122,3.261363636363636,6.428571428571429,1.2386363636363635,1.3863636363636365,0.6363636363636364,,9.0,6.333333333333334,7.733333333333333,8.333333333333334,2
77,2020-11-27,2020-12-03,11,linke,7.0,7.0,0.0,0.0,0.3703703703703703,1.1111111111111112,0.1666666666666666,0.5555555555555556,0.5555555555555556,0.0,,0.0,0.3333333333333333,0.0,0.0,0,1,3,2,2,9,3,552.5555555555555,True,False,0.0,Die Linke,0.0,0.1111111111111111,0.3333333333333333,0.2222222222222222,0.2222222222222222,66,2,5,22,22,14,0.0,0.0151515151515151,0.0454545454545454,0.0303030303030303,0.0303030303030303,0.0,0.2,0.1363636363636363,0.0909090909090909,0.1428571428571428,Opposition,0.0,1.0,19.0,WP19,2020,11,6,1.2121212121212122,3.636363636363636,7.428571428571429,1.3636363636363635,1.6363636363636365,0.6363636363636364,,9.0,6.666666666666667,8.4,8.333333333333334,11,7,0,3,3,5,6,0.0,0.2727272727272727,0.2727272727272727,0.4545454545454545,0.5454545454545454,0.8417508417508418,2.525252525252525,7.261904761904762,0.808080808080808,1.0808080808080809,0.6363636363636364,,9.0,6.333333333333334,8.4,8.333333333333334,3
77,2020-11-27,2020-12-03,11,spd,15.0,15.0,0.0,0.0,0.1041666666666666,0.3125,0.2083333333333333,0.0625,0.25,0.0,,0.5,0.2,0.0,0.0,0,2,5,5,3,16,6,630.75,True,False,2.0,SPD,0.0,0.125,0.3125,0.3125,0.1875,66,2,5,22,22,14,0.0,0.0303030303030303,0.0757575757575757,0.0757575757575757,0.0454545454545454,0.0,0.4,0.2272727272727272,0.2272727272727272,0.2142857142857142,Regierung,1.0,0.0,19.0,WP19,2020,11,6,1.2121212121212122,3.636363636363636,7.428571428571429,1.3636363636363635,1.6363636363636365,0.6363636363636364,,9.0,6.666666666666667,8.4,8.333333333333334,11,7,0,3,3,5,6,0.0,0.2727272727272727,0.2727272727272727,0.4545454545454545,0.5454545454545454,1.1079545454545454,3.323863636363636,7.220238095238096,1.3011363636363635,1.3863636363636365,0.6363636363636364,,8.5,6.466666666666667,8.4,8.333333333333334,4
78,2020-12-03,2020-12-11,10,cdu/csu,36.0,35.0,1.0,1.0,0.1016949152542373,0.3050847457627119,2.0723684210526314,0.0847457627118644,0.1694915254237288,0.0508474576271186,2.36,5.5,1.75,2.0,1.5769230769230769,25,4,4,11,26,59,38,922.8813559322034,True,False,4.0,CDU/CSU,0.423728813559322,0.0677966101694915,0.0677966101694915,0.1864406779661017,0.4406779661016949,198,73,12,24,42,75,0.1262626262626262,0.0202020202020202,0.0202020202020202,0.0555555555555555,0.1313131313131313,0.3424657534246575,0.3333333333333333,0.1666666666666666,0.2619047619047619,0.3466666666666667,Regierung,1.0,0.0,19.0,WP19,2020,12,8,1.0555555555555556,3.1666666666666665,7.700537634408602,1.0277777777777777,1.6388888888888888,0.5,8.153846153846153,8.777777777777779,8.333333333333334,7.263157894736842,8.12,36,31,13,9,9,19,25,0.3611111111111111,0.25,0.25,0.5277777777777778,0.6944444444444444,0.9538606403013185,2.8615819209039546,5.628169213355971,0.9430320150659132,1.46939736346516,0.4491525423728814,5.793846153846154,3.2777777777777786,6.583333333333334,5.2631578947368425,6.543076923076923,0
78,2020-12-03,2020-12-11,10,fdp,6.0,7.0,-1.0,1.0,0.238095238095238,0.7142857142857143,2.666666666666667,0.0714285714285714,0.6071428571428571,0.0357142857142857,4.75,4.0,1.0,1.7142857142857142,2.555555555555556,4,2,3,7,9,28,14,789.1785714285714,True,False,3.0,FDP,0.1428571428571428,0.0714285714285714,0.1071428571428571,0.25,0.3214285714285714,198,73,12,24,42,75,0.0202020202020202,0.0101010101010101,0.0151515151515151,0.0353535353535353,0.0454545454545454,0.0547945205479452,0.1666666666666666,0.125,0.1666666666666666,0.12,Opposition,0.0,1.0,19.0,WP19,2020,12,8,1.0555555555555556,3.1666666666666665,7.700537634408602,1.0277777777777777,1.6388888888888888,0.5,8.153846153846153,8.777777777777779,8.333333333333334,7.263157894736842,8.12,36,31,13,9,9,19,25,0.3611111111111111,0.25,0.25,0.5277777777777778,0.6944444444444444,0.8174603174603174,2.452380952380952,5.033870967741935,0.9563492063492064,1.0317460317460316,0.4642857142857143,3.4038461538461533,4.777777777777779,7.333333333333334,5.548872180451128,5.564444444444444,1
78,2020-12-03,2020-12-11,10,grüne,21.0,21.0,0.0,0.0,0.2365591397849462,0.7096774193548387,0.9280303030303032,0.1290322580645161,0.5806451612903226,0.0,1.125,2.0,0.8333333333333334,0.5,0.5454545454545454,16,1,6,6,11,31,22,714.3225806451613,True,False,1.0,Bündnis 90/Die Grünen,0.5161290322580645,0.032258064516129,0.1935483870967742,0.1935483870967742,0.3548387096774194,198,73,12,24,42,75,0.0808080808080808,0.005050505050505,0.0303030303030303,0.0303030303030303,0.0555555555555555,0.2191780821917808,0.0833333333333333,0.25,0.1428571428571428,0.1466666666666666,Opposition,0.0,1.0,19.0,WP19,2020,12,8,1.0555555555555556,3.1666666666666665,7.700537634408602,1.0277777777777777,1.6388888888888888,0.5,8.153846153846153,8.777777777777779,8.333333333333334,7.263157894736842,8.12,36,31,13,9,9,19,25,0.3611111111111111,0.25,0.25,0.5277777777777778,0.6944444444444444,0.8189964157706093,2.456989247311828,6.772507331378299,0.8987455197132616,1.0582437275985663,0.5,7.028846153846153,6.777777777777779,7.500000000000001,6.7631578947368425,7.574545454545454,2
78,2020-12-03,2020-12-11,10,linke,7.0,7.0,0.0,0.0,0.5,1.5,1.2142857142857142,0.53125,0.9375,0.03125,1.2727272727272727,2.333333333333333,0.0,0.4,1.3333333333333333,11,3,4,5,9,32,21,632.84375,True,False,0.0,Die Linke,0.34375,0.09375,0.125,0.15625,0.28125,198,73,12,24,42,75,0.0555555555555555,0.0151515151515151,0.0202020202020202,0.0252525252525252,0.0454545454545454,0.1506849315068493,0.25,0.1666666666666666,0.119047619047619,0.12,Opposition,0.0,1.0,19.0,WP19,2020,12,8,1.0555555555555556,3.1666666666666665,7.700537634408602,1.0277777777777777,1.6388888888888888,0.5,8.153846153846153,8.777777777777779,8.333333333333334,7.263157894736842,8.12,36,31,13,9,9,19,25,0.3611111111111111,0.25,0.25,0.5277777777777778,0.6944444444444444,0.5555555555555556,1.6666666666666663,6.486251920122887,0.4965277777777777,0.7013888888888888,0.46875,6.881118881118881,6.444444444444445,8.333333333333334,6.863157894736842,6.786666666666666,3
78,2020-12-03,2020-12-11,10,spd,15.0,15.0,0.0,0.0,0.0833333333333333,0.25,1.318627450980392,0.0833333333333333,0.1458333333333333,0.0208333333333333,1.6470588235294117,0.0,0.7142857142857143,1.9230769230769231,0.6,17,2,7,13,20,48,34,802.9791666666666,True,False,2.0,SPD,0.3541666666666667,0.0416666666666666,0.1458333333333333,0.2708333333333333,0.4166666666666667,198,73,12,24,42,75,0.0858585858585858,0.0101010101010101,0.0353535353535353,0.0656565656565656,0.101010101010101,0.2328767123287671,0.1666666666666666,0.2916666666666667,0.3095238095238095,0.2666666666666666,Regierung,1.0,0.0,19.0,WP19,2020,12,8,1.0555555555555556,3.1666666666666665,7.700537634408602,1.0277777777777777,1.6388888888888888,0.5,8.153846153846153,8.777777777777779,8.333333333333334,7.263157894736842,8.12,36,31,13,9,9,19,25,0.3611111111111111,0.25,0.25,0.5277777777777778,0.6944444444444444,0.9722222222222222,2.9166666666666665,6.38191018342821,0.9444444444444444,1.4930555555555556,0.4791666666666667,6.506787330316742,8.777777777777779,7.6190476190476195,5.340080971659919,7.52,4
79,2020-12-11,2021-01-07,9,cdu/csu,36.0,36.0,0.0,0.0,0.127906976744186,0.3837209302325581,2.6958333333333333,0.0930232558139534,0.2325581395348837,0.0581395348837209,3.0,5.166666666666667,2.0,2.5172413793103448,2.8421052631578947,7,6,5,29,19,86,40,757.3255813953489,True,False,4.0,CDU/CSU,0.0813953488372093,0.0697674418604651,0.0581395348837209,0.3372093023255814,0.2209302325581395,213,21,23,23,67,46,0.0328638497652582,0.028169014084507,0.0234741784037558,0.136150234741784,0.0892018779342723,0.3333333333333333,0.2608695652173913,0.217391304347826,0.4328358208955223,0.4130434782608695,Regierung,1.0,0.0,19.0,WP19,2020,12,27,0.9892473118279568,2.967741935483871,7.231884057971015,0.967741935483871,1.5161290322580645,0.4838709677419355,9.75,8.6,7.5,6.0,8.117647058823529,31,23,4,10,6,17,17,0.1290322580645161,0.3225806451612903,0.1935483870967742,0.5483870967741935,0.5483870967741935,0.8613403350837708,2.584021005251313,4.536050724637681,0.8747186796699176,1.2835708927231808,0.4257314328582146,6.75,3.4333333333333327,5.5,3.4827586206896552,5.275541795665634,0
79,2020-12-11,2021-01-07,9,fdp,6.0,6.0,0.0,0.0,0.2183908045977011,0.6551724137931034,2.2564102564102564,0.1379310344827586,0.4827586206896552,0.0344827586206896,7.0,4.5,1.3333333333333333,1.7,2.2,1,2,3,10,5,29,13,529.9310344827586,True,False,3.0,FDP,0.0344827586206896,0.0689655172413793,0.1034482758620689,0.3448275862068966,0.1724137931034483,213,21,23,23,67,46,0.0046948356807511,0.0093896713615023,0.0140845070422535,0.0469483568075117,0.0234741784037558,0.0476190476190476,0.0869565217391304,0.1304347826086956,0.1492537313432835,0.108695652173913,Opposition,0.0,1.0,19.0,WP19,2020,12,27,0.9892473118279568,2.967741935483871,7.231884057971015,0.967741935483871,1.5161290322580645,0.4838709677419355,9.75,8.6,7.5,6.0,8.117647058823529,31,23,4,10,6,17,17,0.1290322580645161,0.3225806451612903,0.1935483870967742,0.5483870967741935,0.5483870967741935,0.7708565072302558,2.312569521690768,4.975473801560758,0.8298109010011123,1.0333704115684093,0.4493882091212458,2.75,4.1,6.166666666666667,4.3,5.917647058823529,1
79,2020-12-11,2021-01-07,9,grüne,20.0,21.0,-1.0,1.0,0.367816091954023,1.103448275862069,1.0964912280701753,0.3103448275862069,0.5862068965517241,0.2068965517241379,0.8571428571428571,1.75,0.5,1.3,0.8571428571428571,7,4,4,10,7,29,19,524.0689655172414,True,False,1.0,Bündnis 90/Die Grünen,0.2413793103448276,0.1379310344827586,0.1379310344827586,0.3448275862068966,0.2413793103448276,213,21,23,23,67,46,0.0328638497652582,0.0187793427230046,0.0187793427230046,0.0469483568075117,0.0328638497652582,0.3333333333333333,0.1739130434782608,0.1739130434782608,0.1492537313432835,0.1521739130434782,Opposition,0.0,1.0,19.0,WP19,2020,12,27,0.9892473118279568,2.967741935483871,7.231884057971015,0.967741935483871,1.5161290322580645,0.4838709677419355,9.75,8.6,7.5,6.0,8.117647058823529,31,23,4,10,6,17,17,0.1290322580645161,0.3225806451612903,0.1935483870967742,0.5483870967741935,0.5483870967741935,0.6214312198739339,1.864293659621802,6.135392829900839,0.6573971078976641,0.9299221357063404,0.2769744160177976,8.892857142857142,6.85,7.0,4.7,7.260504201680672,2
79,2020-12-11,2021-01-07,9,linke,7.0,7.0,0.0,0.0,0.5679012345679012,1.7037037037037035,0.9404761904761904,0.5555555555555556,1.037037037037037,0.1111111111111111,1.5,1.0,0.6,0.8888888888888888,0.8,2,4,5,9,5,27,14,526.7777777777778,True,False,0.0,Die Linke,0.074074074074074,0.1481481481481481,0.1851851851851851,0.3333333333333333,0.1851851851851851,213,21,23,23,67,46,0.0093896713615023,0.0187793427230046,0.0234741784037558,0.0422535211267605,0.0234741784037558,0.0952380952380952,0.1739130434782608,0.217391304347826,0.1343283582089552,0.108695652173913,Opposition,0.0,1.0,19.0,WP19,2020,12,27,0.9892473118279568,2.967741935483871,7.231884057971015,0.967741935483871,1.5161290322580645,0.4838709677419355,9.75,8.6,7.5,6.0,8.117647058823529,31,23,4,10,6,17,17,0.1290322580645161,0.3225806451612903,0.1935483870967742,0.5483870967741935,0.5483870967741935,0.4213460772600557,1.2640382317801673,6.291407867494824,0.4121863799283154,0.4790919952210275,0.3727598566308244,8.25,7.6,6.9,5.111111111111111,7.317647058823529,3
79,2020-12-11,2021-01-07,9,spd,16.0,15.0,1.0,1.0,0.1269841269841269,0.3809523809523809,1.0147058823529411,0.119047619047619,0.238095238095238,0.0238095238095238,1.25,2.142857142857143,1.1666666666666667,0.8888888888888888,1.5,4,7,6,9,10,42,17,586.7380952380952,True,False,2.0,SPD,0.0952380952380952,0.1666666666666666,0.1428571428571428,0.2142857142857142,0.238095238095238,213,21,23,23,67,46,0.0187793427230046,0.0328638497652582,0.028169014084507,0.0422535211267605,0.0469483568075117,0.1904761904761904,0.3043478260869565,0.2608695652173913,0.1343283582089552,0.217391304347826,Regierung,1.0,0.0,19.0,WP19,2020,12,27,0.9892473118279568,2.967741935483871,7.231884057971015,0.967741935483871,1.5161290322580645,0.4838709677419355,9.75,8.6,7.5,6.0,8.117647058823529,31,23,4,10,6,17,17,0.1290322580645161,0.3225806451612903,0.1935483870967742,0.5483870967741935,0.5483870967741935,0.8622631848438299,2.58678955453149,6.2171781756180735,0.8486943164362519,1.2780337941628264,0.4600614439324116,8.5,6.457142857142857,6.333333333333333,5.111111111111111,6.617647058823529,4
80,2021-01-07,2021-01-22,10,cdu/csu,35.0,36.0,-1.0,1.0,0.1790123456790123,0.5370370370370371,2.4004629629629632,0.074074074074074,0.3148148148148148,0.1481481481481481,1.5,5.5,3.5,3.875,1.96,10,6,2,16,25,54,36,671.5555555555555,True,False,4.0,CDU/CSU,0.1851851851851851,0.1111111111111111,0.037037037037037,0.2962962962962963,0.4629629629629629,159,36,18,13,47,63,0.0628930817610062,0.0377358490566037,0.0125786163522012,0.10062893081761,0.1572327044025157,0.2777777777777778,0.3333333333333333,0.1538461538461538,0.3404255319148936,0.3968253968253968,Regierung,1.0,0.0,19.0,WP19,2021,1,15,0.7738095238095238,2.321428571428572,6.615079365079365,0.6428571428571429,1.3571428571428572,0.3214285714285714,7.0,8.666666666666666,7.5,6.363636363636363,6.666666666666667,28,21,5,3,2,11,18,0.1785714285714285,0.1071428571428571,0.0714285714285714,0.3928571428571428,0.6428571428571429,0.5947971781305115,1.7843915343915344,4.214616402116402,0.5687830687830688,1.0423280423280423,0.1732804232804233,5.5,3.166666666666666,4.0,2.4886363636363638,4.706666666666667,0
80,2021-01-07,2021-01-22,10,fdp,7.0,6.0,1.0,1.0,0.3478260869565217,1.0434782608695652,2.661764705882353,0.217391304347826,0.6956521739130435,0.1304347826086956,3.857142857142857,3.0,0.5,1.5714285714285714,1.5555555555555556,7,4,2,7,9,23,17,544.5652173913044,True,False,3.0,FDP,0.3043478260869565,0.1739130434782608,0.0869565217391304,0.3043478260869565,0.391304347826087,159,36,18,13,47,63,0.0440251572327044,0.0251572327044025,0.0125786163522012,0.0440251572327044,0.0566037735849056,0.1944444444444444,0.2222222222222222,0.1538461538461538,0.1489361702127659,0.1428571428571428,Opposition,0.0,1.0,19.0,WP19,2021,1,15,0.7738095238095238,2.321428571428572,6.615079365079365,0.6428571428571429,1.3571428571428572,0.3214285714285714,7.0,8.666666666666666,7.5,6.363636363636363,6.666666666666667,28,21,5,3,2,11,18,0.1785714285714285,0.1071428571428571,0.0714285714285714,0.3928571428571428,0.6428571428571429,0.4259834368530021,1.2779503105590064,3.953314659197012,0.4254658385093168,0.6614906832298137,0.1909937888198758,3.142857142857143,5.666666666666666,7.0,4.792207792207792,5.111111111111112,1
80,2021-01-07,2021-01-22,10,grüne,21.0,20.0,1.0,1.0,0.44,1.32,0.7916666666666666,0.44,0.8,0.08,0.625,1.0,0.0,1.375,0.1,8,2,2,8,10,25,18,529.12,True,False,1.0,Bündnis 90/Die Grünen,0.32,0.08,0.08,0.32,0.4,159,36,18,13,47,63,0.050314465408805,0.0125786163522012,0.0125786163522012,0.050314465408805,0.0628930817610062,0.2222222222222222,0.1111111111111111,0.1538461538461538,0.1702127659574468,0.1587301587301587,Opposition,0.0,1.0,19.0,WP19,2021,1,15,0.7738095238095238,2.321428571428572,6.615079365079365,0.6428571428571429,1.3571428571428572,0.3214285714285714,7.0,8.666666666666666,7.5,6.363636363636363,6.666666666666667,28,21,5,3,2,11,18,0.1785714285714285,0.1071428571428571,0.0714285714285714,0.3928571428571428,0.6428571428571429,0.3338095238095238,1.0014285714285716,5.823412698412698,0.2028571428571429,0.5571428571428572,0.2414285714285714,6.375,7.666666666666666,7.5,4.988636363636363,6.566666666666667,2
80,2021-01-07,2021-01-22,10,linke,7.0,7.0,0.0,0.0,0.5277777777777778,1.5833333333333333,1.2549019607843137,0.5833333333333334,0.875,0.125,1.5,1.0,0.6666666666666666,1.2857142857142858,0.8888888888888888,4,2,3,7,9,24,17,474.1666666666667,True,False,0.0,Die Linke,0.1666666666666666,0.0833333333333333,0.125,0.2916666666666667,0.375,159,36,18,13,47,63,0.0251572327044025,0.0125786163522012,0.0188679245283018,0.0440251572327044,0.0566037735849056,0.1111111111111111,0.1111111111111111,0.2307692307692307,0.1489361702127659,0.1428571428571428,Opposition,0.0,1.0,19.0,WP19,2021,1,15,0.7738095238095238,2.321428571428572,6.615079365079365,0.6428571428571429,1.3571428571428572,0.3214285714285714,7.0,8.666666666666666,7.5,6.363636363636363,6.666666666666667,28,21,5,3,2,11,18,0.1785714285714285,0.1071428571428571,0.0714285714285714,0.3928571428571428,0.6428571428571429,0.246031746031746,0.7380952380952384,5.360177404295051,0.0595238095238095,0.4821428571428572,0.1964285714285714,5.5,7.666666666666666,6.833333333333333,5.077922077922078,5.777777777777779,3
80,2021-01-07,2021-01-22,10,spd,14.0,16.0,-2.0,2.0,0.1919191919191919,0.5757575757575758,1.2833333333333332,0.1515151515151515,0.303030303030303,0.1212121212121212,1.0,2.5,0.25,2.111111111111111,1.7,7,4,4,9,10,33,20,703.6363636363636,True,False,2.0,SPD,0.2121212121212121,0.1212121212121212,0.1212121212121212,0.2727272727272727,0.303030303030303,159,36,18,13,47,63,0.0440251572327044,0.0251572327044025,0.0251572327044025,0.0566037735849056,0.0628930817610062,0.1944444444444444,0.2222222222222222,0.3076923076923077,0.1914893617021276,0.1587301587301587,Regierung,1.0,0.0,19.0,WP19,2021,1,15,0.7738095238095238,2.321428571428572,6.615079365079365,0.6428571428571429,1.3571428571428572,0.3214285714285714,7.0,8.666666666666666,7.5,6.363636363636363,6.666666666666667,28,21,5,3,2,11,18,0.1785714285714285,0.1071428571428571,0.0714285714285714,0.3928571428571428,0.6428571428571429,0.5818903318903319,1.745670995670996,5.331746031746032,0.4913419913419914,1.0541125541125542,0.2002164502164502,6.0,6.166666666666666,7.25,4.252525252525253,4.966666666666667,4
81,2021-01-22,2021-02-04,10,cdu/csu,34.0,35.0,-1.0,1.0,0.0881226053639846,0.264367816091954,2.7891156462585034,0.0344827586206896,0.2068965517241379,0.0229885057471264,2.8461538461538463,3.6666666666666665,1.25,3.071428571428572,2.230769230769231,13,3,4,28,26,87,49,631.6321839080459,True,False,4.0,CDU/CSU,0.1494252873563218,0.0344827586206896,0.0459770114942528,0.3218390804597701,0.2988505747126437,262,47,8,17,97,70,0.049618320610687,0.0114503816793893,0.015267175572519,0.1068702290076335,0.099236641221374,0.2765957446808511,0.375,0.2352941176470588,0.2886597938144329,0.3714285714285714,Regierung,1.0,0.0,19.0,WP19,2021,1,13,0.7833333333333333,2.35,5.850574712643678,0.775,1.375,0.2,7.571428571428571,7.5,8.333333333333334,5.235294117647059,6.65,40,29,7,2,3,17,20,0.175,0.05,0.075,0.425,0.5,0.6952107279693487,2.085632183908046,3.061459066385175,0.7405172413793104,1.168103448275862,0.1770114942528735,4.7252747252747245,3.8333333333333335,7.083333333333334,2.1638655462184877,4.4192307692307695,0
81,2021-01-22,2021-02-04,10,fdp,7.0,7.0,0.0,0.0,0.2702702702702703,0.8108108108108109,1.826086956521739,0.1081081081081081,0.6486486486486487,0.054054054054054,3.1666666666666665,2.0,,1.4615384615384617,1.5,6,1,0,13,8,37,23,568.3243243243244,True,False,3.0,FDP,0.1621621621621621,0.027027027027027,0.0,0.3513513513513513,0.2162162162162162,262,47,8,17,97,70,0.0229007633587786,0.0038167938931297,0.0,0.049618320610687,0.0305343511450381,0.1276595744680851,0.125,0.0,0.134020618556701,0.1142857142857142,Opposition,0.0,1.0,19.0,WP19,2021,1,13,0.7833333333333333,2.35,5.850574712643678,0.775,1.375,0.2,7.571428571428571,7.5,8.333333333333334,5.235294117647059,6.65,40,29,7,2,3,17,20,0.175,0.05,0.075,0.425,0.5,0.513063063063063,1.5391891891891891,4.024487756121939,0.6668918918918919,0.7263513513513513,0.1459459459459459,4.404761904761905,5.5,,3.773755656108597,5.15,1
81,2021-01-22,2021-02-04,10,grüne,21.0,21.0,0.0,0.0,0.287037037037037,0.8611111111111112,0.9479166666666666,0.1666666666666666,0.6388888888888888,0.0555555555555555,0.5,2.0,1.5,1.1538461538461535,0.6666666666666666,8,1,2,13,9,36,24,502.72222222222223,True,False,1.0,Bündnis 90/Die Grünen,0.2222222222222222,0.0277777777777777,0.0555555555555555,0.3611111111111111,0.25,262,47,8,17,97,70,0.0305343511450381,0.0038167938931297,0.0076335877862595,0.049618320610687,0.0343511450381679,0.1702127659574468,0.125,0.1176470588235294,0.134020618556701,0.1285714285714285,Opposition,0.0,1.0,19.0,WP19,2021,1,13,0.7833333333333333,2.35,5.850574712643678,0.775,1.375,0.2,7.571428571428571,7.5,8.333333333333334,5.235294117647059,6.65,40,29,7,2,3,17,20,0.175,0.05,0.075,0.425,0.5,0.4962962962962963,1.488888888888889,4.902658045977011,0.6083333333333334,0.7361111111111112,0.1444444444444444,7.071428571428571,5.5,6.833333333333334,4.081447963800905,5.983333333333333,2
81,2021-01-22,2021-02-04,10,linke,6.0,7.0,-1.0,1.0,0.5045045045045045,1.5135135135135136,1.4077380952380951,0.4324324324324324,0.972972972972973,0.1081081081081081,1.4285714285714286,2.0,0.8333333333333334,1.4666666666666666,1.0833333333333333,7,1,6,15,12,37,28,508.94594594594594,True,False,0.0,Die Linke,0.1891891891891892,0.027027027027027,0.1621621621621621,0.4054054054054054,0.3243243243243243,262,47,8,17,97,70,0.0267175572519083,0.0038167938931297,0.0229007633587786,0.0572519083969465,0.0458015267175572,0.1489361702127659,0.125,0.3529411764705882,0.1546391752577319,0.1714285714285714,Opposition,0.0,1.0,19.0,WP19,2021,1,13,0.7833333333333333,2.35,5.850574712643678,0.775,1.375,0.2,7.571428571428571,7.5,8.333333333333334,5.235294117647059,6.65,40,29,7,2,3,17,20,0.175,0.05,0.075,0.425,0.5,0.2788288288288288,0.8364864864864865,4.442836617405583,0.3425675675675675,0.402027027027027,0.0918918918918919,6.142857142857142,5.5,7.500000000000001,3.768627450980392,5.566666666666667,3
81,2021-01-22,2021-02-04,10,spd,15.0,14.0,1.0,1.0,0.082051282051282,0.2461538461538461,1.2333333333333334,0.0461538461538461,0.1384615384615384,0.0615384615384615,1.2307692307692308,4.5,1.0,1.3214285714285714,0.9333333333333332,13,2,5,28,15,65,45,592.6615384615385,True,False,2.0,SPD,0.2,0.0307692307692307,0.0769230769230769,0.4307692307692308,0.2307692307692307,262,47,8,17,97,70,0.049618320610687,0.0076335877862595,0.0190839694656488,0.1068702290076335,0.0572519083969465,0.2765957446808511,0.25,0.2941176470588235,0.2886597938144329,0.2142857142857142,Regierung,1.0,0.0,19.0,WP19,2021,1,13,0.7833333333333333,2.35,5.850574712643678,0.775,1.375,0.2,7.571428571428571,7.5,8.333333333333334,5.235294117647059,6.65,40,29,7,2,3,17,20,0.175,0.05,0.075,0.425,0.5,0.7012820512820512,2.103846153846154,4.617241379310345,0.7288461538461539,1.2365384615384616,0.1384615384615384,6.34065934065934,3.0,7.333333333333334,3.913865546218488,5.716666666666667,4
82,2021-02-04,2021-02-19,10,cdu/csu,34.0,34.0,0.0,0.0,0.1350210970464135,0.4050632911392405,2.2644927536231885,0.050632911392405,0.2531645569620253,0.1012658227848101,2.75,3.6,0.0,2.555555555555556,1.7666666666666666,4,5,1,27,30,79,46,730.2151898734177,True,False,4.0,CDU/CSU,0.050632911392405,0.0632911392405063,0.0126582278481012,0.3417721518987341,0.379746835443038,220,24,21,12,83,82,0.0181818181818181,0.0227272727272727,0.0045454545454545,0.1227272727272727,0.1363636363636363,0.1666666666666666,0.238095238095238,0.0833333333333333,0.3253012048192771,0.3658536585365853,Regierung,1.0,0.0,19.0,WP19,2021,2,15,0.7777777777777777,2.333333333333333,5.972222222222222,0.8181818181818182,1.3333333333333333,0.1818181818181818,7.5,7.0,5.5,5.941176470588236,5.958333333333333,33,30,6,3,2,17,24,0.1818181818181818,0.0909090909090909,0.0606060606060606,0.5151515151515151,0.7272727272727273,0.6427566807313642,1.928270042194093,3.707729468599034,0.7675489067894131,1.080168776371308,0.0805523590333717,4.75,3.4,5.5,3.38562091503268,4.191666666666666,0
82,2021-02-04,2021-02-19,10,fdp,8.0,7.0,1.0,1.0,0.2424242424242424,0.7272727272727273,1.75,0.1515151515151515,0.5454545454545454,0.0303030303030303,4.333333333333333,2.5,1.5,1.5454545454545454,1.5555555555555556,3,2,2,11,9,33,19,557.4545454545455,True,False,3.0,FDP,0.0909090909090909,0.0606060606060606,0.0606060606060606,0.3333333333333333,0.2727272727272727,220,24,21,12,83,82,0.0136363636363636,0.009090909090909,0.009090909090909,0.05,0.0409090909090909,0.125,0.0952380952380952,0.1666666666666666,0.1325301204819277,0.1097560975609756,Opposition,0.0,1.0,19.0,WP19,2021,2,15,0.7777777777777777,2.333333333333333,5.972222222222222,0.8181818181818182,1.3333333333333333,0.1818181818181818,7.5,7.0,5.5,5.941176470588236,5.958333333333333,33,30,6,3,2,17,24,0.1818181818181818,0.0909090909090909,0.0606060606060606,0.5151515151515151,0.7272727272727273,0.5353535353535352,1.6060606060606062,4.222222222222222,0.6666666666666667,0.7878787878787878,0.1515151515151515,3.166666666666667,4.5,4.0,4.3957219251336905,4.402777777777778,1
82,2021-02-04,2021-02-19,10,grüne,21.0,21.0,0.0,0.0,0.3666666666666666,1.1,1.3229166666666667,0.3,0.7333333333333333,0.0666666666666666,0.625,0.3333333333333333,0.0,1.7692307692307692,0.8181818181818182,8,3,2,13,11,30,24,566.3,True,False,1.0,Bündnis 90/Die Grünen,0.2666666666666666,0.1,0.0666666666666666,0.4333333333333333,0.3666666666666666,220,24,21,12,83,82,0.0363636363636363,0.0136363636363636,0.009090909090909,0.059090909090909,0.05,0.3333333333333333,0.1428571428571428,0.1666666666666666,0.1566265060240964,0.1341463414634146,Opposition,0.0,1.0,19.0,WP19,2021,2,15,0.7777777777777777,2.333333333333333,5.972222222222222,0.8181818181818182,1.3333333333333333,0.1818181818181818,7.5,7.0,5.5,5.941176470588236,5.958333333333333,33,30,6,3,2,17,24,0.1818181818181818,0.0909090909090909,0.0606060606060606,0.5151515151515151,0.7272727272727273,0.411111111111111,1.2333333333333334,4.649305555555555,0.5181818181818183,0.6,0.1151515151515151,6.875,6.666666666666667,5.5,4.171945701357466,5.140151515151515,2
82,2021-02-04,2021-02-19,10,linke,6.0,6.0,0.0,0.0,0.4827586206896552,1.4482758620689655,0.9841269841269842,0.5172413793103449,0.8275862068965517,0.1034482758620689,0.75,1.2,0.25,1.5,0.7272727272727273,4,5,4,10,11,29,21,541.6206896551724,True,False,0.0,Die Linke,0.1379310344827586,0.1724137931034483,0.1379310344827586,0.3448275862068966,0.3793103448275862,220,24,21,12,83,82,0.0181818181818181,0.0227272727272727,0.0181818181818181,0.0454545454545454,0.05,0.1666666666666666,0.238095238095238,0.3333333333333333,0.1204819277108433,0.1341463414634146,Opposition,0.0,1.0,19.0,WP19,2021,2,15,0.7777777777777777,2.333333333333333,5.972222222222222,0.8181818181818182,1.3333333333333333,0.1818181818181818,7.5,7.0,5.5,5.941176470588236,5.958333333333333,33,30,6,3,2,17,24,0.1818181818181818,0.0909090909090909,0.0606060606060606,0.5151515151515151,0.7272727272727273,0.2950191570881225,0.885057471264368,4.988095238095238,0.3009404388714733,0.5057471264367815,0.0783699059561128,6.75,5.8,5.25,4.441176470588236,5.2310606060606055,3
82,2021-02-04,2021-02-19,10,spd,15.0,15.0,0.0,0.0,0.1020408163265306,0.3061224489795918,1.4023809523809525,0.1020408163265306,0.1836734693877551,0.0204081632653061,1.4,1.8333333333333333,1.0,1.5454545454545454,0.9523809523809524,5,6,3,22,21,49,35,689.530612244898,True,False,2.0,SPD,0.1020408163265306,0.1224489795918367,0.0612244897959183,0.4489795918367347,0.4285714285714285,220,24,21,12,83,82,0.0227272727272727,0.0272727272727272,0.0136363636363636,0.1,0.0954545454545454,0.2083333333333333,0.2857142857142857,0.25,0.2650602409638554,0.2560975609756097,Regierung,1.0,0.0,19.0,WP19,2021,2,15,0.7777777777777777,2.333333333333333,5.972222222222222,0.8181818181818182,1.3333333333333333,0.1818181818181818,7.5,7.0,5.5,5.941176470588236,5.958333333333333,33,30,6,3,2,17,24,0.1818181818181818,0.0909090909090909,0.0606060606060606,0.5151515151515151,0.7272727272727273,0.6757369614512471,2.027210884353741,4.56984126984127,0.7161410018552876,1.1496598639455782,0.1614100185528757,6.1,5.166666666666667,4.5,4.3957219251336905,5.0059523809523805,4
83,2021-02-19,2021-03-04,11,cdu/csu,33.0,34.0,-1.0,1.0,0.1138211382113821,0.3414634146341463,2.246794871794872,0.048780487804878,0.2195121951219512,0.073170731707317,3.6666666666666665,3.571428571428572,1.818181818181818,3.0,1.53125,9,7,11,19,32,82,52,686.0,True,False,4.0,CDU/CSU,0.1097560975609756,0.0853658536585365,0.1341463414634146,0.2317073170731707,0.3902439024390244,245,33,13,32,74,91,0.036734693877551,0.0285714285714285,0.0448979591836734,0.0775510204081632,0.1306122448979592,0.2727272727272727,0.5384615384615384,0.34375,0.2567567567567567,0.3516483516483517,Regierung,1.0,0.0,19.0,WP19,2021,2,13,0.8034188034188033,2.41025641025641,6.408854166666667,0.7948717948717948,1.358974358974359,0.2564102564102564,7.0,8.142857142857142,8.833333333333334,5.708333333333333,7.523809523809524,39,32,7,7,6,24,21,0.1794871794871795,0.1794871794871795,0.1538461538461538,0.6153846153846154,0.5384615384615384,0.6895976652074213,2.068792995622264,4.162059294871796,0.7460913070669167,1.1394621638524078,0.1832395247029393,3.333333333333333,4.571428571428571,7.015151515151516,2.708333333333333,5.992559523809524,0
83,2021-02-19,2021-03-04,11,fdp,8.0,8.0,0.0,0.0,0.2539682539682539,0.7619047619047619,2.032258064516129,0.238095238095238,0.4761904761904761,0.0476190476190476,4.0,1.0,1.25,1.7857142857142858,1.1875,6,1,4,14,16,42,31,523.2142857142857,True,False,3.0,FDP,0.1428571428571428,0.0238095238095238,0.0952380952380952,0.3333333333333333,0.3809523809523809,245,33,13,32,74,91,0.0244897959183673,0.0040816326530612,0.0163265306122449,0.0571428571428571,0.0653061224489796,0.1818181818181818,0.0769230769230769,0.125,0.1891891891891892,0.1758241758241758,Opposition,0.0,1.0,19.0,WP19,2021,2,13,0.8034188034188033,2.41025641025641,6.408854166666667,0.7948717948717948,1.358974358974359,0.2564102564102564,7.0,8.142857142857142,8.833333333333334,5.708333333333333,7.523809523809524,39,32,7,7,6,24,21,0.1794871794871795,0.1794871794871795,0.1538461538461538,0.6153846153846154,0.5384615384615384,0.5494505494505494,1.6483516483516485,4.376596102150538,0.5567765567765568,0.8827838827838829,0.2087912087912087,3.0,7.142857142857142,7.583333333333334,3.922619047619048,6.336309523809524,1
83,2021-02-19,2021-03-04,11,grüne,20.0,21.0,-1.0,1.0,0.2647058823529412,0.7941176470588235,1.4266666666666663,0.2058823529411764,0.5294117647058824,0.0588235294117647,1.2857142857142858,1.0,0.2,2.0,0.9166666666666666,7,1,5,14,12,34,25,547.7647058823529,True,False,1.0,Bündnis 90/Die Grünen,0.2058823529411764,0.0294117647058823,0.1470588235294117,0.4117647058823529,0.3529411764705882,245,33,13,32,74,91,0.0285714285714285,0.0040816326530612,0.0204081632653061,0.0571428571428571,0.0489795918367346,0.2121212121212121,0.0769230769230769,0.15625,0.1891891891891892,0.1318681318681318,Opposition,0.0,1.0,19.0,WP19,2021,2,13,0.8034188034188033,2.41025641025641,6.408854166666667,0.7948717948717948,1.358974358974359,0.2564102564102564,7.0,8.142857142857142,8.833333333333334,5.708333333333333,7.523809523809524,39,32,7,7,6,24,21,0.1794871794871795,0.1794871794871795,0.1538461538461538,0.6153846153846154,0.5384615384615384,0.5387129210658621,1.6161387631975868,4.9821875,0.5889894419306183,0.8295625942684767,0.1975867269984916,5.714285714285714,7.142857142857142,8.633333333333335,3.708333333333333,6.607142857142857,2
83,2021-02-19,2021-03-04,11,linke,6.0,6.0,0.0,0.0,0.5686274509803921,1.7058823529411764,1.5256410256410255,0.5882352941176471,1.0588235294117647,0.0588235294117647,0.25,5.0,0.6,1.4545454545454546,1.7333333333333334,4,2,5,11,15,34,26,506.7941176470589,True,False,0.0,Die Linke,0.1176470588235294,0.0588235294117647,0.1470588235294117,0.3235294117647059,0.4411764705882353,245,33,13,32,74,91,0.0163265306122449,0.0081632653061224,0.0204081632653061,0.0448979591836734,0.0612244897959183,0.1212121212121212,0.1538461538461538,0.15625,0.1486486486486486,0.1648351648351648,Opposition,0.0,1.0,19.0,WP19,2021,2,13,0.8034188034188033,2.41025641025641,6.408854166666667,0.7948717948717948,1.358974358974359,0.2564102564102564,7.0,8.142857142857142,8.833333333333334,5.708333333333333,7.523809523809524,39,32,7,7,6,24,21,0.1794871794871795,0.1794871794871795,0.1538461538461538,0.6153846153846154,0.5384615384615384,0.2347913524384112,0.7043740573152337,4.883213141025641,0.2066365007541477,0.3001508295625943,0.1975867269984916,6.75,3.1428571428571423,8.233333333333334,4.253787878787879,5.79047619047619,3
83,2021-02-19,2021-03-04,11,spd,16.0,15.0,1.0,1.0,0.1572327044025157,0.4716981132075472,0.8137254901960784,0.1698113207547169,0.2830188679245283,0.0188679245283018,1.0,0.0,0.7142857142857143,1.0625,0.5625,7,2,7,16,16,53,34,640.7924528301887,True,False,2.0,SPD,0.1320754716981132,0.0377358490566037,0.1320754716981132,0.3018867924528302,0.3018867924528302,245,33,13,32,74,91,0.0285714285714285,0.0081632653061224,0.0285714285714285,0.0653061224489796,0.0653061224489796,0.2121212121212121,0.1538461538461538,0.21875,0.2162162162162162,0.1758241758241758,Regierung,1.0,0.0,19.0,WP19,2021,2,13,0.8034188034188033,2.41025641025641,6.408854166666667,0.7948717948717948,1.358974358974359,0.2564102564102564,7.0,8.142857142857142,8.833333333333334,5.708333333333333,7.523809523809524,39,32,7,7,6,24,21,0.1794871794871795,0.1794871794871795,0.1538461538461538,0.6153846153846154,0.5384615384615384,0.6461860990162877,1.9385582970488628,5.595128676470589,0.6250604741170779,1.0759554910498308,0.2375423318819545,6.0,8.142857142857142,8.11904761904762,4.645833333333333,6.961309523809524,4
84,2021-03-04,2021-03-19,11,cdu/csu,33.0,33.0,0.0,0.0,0.139917695473251,0.419753086419753,2.6340579710144927,0.0864197530864197,0.2962962962962963,0.037037037037037,2.75,5.25,2.4,2.6296296296296298,1.3888888888888888,12,4,10,27,18,81,46,663.9012345679013,True,False,4.0,CDU/CSU,0.1481481481481481,0.0493827160493827,0.1234567901234567,0.3333333333333333,0.2222222222222222,231,43,14,29,79,54,0.0519480519480519,0.0173160173160173,0.0432900432900432,0.1168831168831168,0.0779220779220779,0.2790697674418604,0.2857142857142857,0.3448275862068966,0.3417721518987341,0.3333333333333333,Regierung,1.0,0.0,19.0,WP19,2021,3,15,1.019047619047619,3.057142857142857,6.6867816091954015,1.0571428571428572,1.5142857142857142,0.4857142857142857,9.2,8.625,7.75,6.157894736842105,7.2,35,29,5,8,8,19,20,0.1428571428571428,0.2285714285714285,0.2285714285714285,0.5428571428571428,0.5714285714285714,0.8791299235743679,2.637389770723104,4.052723638180909,0.9707231040564376,1.217989417989418,0.4486772486772487,6.449999999999999,3.375,5.35,3.5282651072124755,5.811111111111112,0
84,2021-03-04,2021-03-19,11,fdp,7.0,8.0,-1.0,1.0,0.3796296296296296,1.1388888888888888,2.4166666666666665,0.2777777777777778,0.7222222222222222,0.1388888888888889,4.6,1.0,1.25,2.071428571428572,1.8,5,2,4,14,10,36,24,483.3333333333333,True,False,3.0,FDP,0.1388888888888889,0.0555555555555555,0.1111111111111111,0.3888888888888889,0.2777777777777778,231,43,14,29,79,54,0.0216450216450216,0.0086580086580086,0.0173160173160173,0.0606060606060606,0.0432900432900432,0.1162790697674418,0.1428571428571428,0.1379310344827586,0.1772151898734177,0.1851851851851851,Opposition,0.0,1.0,19.0,WP19,2021,3,15,1.019047619047619,3.057142857142857,6.6867816091954015,1.0571428571428572,1.5142857142857142,0.4857142857142857,9.2,8.625,7.75,6.157894736842105,7.2,35,29,5,8,8,19,20,0.1428571428571428,0.2285714285714285,0.2285714285714285,0.5428571428571428,0.5714285714285714,0.6394179894179894,1.918253968253968,4.270114942528736,0.7793650793650794,0.792063492063492,0.3468253968253968,4.6,7.625,6.5,4.086466165413533,5.4,1
84,2021-03-04,2021-03-19,11,grüne,20.0,20.0,0.0,0.0,0.2626262626262626,0.7878787878787878,1.4444444444444444,0.1818181818181818,0.6060606060606061,0.0,0.6,2.6666666666666665,0.6666666666666666,1.7272727272727273,0.8571428571428571,10,3,3,11,7,33,24,559.6969696969697,True,False,1.0,Bündnis 90/Die Grünen,0.303030303030303,0.0909090909090909,0.0909090909090909,0.3333333333333333,0.2121212121212121,231,43,14,29,79,54,0.0432900432900432,0.0129870129870129,0.0129870129870129,0.0476190476190476,0.0303030303030303,0.2325581395348837,0.2142857142857142,0.1034482758620689,0.1392405063291139,0.1296296296296296,Opposition,0.0,1.0,19.0,WP19,2021,3,15,1.019047619047619,3.057142857142857,6.6867816091954015,1.0571428571428572,1.5142857142857142,0.4857142857142857,9.2,8.625,7.75,6.157894736842105,7.2,35,29,5,8,8,19,20,0.1428571428571428,0.2285714285714285,0.2285714285714285,0.5428571428571428,0.5714285714285714,0.7564213564213564,2.269264069264069,5.242337164750957,0.8753246753246753,0.9082251082251082,0.4857142857142857,8.6,5.958333333333334,7.083333333333333,4.430622009569378,6.342857142857143,2
84,2021-03-04,2021-03-19,11,linke,7.0,6.0,1.0,1.0,0.4479166666666666,1.34375,1.5416666666666667,0.40625,0.8125,0.125,1.4285714285714286,10.0,0.1666666666666666,1.3636363636363635,2.5,7,1,6,11,8,32,24,483.90625,True,False,0.0,Die Linke,0.21875,0.03125,0.1875,0.34375,0.25,231,43,14,29,79,54,0.0303030303030303,0.0043290043290043,0.0259740259740259,0.0476190476190476,0.0346320346320346,0.1627906976744186,0.0714285714285714,0.2068965517241379,0.1392405063291139,0.1481481481481481,Opposition,0.0,1.0,19.0,WP19,2021,3,15,1.019047619047619,3.057142857142857,6.6867816091954015,1.0571428571428572,1.5142857142857142,0.4857142857142857,9.2,8.625,7.75,6.157894736842105,7.2,35,29,5,8,8,19,20,0.1428571428571428,0.2285714285714285,0.2285714285714285,0.5428571428571428,0.5714285714285714,0.5711309523809524,1.713392857142857,5.145114942528735,0.6508928571428572,0.7017857142857142,0.3607142857142857,7.77142857142857,1.375,7.583333333333333,4.794258373205742,4.7,3
84,2021-03-04,2021-03-19,11,spd,16.0,16.0,0.0,0.0,0.2312925170068027,0.6938775510204082,1.4080459770114944,0.1632653061224489,0.4489795918367347,0.0816326530612244,1.8888888888888888,2.0,0.3333333333333333,1.1875,0.9090909090909092,9,4,6,16,11,49,29,655.7755102040817,True,False,2.0,SPD,0.1836734693877551,0.0816326530612244,0.1224489795918367,0.3265306122448979,0.2244897959183673,231,43,14,29,79,54,0.0389610389610389,0.0173160173160173,0.0259740259740259,0.0692640692640692,0.0476190476190476,0.2093023255813953,0.2857142857142857,0.2068965517241379,0.2025316455696202,0.2037037037037037,Regierung,1.0,0.0,19.0,WP19,2021,3,15,1.019047619047619,3.057142857142857,6.6867816091954015,1.0571428571428572,1.5142857142857142,0.4857142857142857,9.2,8.625,7.75,6.157894736842105,7.2,35,29,5,8,8,19,20,0.1428571428571428,0.2285714285714285,0.2285714285714285,0.5428571428571428,0.5714285714285714,0.7877551020408162,2.363265306122449,5.278735632183907,0.8938775510204082,1.0653061224489797,0.4040816326530612,7.31111111111111,6.625,7.416666666666667,4.970394736842105,6.290909090909091,4
85,2021-03-19,2021-04-01,11,cdu/csu,29.0,33.0,-4.0,4.0,0.0714285714285714,0.2142857142857142,1.818627450980392,0.0510204081632653,0.1326530612244898,0.0306122448979591,1.6111111111111112,4.75,0.9230769230769232,2.375,1.564102564102564,18,8,13,32,39,98,68,634.5714285714286,True,False,4.0,CDU/CSU,0.1836734693877551,0.0816326530612244,0.1326530612244898,0.3265306122448979,0.3979591836734694,323,55,23,45,95,127,0.0557275541795665,0.0247678018575851,0.0402476780185758,0.0990712074303405,0.1207430340557275,0.3272727272727272,0.3478260869565217,0.2888888888888888,0.3368421052631579,0.3070866141732283,Regierung,1.0,0.0,19.0,WP19,2021,3,13,0.8405797101449275,2.5217391304347827,6.530701754385965,0.8478260869565217,1.4130434782608696,0.2608695652173913,6.125,8.333333333333334,7.454545454545454,6.043478260869565,7.3,46,38,8,6,11,23,30,0.1739130434782608,0.1304347826086956,0.2391304347826087,0.5,0.6521739130434783,0.7691511387163561,2.3074534161490683,4.712074303405573,0.7968056787932565,1.2803904170363798,0.2302573203194321,4.513888888888889,3.583333333333334,6.531468531468531,3.668478260869565,5.735897435897436,0
85,2021-03-19,2021-04-01,11,fdp,9.0,7.0,2.0,2.0,0.2573099415204678,0.7719298245614035,2.4963768115942027,0.0701754385964912,0.6491228070175439,0.0526315789473684,2.571428571428572,4.333333333333333,1.0,1.6153846153846154,2.65625,7,3,4,13,32,57,46,479.7894736842105,True,False,3.0,FDP,0.1228070175438596,0.0526315789473684,0.0701754385964912,0.2280701754385964,0.5614035087719298,323,55,23,45,95,127,0.0216718266253869,0.0092879256965944,0.0123839009287925,0.0402476780185758,0.0990712074303405,0.1272727272727272,0.1304347826086956,0.0888888888888888,0.1368421052631579,0.2519685039370078,Opposition,0.0,1.0,19.0,WP19,2021,3,13,0.8405797101449275,2.5217391304347827,6.530701754385965,0.8478260869565217,1.4130434782608696,0.2608695652173913,6.125,8.333333333333334,7.454545454545454,6.043478260869565,7.3,46,38,8,6,11,23,30,0.1739130434782608,0.1304347826086956,0.2391304347826087,0.5,0.6521739130434783,0.5832697686244597,1.7498093058733792,4.034324942791763,0.7776506483600305,0.7639206712433257,0.2082379862700228,3.5535714285714284,4.000000000000001,6.454545454545454,4.4280936454849495,4.64375,1
85,2021-03-19,2021-04-01,11,grüne,20.0,20.0,0.0,0.0,0.2515723270440251,0.7547169811320755,1.1166666666666667,0.1886792452830188,0.5283018867924528,0.0377358490566037,0.9230769230769232,1.8,0.5714285714285714,1.0666666666666669,0.9545454545454546,13,5,7,15,22,53,40,480.188679245283,True,False,1.0,Bündnis 90/Die Grünen,0.2452830188679245,0.0943396226415094,0.1320754716981132,0.2830188679245283,0.4150943396226415,323,55,23,45,95,127,0.0402476780185758,0.0154798761609907,0.0216718266253869,0.0464396284829721,0.0681114551083591,0.2363636363636363,0.217391304347826,0.1555555555555555,0.1578947368421052,0.1732283464566929,Opposition,0.0,1.0,19.0,WP19,2021,3,13,0.8405797101449275,2.5217391304347827,6.530701754385965,0.8478260869565217,1.4130434782608696,0.2608695652173913,6.125,8.333333333333334,7.454545454545454,6.043478260869565,7.3,46,38,8,6,11,23,30,0.1739130434782608,0.1304347826086956,0.2391304347826087,0.5,0.6521739130434783,0.5890073831009024,1.7670221493027072,5.414035087719299,0.6591468416735029,0.8847415914684168,0.2231337161607875,5.201923076923077,6.533333333333334,6.883116883116883,4.976811594202899,6.345454545454546,2
85,2021-03-19,2021-04-01,11,linke,7.0,7.0,0.0,0.0,0.4126984126984127,1.238095238095238,1.3777777777777778,0.3333333333333333,0.8333333333333334,0.0714285714285714,1.0,0.5,0.5,1.0,2.0,9,2,6,11,14,42,30,486.1190476190476,True,False,0.0,Die Linke,0.2142857142857142,0.0476190476190476,0.1428571428571428,0.2619047619047619,0.3333333333333333,323,55,23,45,95,127,0.0278637770897832,0.0061919504643962,0.0185758513931888,0.0340557275541795,0.0433436532507739,0.1636363636363636,0.0869565217391304,0.1333333333333333,0.1157894736842105,0.1102362204724409,Opposition,0.0,1.0,19.0,WP19,2021,3,13,0.8405797101449275,2.5217391304347827,6.530701754385965,0.8478260869565217,1.4130434782608696,0.2608695652173913,6.125,8.333333333333334,7.454545454545454,6.043478260869565,7.3,46,38,8,6,11,23,30,0.1739130434782608,0.1304347826086956,0.2391304347826087,0.5,0.6521739130434783,0.4278812974465148,1.2836438923395446,5.152923976608188,0.5144927536231885,0.5797101449275363,0.1894409937888198,5.125,7.833333333333334,6.954545454545454,5.043478260869565,5.3,3
85,2021-03-19,2021-04-01,11,spd,17.0,16.0,1.0,1.0,0.1095890410958904,0.3287671232876712,0.9108527131782944,0.0273972602739726,0.2465753424657534,0.0547945205479452,1.5,2.4,0.7333333333333333,0.6666666666666666,0.75,8,5,15,24,20,73,43,586.6164383561644,True,False,2.0,SPD,0.1095890410958904,0.0684931506849315,0.2054794520547945,0.3287671232876712,0.273972602739726,323,55,23,45,95,127,0.0247678018575851,0.0154798761609907,0.0464396284829721,0.0743034055727554,0.0619195046439628,0.1454545454545454,0.217391304347826,0.3333333333333333,0.2526315789473684,0.1574803149606299,Regierung,1.0,0.0,19.0,WP19,2021,3,13,0.8405797101449275,2.5217391304347827,6.530701754385965,0.8478260869565217,1.4130434782608696,0.2608695652173913,6.125,8.333333333333334,7.454545454545454,6.043478260869565,7.3,46,38,8,6,11,23,30,0.1739130434782608,0.1304347826086956,0.2391304347826087,0.5,0.6521739130434783,0.7309906690490371,2.1929720071471115,5.619849041207671,0.8204288266825491,1.166468135795116,0.2060750446694461,4.625,5.933333333333334,6.721212121212121,5.376811594202898,6.55,4
86,2021-04-01,2021-04-16,11,cdu/csu,27.0,29.0,-2.0,2.0,0.0484848484848484,0.1454545454545454,1.75,0.0181818181818181,0.0909090909090909,0.0363636363636363,1.7333333333333334,3.0,0.7272727272727273,2.35,1.3333333333333333,15,1,11,20,18,55,40,639.1090909090909,True,False,4.0,CDU/CSU,0.2727272727272727,0.0181818181818181,0.2,0.3636363636363636,0.3272727272727272,171,48,5,29,54,50,0.087719298245614,0.0058479532163742,0.0643274853801169,0.1169590643274853,0.1052631578947368,0.3125,0.2,0.3793103448275862,0.3703703703703703,0.36,Regierung,1.0,0.0,19.0,WP19,2021,4,15,0.8275862068965517,2.4827586206896552,7.277777777777779,0.8275862068965517,1.3448275862068966,0.3103448275862069,7.6,8.5,8.571428571428571,7.071428571428571,7.6875,29,21,5,4,7,14,16,0.1724137931034483,0.1379310344827586,0.2413793103448276,0.4827586206896552,0.5517241379310345,0.7791013584117032,2.3373040752351097,5.527777777777779,0.8094043887147335,1.2539184952978055,0.2739811912225705,5.866666666666666,5.5,7.844155844155844,4.721428571428572,6.354166666666667,0
86,2021-04-01,2021-04-16,11,fdp,9.0,9.0,0.0,0.0,0.1111111111111111,0.3333333333333333,1.688888888888889,0.0,0.3333333333333333,0.0,2.0,,0.8,1.25,1.1428571428571428,6,0,5,8,7,27,15,471.4074074074074,True,False,3.0,FDP,0.2222222222222222,0.0,0.1851851851851851,0.2962962962962963,0.2592592592592592,171,48,5,29,54,50,0.0350877192982456,0.0,0.0292397660818713,0.0467836257309941,0.0409356725146198,0.125,0.0,0.1724137931034483,0.1481481481481481,0.14,Opposition,0.0,1.0,19.0,WP19,2021,4,15,0.8275862068965517,2.4827586206896552,7.277777777777779,0.8275862068965517,1.3448275862068966,0.3103448275862069,7.6,8.5,8.571428571428571,7.071428571428571,7.6875,29,21,5,4,7,14,16,0.1724137931034483,0.1379310344827586,0.2413793103448276,0.4827586206896552,0.5517241379310345,0.7164750957854407,2.1494252873563218,5.5888888888888895,0.8275862068965517,1.011494252873563,0.3103448275862069,5.6,,7.771428571428571,5.821428571428571,6.544642857142858,1
86,2021-04-01,2021-04-16,11,grüne,22.0,20.0,2.0,2.0,0.2133333333333333,0.64,1.1388888888888888,0.12,0.48,0.04,1.0,,0.0,1.25,1.375,9,0,4,8,8,25,18,499.52,True,False,1.0,Bündnis 90/Die Grünen,0.36,0.0,0.16,0.32,0.32,171,48,5,29,54,50,0.0526315789473684,0.0,0.023391812865497,0.0467836257309941,0.0467836257309941,0.1875,0.0,0.1379310344827586,0.1481481481481481,0.16,Opposition,0.0,1.0,19.0,WP19,2021,4,15,0.8275862068965517,2.4827586206896552,7.277777777777779,0.8275862068965517,1.3448275862068966,0.3103448275862069,7.6,8.5,8.571428571428571,7.071428571428571,7.6875,29,21,5,4,7,14,16,0.1724137931034483,0.1379310344827586,0.2413793103448276,0.4827586206896552,0.5517241379310345,0.6142528735632184,1.8427586206896551,6.138888888888889,0.7075862068965517,0.8648275862068966,0.2703448275862069,6.6,,8.571428571428571,5.821428571428571,6.3125,2
86,2021-04-01,2021-04-16,11,linke,7.0,7.0,0.0,0.0,0.4,1.2,1.131578947368421,0.32,0.84,0.04,0.5714285714285714,2.5,0.0,1.5,1.6666666666666667,7,2,3,8,6,25,19,455.76,True,False,0.0,Die Linke,0.28,0.08,0.12,0.32,0.24,171,48,5,29,54,50,0.0409356725146198,0.0116959064327485,0.0175438596491228,0.0467836257309941,0.0350877192982456,0.1458333333333333,0.4,0.1034482758620689,0.1481481481481481,0.12,Opposition,0.0,1.0,19.0,WP19,2021,4,15,0.8275862068965517,2.4827586206896552,7.277777777777779,0.8275862068965517,1.3448275862068966,0.3103448275862069,7.6,8.5,8.571428571428571,7.071428571428571,7.6875,29,21,5,4,7,14,16,0.1724137931034483,0.1379310344827586,0.2413793103448276,0.4827586206896552,0.5517241379310345,0.4275862068965517,1.2827586206896553,6.146198830409357,0.5075862068965518,0.5048275862068966,0.2703448275862069,7.0285714285714285,6.0,8.571428571428571,5.571428571428571,6.020833333333333,3
86,2021-04-01,2021-04-16,11,spd,16.0,17.0,-1.0,1.0,0.0769230769230769,0.2307692307692307,1.0714285714285714,0.0512820512820512,0.1282051282051282,0.0512820512820512,0.7272727272727273,3.0,0.1666666666666666,2.1,0.5454545454545454,11,2,6,10,11,39,28,596.1538461538462,True,False,2.0,SPD,0.282051282051282,0.0512820512820512,0.1538461538461538,0.2564102564102564,0.282051282051282,171,48,5,29,54,50,0.0643274853801169,0.0116959064327485,0.0350877192982456,0.0584795321637426,0.0643274853801169,0.2291666666666666,0.4,0.2068965517241379,0.1851851851851851,0.22,Regierung,1.0,0.0,19.0,WP19,2021,4,15,0.8275862068965517,2.4827586206896552,7.277777777777779,0.8275862068965517,1.3448275862068966,0.3103448275862069,7.6,8.5,8.571428571428571,7.071428571428571,7.6875,29,21,5,4,7,14,16,0.1724137931034483,0.1379310344827586,0.2413793103448276,0.4827586206896552,0.5517241379310345,0.7506631299734747,2.2519893899204244,6.206349206349207,0.7763041556145004,1.2166224580017684,0.2590627763041556,6.872727272727272,5.5,8.404761904761905,4.971428571428572,7.142045454545455,4
87,2021-04-16,2021-05-06,11,cdu/csu,28.0,27.0,1.0,1.0,0.084313725490196,0.2529411764705882,2.456896551724138,0.0470588235294117,0.1647058823529411,0.0411764705882352,2.4375,2.8,2.7058823529411766,2.9577464788732395,1.3157894736842106,16,10,17,71,57,170,116,607.464705882353,True,False,4.0,CDU/CSU,0.0941176470588235,0.0588235294117647,0.1,0.4176470588235294,0.3352941176470588,488,56,26,62,190,148,0.0327868852459016,0.0204918032786885,0.0348360655737704,0.1454918032786885,0.1168032786885246,0.2857142857142857,0.3846153846153846,0.2741935483870967,0.3736842105263158,0.3851351351351351,Regierung,1.0,0.0,19.0,WP19,2021,4,20,0.7426160337552742,2.2278481012658227,6.209064327485381,0.7721518987341772,1.1898734177215189,0.2658227848101265,7.846153846153846,7.875,5.818181818181818,5.903225806451613,6.694444444444445,79,57,13,16,11,31,36,0.1645569620253164,0.2025316455696202,0.1392405063291139,0.3924050632911392,0.4556962025316455,0.6583023082650781,1.9749069247952344,3.752167775761243,0.7250930752047655,1.0251675353685776,0.2246463142218912,5.408653846153846,5.075,3.1122994652406417,2.945479327578373,5.378654970760234,0
87,2021-04-16,2021-05-06,11,fdp,11.0,9.0,2.0,2.0,0.2107843137254901,0.6323529411764706,1.680232558139535,0.1323529411764706,0.4411764705882353,0.0588235294117647,2.0,2.2,0.8333333333333334,1.5769230769230769,1.368421052631579,6,5,6,26,19,68,43,500.05882352941177,True,False,3.0,FDP,0.088235294117647,0.0735294117647058,0.088235294117647,0.3823529411764705,0.2794117647058823,488,56,26,62,190,148,0.0122950819672131,0.0102459016393442,0.0122950819672131,0.0532786885245901,0.0389344262295082,0.1071428571428571,0.1923076923076923,0.0967741935483871,0.1368421052631579,0.1283783783783783,Opposition,0.0,1.0,19.0,WP19,2021,4,20,0.7426160337552742,2.2278481012658227,6.209064327485381,0.7721518987341772,1.1898734177215189,0.2658227848101265,7.846153846153846,7.875,5.818181818181818,5.903225806451613,6.694444444444445,79,57,13,16,11,31,36,0.1645569620253164,0.2025316455696202,0.1392405063291139,0.3924050632911392,0.4556962025316455,0.531831720029784,1.595495160089352,4.528831769345846,0.6397989575577067,0.7486969471332836,0.2069992553983618,5.846153846153846,5.675,4.984848484848485,4.326302729528536,5.326023391812866,1
87,2021-04-16,2021-05-06,11,grüne,21.0,22.0,-1.0,1.0,0.2373737373737373,0.7121212121212122,1.1333333333333333,0.1363636363636363,0.5454545454545454,0.0303030303030303,0.8333333333333334,2.333333333333333,0.625,1.2916666666666667,0.7894736842105263,12,3,8,24,19,66,45,511.1363636363636,True,False,1.0,Bündnis 90/Die Grünen,0.1818181818181818,0.0454545454545454,0.1212121212121212,0.3636363636363636,0.2878787878787879,488,56,26,62,190,148,0.0245901639344262,0.0061475409836065,0.0163934426229508,0.0491803278688524,0.0389344262295082,0.2142857142857142,0.1153846153846153,0.1290322580645161,0.1263157894736842,0.1283783783783783,Opposition,0.0,1.0,19.0,WP19,2021,4,20,0.7426160337552742,2.2278481012658227,6.209064327485381,0.7721518987341772,1.1898734177215189,0.2658227848101265,7.846153846153846,7.875,5.818181818181818,5.903225806451613,6.694444444444445,79,57,13,16,11,31,36,0.1645569620253164,0.2025316455696202,0.1392405063291139,0.3924050632911392,0.4556962025316455,0.5052422963815368,1.5157268891446103,5.075730994152048,0.6357882623705409,0.6444188722669735,0.2355197545070962,7.012820512820513,5.541666666666666,5.193181818181818,4.611559139784946,5.904970760233918,2
87,2021-04-16,2021-05-06,11,linke,7.0,7.0,0.0,0.0,0.4278606965174129,1.2835820895522387,1.4678030303030305,0.3880597014925373,0.7910447761194029,0.1044776119402985,0.8571428571428571,2.0,0.6,1.6666666666666667,1.263157894736842,7,4,10,27,19,67,44,529.1194029850747,True,False,0.0,Die Linke,0.1044776119402985,0.0597014925373134,0.1492537313432835,0.4029850746268656,0.2835820895522388,488,56,26,62,190,148,0.0143442622950819,0.0081967213114754,0.0204918032786885,0.055327868852459,0.0389344262295082,0.125,0.1538461538461538,0.1612903225806451,0.1421052631578947,0.1283783783783783,Opposition,0.0,1.0,19.0,WP19,2021,4,20,0.7426160337552742,2.2278481012658227,6.209064327485381,0.7721518987341772,1.1898734177215189,0.2658227848101265,7.846153846153846,7.875,5.818181818181818,5.903225806451613,6.694444444444445,79,57,13,16,11,31,36,0.1645569620253164,0.2025316455696202,0.1392405063291139,0.3924050632911392,0.4556962025316455,0.3147553372378613,0.944266011713584,4.741261297182351,0.3840921972416399,0.3988286416021159,0.161345172869828,6.989010989010989,5.875,5.218181818181819,4.236559139784946,5.431286549707602,3
87,2021-04-16,2021-05-06,11,spd,15.0,16.0,-1.0,1.0,0.1396011396011396,0.4188034188034188,1.4345991561181437,0.1196581196581196,0.2478632478632478,0.0512820512820512,1.0666666666666669,3.0,1.0476190476190477,1.5952380952380951,1.2352941176470589,15,4,21,42,34,117,79,565.1282051282051,True,False,2.0,SPD,0.1282051282051282,0.0341880341880341,0.1794871794871795,0.358974358974359,0.2905982905982906,488,56,26,62,190,148,0.0307377049180327,0.0081967213114754,0.0430327868852459,0.0860655737704918,0.0696721311475409,0.2678571428571428,0.1538461538461538,0.3387096774193548,0.2210526315789473,0.2297297297297297,Regierung,1.0,0.0,19.0,WP19,2021,4,20,0.7426160337552742,2.2278481012658227,6.209064327485381,0.7721518987341772,1.1898734177215189,0.2658227848101265,7.846153846153846,7.875,5.818181818181818,5.903225806451613,6.694444444444445,79,57,13,16,11,31,36,0.1645569620253164,0.2025316455696202,0.1392405063291139,0.3924050632911392,0.4556962025316455,0.6030148941541346,1.809044682462404,4.774465171367237,0.6524937790760575,0.942010169858271,0.2145407335280753,6.779487179487179,4.875,4.770562770562771,4.307987711213517,5.459150326797386,4
88,2021-05-06,2021-05-14,12,cdu/csu,23.0,28.0,-5.0,5.0,0.1244979919678714,0.3734939759036144,2.5689655172413794,0.0963855421686747,0.2289156626506024,0.0481927710843373,2.823529411764706,7.0,1.0,3.1714285714285717,1.3448275862068966,17,2,2,35,29,83,58,592.2650602409639,True,False,4.0,CDU/CSU,0.2048192771084337,0.0240963855421686,0.0240963855421686,0.4216867469879518,0.3493975903614458,242,51,5,10,101,72,0.0702479338842975,0.0082644628099173,0.0082644628099173,0.1446280991735537,0.1198347107438016,0.3333333333333333,0.4,0.2,0.3465346534653465,0.4027777777777778,Regierung,1.0,0.0,19.0,WP19,2021,5,8,0.7927927927927928,2.3783783783783785,6.508620689655173,0.7567567567567568,1.4324324324324325,0.1891891891891892,8.6,10.0,8.166666666666666,6.375,6.777777777777778,37,29,10,2,6,16,18,0.2702702702702703,0.054054054054054,0.1621621621621621,0.4324324324324324,0.4864864864864865,0.6682948008249213,2.0048844024747643,3.939655172413793,0.6603712145880821,1.20351676978183,0.1409964181048518,5.776470588235293,3.0,7.166666666666666,3.2035714285714287,5.432950191570881,0
88,2021-05-06,2021-05-14,12,fdp,11.0,11.0,0.0,0.0,0.2857142857142857,0.8571428571428571,2.166666666666667,0.1714285714285714,0.6285714285714286,0.0571428571428571,3.333333333333333,4.5,1.0,1.875,1.5454545454545454,6,2,1,16,11,35,26,521.4285714285714,True,False,3.0,FDP,0.1714285714285714,0.0571428571428571,0.0285714285714285,0.4571428571428571,0.3142857142857143,242,51,5,10,101,72,0.024793388429752,0.0082644628099173,0.0041322314049586,0.0661157024793388,0.0454545454545454,0.1176470588235294,0.4,0.1,0.1584158415841584,0.1527777777777778,Opposition,0.0,1.0,19.0,WP19,2021,5,8,0.7927927927927928,2.3783783783783785,6.508620689655173,0.7567567567567568,1.4324324324324325,0.1891891891891892,8.6,10.0,8.166666666666666,6.375,6.777777777777778,37,29,10,2,6,16,18,0.2702702702702703,0.054054054054054,0.1621621621621621,0.4324324324324324,0.4864864864864865,0.5070785070785071,1.5212355212355213,4.341954022988506,0.5853281853281853,0.8038610038610039,0.132046332046332,5.266666666666666,5.5,7.166666666666666,4.5,5.232323232323232,1
88,2021-05-06,2021-05-14,12,grüne,26.0,21.0,5.0,5.0,0.2254901960784313,0.6764705882352942,1.4743589743589745,0.1176470588235294,0.5294117647058824,0.0294117647058823,2.0,,1.0,1.6,1.1111111111111112,10,0,1,15,9,34,26,482.7647058823529,True,False,1.0,Bündnis 90/Die Grünen,0.2941176470588235,0.0,0.0294117647058823,0.4411764705882353,0.2647058823529412,242,51,5,10,101,72,0.0413223140495867,0.0,0.0041322314049586,0.0619834710743801,0.0371900826446281,0.196078431372549,0.0,0.1,0.1485148514851485,0.125,Opposition,0.0,1.0,19.0,WP19,2021,5,8,0.7927927927927928,2.3783783783783785,6.508620689655173,0.7567567567567568,1.4324324324324325,0.1891891891891892,8.6,10.0,8.166666666666666,6.375,6.777777777777778,37,29,10,2,6,16,18,0.2702702702702703,0.054054054054054,0.1621621621621621,0.4324324324324324,0.4864864864864865,0.5673025967143615,1.7019077901430844,5.034261715296198,0.6391096979332274,0.90302066772655,0.1597774244833068,6.6,,7.166666666666666,4.775,5.666666666666666,2
88,2021-05-06,2021-05-14,12,linke,6.0,7.0,-1.0,1.0,0.4646464646464646,1.393939393939394,1.277777777777778,0.4242424242424242,0.9090909090909092,0.0606060606060606,1.0,,0.5,1.4666666666666666,1.1,6,0,2,15,10,33,24,483.5757575757576,True,False,0.0,Die Linke,0.1818181818181818,0.0,0.0606060606060606,0.4545454545454545,0.303030303030303,242,51,5,10,101,72,0.024793388429752,0.0,0.0082644628099173,0.0619834710743801,0.0413223140495867,0.1176470588235294,0.0,0.2,0.1485148514851485,0.1388888888888889,Opposition,0.0,1.0,19.0,WP19,2021,5,8,0.7927927927927928,2.3783783783783785,6.508620689655173,0.7567567567567568,1.4324324324324325,0.1891891891891892,8.6,10.0,8.166666666666666,6.375,6.777777777777778,37,29,10,2,6,16,18,0.2702702702702703,0.054054054054054,0.1621621621621621,0.4324324324324324,0.4864864864864865,0.3281463281463282,0.9844389844389844,5.230842911877395,0.3325143325143325,0.5233415233415234,0.1285831285831286,7.6,,7.666666666666666,4.908333333333333,5.677777777777777,3
88,2021-05-06,2021-05-14,12,spd,14.0,15.0,-1.0,1.0,0.1520467836257309,0.4561403508771929,1.661764705882353,0.1052631578947368,0.2456140350877192,0.1052631578947368,1.5,0.0,0.75,2.15,0.9230769230769232,12,1,4,20,13,57,34,578.561403508772,True,False,2.0,SPD,0.2105263157894736,0.0175438596491228,0.0701754385964912,0.3508771929824561,0.2280701754385964,242,51,5,10,101,72,0.0495867768595041,0.0041322314049586,0.0165289256198347,0.0826446280991735,0.0537190082644628,0.2352941176470588,0.2,0.4,0.198019801980198,0.1805555555555555,Regierung,1.0,0.0,19.0,WP19,2021,5,8,0.7927927927927928,2.3783783783783785,6.508620689655173,0.7567567567567568,1.4324324324324325,0.1891891891891892,8.6,10.0,8.166666666666666,6.375,6.777777777777778,37,29,10,2,6,16,18,0.2702702702702703,0.054054054054054,0.1621621621621621,0.4324324324324324,0.4864864864864865,0.6407460091670618,1.9222380275011852,4.846855983772819,0.65149359886202,1.1868183973447133,0.0839260312944523,7.1,10.0,7.416666666666666,4.225,5.854700854700854,4
89,2021-05-14,2021-06-10,11,cdu/csu,24.0,23.0,1.0,1.0,0.1269841269841269,0.3809523809523809,2.109126984126984,0.0793650793650793,0.1984126984126984,0.1031746031746031,2.5217391304347827,4.416666666666667,1.7142857142857142,1.9090909090909087,1.7073170731707317,23,12,14,33,41,126,84,643.9444444444445,True,False,4.0,CDU/CSU,0.1825396825396825,0.0952380952380952,0.1111111111111111,0.2619047619047619,0.3253968253968254,434,85,30,87,157,107,0.0529953917050691,0.0276497695852534,0.032258064516129,0.076036866359447,0.0944700460829493,0.2705882352941176,0.4,0.160919540229885,0.2101910828025477,0.3831775700934579,Regierung,1.0,0.0,19.0,WP19,2021,5,27,0.8557213930348259,2.567164179104477,6.665846994535519,0.8507462686567164,1.388059701492537,0.3283582089552239,8.588235294117647,9.0,8.9,5.885714285714286,7.238095238095238,67,61,17,9,10,35,42,0.2537313432835821,0.1343283582089552,0.1492537313432835,0.5223880597014925,0.6268656716417911,0.7287372660506989,2.1862117981520965,4.556720010408535,0.7713811892916371,1.189647003079839,0.2251836057806207,6.066496163682864,4.583333333333333,7.185714285714286,3.976623376623377,5.530778164924507,0
89,2021-05-14,2021-06-10,11,fdp,12.0,11.0,1.0,1.0,0.21875,0.65625,1.95,0.109375,0.4375,0.109375,2.3,3.5,0.7142857142857143,1.631578947368421,1.6470588235294117,10,4,7,19,17,64,40,474.5,True,False,3.0,FDP,0.15625,0.0625,0.109375,0.296875,0.265625,434,85,30,87,157,107,0.0230414746543778,0.0092165898617511,0.0161290322580645,0.0437788018433179,0.0391705069124423,0.1176470588235294,0.1333333333333333,0.0804597701149425,0.1210191082802547,0.1588785046728972,Opposition,0.0,1.0,19.0,WP19,2021,5,27,0.8557213930348259,2.567164179104477,6.665846994535519,0.8507462686567164,1.388059701492537,0.3283582089552239,8.588235294117647,9.0,8.9,5.885714285714286,7.238095238095238,67,61,17,9,10,35,42,0.2537313432835821,0.1343283582089552,0.1492537313432835,0.5223880597014925,0.6268656716417911,0.6369713930348259,1.9109141791044773,4.715846994535519,0.7413712686567164,0.9505597014925372,0.2189832089552238,6.288235294117647,5.5,8.185714285714287,4.254135338345865,5.591036414565826,1
89,2021-05-14,2021-06-10,11,grüne,25.0,26.0,-1.0,1.0,0.25,0.75,1.1825396825396826,0.1964285714285714,0.5178571428571429,0.0357142857142857,1.2,2.2,0.2857142857142857,1.368421052631579,0.75,15,5,7,19,16,56,42,525.6964285714286,True,False,1.0,Bündnis 90/Die Grünen,0.2678571428571428,0.0892857142857142,0.125,0.3392857142857143,0.2857142857142857,434,85,30,87,157,107,0.0345622119815668,0.0115207373271889,0.0161290322580645,0.0437788018433179,0.0368663594470046,0.1764705882352941,0.1666666666666666,0.0804597701149425,0.1210191082802547,0.1495327102803738,Opposition,0.0,1.0,19.0,WP19,2021,5,27,0.8557213930348259,2.567164179104477,6.665846994535519,0.8507462686567164,1.388059701492537,0.3283582089552239,8.588235294117647,9.0,8.9,5.885714285714286,7.238095238095238,67,61,17,9,10,35,42,0.2537313432835821,0.1343283582089552,0.1492537313432835,0.5223880597014925,0.6268656716417911,0.6057213930348259,1.8171641791044773,5.483307311995836,0.654317697228145,0.8702025586353944,0.2926439232409382,7.388235294117647,6.8,8.614285714285714,4.517293233082707,6.488095238095238,2
89,2021-05-14,2021-06-10,11,linke,7.0,6.0,1.0,1.0,0.3571428571428571,1.0714285714285714,1.355263157894737,0.3571428571428571,0.6785714285714286,0.0357142857142857,0.8461538461538461,4.2,0.9,0.8125,2.2222222222222223,13,5,10,16,9,56,38,493.25,True,False,0.0,Die Linke,0.2321428571428571,0.0892857142857142,0.1785714285714285,0.2857142857142857,0.1607142857142857,434,85,30,87,157,107,0.0299539170506912,0.0115207373271889,0.0230414746543778,0.0368663594470046,0.02073732718894,0.1529411764705882,0.1666666666666666,0.1149425287356321,0.1019108280254777,0.0841121495327102,Opposition,0.0,1.0,19.0,WP19,2021,5,27,0.8557213930348259,2.567164179104477,6.665846994535519,0.8507462686567164,1.388059701492537,0.3283582089552239,8.588235294117647,9.0,8.9,5.885714285714286,7.238095238095238,67,61,17,9,10,35,42,0.2537313432835821,0.1343283582089552,0.1492537313432835,0.5223880597014925,0.6268656716417911,0.4985785358919687,1.495735607675906,5.310583836640782,0.4936034115138593,0.7094882729211087,0.2926439232409382,7.742081447963801,4.8,8.0,5.073214285714286,5.015873015873016,3
89,2021-05-14,2021-06-10,11,spd,15.0,14.0,1.0,1.0,0.1363636363636363,0.4090909090909091,1.135922330097087,0.0833333333333333,0.2878787878787879,0.0378787878787878,1.2916666666666667,4.5,0.8571428571428571,0.9,1.4166666666666667,24,4,49,70,24,132,103,601.25,True,False,2.0,SPD,0.1818181818181818,0.0303030303030303,0.3712121212121212,0.5303030303030303,0.1818181818181818,434,85,30,87,157,107,0.0552995391705069,0.0092165898617511,0.1129032258064516,0.1612903225806451,0.0552995391705069,0.2823529411764706,0.1333333333333333,0.5632183908045977,0.445859872611465,0.2242990654205607,Regierung,1.0,0.0,19.0,WP19,2021,5,27,0.8557213930348259,2.567164179104477,6.665846994535519,0.8507462686567164,1.388059701492537,0.3283582089552239,8.588235294117647,9.0,8.9,5.885714285714286,7.238095238095238,67,61,17,9,10,35,42,0.2537313432835821,0.1343283582089552,0.1492537313432835,0.5223880597014925,0.6268656716417911,0.7193577566711895,2.1580732700135683,5.529924664438432,0.7674129353233831,1.1001809136137497,0.290479421076436,7.29656862745098,4.5,8.042857142857143,4.985714285714286,5.821428571428571,4
90,2021-06-10,2021-06-25,12,cdu/csu,28.0,24.0,4.0,4.0,0.1228070175438596,0.3684210526315789,3.1410714285714287,0.0909090909090909,0.215311004784689,0.062200956937799,3.3870967741935485,4.368421052631579,2.25,3.339622641509434,2.3389830508474576,62,19,12,53,59,209,140,629.7464114832536,True,False,4.0,CDU/CSU,0.2966507177033493,0.0909090909090909,0.0574162679425837,0.2535885167464115,0.2822966507177033,563,148,60,59,159,163,0.1101243339253996,0.0337477797513321,0.0213143872113676,0.0941385435168739,0.1047957371225577,0.4189189189189189,0.3166666666666666,0.2033898305084746,0.3333333333333333,0.3619631901840491,Regierung,1.0,0.0,19.0,WP19,2021,6,15,0.7468354430379747,2.240506329113924,7.0621212121212125,0.6455696202531646,1.2911392405063291,0.3037974683544304,7.833333333333333,8.785714285714286,8.466666666666667,6.214285714285714,7.780487804878049,79,55,18,14,15,28,41,0.2278481012658227,0.1772151898734177,0.189873417721519,0.3544303797468354,0.5189873417721519,0.6240284254941151,1.872085276482345,3.921049783549784,0.5546605293440736,1.07582823572164,0.2415965114166313,4.446236559139784,4.417293233082708,6.216666666666667,2.8746630727762805,5.441504754030591,0
90,2021-06-10,2021-06-25,12,fdp,12.0,12.0,0.0,0.0,0.2489451476793248,0.7468354430379747,2.9033333333333333,0.1139240506329113,0.5822784810126582,0.050632911392405,4.823529411764706,4.111111111111111,1.2,2.272727272727273,2.4814814814814814,17,9,5,22,27,79,50,505.3037974683545,True,False,3.0,FDP,0.2151898734177215,0.1139240506329113,0.0632911392405063,0.2784810126582278,0.3417721518987341,563,148,60,59,159,163,0.0301953818827708,0.0159857904085257,0.0088809946714031,0.039076376554174,0.0479573712255772,0.1148648648648648,0.15,0.0847457627118644,0.1383647798742138,0.1656441717791411,Opposition,0.0,1.0,19.0,WP19,2021,6,15,0.7468354430379747,2.240506329113924,7.0621212121212125,0.6455696202531646,1.2911392405063291,0.3037974683544304,7.833333333333333,8.785714285714286,8.466666666666667,6.214285714285714,7.780487804878049,79,55,18,14,15,28,41,0.2278481012658227,0.1772151898734177,0.189873417721519,0.3544303797468354,0.5189873417721519,0.4978902953586498,1.4936708860759491,4.158787878787879,0.5316455696202531,0.7088607594936709,0.2531645569620253,3.0098039215686274,4.674603174603176,7.266666666666667,3.9415584415584415,5.299006323396567,1
90,2021-06-10,2021-06-25,12,grüne,20.0,25.0,-5.0,5.0,0.3422222222222222,1.0266666666666666,1.026969696969697,0.36,0.6266666666666667,0.04,0.8,1.0,0.3571428571428571,1.0454545454545454,0.7727272727272727,25,7,14,22,22,75,55,480.92,True,False,1.0,Bündnis 90/Die Grünen,0.3333333333333333,0.0933333333333333,0.1866666666666666,0.2933333333333333,0.2933333333333333,563,148,60,59,159,163,0.0444049733570159,0.0124333925399644,0.0248667850799289,0.039076376554174,0.039076376554174,0.1689189189189189,0.1166666666666666,0.2372881355932203,0.1383647798742138,0.1349693251533742,Opposition,0.0,1.0,19.0,WP19,2021,6,15,0.7468354430379747,2.240506329113924,7.0621212121212125,0.6455696202531646,1.2911392405063291,0.3037974683544304,7.833333333333333,8.785714285714286,8.466666666666667,6.214285714285714,7.780487804878049,79,55,18,14,15,28,41,0.2278481012658227,0.1772151898734177,0.189873417721519,0.3544303797468354,0.5189873417721519,0.4046132208157524,1.2138396624472574,6.035151515151515,0.2855696202531645,0.6644725738396624,0.2637974683544304,7.033333333333333,7.7857142857142865,8.10952380952381,5.1688311688311686,7.007760532150776,2
90,2021-06-10,2021-06-25,12,linke,7.0,7.0,0.0,0.0,0.4649122807017544,1.394736842105263,1.4283333333333337,0.4342105263157895,0.868421052631579,0.0921052631578947,0.8947368421052632,2.1666666666666665,0.4545454545454545,1.5714285714285714,1.3,19,12,11,21,20,76,50,482.75,True,False,0.0,Die Linke,0.25,0.1578947368421052,0.1447368421052631,0.2763157894736842,0.2631578947368421,563,148,60,59,159,163,0.0337477797513321,0.0213143872113676,0.019538188277087,0.0373001776198934,0.0355239786856127,0.1283783783783783,0.2,0.1864406779661017,0.1320754716981132,0.1226993865030674,Opposition,0.0,1.0,19.0,WP19,2021,6,15,0.7468354430379747,2.240506329113924,7.0621212121212125,0.6455696202531646,1.2911392405063291,0.3037974683544304,7.833333333333333,8.785714285714286,8.466666666666667,6.214285714285714,7.780487804878049,79,55,18,14,15,28,41,0.2278481012658227,0.1772151898734177,0.189873417721519,0.3544303797468354,0.5189873417721519,0.2819231623362202,0.845769487008661,5.633787878787879,0.211359093937375,0.4227181878747501,0.2116922051965356,6.93859649122807,6.61904761904762,8.012121212121212,4.642857142857143,6.480487804878049,3
90,2021-06-10,2021-06-25,12,spd,14.0,15.0,-1.0,1.0,0.1209677419354838,0.3629032258064516,1.571138211382114,0.0887096774193548,0.2258064516129032,0.0483870967741935,1.12,2.6153846153846154,0.8235294117647058,1.951219512195122,1.2285714285714286,25,13,17,41,35,124,82,604.8548387096774,True,False,2.0,SPD,0.2016129032258064,0.1048387096774193,0.1370967741935483,0.3306451612903225,0.282258064516129,563,148,60,59,159,163,0.0444049733570159,0.0230905861456483,0.0301953818827708,0.0728241563055062,0.0621669626998223,0.1689189189189189,0.2166666666666666,0.288135593220339,0.2578616352201258,0.2147239263803681,Regierung,1.0,0.0,19.0,WP19,2021,6,15,0.7468354430379747,2.240506329113924,7.0621212121212125,0.6455696202531646,1.2911392405063291,0.3037974683544304,7.833333333333333,8.785714285714286,8.466666666666667,6.214285714285714,7.780487804878049,79,55,18,14,15,28,41,0.2278481012658227,0.1772151898734177,0.189873417721519,0.3544303797468354,0.5189873417721519,0.6258677011024908,1.8776031033074725,5.4909830007390985,0.5568599428338097,1.065332788893426,0.2554103715802368,6.713333333333333,6.170329670329672,7.643137254901961,4.2630662020905925,6.55191637630662,4
91,2021-06-25,2021-07-01,12,cdu/csu,28.0,28.0,0.0,0.0,0.1923076923076923,0.5769230769230769,2.0,0.1923076923076923,0.3846153846153846,0.0,2.6666666666666665,0.0,0.0,3.0,1.5,3,1,1,5,12,26,13,731.3846153846154,True,False,4.0,CDU/CSU,0.1153846153846153,0.0384615384615384,0.0384615384615384,0.1923076923076923,0.4615384615384615,77,8,5,7,22,33,0.0389610389610389,0.0129870129870129,0.0129870129870129,0.0649350649350649,0.1558441558441558,0.375,0.2,0.1428571428571428,0.2272727272727272,0.3636363636363636,Regierung,1.0,0.0,19.0,WP19,2021,6,6,0.7272727272727273,2.1818181818181817,6.821428571428571,0.5454545454545454,1.181818181818182,0.4545454545454545,9.0,8.5,8.0,8.0,6.4,11,7,1,2,1,3,5,0.0909090909090909,0.1818181818181818,0.0909090909090909,0.2727272727272727,0.4545454545454545,0.534965034965035,1.6048951048951048,4.821428571428571,0.3531468531468531,0.7972027972027973,0.4545454545454545,6.333333333333334,8.5,8.0,5.0,4.9,0
91,2021-06-25,2021-07-01,12,fdp,11.0,12.0,-1.0,1.0,0.2222222222222222,0.6666666666666666,1.1,0.0833333333333333,0.5833333333333334,0.0,,1.5,0.0,1.25,0.5,0,2,1,4,4,12,5,516.4166666666666,True,False,3.0,FDP,0.0,0.1666666666666666,0.0833333333333333,0.3333333333333333,0.3333333333333333,77,8,5,7,22,33,0.0,0.0259740259740259,0.0129870129870129,0.0519480519480519,0.0519480519480519,0.0,0.4,0.1428571428571428,0.1818181818181818,0.1212121212121212,Opposition,0.0,1.0,19.0,WP19,2021,6,6,0.7272727272727273,2.1818181818181817,6.821428571428571,0.5454545454545454,1.181818181818182,0.4545454545454545,9.0,8.5,8.0,8.0,6.4,11,7,1,2,1,3,5,0.0909090909090909,0.1818181818181818,0.0909090909090909,0.2727272727272727,0.4545454545454545,0.5050505050505051,1.5151515151515151,5.721428571428572,0.4621212121212121,0.5984848484848485,0.4545454545454545,,7.0,8.0,6.75,5.9,1
91,2021-06-25,2021-07-01,12,grüne,21.0,20.0,1.0,1.0,0.4666666666666666,1.4,1.1111111111111112,0.6,0.8,0.0,0.0,1.0,0.0,1.5,1.0,3,1,2,4,5,10,9,562.1,True,False,1.0,Bündnis 90/Die Grünen,0.3,0.1,0.2,0.4,0.5,77,8,5,7,22,33,0.0389610389610389,0.0129870129870129,0.0259740259740259,0.0519480519480519,0.0649350649350649,0.375,0.2,0.2857142857142857,0.1818181818181818,0.1515151515151515,Opposition,0.0,1.0,19.0,WP19,2021,6,6,0.7272727272727273,2.1818181818181817,6.821428571428571,0.5454545454545454,1.181818181818182,0.4545454545454545,9.0,8.5,8.0,8.0,6.4,11,7,1,2,1,3,5,0.0909090909090909,0.1818181818181818,0.0909090909090909,0.2727272727272727,0.4545454545454545,0.2606060606060607,0.7818181818181817,5.7103174603174605,0.0545454545454545,0.3818181818181818,0.4545454545454545,9.0,7.5,8.0,6.5,5.4,2
91,2021-06-25,2021-07-01,12,linke,6.0,7.0,-1.0,1.0,0.6,1.8,1.3571428571428572,0.5,1.1,0.2,,2.0,1.5,1.25,1.2,0,1,2,4,5,10,7,637.7,True,False,0.0,Die Linke,0.0,0.1,0.2,0.4,0.5,77,8,5,7,22,33,0.0,0.0129870129870129,0.0259740259740259,0.0519480519480519,0.0649350649350649,0.0,0.2,0.2857142857142857,0.1818181818181818,0.1515151515151515,Opposition,0.0,1.0,19.0,WP19,2021,6,6,0.7272727272727273,2.1818181818181817,6.821428571428571,0.5454545454545454,1.181818181818182,0.4545454545454545,9.0,8.5,8.0,8.0,6.4,11,7,1,2,1,3,5,0.0909090909090909,0.1818181818181818,0.0909090909090909,0.2727272727272727,0.4545454545454545,0.1272727272727273,0.3818181818181816,5.4642857142857135,0.0454545454545454,0.0818181818181817,0.2545454545454545,,6.5,6.5,6.75,5.2,3
91,2021-06-25,2021-07-01,12,spd,15.0,14.0,1.0,1.0,0.1228070175438596,0.3684210526315789,0.6666666666666666,0.1052631578947368,0.2631578947368421,0.0,0.5,,0.0,1.2,0.2857142857142857,2,0,1,5,7,19,9,628.3684210526316,True,False,2.0,SPD,0.1052631578947368,0.0,0.0526315789473684,0.2631578947368421,0.3684210526315789,77,8,5,7,22,33,0.0259740259740259,0.0,0.0129870129870129,0.0649350649350649,0.0909090909090909,0.25,0.0,0.1428571428571428,0.2272727272727272,0.2121212121212121,Regierung,1.0,0.0,19.0,WP19,2021,6,6,0.7272727272727273,2.1818181818181817,6.821428571428571,0.5454545454545454,1.181818181818182,0.4545454545454545,9.0,8.5,8.0,8.0,6.4,11,7,1,2,1,3,5,0.0909090909090909,0.1818181818181818,0.0909090909090909,0.2727272727272727,0.4545454545454545,0.6044657097288677,1.813397129186603,6.154761904761904,0.4401913875598086,0.9186602870813398,0.4545454545454545,8.5,,8.0,6.8,6.114285714285715,4
95,2021-08-20,2021-09-02,11,cdu/csu,23.0,27.0,-4.0,4.0,0.2777777777777778,0.8333333333333334,2.9166666666666665,0.3333333333333333,0.4444444444444444,0.0555555555555555,1.5,0.0,0.0,4.0,2.4,2,1,1,11,5,18,15,759.6111111111111,True,False,4.0,CDU/CSU,0.1111111111111111,0.0555555555555555,0.0555555555555555,0.6111111111111112,0.2777777777777778,50,8,8,2,26,21,0.04,0.02,0.02,0.22,0.1,0.25,0.125,0.5,0.4230769230769231,0.238095238095238,Regierung,1.0,0.0,19.0,WP19,2021,8,13,1.1,3.3,7.481481481481481,1.0,1.6,0.7,7.0,9.0,8.0,7.0,7.666666666666667,10,9,3,3,1,7,6,0.3,0.3,0.1,0.7,0.6,0.8222222222222223,2.4666666666666663,4.564814814814815,0.6666666666666667,1.1555555555555557,0.6444444444444444,5.5,9.0,8.0,3.0,5.266666666666668,0
95,2021-08-20,2021-09-02,11,fdp,13.0,12.0,1.0,1.0,0.1904761904761904,0.5714285714285714,3.0476190476190474,0.0,0.5714285714285714,0.0,1.0,2.0,,4.75,0.0,3,1,0,4,1,7,7,624.7142857142857,True,False,3.0,FDP,0.4285714285714285,0.1428571428571428,0.0,0.5714285714285714,0.1428571428571428,50,8,8,2,26,21,0.06,0.02,0.0,0.08,0.02,0.375,0.125,0.0,0.1538461538461538,0.0476190476190476,Opposition,0.0,1.0,19.0,WP19,2021,8,13,1.1,3.3,7.481481481481481,1.0,1.6,0.7,7.0,9.0,8.0,7.0,7.666666666666667,10,9,3,3,1,7,6,0.3,0.3,0.1,0.7,0.6,0.9095238095238096,2.7285714285714286,4.4338624338624335,1.0,1.0285714285714287,0.7,6.0,7.0,,2.25,7.666666666666667,1
95,2021-08-20,2021-09-02,11,grüne,17.0,19.0,-2.0,2.0,0.611111111111111,1.8333333333333333,1.0833333333333333,0.6666666666666666,1.1666666666666667,0.0,0.0,2.0,,2.5,0.5,2,1,0,2,2,6,6,779.1666666666666,True,False,1.0,Bündnis 90/Die Grünen,0.3333333333333333,0.1666666666666666,0.0,0.3333333333333333,0.3333333333333333,50,8,8,2,26,21,0.04,0.02,0.0,0.04,0.04,0.25,0.125,0.0,0.0769230769230769,0.0952380952380952,Opposition,0.0,1.0,19.0,WP19,2021,8,13,1.1,3.3,7.481481481481481,1.0,1.6,0.7,7.0,9.0,8.0,7.0,7.666666666666667,10,9,3,3,1,7,6,0.3,0.3,0.1,0.7,0.6,0.488888888888889,1.4666666666666666,6.398148148148148,0.3333333333333333,0.4333333333333333,0.7,7.0,7.0,,4.5,7.166666666666667,2
95,2021-08-20,2021-09-02,11,linke,7.0,6.0,1.0,1.0,0.6666666666666666,2.0,1.4270833333333333,0.625,1.375,0.0,0.0,1.0,0.0,1.6,1.5,1,3,1,5,8,8,8,846.625,True,False,0.0,Die Linke,0.125,0.375,0.125,0.625,1.0,50,8,8,2,26,21,0.02,0.06,0.02,0.1,0.16,0.125,0.375,0.5,0.1923076923076923,0.3809523809523809,Opposition,0.0,1.0,19.0,WP19,2021,8,13,1.1,3.3,7.481481481481481,1.0,1.6,0.7,7.0,9.0,8.0,7.0,7.666666666666667,10,9,3,3,1,7,6,0.3,0.3,0.1,0.7,0.6,0.4333333333333334,1.2999999999999998,6.054398148148148,0.375,0.2250000000000001,0.7,7.0,8.0,8.0,5.4,6.166666666666667,3
95,2021-08-20,2021-09-02,11,spd,21.0,18.0,3.0,3.0,0.1515151515151515,0.4545454545454545,1.3125,0.1818181818181818,0.2727272727272727,0.0,,2.0,,2.0,0.6,0,2,0,4,5,11,8,555.5454545454545,True,False,2.0,SPD,0.0,0.1818181818181818,0.0,0.3636363636363636,0.4545454545454545,50,8,8,2,26,21,0.0,0.04,0.0,0.08,0.1,0.0,0.25,0.0,0.1538461538461538,0.238095238095238,Regierung,1.0,0.0,19.0,WP19,2021,8,13,1.1,3.3,7.481481481481481,1.0,1.6,0.7,7.0,9.0,8.0,7.0,7.666666666666667,10,9,3,3,1,7,6,0.3,0.3,0.1,0.7,0.6,0.9484848484848486,2.845454545454545,6.168981481481481,0.8181818181818181,1.3272727272727274,0.7,,7.0,,5.0,7.066666666666667,4
96,2021-09-02,2021-09-16,12,cdu/csu,20.0,23.0,-3.0,3.0,0.3333333333333333,1.0,4.214285714285714,0.4444444444444444,0.5555555555555556,0.0,3.6666666666666665,,,4.25,5.666666666666667,3,0,0,4,3,9,7,826.3333333333334,True,False,4.0,CDU/CSU,0.3333333333333333,0.0,0.0,0.4444444444444444,0.3333333333333333,44,11,1,6,25,13,0.0681818181818181,0.0,0.0,0.0909090909090909,0.0681818181818181,0.2727272727272727,0.0,0.0,0.16,0.2307692307692307,Regierung,1.0,0.0,19.0,WP19,2021,9,14,1.1666666666666667,3.5,6.316666666666666,1.1666666666666667,1.6666666666666667,0.6666666666666666,6.666666666666667,9.5,8.5,6.6,8.666666666666666,6,6,3,2,2,5,3,0.5,0.3333333333333333,0.3333333333333333,0.8333333333333334,0.5,0.8333333333333335,2.5,2.102380952380952,0.7222222222222223,1.1111111111111112,0.6666666666666666,3.0000000000000004,,,2.35,2.999999999999999,0
96,2021-09-02,2021-09-16,12,fdp,13.0,13.0,0.0,0.0,0.4,1.2,3.1029411764705883,0.3,0.9,0.0,1.5,,3.0,3.5625,2.75,2,0,1,16,4,20,17,648.9,True,False,3.0,FDP,0.1,0.0,0.05,0.8,0.2,44,11,1,6,25,13,0.0454545454545454,0.0,0.0227272727272727,0.3636363636363636,0.0909090909090909,0.1818181818181818,0.0,0.1666666666666666,0.64,0.3076923076923077,Opposition,0.0,1.0,19.0,WP19,2021,9,14,1.1666666666666667,3.5,6.316666666666666,1.1666666666666667,1.6666666666666667,0.6666666666666666,6.666666666666667,9.5,8.5,6.6,8.666666666666666,6,6,3,2,2,5,3,0.5,0.3333333333333333,0.3333333333333333,0.8333333333333334,0.5,0.7666666666666667,2.3,3.213725490196078,0.8666666666666667,0.7666666666666667,0.6666666666666666,5.166666666666667,,5.5,3.0375,5.916666666666666,1
96,2021-09-02,2021-09-16,12,grüne,16.0,17.0,-1.0,1.0,0.4166666666666666,1.25,0.55,0.5,0.75,0.0,0.6666666666666666,0.0,0.0,0.0,1.0,3,1,2,1,1,4,4,983.25,True,False,1.0,Bündnis 90/Die Grünen,0.75,0.25,0.5,0.25,0.25,44,11,1,6,25,13,0.0681818181818181,0.0227272727272727,0.0454545454545454,0.0227272727272727,0.0227272727272727,0.2727272727272727,1.0,0.3333333333333333,0.04,0.0769230769230769,Opposition,0.0,1.0,19.0,WP19,2021,9,14,1.1666666666666667,3.5,6.316666666666666,1.1666666666666667,1.6666666666666667,0.6666666666666666,6.666666666666667,9.5,8.5,6.6,8.666666666666666,6,6,3,2,2,5,3,0.5,0.3333333333333333,0.3333333333333333,0.8333333333333334,0.5,0.7500000000000001,2.25,5.766666666666667,0.6666666666666667,0.9166666666666669,0.6666666666666666,6.0,9.5,8.5,6.6,7.666666666666666,2
96,2021-09-02,2021-09-16,12,linke,6.0,7.0,-1.0,1.0,0.75,2.25,2.083333333333333,0.75,1.5,0.0,3.0,,2.0,2.0,2.0,1,0,1,1,3,4,3,1001.5,True,False,0.0,Die Linke,0.25,0.0,0.25,0.25,0.75,44,11,1,6,25,13,0.0227272727272727,0.0,0.0227272727272727,0.0227272727272727,0.0681818181818181,0.0909090909090909,0.0,0.1666666666666666,0.04,0.2307692307692307,Opposition,0.0,1.0,19.0,WP19,2021,9,14,1.1666666666666667,3.5,6.316666666666666,1.1666666666666667,1.6666666666666667,0.6666666666666666,6.666666666666667,9.5,8.5,6.6,8.666666666666666,6,6,3,2,2,5,3,0.5,0.3333333333333333,0.3333333333333333,0.8333333333333334,0.5,0.4166666666666667,1.25,4.2333333333333325,0.4166666666666667,0.1666666666666667,0.6666666666666666,3.666666666666667,,6.5,4.6,6.666666666666666,3
96,2021-09-02,2021-09-16,12,spd,25.0,21.0,4.0,4.0,0.238095238095238,0.7142857142857143,1.95,0.2857142857142857,0.4285714285714285,0.0,3.0,,1.0,2.333333333333333,2.0,2,0,2,3,2,7,5,622.7142857142857,True,False,2.0,SPD,0.2857142857142857,0.0,0.2857142857142857,0.4285714285714285,0.2857142857142857,44,11,1,6,25,13,0.0454545454545454,0.0,0.0454545454545454,0.0681818181818181,0.0454545454545454,0.1818181818181818,0.0,0.3333333333333333,0.12,0.1538461538461538,Regierung,1.0,0.0,19.0,WP19,2021,9,14,1.1666666666666667,3.5,6.316666666666666,1.1666666666666667,1.6666666666666667,0.6666666666666666,6.666666666666667,9.5,8.5,6.6,8.666666666666666,6,6,3,2,2,5,3,0.5,0.3333333333333333,0.3333333333333333,0.8333333333333334,0.5,0.9285714285714286,2.7857142857142856,4.366666666666666,0.880952380952381,1.238095238095238,0.6666666666666666,3.666666666666667,,7.5,4.266666666666666,6.666666666666666,4
97,2021-09-16,2021-10-29,11,cdu/csu,22.0,20.0,2.0,2.0,0.3333333333333333,1.0,1.0,0.0,1.0,0.0,,,,2.0,0.0,0,0,0,1,1,1,1,537.0,True,False,4.0,CDU/CSU,0.0,0.0,0.0,1.0,1.0,5,0,0,2,3,2,0.0,0.0,0.0,0.2,0.2,,,0.0,0.3333333333333333,0.5,Opposition,0.0,1.0,20.0,WP20,2021,9,43,1.6666666666666667,5.0,7.75,2.0,2.0,1.0,,8.0,8.0,7.0,8.0,1,1,0,1,1,1,1,0.0,1.0,1.0,1.0,1.0,1.3333333333333337,4.0,6.75,2.0,1.0,1.0,,,,5.0,8.0,0
97,2021-09-16,2021-10-29,11,fdp,11.0,13.0,-2.0,2.0,0.0,0.0,1.0,0.0,0.0,0.0,,,,1.0,,0,0,0,1,0,1,1,653.0,True,False,3.0,FDP,0.0,0.0,0.0,1.0,0.0,5,0,0,2,3,2,0.0,0.0,0.0,0.2,0.0,,,0.0,0.3333333333333333,0.0,Regierung,1.0,0.0,20.0,WP20,2021,9,43,1.6666666666666667,5.0,7.75,2.0,2.0,1.0,,8.0,8.0,7.0,8.0,1,1,0,1,1,1,1,0.0,1.0,1.0,1.0,1.0,1.6666666666666667,5.0,6.75,2.0,2.0,1.0,,,,6.0,,1
97,2021-09-16,2021-10-29,11,grüne,15.0,16.0,-1.0,1.0,0.6666666666666666,2.0,3.0,0.0,1.0,1.0,,,3.0,,,0,0,1,0,0,1,1,655.0,True,False,1.0,Bündnis 90/Die Grünen,0.0,0.0,1.0,0.0,0.0,5,0,0,2,3,2,0.0,0.0,0.2,0.0,0.0,,,0.5,0.0,0.0,Regierung,1.0,0.0,20.0,WP20,2021,9,43,1.6666666666666667,5.0,7.75,2.0,2.0,1.0,,8.0,8.0,7.0,8.0,1,1,0,1,1,1,1,0.0,1.0,1.0,1.0,1.0,1.0,3.0,4.75,2.0,1.0,0.0,,,5.0,,,2
97,2021-09-16,2021-10-29,11,linke,6.0,6.0,0.0,0.0,0.6666666666666666,2.0,1.0,0.0,1.0,1.0,,,2.0,1.0,0.0,0,0,1,1,1,1,1,763.0,True,False,0.0,Die Linke,0.0,0.0,1.0,1.0,1.0,5,0,0,2,3,2,0.0,0.0,0.2,0.2,0.2,,,0.5,0.3333333333333333,0.5,Opposition,0.0,1.0,20.0,WP20,2021,9,43,1.6666666666666667,5.0,7.75,2.0,2.0,1.0,,8.0,8.0,7.0,8.0,1,1,0,1,1,1,1,0.0,1.0,1.0,1.0,1.0,1.0,3.0,6.75,2.0,1.0,0.0,,,6.0,6.0,8.0,3
97,2021-09-16,2021-10-29,11,spd,26.0,25.0,1.0,1.0,0.0,0.0,,0.0,0.0,0.0,,,,,,0,0,0,0,0,1,0,271.0,True,False,2.0,SPD,0.0,0.0,0.0,0.0,0.0,5,0,0,2,3,2,0.0,0.0,0.0,0.0,0.0,,,0.0,0.0,0.0,Regierung,1.0,0.0,20.0,WP20,2021,9,43,1.6666666666666667,5.0,7.75,2.0,2.0,1.0,,8.0,8.0,7.0,8.0,1,1,0,1,1,1,1,0.0,1.0,1.0,1.0,1.0,1.6666666666666667,5.0,,2.0,2.0,1.0,,,,,,4
99,2021-11-04,2021-11-26,10,cdu/csu,21.0,22.0,-1.0,1.0,0.3725490196078431,1.1176470588235294,3.3968253968253967,0.2647058823529412,0.7647058823529411,0.088235294117647,3.625,5.2,,3.4,3.090909090909091,8,5,0,10,11,34,21,618.8529411764706,True,False,4.0,CDU/CSU,0.2352941176470588,0.1470588235294117,0.0,0.2941176470588235,0.3235294117647059,109,27,16,0,42,34,0.073394495412844,0.0458715596330275,0.0,0.091743119266055,0.1009174311926605,0.2962962962962963,0.3125,,0.238095238095238,0.3235294117647059,Opposition,0.0,1.0,20.0,WP20,2021,11,22,0.8787878787878788,2.636363636363636,7.684210526315789,0.9090909090909092,1.318181818181818,0.4090909090909091,7.166666666666667,9.2,7.0,7.444444444444445,8.0,22,19,6,5,1,9,11,0.2727272727272727,0.2272727272727272,0.0454545454545454,0.4090909090909091,0.5,0.5062388591800356,1.5187165775401068,4.287385129490392,0.6443850267379678,0.553475935828877,0.320855614973262,3.541666666666667,3.999999999999999,,4.044444444444444,4.909090909090909,0
99,2021-11-04,2021-11-26,10,fdp,13.0,13.0,0.0,0.0,0.2708333333333333,0.8125,1.8333333333333333,0.1875,0.5625,0.0625,1.25,3.0,,2.2857142857142856,1.0,4,2,0,7,3,16,11,613.5,True,False,3.0,FDP,0.25,0.125,0.0,0.4375,0.1875,109,27,16,0,42,34,0.036697247706422,0.018348623853211,0.0,0.0642201834862385,0.0275229357798165,0.1481481481481481,0.125,,0.1666666666666666,0.088235294117647,Regierung,1.0,0.0,20.0,WP20,2021,11,22,0.8787878787878788,2.636363636363636,7.684210526315789,0.9090909090909092,1.318181818181818,0.4090909090909091,7.166666666666667,9.2,7.0,7.444444444444445,8.0,22,19,6,5,1,9,11,0.2727272727272727,0.2272727272727272,0.0454545454545454,0.4090909090909091,0.5,0.6079545454545454,1.823863636363636,5.850877192982456,0.7215909090909091,0.7556818181818181,0.3465909090909091,5.916666666666667,6.199999999999999,,5.158730158730159,7.0,1
99,2021-11-04,2021-11-26,10,grüne,16.0,16.0,0.0,0.0,0.3333333333333333,1.0,1.5777777777777775,0.2222222222222222,0.7777777777777778,0.0,0.8333333333333334,1.5,,2.0,0.8333333333333334,6,2,0,9,6,18,15,668.4444444444445,True,False,1.0,Bündnis 90/Die Grünen,0.3333333333333333,0.1111111111111111,0.0,0.5,0.3333333333333333,109,27,16,0,42,34,0.055045871559633,0.018348623853211,0.0,0.0825688073394495,0.055045871559633,0.2222222222222222,0.125,,0.2142857142857142,0.1764705882352941,Regierung,1.0,0.0,20.0,WP20,2021,11,22,0.8787878787878788,2.636363636363636,7.684210526315789,0.9090909090909092,1.318181818181818,0.4090909090909091,7.166666666666667,9.2,7.0,7.444444444444445,8.0,22,19,6,5,1,9,11,0.2727272727272727,0.2272727272727272,0.0454545454545454,0.4090909090909091,0.5,0.5454545454545454,1.6363636363636362,6.106432748538012,0.6868686868686869,0.5404040404040403,0.4090909090909091,6.333333333333334,7.699999999999999,,5.444444444444445,7.166666666666667,2
99,2021-11-04,2021-11-26,10,linke,5.0,4.0,1.0,1.0,0.5,1.5,1.2083333333333333,0.5714285714285714,0.9285714285714286,0.0,1.0,0.6666666666666666,,1.0,0.5,2,3,0,5,4,14,8,434.9285714285714,True,False,0.0,Die Linke,0.1428571428571428,0.2142857142857142,0.0,0.3571428571428571,0.2857142857142857,109,27,16,0,42,34,0.018348623853211,0.0275229357798165,0.0,0.0458715596330275,0.036697247706422,0.074074074074074,0.1875,,0.119047619047619,0.1176470588235294,Opposition,0.0,1.0,20.0,WP20,2021,11,22,0.8787878787878788,2.636363636363636,7.684210526315789,0.9090909090909092,1.318181818181818,0.4090909090909091,7.166666666666667,9.2,7.0,7.444444444444445,8.0,22,19,6,5,1,9,11,0.2727272727272727,0.2272727272727272,0.0454545454545454,0.4090909090909091,0.5,0.3787878787878788,1.1363636363636362,6.475877192982456,0.3376623376623376,0.3896103896103895,0.4090909090909091,6.166666666666667,8.533333333333333,,6.444444444444445,7.5,3
99,2021-11-04,2021-11-26,10,spd,27.0,26.0,1.0,1.0,0.2839506172839506,0.8518518518518519,2.1746031746031744,0.1481481481481481,0.6296296296296297,0.074074074074074,1.1428571428571428,3.5,,2.909090909090909,1.4,7,4,0,11,10,27,21,605.4074074074074,True,False,2.0,SPD,0.2592592592592592,0.1481481481481481,0.0,0.4074074074074074,0.3703703703703703,109,27,16,0,42,34,0.0642201834862385,0.036697247706422,0.0,0.1009174311926605,0.091743119266055,0.2592592592592592,0.25,,0.2619047619047619,0.2941176470588235,Regierung,1.0,0.0,20.0,WP20,2021,11,22,0.8787878787878788,2.636363636363636,7.684210526315789,0.9090909090909092,1.318181818181818,0.4090909090909091,7.166666666666667,9.2,7.0,7.444444444444445,8.0,22,19,6,5,1,9,11,0.2727272727272727,0.2272727272727272,0.0454545454545454,0.4090909090909091,0.5,0.5948372615039281,1.7845117845117844,5.509607351712615,0.7609427609427609,0.6885521885521885,0.335016835016835,6.023809523809524,5.699999999999999,,4.535353535353536,6.6,4
101,2021-12-02,2021-12-10,11,cdu/csu,23.0,21.0,2.0,2.0,0.2063492063492063,0.6190476190476191,3.733333333333333,0.1428571428571428,0.4285714285714285,0.0476190476190476,6.25,,,3.4,2.333333333333333,4,0,0,5,6,21,15,598.2380952380952,True,False,4.0,CDU/CSU,0.1904761904761904,0.0,0.0,0.238095238095238,0.2857142857142857,64,15,0,0,15,27,0.0625,0.0,0.0,0.078125,0.09375,0.2666666666666666,,,0.3333333333333333,0.2222222222222222,Opposition,0.0,1.0,20.0,WP20,2021,12,8,0.9166666666666666,2.75,7.928571428571429,1.125,1.5,0.125,9.0,10.0,10.0,7.5,8.0,8,7,2,1,1,4,2,0.25,0.125,0.125,0.5,0.25,0.7103174603174602,2.130952380952381,4.195238095238095,0.9821428571428572,1.0714285714285714,0.0773809523809523,2.75,,,4.1,5.666666666666666,0
101,2021-12-02,2021-12-10,11,fdp,12.0,13.0,-1.0,1.0,0.037037037037037,0.1111111111111111,2.0,0.0,0.1111111111111111,0.0,3.0,,,2.6666666666666665,1.0,2,0,0,3,4,9,7,619.3333333333334,True,False,3.0,FDP,0.2222222222222222,0.0,0.0,0.3333333333333333,0.4444444444444444,64,15,0,0,15,27,0.03125,0.0,0.0,0.046875,0.0625,0.1333333333333333,,,0.2,0.1481481481481481,Regierung,1.0,0.0,20.0,WP20,2021,12,8,0.9166666666666666,2.75,7.928571428571429,1.125,1.5,0.125,9.0,10.0,10.0,7.5,8.0,8,7,2,1,1,4,2,0.25,0.125,0.125,0.5,0.25,0.8796296296296295,2.638888888888889,5.928571428571429,1.125,1.3888888888888888,0.125,6.0,,,4.833333333333334,7.0,1
101,2021-12-02,2021-12-10,11,grüne,17.0,17.0,0.0,0.0,0.1666666666666666,0.5,1.5,0.0,0.5,0.0,1.0,,,3.5,0.5,3,0,0,2,4,10,8,633.2,True,False,1.0,Bündnis 90/Die Grünen,0.3,0.0,0.0,0.2,0.4,64,15,0,0,15,27,0.046875,0.0,0.0,0.03125,0.0625,0.2,,,0.1333333333333333,0.1481481481481481,Regierung,1.0,0.0,20.0,WP20,2021,12,8,0.9166666666666666,2.75,7.928571428571429,1.125,1.5,0.125,9.0,10.0,10.0,7.5,8.0,8,7,2,1,1,4,2,0.25,0.125,0.125,0.5,0.25,0.75,2.25,6.428571428571429,1.125,1.0,0.125,8.0,,,4.0,7.5,2
101,2021-12-02,2021-12-10,11,linke,5.0,5.0,0.0,0.0,0.4285714285714285,1.2857142857142858,0.8333333333333334,0.4285714285714285,0.8571428571428571,0.0,2.0,,,2.0,0.4,1,0,0,1,5,7,6,400.0,True,False,0.0,Die Linke,0.1428571428571428,0.0,0.0,0.1428571428571428,0.7142857142857143,64,15,0,0,15,27,0.015625,0.0,0.0,0.015625,0.078125,0.0666666666666666,,,0.0666666666666666,0.1851851851851851,Opposition,0.0,1.0,20.0,WP20,2021,12,8,0.9166666666666666,2.75,7.928571428571429,1.125,1.5,0.125,9.0,10.0,10.0,7.5,8.0,8,7,2,1,1,4,2,0.25,0.125,0.125,0.5,0.25,0.4880952380952381,1.4642857142857142,7.095238095238096,0.6964285714285714,0.6428571428571429,0.125,7.0,,,5.5,7.6,3
101,2021-12-02,2021-12-10,11,spd,25.0,25.0,0.0,0.0,0.1176470588235294,0.3529411764705882,1.3076923076923077,0.0588235294117647,0.2941176470588235,0.0,1.4,,,2.25,1.0,5,0,0,4,8,17,13,617.4117647058823,True,False,2.0,SPD,0.2941176470588235,0.0,0.0,0.2352941176470588,0.4705882352941176,64,15,0,0,15,27,0.078125,0.0,0.0,0.0625,0.125,0.3333333333333333,,,0.2666666666666666,0.2962962962962963,Regierung,1.0,0.0,20.0,WP20,2021,12,8,0.9166666666666666,2.75,7.928571428571429,1.125,1.5,0.125,9.0,10.0,10.0,7.5,8.0,8,7,2,1,1,4,2,0.25,0.125,0.125,0.5,0.25,0.7990196078431372,2.397058823529412,6.620879120879121,1.0661764705882353,1.2058823529411764,0.125,7.6,,,5.25,7.0,4
102,2021-12-10,2022-01-06,11,cdu/csu,23.0,23.0,0.0,0.0,0.2083333333333333,0.625,3.8166666666666655,0.125,0.46875,0.03125,4.333333333333333,7.5,2.5,3.5294117647058822,2.7,9,2,2,17,10,32,24,717.65625,True,False,4.0,CDU/CSU,0.28125,0.0625,0.0625,0.53125,0.3125,110,31,5,10,56,35,0.0818181818181818,0.0181818181818181,0.0181818181818181,0.1545454545454545,0.0909090909090909,0.2903225806451613,0.4,0.2,0.3035714285714285,0.2857142857142857,Opposition,0.0,1.0,20.0,WP20,2021,12,27,1.238095238095238,3.7142857142857135,6.827272727272727,1.3571428571428572,1.7142857142857142,0.6428571428571429,8.333333333333334,8.333333333333334,6.333333333333333,6.555555555555555,8.5,14,11,3,3,3,9,4,0.2142857142857142,0.2142857142857142,0.2142857142857142,0.6428571428571429,0.2857142857142857,1.0297619047619049,3.0892857142857144,3.0106060606060607,1.2321428571428572,1.2455357142857142,0.6116071428571429,4.000000000000001,0.8333333333333339,3.833333333333333,3.026143790849673,5.8,0
102,2021-12-10,2022-01-06,11,fdp,12.0,12.0,0.0,0.0,0.1014492753623188,0.3043478260869565,2.780701754385965,0.0,0.3043478260869565,0.0,1.0,2.0,1.0,3.333333333333333,0.8571428571428571,3,1,2,15,7,23,19,595.3913043478261,True,False,3.0,FDP,0.1304347826086956,0.0434782608695652,0.0869565217391304,0.6521739130434783,0.3043478260869565,110,31,5,10,56,35,0.0272727272727272,0.009090909090909,0.0181818181818181,0.1363636363636363,0.0636363636363636,0.0967741935483871,0.2,0.2,0.2678571428571428,0.2,Regierung,1.0,0.0,20.0,WP20,2021,12,27,1.238095238095238,3.7142857142857135,6.827272727272727,1.3571428571428572,1.7142857142857142,0.6428571428571429,8.333333333333334,8.333333333333334,6.333333333333333,6.555555555555555,8.5,14,11,3,3,3,9,4,0.2142857142857142,0.2142857142857142,0.2142857142857142,0.6428571428571429,0.2857142857142857,1.136645962732919,3.409937888198758,4.046570972886762,1.3571428571428572,1.4099378881987576,0.6428571428571429,7.333333333333334,6.333333333333334,5.333333333333333,3.222222222222222,7.642857142857143,1
102,2021-12-10,2022-01-06,11,grüne,16.0,17.0,-1.0,1.0,0.1111111111111111,0.3333333333333333,1.237179487179487,0.2,0.1333333333333333,0.0,0.875,2.0,0.6666666666666666,1.4285714285714286,0.8333333333333334,8,1,3,7,6,15,13,768.2,True,False,1.0,Bündnis 90/Die Grünen,0.5333333333333333,0.0666666666666666,0.2,0.4666666666666667,0.4,110,31,5,10,56,35,0.0727272727272727,0.009090909090909,0.0272727272727272,0.0636363636363636,0.0545454545454545,0.2580645161290322,0.2,0.3,0.125,0.1714285714285714,Regierung,1.0,0.0,20.0,WP20,2021,12,27,1.238095238095238,3.7142857142857135,6.827272727272727,1.3571428571428572,1.7142857142857142,0.6428571428571429,8.333333333333334,8.333333333333334,6.333333333333333,6.555555555555555,8.5,14,11,3,3,3,9,4,0.2142857142857142,0.2142857142857142,0.2142857142857142,0.6428571428571429,0.2857142857142857,1.1269841269841268,3.380952380952381,5.59009324009324,1.1571428571428573,1.5809523809523809,0.6428571428571429,7.458333333333334,6.333333333333334,5.666666666666666,5.126984126984127,7.666666666666667,2
102,2021-12-10,2022-01-06,11,linke,5.0,5.0,0.0,0.0,0.4285714285714285,1.2857142857142858,2.0,0.5,0.7857142857142857,0.0,0.0,7.0,3.0,2.2857142857142856,1.0,2,1,1,7,4,14,10,493.8571428571428,True,False,0.0,Die Linke,0.1428571428571428,0.0714285714285714,0.0714285714285714,0.5,0.2857142857142857,110,31,5,10,56,35,0.0181818181818181,0.009090909090909,0.009090909090909,0.0636363636363636,0.0363636363636363,0.064516129032258,0.2,0.1,0.125,0.1142857142857142,Opposition,0.0,1.0,20.0,WP20,2021,12,27,1.238095238095238,3.7142857142857135,6.827272727272727,1.3571428571428572,1.7142857142857142,0.6428571428571429,8.333333333333334,8.333333333333334,6.333333333333333,6.555555555555555,8.5,14,11,3,3,3,9,4,0.2142857142857142,0.2142857142857142,0.2142857142857142,0.6428571428571429,0.2857142857142857,0.8095238095238093,2.428571428571429,4.827272727272727,0.8571428571428572,0.9285714285714284,0.6428571428571429,8.333333333333334,1.333333333333334,3.333333333333333,4.26984126984127,7.5,3
102,2021-12-10,2022-01-06,11,spd,26.0,25.0,1.0,1.0,0.0128205128205128,0.0384615384615384,1.1,0.0384615384615384,0.0,0.0,0.5555555555555556,,0.5,1.2,0.75,9,0,2,10,8,26,15,733.6538461538462,True,False,2.0,SPD,0.3461538461538461,0.0,0.0769230769230769,0.3846153846153846,0.3076923076923077,110,31,5,10,56,35,0.0818181818181818,0.0,0.0181818181818181,0.0909090909090909,0.0727272727272727,0.2903225806451613,0.0,0.2,0.1785714285714285,0.2285714285714285,Regierung,1.0,0.0,20.0,WP20,2021,12,27,1.238095238095238,3.7142857142857135,6.827272727272727,1.3571428571428572,1.7142857142857142,0.6428571428571429,8.333333333333334,8.333333333333334,6.333333333333333,6.555555555555555,8.5,14,11,3,3,3,9,4,0.2142857142857142,0.2142857142857142,0.2142857142857142,0.6428571428571429,0.2857142857142857,1.2252747252747251,3.675824175824176,5.727272727272727,1.3186813186813189,1.7142857142857142,0.6428571428571429,7.777777777777779,,5.833333333333333,5.355555555555555,7.75,4
103,2022-01-06,2022-01-21,11,cdu/csu,23.0,23.0,0.0,0.0,0.2258064516129032,0.6774193548387096,4.062962962962963,0.1774193548387097,0.4193548387096774,0.0806451612903225,4.05,6.666666666666667,7.5,4.307692307692308,3.05,20,6,4,13,20,62,45,747.258064516129,True,False,4.0,CDU/CSU,0.3225806451612903,0.0967741935483871,0.064516129032258,0.2096774193548387,0.3225806451612903,201,86,23,43,61,75,0.099502487562189,0.0298507462686567,0.0199004975124378,0.0646766169154228,0.099502487562189,0.2325581395348837,0.2608695652173913,0.0930232558139534,0.2131147540983606,0.2666666666666666,Opposition,0.0,1.0,20.0,WP20,2022,1,15,1.096774193548387,3.290322580645161,7.614942528735632,1.032258064516129,1.6451612903225807,0.6129032258064516,8.333333333333334,9.5,9.0,7.35,7.8,31,29,12,6,8,20,20,0.3870967741935484,0.1935483870967742,0.2580645161290322,0.6451612903225806,0.6451612903225806,0.8709677419354838,2.612903225806452,3.551979565772669,0.8548387096774193,1.2258064516129032,0.532258064516129,4.283333333333334,2.833333333333333,1.5,3.042307692307692,4.75,0
103,2022-01-06,2022-01-21,11,fdp,11.0,12.0,-1.0,1.0,0.0967741935483871,0.2903225806451613,1.46,0.0967741935483871,0.1612903225806451,0.032258064516129,1.75,2.857142857142857,0.4,0.5,0.9285714285714286,12,7,5,8,14,31,25,583.2903225806451,True,False,3.0,FDP,0.3870967741935484,0.2258064516129032,0.1612903225806451,0.2580645161290322,0.4516129032258064,201,86,23,43,61,75,0.0597014925373134,0.0348258706467661,0.0248756218905472,0.0398009950248756,0.0696517412935323,0.1395348837209302,0.3043478260869565,0.1162790697674418,0.1311475409836065,0.1866666666666666,Regierung,1.0,0.0,20.0,WP20,2022,1,15,1.096774193548387,3.290322580645161,7.614942528735632,1.032258064516129,1.6451612903225807,0.6129032258064516,8.333333333333334,9.5,9.0,7.35,7.8,31,29,12,6,8,20,20,0.3870967741935484,0.1935483870967742,0.2580645161290322,0.6451612903225806,0.6451612903225806,1.0,3.0,6.154942528735632,0.935483870967742,1.4838709677419355,0.5806451612903226,6.583333333333334,6.642857142857142,8.6,6.85,6.871428571428571,1
103,2022-01-06,2022-01-21,11,grüne,16.0,16.0,0.0,0.0,0.1018518518518518,0.3055555555555556,0.9,0.1388888888888889,0.1388888888888889,0.0277777777777777,0.8333333333333334,0.5,0.4666666666666667,0.9230769230769232,0.625,24,4,15,13,16,36,34,565.3055555555555,True,False,1.0,Bündnis 90/Die Grünen,0.6666666666666666,0.1111111111111111,0.4166666666666667,0.3611111111111111,0.4444444444444444,201,86,23,43,61,75,0.1194029850746268,0.0199004975124378,0.0746268656716417,0.0646766169154228,0.0796019900497512,0.2790697674418604,0.1739130434782608,0.3488372093023256,0.2131147540983606,0.2133333333333333,Regierung,1.0,0.0,20.0,WP20,2022,1,15,1.096774193548387,3.290322580645161,7.614942528735632,1.032258064516129,1.6451612903225807,0.6129032258064516,8.333333333333334,9.5,9.0,7.35,7.8,31,29,12,6,8,20,20,0.3870967741935484,0.1935483870967742,0.2580645161290322,0.6451612903225806,0.6451612903225806,0.9949223416965352,2.9847670250896057,6.714942528735632,0.8933691756272402,1.506272401433692,0.5851254480286738,7.500000000000001,9.0,8.533333333333333,6.426923076923076,7.175,2
103,2022-01-06,2022-01-21,11,linke,5.0,5.0,0.0,0.0,0.45,1.35,1.5333333333333334,0.6,0.75,0.0,1.2857142857142858,0.5,2.0,1.5,2.1666666666666665,7,2,2,6,6,20,15,522.6,True,False,0.0,Die Linke,0.35,0.1,0.1,0.3,0.3,201,86,23,43,61,75,0.0348258706467661,0.0099502487562189,0.0099502487562189,0.0298507462686567,0.0298507462686567,0.0813953488372093,0.0869565217391304,0.0465116279069767,0.0983606557377049,0.08,Opposition,0.0,1.0,20.0,WP20,2022,1,15,1.096774193548387,3.290322580645161,7.614942528735632,1.032258064516129,1.6451612903225807,0.6129032258064516,8.333333333333334,9.5,9.0,7.35,7.8,31,29,12,6,8,20,20,0.3870967741935484,0.1935483870967742,0.2580645161290322,0.6451612903225806,0.6451612903225806,0.646774193548387,1.9403225806451612,6.081609195402299,0.432258064516129,0.8951612903225807,0.6129032258064516,7.047619047619048,9.0,7.0,5.85,5.633333333333333,3
103,2022-01-06,2022-01-21,11,spd,26.0,26.0,0.0,0.0,0.1089743589743589,0.3269230769230769,1.1180555555555556,0.0769230769230769,0.2115384615384615,0.0384615384615384,1.2608695652173914,2.5,0.5882352941176471,0.9523809523809524,0.5789473684210527,23,4,17,21,19,52,48,677.5384615384615,True,False,2.0,SPD,0.4423076923076923,0.0769230769230769,0.3269230769230769,0.4038461538461538,0.3653846153846153,201,86,23,43,61,75,0.1144278606965174,0.0199004975124378,0.0845771144278607,0.1044776119402985,0.0945273631840796,0.2674418604651162,0.1739130434782608,0.3953488372093023,0.3442622950819672,0.2533333333333333,Regierung,1.0,0.0,20.0,WP20,2022,1,15,1.096774193548387,3.290322580645161,7.614942528735632,1.032258064516129,1.6451612903225807,0.6129032258064516,8.333333333333334,9.5,9.0,7.35,7.8,31,29,12,6,8,20,20,0.3870967741935484,0.1935483870967742,0.2580645161290322,0.6451612903225806,0.6451612903225806,0.987799834574028,2.9633995037220844,6.496886973180077,0.955334987593052,1.4336228287841193,0.5744416873449132,7.072463768115942,7.0,8.411764705882353,6.397619047619047,7.221052631578948,4
104,2022-01-21,2022-02-03,12,cdu/csu,24.0,23.0,1.0,1.0,0.2695035460992908,0.8085106382978723,3.2906976744186047,0.2127659574468085,0.574468085106383,0.0212765957446808,5.0625,0.0,,3.333333333333333,1.8636363636363635,16,1,0,18,22,47,43,606.7446808510638,True,False,4.0,CDU/CSU,0.3404255319148936,0.0212765957446808,0.0,0.3829787234042553,0.4680851063829787,165,52,7,5,74,69,0.0969696969696969,0.006060606060606,0.0,0.109090909090909,0.1333333333333333,0.3076923076923077,0.1428571428571428,0.0,0.2432432432432432,0.3188405797101449,Opposition,0.0,1.0,20.0,WP20,2022,1,13,0.855072463768116,2.565217391304348,7.238095238095238,0.9130434782608696,1.4782608695652173,0.1739130434782608,7.571428571428571,7.5,7.0,6.8,6.909090909090909,23,21,7,2,1,10,11,0.3043478260869565,0.0869565217391304,0.0434782608695652,0.4347826086956521,0.4782608695652174,0.5855689176688252,1.7567067530064753,3.9473975636766334,0.700277520814061,0.9037927844588344,0.15263644773358,2.508928571428571,7.5,,3.4666666666666663,5.045454545454546,0
104,2022-01-21,2022-02-03,12,fdp,10.0,11.0,-1.0,1.0,0.08,0.24,2.5,0.04,0.16,0.04,3.0,7.0,,3.0,1.2727272727272727,6,1,0,11,11,25,22,584.56,True,False,3.0,FDP,0.24,0.04,0.0,0.44,0.44,165,52,7,5,74,69,0.0363636363636363,0.006060606060606,0.0,0.0666666666666666,0.0666666666666666,0.1153846153846153,0.1428571428571428,0.0,0.1486486486486486,0.1594202898550724,Regierung,1.0,0.0,20.0,WP20,2022,1,13,0.855072463768116,2.565217391304348,7.238095238095238,0.9130434782608696,1.4782608695652173,0.1739130434782608,7.571428571428571,7.5,7.0,6.8,6.909090909090909,23,21,7,2,1,10,11,0.3043478260869565,0.0869565217391304,0.0434782608695652,0.4347826086956521,0.4782608695652174,0.775072463768116,2.3252173913043475,4.738095238095238,0.8730434782608695,1.3182608695652174,0.1339130434782608,4.571428571428571,0.5,,3.8,5.636363636363637,1
104,2022-01-21,2022-02-03,12,grüne,16.0,16.0,0.0,0.0,0.1720430107526881,0.5161290322580645,1.876543209876543,0.2258064516129032,0.2580645161290322,0.032258064516129,1.1,3.5,0.0,2.5294117647058822,1.2,10,2,2,17,10,31,27,567.5806451612904,True,False,1.0,Bündnis 90/Die Grünen,0.3225806451612903,0.064516129032258,0.064516129032258,0.5483870967741935,0.3225806451612903,165,52,7,5,74,69,0.0606060606060606,0.0121212121212121,0.0121212121212121,0.103030303030303,0.0606060606060606,0.1923076923076923,0.2857142857142857,0.4,0.2297297297297297,0.144927536231884,Regierung,1.0,0.0,20.0,WP20,2022,1,13,0.855072463768116,2.565217391304348,7.238095238095238,0.9130434782608696,1.4782608695652173,0.1739130434782608,7.571428571428571,7.5,7.0,6.8,6.909090909090909,23,21,7,2,1,10,11,0.3043478260869565,0.0869565217391304,0.0434782608695652,0.4347826086956521,0.4782608695652174,0.6830294530154278,2.049088359046283,5.361552028218695,0.6872370266479663,1.220196353436185,0.1416549789621318,6.471428571428572,4.0,7.0,4.270588235294118,5.709090909090909,2
104,2022-01-21,2022-02-03,12,linke,5.0,5.0,0.0,0.0,0.3958333333333333,1.1875,1.3846153846153846,0.5,0.6875,0.0,1.2,2.0,,1.75,1.0,5,1,0,4,7,16,13,420.1875,True,False,0.0,Die Linke,0.3125,0.0625,0.0,0.25,0.4375,165,52,7,5,74,69,0.0303030303030303,0.006060606060606,0.0,0.0242424242424242,0.0424242424242424,0.0961538461538461,0.1428571428571428,0.0,0.054054054054054,0.1014492753623188,Opposition,0.0,1.0,20.0,WP20,2022,1,13,0.855072463768116,2.565217391304348,7.238095238095238,0.9130434782608696,1.4782608695652173,0.1739130434782608,7.571428571428571,7.5,7.0,6.8,6.909090909090909,23,21,7,2,1,10,11,0.3043478260869565,0.0869565217391304,0.0434782608695652,0.4347826086956521,0.4782608695652174,0.4592391304347826,1.3777173913043477,5.853479853479854,0.4130434782608695,0.7907608695652173,0.1739130434782608,6.371428571428571,5.5,,5.05,5.909090909090909,3
104,2022-01-21,2022-02-03,12,spd,25.0,26.0,-1.0,1.0,0.1014492753623188,0.3043478260869565,1.7770833333333331,0.1304347826086956,0.1521739130434782,0.0217391304347826,1.2,2.0,3.0,2.1666666666666665,0.7894736842105263,15,2,3,24,19,46,40,655.4565217391304,True,False,2.0,SPD,0.3260869565217391,0.0434782608695652,0.0652173913043478,0.5217391304347826,0.4130434782608695,165,52,7,5,74,69,0.0909090909090909,0.0121212121212121,0.0181818181818181,0.1454545454545454,0.1151515151515151,0.2884615384615384,0.2857142857142857,0.6,0.3243243243243243,0.2753623188405797,Regierung,1.0,0.0,20.0,WP20,2022,1,13,0.855072463768116,2.565217391304348,7.238095238095238,0.9130434782608696,1.4782608695652173,0.1739130434782608,7.571428571428571,7.5,7.0,6.8,6.909090909090909,23,21,7,2,1,10,11,0.3043478260869565,0.0869565217391304,0.0434782608695652,0.4347826086956521,0.4782608695652174,0.7536231884057971,2.260869565217391,5.4610119047619055,0.7826086956521738,1.326086956521739,0.1521739130434782,6.371428571428571,5.5,4.0,4.633333333333333,6.119617224880383,4
105,2022-02-03,2022-02-18,12,cdu/csu,27.0,24.0,3.0,3.0,0.2051282051282051,0.6153846153846154,3.2580645161290325,0.0769230769230769,0.5128205128205128,0.0256410256410256,3.125,7.666666666666667,1.0,4.333333333333333,2.5625,8,3,4,15,16,39,31,639.8461538461538,True,False,4.0,CDU/CSU,0.2051282051282051,0.0769230769230769,0.1025641025641025,0.3846153846153846,0.4102564102564102,136,32,22,23,55,64,0.0588235294117647,0.0220588235294117,0.0294117647058823,0.1102941176470588,0.1176470588235294,0.25,0.1363636363636363,0.1739130434782608,0.2727272727272727,0.25,Opposition,0.0,1.0,20.0,WP20,2022,2,15,0.8730158730158729,2.619047619047619,7.694444444444445,0.7619047619047619,1.1904761904761905,0.6666666666666666,9.0,7.333333333333333,8.285714285714286,7.625,7.615384615384615,21,18,3,9,7,8,13,0.1428571428571428,0.4285714285714285,0.3333333333333333,0.3809523809523809,0.6190476190476191,0.6678876678876678,2.003663003663004,4.436379928315413,0.684981684981685,0.6776556776556777,0.641025641025641,5.875,0.3333333333333339,7.2857142857142865,3.291666666666667,5.052884615384615,0
105,2022-02-03,2022-02-18,12,fdp,10.0,10.0,0.0,0.0,0.0166666666666666,0.05,1.6458333333333333,0.0,0.05,0.0,2.25,1.0,0.6666666666666666,2.2857142857142856,0.8,4,3,3,7,10,20,16,580.1,True,False,3.0,FDP,0.2,0.15,0.15,0.35,0.5,136,32,22,23,55,64,0.0294117647058823,0.0220588235294117,0.0220588235294117,0.0514705882352941,0.0735294117647058,0.125,0.1363636363636363,0.1304347826086956,0.1272727272727272,0.15625,Regierung,1.0,0.0,20.0,WP20,2022,2,15,0.8730158730158729,2.619047619047619,7.694444444444445,0.7619047619047619,1.1904761904761905,0.6666666666666666,9.0,7.333333333333333,8.285714285714286,7.625,7.615384615384615,21,18,3,9,7,8,13,0.1428571428571428,0.4285714285714285,0.3333333333333333,0.3809523809523809,0.6190476190476191,0.8563492063492062,2.5690476190476192,6.048611111111112,0.7619047619047619,1.1404761904761904,0.6666666666666666,6.75,6.333333333333333,7.6190476190476195,5.339285714285714,6.815384615384615,1
105,2022-02-03,2022-02-18,12,grüne,16.0,16.0,0.0,0.0,0.1904761904761904,0.5714285714285714,0.9074074074074072,0.1428571428571428,0.3333333333333333,0.0952380952380952,0.7142857142857143,0.4,0.0,1.181818181818182,0.4166666666666667,7,5,3,11,12,21,18,598.1428571428571,True,False,1.0,Bündnis 90/Die Grünen,0.3333333333333333,0.238095238095238,0.1428571428571428,0.5238095238095238,0.5714285714285714,136,32,22,23,55,64,0.0514705882352941,0.0367647058823529,0.0220588235294117,0.0808823529411764,0.088235294117647,0.21875,0.2272727272727272,0.1304347826086956,0.2,0.1875,Regierung,1.0,0.0,20.0,WP20,2022,2,15,0.8730158730158729,2.619047619047619,7.694444444444445,0.7619047619047619,1.1904761904761905,0.6666666666666666,9.0,7.333333333333333,8.285714285714286,7.625,7.615384615384615,21,18,3,9,7,8,13,0.1428571428571428,0.4285714285714285,0.3333333333333333,0.3809523809523809,0.6190476190476191,0.6825396825396824,2.0476190476190474,6.787037037037037,0.6190476190476191,0.8571428571428572,0.5714285714285714,8.285714285714286,6.933333333333333,8.285714285714286,6.443181818181818,7.198717948717948,2
105,2022-02-03,2022-02-18,12,linke,5.0,5.0,0.0,0.0,0.4901960784313725,1.4705882352941178,1.068181818181818,0.5294117647058824,0.8823529411764706,0.0588235294117647,0.6666666666666666,0.0,0.5,0.75,1.0,3,3,2,4,7,17,11,422.52941176470586,True,False,0.0,Die Linke,0.1764705882352941,0.1764705882352941,0.1176470588235294,0.2352941176470588,0.4117647058823529,136,32,22,23,55,64,0.0220588235294117,0.0220588235294117,0.0147058823529411,0.0294117647058823,0.0514705882352941,0.09375,0.1363636363636363,0.0869565217391304,0.0727272727272727,0.109375,Opposition,0.0,1.0,20.0,WP20,2022,2,15,0.8730158730158729,2.619047619047619,7.694444444444445,0.7619047619047619,1.1904761904761905,0.6666666666666666,9.0,7.333333333333333,8.285714285714286,7.625,7.615384615384615,21,18,3,9,7,8,13,0.1428571428571428,0.4285714285714285,0.3333333333333333,0.3809523809523809,0.6190476190476191,0.3828197945845004,1.148459383753501,6.626262626262626,0.2324929971988795,0.3081232492997199,0.6078431372549019,8.333333333333334,7.333333333333333,7.7857142857142865,6.875,6.615384615384615,3
105,2022-02-03,2022-02-18,12,spd,22.0,25.0,-3.0,3.0,0.2136752136752136,0.6410256410256411,0.8914141414141413,0.2564102564102564,0.282051282051282,0.1025641025641025,0.6,1.125,0.3636363636363636,1.2222222222222223,0.5789473684210527,10,8,11,18,19,39,33,562.2564102564103,True,False,2.0,SPD,0.2564102564102564,0.2051282051282051,0.282051282051282,0.4615384615384615,0.4871794871794871,136,32,22,23,55,64,0.0735294117647058,0.0588235294117647,0.0808823529411764,0.1323529411764706,0.1397058823529411,0.3125,0.3636363636363636,0.4782608695652174,0.3272727272727272,0.296875,Regierung,1.0,0.0,20.0,WP20,2022,2,15,0.8730158730158729,2.619047619047619,7.694444444444445,0.7619047619047619,1.1904761904761905,0.6666666666666666,9.0,7.333333333333333,8.285714285714286,7.625,7.615384615384615,21,18,3,9,7,8,13,0.1428571428571428,0.4285714285714285,0.3333333333333333,0.3809523809523809,0.6190476190476191,0.6593406593406592,1.978021978021978,6.803030303030304,0.5054945054945055,0.9084249084249084,0.5641025641025641,8.4,6.208333333333333,7.922077922077923,6.402777777777778,7.036437246963562,4
106,2022-02-18,2022-03-03,12,cdu/csu,26.0,27.0,-1.0,1.0,0.2533333333333333,0.76,3.234848484848485,0.2,0.52,0.04,4.75,5.0,,3.333333333333333,2.0,8,5,0,6,15,25,22,709.56,True,False,4.0,CDU/CSU,0.32,0.2,0.0,0.24,0.6,89,36,16,3,23,54,0.0898876404494382,0.0561797752808988,0.0,0.0674157303370786,0.1685393258426966,0.2222222222222222,0.3125,0.0,0.2608695652173913,0.2777777777777778,Opposition,0.0,1.0,20.0,WP20,2022,2,13,0.8125,2.4375,7.094444444444445,0.8125,1.375,0.25,9.0,6.666666666666667,10.0,6.0,6.538461538461538,16,15,7,3,1,8,13,0.4375,0.1875,0.0625,0.5,0.8125,0.5591666666666667,1.6775,3.85959595959596,0.6125,0.855,0.21,4.25,1.666666666666667,,2.6666666666666665,4.538461538461538,0
106,2022-02-18,2022-03-03,12,fdp,9.0,10.0,-1.0,1.0,0.1944444444444444,0.5833333333333334,2.273333333333333,0.1666666666666666,0.3333333333333333,0.0833333333333333,3.333333333333333,3.5,0.0,1.0,2.0,6,2,1,3,7,12,10,657.9166666666666,True,False,3.0,FDP,0.5,0.1666666666666666,0.0833333333333333,0.25,0.5833333333333334,89,36,16,3,23,54,0.0674157303370786,0.0224719101123595,0.0112359550561797,0.0337078651685393,0.0786516853932584,0.1666666666666666,0.125,0.3333333333333333,0.1304347826086956,0.1296296296296296,Regierung,1.0,0.0,20.0,WP20,2022,2,13,0.8125,2.4375,7.094444444444445,0.8125,1.375,0.25,9.0,6.666666666666667,10.0,6.0,6.538461538461538,16,15,7,3,1,8,13,0.4375,0.1875,0.0625,0.5,0.8125,0.6180555555555556,1.8541666666666663,4.821111111111112,0.6458333333333334,1.0416666666666667,0.1666666666666666,5.666666666666666,3.166666666666667,10.0,5.0,4.538461538461538,1
106,2022-02-18,2022-03-03,12,grüne,15.0,16.0,-1.0,1.0,0.2444444444444444,0.7333333333333333,1.0238095238095235,0.0666666666666666,0.5333333333333333,0.1333333333333333,1.375,1.0,0.0,0.3333333333333333,0.4444444444444444,8,3,1,3,9,15,14,537.8666666666667,True,False,1.0,Bündnis 90/Die Grünen,0.5333333333333333,0.2,0.0666666666666666,0.2,0.6,89,36,16,3,23,54,0.0898876404494382,0.0337078651685393,0.0112359550561797,0.0337078651685393,0.1011235955056179,0.2222222222222222,0.1875,0.3333333333333333,0.1304347826086956,0.1666666666666666,Regierung,1.0,0.0,20.0,WP20,2022,2,13,0.8125,2.4375,7.094444444444445,0.8125,1.375,0.25,9.0,6.666666666666667,10.0,6.0,6.538461538461538,16,15,7,3,1,8,13,0.4375,0.1875,0.0625,0.5,0.8125,0.5680555555555555,1.7041666666666666,6.070634920634921,0.7458333333333333,0.8416666666666667,0.1166666666666666,7.625,5.666666666666667,10.0,5.666666666666667,6.094017094017094,2
106,2022-02-18,2022-03-03,12,linke,5.0,5.0,0.0,0.0,0.4444444444444444,1.3333333333333333,1.5277777777777777,0.4444444444444444,0.8888888888888888,0.0,2.5,1.0,,0.0,1.6666666666666667,2,2,0,2,3,9,6,517.0,True,False,0.0,Die Linke,0.2222222222222222,0.2222222222222222,0.0,0.2222222222222222,0.3333333333333333,89,36,16,3,23,54,0.0224719101123595,0.0224719101123595,0.0,0.0224719101123595,0.0337078651685393,0.0555555555555555,0.125,0.0,0.0869565217391304,0.0555555555555555,Opposition,0.0,1.0,20.0,WP20,2022,2,13,0.8125,2.4375,7.094444444444445,0.8125,1.375,0.25,9.0,6.666666666666667,10.0,6.0,6.538461538461538,16,15,7,3,1,8,13,0.4375,0.1875,0.0625,0.5,0.8125,0.3680555555555556,1.1041666666666667,5.566666666666667,0.3680555555555556,0.4861111111111111,0.25,6.5,5.666666666666667,,6.0,4.871794871794871,3
106,2022-02-18,2022-03-03,12,spd,24.0,22.0,2.0,2.0,0.1904761904761904,0.5714285714285714,1.217948717948718,0.2142857142857142,0.3571428571428571,0.0,1.0,1.25,0.0,1.2222222222222223,1.0,12,4,1,9,20,28,26,638.5357142857143,True,False,2.0,SPD,0.4285714285714285,0.1428571428571428,0.0357142857142857,0.3214285714285714,0.7142857142857143,89,36,16,3,23,54,0.1348314606741573,0.0449438202247191,0.0112359550561797,0.1011235955056179,0.2247191011235955,0.3333333333333333,0.25,0.3333333333333333,0.391304347826087,0.3703703703703703,Regierung,1.0,0.0,20.0,WP20,2022,2,13,0.8125,2.4375,7.094444444444445,0.8125,1.375,0.25,9.0,6.666666666666667,10.0,6.0,6.538461538461538,16,15,7,3,1,8,13,0.4375,0.1875,0.0625,0.5,0.8125,0.6220238095238095,1.8660714285714288,5.876495726495727,0.5982142857142857,1.0178571428571428,0.25,8.0,5.416666666666667,10.0,4.777777777777778,5.538461538461538,4
107,2022-03-03,2022-03-18,11,cdu/csu,26.0,26.0,0.0,0.0,0.3086419753086419,0.925925925925926,2.5946969696969697,0.2037037037037037,0.6296296296296297,0.0925925925925925,3.75,3.142857142857143,0.5,2.6153846153846154,1.6363636363636365,12,7,2,26,22,54,44,646.0370370370371,True,False,4.0,CDU/CSU,0.2222222222222222,0.1296296296296296,0.037037037037037,0.4814814814814814,0.4074074074074074,186,49,26,15,83,77,0.064516129032258,0.0376344086021505,0.010752688172043,0.1397849462365591,0.1182795698924731,0.2448979591836734,0.2692307692307692,0.1333333333333333,0.3132530120481928,0.2857142857142857,Opposition,0.0,1.0,20.0,WP20,2022,3,15,0.92,2.76,6.413043478260869,1.0,1.44,0.32,8.571428571428571,8.5,6.0,5.642857142857143,6.357142857142857,25,23,7,4,3,14,14,0.28,0.16,0.12,0.56,0.56,0.6113580246913581,1.8340740740740735,3.8183465085639,0.7962962962962963,0.8103703703703703,0.2274074074074074,4.821428571428571,5.357142857142858,5.5,3.027472527472528,4.72077922077922,0
107,2022-03-03,2022-03-18,11,fdp,9.0,9.0,0.0,0.0,0.1481481481481481,0.4444444444444444,2.015151515151515,0.037037037037037,0.3333333333333333,0.074074074074074,2.833333333333333,4.0,2.5,1.7857142857142858,1.5833333333333333,6,4,2,14,12,27,22,632.6666666666666,True,False,3.0,FDP,0.2222222222222222,0.1481481481481481,0.074074074074074,0.5185185185185185,0.4444444444444444,186,49,26,15,83,77,0.032258064516129,0.021505376344086,0.010752688172043,0.075268817204301,0.064516129032258,0.1224489795918367,0.1538461538461538,0.1333333333333333,0.1686746987951807,0.1558441558441558,Regierung,1.0,0.0,20.0,WP20,2022,3,15,0.92,2.76,6.413043478260869,1.0,1.44,0.32,8.571428571428571,8.5,6.0,5.642857142857143,6.357142857142857,25,23,7,4,3,14,14,0.28,0.16,0.12,0.56,0.56,0.7718518518518519,2.315555555555555,4.397891963109354,0.962962962962963,1.106666666666667,0.2459259259259259,5.738095238095237,4.5,3.5,3.8571428571428577,4.773809523809524,1
107,2022-03-03,2022-03-18,11,grüne,16.0,15.0,1.0,1.0,0.2555555555555555,0.7666666666666667,1.425595238095238,0.2666666666666666,0.4333333333333333,0.0666666666666666,1.0,2.5,1.0,1.7857142857142858,1.2142857142857142,12,4,3,14,14,30,28,602.9666666666667,True,False,1.0,Bündnis 90/Die Grünen,0.4,0.1333333333333333,0.1,0.4666666666666667,0.4666666666666667,186,49,26,15,83,77,0.064516129032258,0.021505376344086,0.0161290322580645,0.075268817204301,0.075268817204301,0.2448979591836734,0.1538461538461538,0.2,0.1686746987951807,0.1818181818181818,Regierung,1.0,0.0,20.0,WP20,2022,3,15,0.92,2.76,6.413043478260869,1.0,1.44,0.32,8.571428571428571,8.5,6.0,5.642857142857143,6.357142857142857,25,23,7,4,3,14,14,0.28,0.16,0.12,0.56,0.56,0.6644444444444445,1.9933333333333327,4.987448240165631,0.7333333333333334,1.0066666666666666,0.2533333333333333,7.571428571428571,6.0,5.0,3.8571428571428577,5.142857142857142,2
107,2022-03-03,2022-03-18,11,linke,5.0,5.0,0.0,0.0,0.5277777777777778,1.5833333333333333,1.588235294117647,0.5,0.9166666666666666,0.1666666666666666,1.2,1.5,1.0,2.0,1.25,5,4,2,9,8,24,17,436.1666666666667,True,False,0.0,Die Linke,0.2083333333333333,0.1666666666666666,0.0833333333333333,0.375,0.3333333333333333,186,49,26,15,83,77,0.0268817204301075,0.021505376344086,0.010752688172043,0.0483870967741935,0.043010752688172,0.1020408163265306,0.1538461538461538,0.1333333333333333,0.108433734939759,0.1038961038961039,Opposition,0.0,1.0,20.0,WP20,2022,3,15,0.92,2.76,6.413043478260869,1.0,1.44,0.32,8.571428571428571,8.5,6.0,5.642857142857143,6.357142857142857,25,23,7,4,3,14,14,0.28,0.16,0.12,0.56,0.56,0.3922222222222222,1.1766666666666663,4.824808184143222,0.5,0.5233333333333333,0.1533333333333333,7.371428571428571,7.0,5.0,3.6428571428571432,5.107142857142857,3
107,2022-03-03,2022-03-18,11,spd,25.0,24.0,1.0,1.0,0.1699346405228758,0.5098039215686274,1.3841463414634143,0.1764705882352941,0.2549019607843137,0.0784313725490196,1.4285714285714286,1.2857142857142858,1.1666666666666667,1.7,0.6666666666666666,14,7,6,20,21,51,41,653.5098039215686,True,False,2.0,SPD,0.2745098039215686,0.1372549019607843,0.1176470588235294,0.392156862745098,0.4117647058823529,186,49,26,15,83,77,0.075268817204301,0.0376344086021505,0.032258064516129,0.1075268817204301,0.1129032258064516,0.2857142857142857,0.2692307692307692,0.4,0.2409638554216867,0.2727272727272727,Regierung,1.0,0.0,20.0,WP20,2022,3,15,0.92,2.76,6.413043478260869,1.0,1.44,0.32,8.571428571428571,8.5,6.0,5.642857142857143,6.357142857142857,25,23,7,4,3,14,14,0.28,0.16,0.12,0.56,0.56,0.7500653594771243,2.2501960784313724,5.028897136797455,0.8235294117647058,1.1850980392156862,0.2415686274509804,7.142857142857142,7.214285714285714,4.833333333333333,3.942857142857143,5.69047619047619,4
108,2022-03-18,2022-04-07,11,cdu/csu,26.0,26.0,0.0,0.0,0.2367601246105919,0.7102803738317757,3.0328947368421053,0.1682242990654205,0.4953271028037383,0.0467289719626168,4.352941176470588,3.3076923076923075,2.0,3.25,2.18,34,13,3,12,50,107,76,761.7009345794393,True,False,4.0,CDU/CSU,0.3177570093457944,0.1214953271028037,0.02803738317757,0.1121495327102803,0.4672897196261682,388,151,67,42,87,203,0.0876288659793814,0.0335051546391752,0.0077319587628865,0.0309278350515463,0.1288659793814432,0.2251655629139073,0.1940298507462686,0.0714285714285714,0.1379310344827586,0.2463054187192118,Opposition,0.0,1.0,20.0,WP20,2022,3,20,0.8045977011494252,2.413793103448276,6.736000000000001,0.7413793103448276,1.4137931034482758,0.2586206896551724,7.866666666666666,8.142857142857142,8.3,6.578947368421052,6.628571428571429,58,50,30,7,10,19,35,0.5172413793103449,0.1206896551724138,0.1724137931034483,0.3275862068965517,0.603448275862069,0.5678375765388333,1.7035127296165,3.7031052631578953,0.573155011279407,0.9184660006445377,0.2118917176925556,3.5137254901960784,4.835164835164835,6.300000000000001,3.328947368421052,4.448571428571428,0
108,2022-03-18,2022-04-07,11,fdp,9.0,9.0,0.0,0.0,0.1034482758620689,0.3103448275862069,1.851851851851852,0.0862068965517241,0.2241379310344827,0.0,3.7857142857142856,1.6363636363636365,0.2,1.6,1.032258064516129,14,11,5,10,31,58,45,628.7586206896551,True,False,3.0,FDP,0.2413793103448276,0.1896551724137931,0.0862068965517241,0.1724137931034483,0.5344827586206896,388,151,67,42,87,203,0.0360824742268041,0.0283505154639175,0.0128865979381443,0.0257731958762886,0.0798969072164948,0.0927152317880794,0.1641791044776119,0.119047619047619,0.1149425287356321,0.1527093596059113,Regierung,1.0,0.0,20.0,WP20,2022,3,20,0.8045977011494252,2.413793103448276,6.736000000000001,0.7413793103448276,1.4137931034482758,0.2586206896551724,7.866666666666666,8.142857142857142,8.3,6.578947368421052,6.628571428571429,58,50,30,7,10,19,35,0.5172413793103449,0.1206896551724138,0.1724137931034483,0.3275862068965517,0.603448275862069,0.7011494252873562,2.103448275862069,4.8841481481481495,0.6551724137931034,1.1896551724137931,0.2586206896551724,4.080952380952381,6.506493506493506,8.100000000000001,4.978947368421052,5.5963133640553,1
108,2022-03-18,2022-04-07,11,grüne,17.0,16.0,1.0,1.0,0.1571428571428571,0.4714285714285714,1.03125,0.1,0.3428571428571428,0.0285714285714285,1.0465116279069768,1.0,0.2142857142857142,1.0909090909090908,0.7674418604651163,43,16,14,22,43,70,64,616.0857142857143,True,False,1.0,Bündnis 90/Die Grünen,0.6142857142857143,0.2285714285714285,0.2,0.3142857142857143,0.6142857142857143,388,151,67,42,87,203,0.1108247422680412,0.0412371134020618,0.0360824742268041,0.056701030927835,0.1108247422680412,0.2847682119205298,0.2388059701492537,0.3333333333333333,0.2528735632183908,0.2118226600985221,Regierung,1.0,0.0,20.0,WP20,2022,3,20,0.8045977011494252,2.413793103448276,6.736000000000001,0.7413793103448276,1.4137931034482758,0.2586206896551724,7.866666666666666,8.142857142857142,8.3,6.578947368421052,6.628571428571429,58,50,30,7,10,19,35,0.5172413793103449,0.1206896551724138,0.1724137931034483,0.3275862068965517,0.603448275862069,0.647454844006568,1.9423645320197045,5.704750000000001,0.6413793103448276,1.0709359605911328,0.2300492610837438,6.820155038759689,7.142857142857142,8.085714285714287,5.488038277511961,5.861129568106312,2
108,2022-03-18,2022-04-07,11,linke,4.0,5.0,-1.0,1.0,0.5299145299145298,1.5897435897435896,1.106,0.6410256410256411,0.8717948717948718,0.0769230769230769,1.0666666666666669,0.3333333333333333,2.5,1.625,0.5,15,3,4,8,14,39,25,483.02564102564105,True,False,0.0,Die Linke,0.3846153846153846,0.0769230769230769,0.1025641025641025,0.2051282051282051,0.358974358974359,388,151,67,42,87,203,0.0386597938144329,0.0077319587628865,0.0103092783505154,0.0206185567010309,0.0360824742268041,0.0993377483443708,0.044776119402985,0.0952380952380952,0.0919540229885057,0.0689655172413793,Opposition,0.0,1.0,20.0,WP20,2022,3,20,0.8045977011494252,2.413793103448276,6.736000000000001,0.7413793103448276,1.4137931034482758,0.2586206896551724,7.866666666666666,8.142857142857142,8.3,6.578947368421052,6.628571428571429,58,50,30,7,10,19,35,0.5172413793103449,0.1206896551724138,0.1724137931034483,0.3275862068965517,0.603448275862069,0.2746831712348954,0.8240495137046862,5.630000000000001,0.1003536693191865,0.541998231653404,0.1816976127320955,6.8,7.809523809523809,5.800000000000001,4.953947368421052,6.128571428571429,3
108,2022-03-18,2022-04-07,11,spd,25.0,25.0,0.0,0.0,0.0818713450292397,0.2456140350877192,1.2395189003436426,0.0964912280701754,0.131578947368421,0.0175438596491228,1.5333333333333334,1.25,0.375,1.3142857142857145,0.8769230769230769,45,24,16,35,65,114,97,670.5964912280701,True,False,2.0,SPD,0.3947368421052631,0.2105263157894736,0.1403508771929824,0.3070175438596491,0.5701754385964912,388,151,67,42,87,203,0.1159793814432989,0.0618556701030927,0.0412371134020618,0.0902061855670103,0.1675257731958762,0.2980132450331126,0.3582089552238806,0.3809523809523809,0.4022988505747126,0.3201970443349753,Regierung,1.0,0.0,20.0,WP20,2022,3,20,0.8045977011494252,2.413793103448276,6.736000000000001,0.7413793103448276,1.4137931034482758,0.2586206896551724,7.866666666666666,8.142857142857142,8.3,6.578947368421052,6.628571428571429,58,50,30,7,10,19,35,0.5172413793103449,0.1206896551724138,0.1724137931034483,0.3275862068965517,0.603448275862069,0.7227263561201854,2.1681790683605566,5.496481099656358,0.6448880822746522,1.2822141560798548,0.2410768300060496,6.333333333333333,6.892857142857142,7.925000000000001,5.264661654135338,5.7516483516483525,4
109,2022-04-07,2022-04-14,11,cdu/csu,25.0,26.0,-1.0,1.0,0.2133333333333333,0.64,2.458333333333333,0.18,0.42,0.04,4.666666666666667,2.5,1.0,2.8666666666666667,2.0869565217391304,9,10,3,15,23,50,40,705.96,True,False,4.0,CDU/CSU,0.18,0.2,0.06,0.3,0.46,198,45,40,21,69,80,0.0454545454545454,0.0505050505050505,0.0151515151515151,0.0757575757575757,0.1161616161616161,0.2,0.25,0.1428571428571428,0.217391304347826,0.2875,Opposition,0.0,1.0,20.0,WP20,2022,4,7,0.7701149425287356,2.310344827586207,7.246212121212121,0.7586206896551724,1.3448275862068966,0.2068965517241379,8.333333333333334,7.5,8.666666666666666,6.75,7.454545454545454,29,22,6,6,3,12,11,0.2068965517241379,0.2068965517241379,0.1034482758620689,0.4137931034482758,0.3793103448275862,0.5567816091954023,1.6703448275862067,4.787878787878788,0.5786206896551724,0.9248275862068966,0.1668965517241379,3.666666666666667,5.0,7.666666666666666,3.883333333333333,5.367588932806324,0
109,2022-04-07,2022-04-14,11,fdp,9.0,9.0,0.0,0.0,0.1212121212121212,0.3636363636363636,1.8,0.1515151515151515,0.1818181818181818,0.0303030303030303,1.5,1.8571428571428568,0.6666666666666666,2.2857142857142856,1.1666666666666667,4,7,3,14,12,33,25,532.030303030303,True,False,3.0,FDP,0.1212121212121212,0.2121212121212121,0.0909090909090909,0.4242424242424242,0.3636363636363636,198,45,40,21,69,80,0.0202020202020202,0.0353535353535353,0.0151515151515151,0.0707070707070707,0.0606060606060606,0.0888888888888888,0.175,0.1428571428571428,0.2028985507246377,0.15,Regierung,1.0,0.0,20.0,WP20,2022,4,7,0.7701149425287356,2.310344827586207,7.246212121212121,0.7586206896551724,1.3448275862068966,0.2068965517241379,8.333333333333334,7.5,8.666666666666666,6.75,7.454545454545454,29,22,6,6,3,12,11,0.2068965517241379,0.2068965517241379,0.1034482758620689,0.4137931034482758,0.3793103448275862,0.6489028213166144,1.946708463949843,5.446212121212121,0.6071055381400209,1.1630094043887147,0.1765935214211076,6.833333333333334,5.642857142857142,7.999999999999999,4.464285714285714,6.287878787878787,1
109,2022-04-07,2022-04-14,11,grüne,19.0,17.0,2.0,2.0,0.1491228070175438,0.4473684210526316,1.6041666666666667,0.1578947368421052,0.2631578947368421,0.0263157894736842,1.5714285714285714,1.0,0.6,2.333333333333333,0.5714285714285714,14,7,5,12,14,38,32,491.078947368421,True,False,1.0,Bündnis 90/Die Grünen,0.3684210526315789,0.1842105263157894,0.131578947368421,0.3157894736842105,0.3684210526315789,198,45,40,21,69,80,0.0707070707070707,0.0353535353535353,0.0252525252525252,0.0606060606060606,0.0707070707070707,0.3111111111111111,0.175,0.238095238095238,0.1739130434782608,0.175,Regierung,1.0,0.0,20.0,WP20,2022,4,7,0.7701149425287356,2.310344827586207,7.246212121212121,0.7586206896551724,1.3448275862068966,0.2068965517241379,8.333333333333334,7.5,8.666666666666666,6.75,7.454545454545454,29,22,6,6,3,12,11,0.2068965517241379,0.2068965517241379,0.1034482758620689,0.4137931034482758,0.3793103448275862,0.6209921355111917,1.8629764065335752,5.642045454545454,0.6007259528130671,1.0816696914700543,0.1805807622504537,6.761904761904763,6.5,8.066666666666666,4.416666666666666,6.883116883116883,2
109,2022-04-07,2022-04-14,11,linke,4.0,4.0,0.0,0.0,0.5454545454545454,1.6363636363636365,1.7685185185185184,0.5,1.0,0.1363636363636363,2.833333333333333,1.25,0.5,1.4545454545454546,1.5555555555555556,6,4,4,11,9,22,18,448.0,True,False,0.0,Die Linke,0.2727272727272727,0.1818181818181818,0.1818181818181818,0.5,0.4090909090909091,198,45,40,21,69,80,0.0303030303030303,0.0202020202020202,0.0202020202020202,0.0555555555555555,0.0454545454545454,0.1333333333333333,0.1,0.1904761904761904,0.1594202898550724,0.1125,Opposition,0.0,1.0,20.0,WP20,2022,4,7,0.7701149425287356,2.310344827586207,7.246212121212121,0.7586206896551724,1.3448275862068966,0.2068965517241379,8.333333333333334,7.5,8.666666666666666,6.75,7.454545454545454,29,22,6,6,3,12,11,0.2068965517241379,0.2068965517241379,0.1034482758620689,0.4137931034482758,0.3793103448275862,0.2246603970741901,0.6739811912225704,5.477693602693603,0.2586206896551724,0.3448275862068966,0.0705329153605015,5.5,6.25,8.166666666666666,5.295454545454545,5.898989898989899,3
109,2022-04-07,2022-04-14,11,spd,24.0,25.0,-1.0,1.0,0.1272727272727272,0.3818181818181818,1.5104166666666663,0.1636363636363636,0.1818181818181818,0.0363636363636363,1.5,1.5,0.5,1.9411764705882355,0.7727272727272727,12,12,6,17,22,55,40,630.2,True,False,2.0,SPD,0.2181818181818181,0.2181818181818181,0.109090909090909,0.3090909090909091,0.4,198,45,40,21,69,80,0.0606060606060606,0.0606060606060606,0.0303030303030303,0.0858585858585858,0.1111111111111111,0.2666666666666666,0.3,0.2857142857142857,0.2463768115942029,0.275,Regierung,1.0,0.0,20.0,WP20,2022,4,7,0.7701149425287356,2.310344827586207,7.246212121212121,0.7586206896551724,1.3448275862068966,0.2068965517241379,8.333333333333334,7.5,8.666666666666666,6.75,7.454545454545454,29,22,6,6,3,12,11,0.2068965517241379,0.2068965517241379,0.1034482758620689,0.4137931034482758,0.3793103448275862,0.6428422152560083,1.928526645768025,5.735795454545455,0.5949843260188088,1.1630094043887147,0.1705329153605015,6.833333333333334,6.0,8.166666666666666,4.8088235294117645,6.681818181818182,4
110,2022-04-14,2022-04-28,11,cdu/csu,26.0,25.0,1.0,1.0,0.1388888888888888,0.4166666666666667,1.5,0.0,0.4166666666666667,0.0,0.6666666666666666,,2.6666666666666665,1.3333333333333333,1.25,3,0,3,3,4,12,7,646.3333333333334,True,False,4.0,CDU/CSU,0.25,0.0,0.25,0.25,0.3333333333333333,40,11,2,10,14,16,0.075,0.0,0.075,0.075,0.1,0.2727272727272727,0.0,0.3,0.2142857142857142,0.25,Opposition,0.0,1.0,20.0,WP20,2022,4,14,0.8,2.4,7.083333333333333,0.8,1.4,0.2,10.0,,10.0,4.333333333333333,8.0,5,4,1,0,1,3,3,0.2,0.0,0.2,0.6,0.6,0.6611111111111112,1.9833333333333327,5.583333333333333,0.8,0.9833333333333332,0.2,9.333333333333334,,7.333333333333334,3.0,6.75,0
110,2022-04-14,2022-04-28,11,fdp,8.0,9.0,-1.0,1.0,0.1111111111111111,0.3333333333333333,1.0,0.0,0.3333333333333333,0.0,0.5,,2.0,0.0,1.0,2,0,1,1,3,6,4,584.3333333333334,True,False,3.0,FDP,0.3333333333333333,0.0,0.1666666666666666,0.1666666666666666,0.5,40,11,2,10,14,16,0.05,0.0,0.025,0.025,0.075,0.1818181818181818,0.0,0.1,0.0714285714285714,0.1875,Regierung,1.0,0.0,20.0,WP20,2022,4,14,0.8,2.4,7.083333333333333,0.8,1.4,0.2,10.0,,10.0,4.333333333333333,8.0,5,4,1,0,1,3,3,0.2,0.0,0.2,0.6,0.6,0.6888888888888889,2.0666666666666664,6.083333333333333,0.8,1.0666666666666669,0.2,9.5,,8.0,4.333333333333333,7.0,1
110,2022-04-14,2022-04-28,11,grüne,18.0,19.0,-1.0,1.0,0.0,0.0,0.7,0.0,0.0,0.0,0.0,,1.0,1.0,0.6666666666666666,2,0,2,3,3,7,5,553.4285714285714,True,False,1.0,Bündnis 90/Die Grünen,0.2857142857142857,0.0,0.2857142857142857,0.4285714285714285,0.4285714285714285,40,11,2,10,14,16,0.05,0.0,0.05,0.075,0.075,0.1818181818181818,0.0,0.2,0.2142857142857142,0.1875,Regierung,1.0,0.0,20.0,WP20,2022,4,14,0.8,2.4,7.083333333333333,0.8,1.4,0.2,10.0,,10.0,4.333333333333333,8.0,5,4,1,0,1,3,3,0.2,0.0,0.2,0.6,0.6,0.8,2.4,6.383333333333333,0.8,1.4,0.2,10.0,,9.0,3.333333333333333,7.333333333333333,2
110,2022-04-14,2022-04-28,11,linke,4.0,4.0,0.0,0.0,0.8333333333333333,2.5,1.25,0.5,1.5,0.5,0.0,9.0,1.0,0.5,1.5,1,1,1,2,2,4,4,522.5,True,False,0.0,Die Linke,0.25,0.25,0.25,0.5,0.5,40,11,2,10,14,16,0.025,0.025,0.025,0.05,0.05,0.0909090909090909,0.5,0.1,0.1428571428571428,0.125,Opposition,0.0,1.0,20.0,WP20,2022,4,14,0.8,2.4,7.083333333333333,0.8,1.4,0.2,10.0,,10.0,4.333333333333333,8.0,5,4,1,0,1,3,3,0.2,0.0,0.2,0.6,0.6,0.0333333333333332,0.1,5.833333333333333,0.3,0.1,0.3,10.0,,9.0,3.833333333333333,6.5,3
110,2022-04-14,2022-04-28,11,spd,24.0,24.0,0.0,0.0,0.2727272727272727,0.8181818181818182,1.0185185185185184,0.2727272727272727,0.3636363636363636,0.1818181818181818,0.0,7.0,1.3333333333333333,1.4,1.0,3,1,3,5,4,11,9,597.2727272727273,True,False,2.0,SPD,0.2727272727272727,0.0909090909090909,0.2727272727272727,0.4545454545454545,0.3636363636363636,40,11,2,10,14,16,0.075,0.025,0.075,0.125,0.1,0.2727272727272727,0.5,0.3,0.3571428571428571,0.25,Regierung,1.0,0.0,20.0,WP20,2022,4,14,0.8,2.4,7.083333333333333,0.8,1.4,0.2,10.0,,10.0,4.333333333333333,8.0,5,4,1,0,1,3,3,0.2,0.0,0.2,0.6,0.6,0.5272727272727273,1.5818181818181816,6.064814814814815,0.5272727272727273,1.0363636363636362,0.0181818181818181,10.0,,8.666666666666666,2.933333333333333,7.0,4
111,2022-04-28,2022-05-13,11,cdu/csu,26.0,26.0,0.0,0.0,0.2547425474254742,0.7642276422764228,2.9753086419753085,0.2113821138211382,0.4552845528455284,0.0975609756097561,4.333333333333333,4.307692307692308,2.2857142857142856,3.1,2.4680851063829787,27,13,7,30,47,123,81,625.3658536585366,True,False,4.0,CDU/CSU,0.2195121951219512,0.1056910569105691,0.056910569105691,0.2439024390243902,0.3821138211382114,414,113,56,39,114,175,0.0652173913043478,0.0314009661835748,0.0169082125603864,0.072463768115942,0.1135265700483091,0.2389380530973451,0.2321428571428571,0.1794871794871795,0.2631578947368421,0.2685714285714285,Opposition,0.0,1.0,20.0,WP20,2022,4,15,0.7650273224043715,2.295081967213114,6.202614379084967,0.7540983606557377,1.3278688524590163,0.2131147540983606,7.714285714285714,8.125,7.166666666666667,5.2,6.34375,61,51,21,8,6,20,32,0.3442622950819672,0.1311475409836065,0.0983606557377049,0.3278688524590163,0.5245901639344263,0.5102847749788972,1.530854324936692,3.227305737109658,0.5427162468345994,0.8725842996134878,0.1155537784886045,3.3809523809523814,3.817307692307693,4.880952380952381,2.1,3.875664893617021,0
111,2022-04-28,2022-05-13,11,fdp,9.0,8.0,1.0,1.0,0.1366120218579234,0.4098360655737705,1.625,0.081967213114754,0.3114754098360656,0.0163934426229508,2.071428571428572,1.9,0.25,1.7222222222222223,1.46875,14,10,4,18,32,61,46,607.9344262295082,True,False,3.0,FDP,0.2295081967213114,0.1639344262295081,0.0655737704918032,0.2950819672131147,0.5245901639344263,414,113,56,39,114,175,0.0338164251207729,0.0241545893719806,0.0096618357487922,0.0434782608695652,0.0772946859903381,0.1238938053097345,0.1785714285714285,0.1025641025641025,0.1578947368421052,0.1828571428571428,Regierung,1.0,0.0,20.0,WP20,2022,4,15,0.7650273224043715,2.295081967213114,6.202614379084967,0.7540983606557377,1.3278688524590163,0.2131147540983606,7.714285714285714,8.125,7.166666666666667,5.2,6.34375,61,51,21,8,6,20,32,0.3442622950819672,0.1311475409836065,0.0983606557377049,0.3278688524590163,0.5245901639344263,0.6284153005464481,1.885245901639344,4.577614379084967,0.6721311475409836,1.0163934426229506,0.1967213114754098,5.642857142857142,6.225,6.916666666666667,3.477777777777778,4.875,1
111,2022-04-28,2022-05-13,11,grüne,18.0,18.0,0.0,0.0,0.1692307692307692,0.5076923076923077,1.1348484848484848,0.1692307692307692,0.2769230769230769,0.0615384615384615,1.5833333333333333,2.0,0.5,0.8947368421052632,0.8275862068965517,24,14,8,19,29,65,55,595.6,True,False,1.0,Bündnis 90/Die Grünen,0.3692307692307692,0.2153846153846154,0.123076923076923,0.2923076923076923,0.4461538461538462,414,113,56,39,114,175,0.0579710144927536,0.0338164251207729,0.0193236714975845,0.0458937198067632,0.0700483091787439,0.2123893805309734,0.25,0.2051282051282051,0.1666666666666666,0.1657142857142857,Regierung,1.0,0.0,20.0,WP20,2022,4,15,0.7650273224043715,2.295081967213114,6.202614379084967,0.7540983606557377,1.3278688524590163,0.2131147540983606,7.714285714285714,8.125,7.166666666666667,5.2,6.34375,61,51,21,8,6,20,32,0.3442622950819672,0.1311475409836065,0.0983606557377049,0.3278688524590163,0.5245901639344263,0.5957965531736023,1.787389659520807,5.067765894236482,0.5848675914249684,1.0509457755359397,0.1515762925598991,6.130952380952381,6.125,6.666666666666667,4.305263157894737,5.516163793103448,2
111,2022-04-28,2022-05-13,11,linke,3.0,4.0,-1.0,1.0,0.5,1.5,1.825980392156863,0.58,0.88,0.04,2.5384615384615383,1.2,0.0,0.8571428571428571,2.2,13,5,5,14,20,50,34,447.06,True,False,0.0,Die Linke,0.26,0.1,0.1,0.28,0.4,414,113,56,39,114,175,0.0314009661835748,0.0120772946859903,0.0120772946859903,0.0338164251207729,0.0483091787439613,0.1150442477876106,0.0892857142857142,0.1282051282051282,0.1228070175438596,0.1142857142857142,Opposition,0.0,1.0,20.0,WP20,2022,4,15,0.7650273224043715,2.295081967213114,6.202614379084967,0.7540983606557377,1.3278688524590163,0.2131147540983606,7.714285714285714,8.125,7.166666666666667,5.2,6.34375,61,51,21,8,6,20,32,0.3442622950819672,0.1311475409836065,0.0983606557377049,0.3278688524590163,0.5245901639344263,0.2650273224043715,0.7950819672131146,4.376633986928104,0.1740983606557377,0.4478688524590163,0.1731147540983606,5.175824175824176,6.925,7.166666666666667,4.342857142857143,4.14375,3
111,2022-04-28,2022-05-13,11,spd,24.0,24.0,0.0,0.0,0.1623188405797101,0.4869565217391304,1.2265917602996257,0.1565217391304348,0.2869565217391304,0.0434782608695652,1.5142857142857142,1.0,0.2666666666666666,1.4242424242424243,1.148936170212766,35,14,15,33,47,115,89,642.591304347826,True,False,2.0,SPD,0.3043478260869565,0.1217391304347826,0.1304347826086956,0.2869565217391304,0.408695652173913,414,113,56,39,114,175,0.0845410628019323,0.0338164251207729,0.036231884057971,0.0797101449275362,0.1135265700483091,0.3097345132743362,0.25,0.3846153846153846,0.2894736842105263,0.2685714285714285,Regierung,1.0,0.0,20.0,WP20,2022,4,15,0.7650273224043715,2.295081967213114,6.202614379084967,0.7540983606557377,1.3278688524590163,0.2131147540983606,7.714285714285714,8.125,7.166666666666667,5.2,6.34375,61,51,21,8,6,20,32,0.3442622950819672,0.1311475409836065,0.0983606557377049,0.3278688524590163,0.5245901639344263,0.6027084818246614,1.808125445473984,4.976022618785342,0.5975766215253029,1.0409123307198858,0.1696364932287954,6.2,7.125,6.9,3.775757575757576,5.194813829787234,4
112,2022-05-13,2022-06-02,11,cdu/csu,26.0,26.0,0.0,0.0,0.2824858757062146,0.847457627118644,3.5627705627705626,0.2372881355932203,0.576271186440678,0.0338983050847457,4.575757575757576,2.5,3.8,4.238095238095238,2.358974358974359,33,2,5,21,39,118,77,701.3474576271186,True,False,4.0,CDU/CSU,0.2796610169491525,0.0169491525423728,0.0423728813559322,0.1779661016949152,0.3305084745762712,415,158,31,35,89,157,0.0795180722891566,0.0048192771084337,0.0120481927710843,0.0506024096385542,0.0939759036144578,0.2088607594936709,0.064516129032258,0.1428571428571428,0.2359550561797752,0.2484076433121019,Opposition,0.0,1.0,20.0,WP20,2022,5,20,0.8531073446327683,2.559322033898305,7.1342767295597485,0.864406779661017,1.4406779661016949,0.2542372881355932,8.161290322580646,7.615384615384615,8.285714285714286,5.857142857142857,7.170731707317073,59,53,31,13,7,21,41,0.5254237288135594,0.2203389830508474,0.1186440677966101,0.3559322033898305,0.6949152542372882,0.5706214689265536,1.711864406779661,3.571506166789186,0.6271186440677966,0.8644067796610169,0.2203389830508474,3.5855327468230698,5.115384615384615,4.485714285714287,1.6190476190476186,4.811757348342715,0
112,2022-05-13,2022-06-02,11,fdp,8.0,9.0,-1.0,1.0,0.0846560846560846,0.2539682539682539,1.751984126984127,0.0317460317460317,0.2222222222222222,0.0,2.4,1.375,0.0,1.7142857142857142,1.0,20,8,3,14,29,63,42,614.7460317460317,True,False,3.0,FDP,0.3174603174603174,0.1269841269841269,0.0476190476190476,0.2222222222222222,0.4603174603174603,415,158,31,35,89,157,0.0481927710843373,0.0192771084337349,0.0072289156626506,0.0337349397590361,0.0698795180722891,0.1265822784810126,0.2580645161290322,0.0857142857142857,0.1573033707865168,0.1847133757961783,Regierung,1.0,0.0,20.0,WP20,2022,5,20,0.8531073446327683,2.559322033898305,7.1342767295597485,0.864406779661017,1.4406779661016949,0.2542372881355932,8.161290322580646,7.615384615384615,8.285714285714286,5.857142857142857,7.170731707317073,59,53,31,13,7,21,41,0.5254237288135594,0.2203389830508474,0.1186440677966101,0.3559322033898305,0.6949152542372882,0.7684512599766836,2.305353779930051,5.382292602575621,0.8326607479149852,1.2184557438794728,0.2542372881355932,5.7612903225806456,6.240384615384615,8.285714285714286,4.142857142857142,6.170731707317073,1
112,2022-05-13,2022-06-02,11,grüne,20.0,18.0,2.0,2.0,0.1468253968253968,0.4404761904761904,1.181400966183575,0.1071428571428571,0.2976190476190476,0.0357142857142857,1.297872340425532,0.75,0.3076923076923077,0.9047619047619048,0.9393939393939394,47,8,13,21,33,84,69,559.1785714285714,True,False,1.0,Bündnis 90/Die Grünen,0.5595238095238095,0.0952380952380952,0.1547619047619047,0.25,0.3928571428571428,415,158,31,35,89,157,0.1132530120481927,0.0192771084337349,0.0313253012048192,0.0506024096385542,0.0795180722891566,0.2974683544303797,0.2580645161290322,0.3714285714285714,0.2359550561797752,0.2101910828025477,Regierung,1.0,0.0,20.0,WP20,2022,5,20,0.8531073446327683,2.559322033898305,7.1342767295597485,0.864406779661017,1.4406779661016949,0.2542372881355932,8.161290322580646,7.615384615384615,8.285714285714286,5.857142857142857,7.170731707317073,59,53,31,13,7,21,41,0.5254237288135594,0.2203389830508474,0.1186440677966101,0.3559322033898305,0.6949152542372882,0.7062819478073714,2.1188458434221147,5.9528757633761735,0.7572639225181599,1.1430589184826472,0.2185230024213075,6.863417982155114,6.865384615384615,7.978021978021979,4.952380952380952,6.231337767923134,2
112,2022-05-13,2022-06-02,11,linke,4.0,3.0,1.0,1.0,0.5811965811965811,1.7435897435897436,1.5617283950617282,0.6410256410256411,1.051282051282051,0.0512820512820512,1.5,2.0,0.5,2.0,1.9285714285714288,12,2,2,8,14,39,27,520.8205128205128,True,False,0.0,Die Linke,0.3076923076923077,0.0512820512820512,0.0512820512820512,0.2051282051282051,0.358974358974359,415,158,31,35,89,157,0.0289156626506024,0.0048192771084337,0.0048192771084337,0.0192771084337349,0.0337349397590361,0.0759493670886076,0.064516129032258,0.0571428571428571,0.0898876404494382,0.0891719745222929,Opposition,0.0,1.0,20.0,WP20,2022,5,20,0.8531073446327683,2.559322033898305,7.1342767295597485,0.864406779661017,1.4406779661016949,0.2542372881355932,8.161290322580646,7.615384615384615,8.285714285714286,5.857142857142857,7.170731707317073,59,53,31,13,7,21,41,0.5254237288135594,0.2203389830508474,0.1186440677966101,0.3559322033898305,0.6949152542372882,0.2719107634361871,0.8157322903085613,5.57254833449802,0.2233811386353759,0.3893959148196435,0.2029552368535419,6.661290322580646,5.615384615384615,7.7857142857142865,3.8571428571428568,5.2421602787456445,3
112,2022-05-13,2022-06-02,11,spd,22.0,24.0,-2.0,2.0,0.1321321321321321,0.3963963963963964,1.4040697674418603,0.1261261261261261,0.2432432432432432,0.027027027027027,1.7608695652173914,2.0,0.1666666666666666,1.12,0.9047619047619048,46,11,12,25,42,111,86,661.3423423423424,True,False,2.0,SPD,0.4144144144144144,0.0990990990990991,0.1081081081081081,0.2252252252252252,0.3783783783783784,415,158,31,35,89,157,0.1108433734939759,0.0265060240963855,0.0289156626506024,0.0602409638554216,0.1012048192771084,0.2911392405063291,0.3548387096774194,0.3428571428571428,0.2808988764044944,0.267515923566879,Regierung,1.0,0.0,20.0,WP20,2022,5,20,0.8531073446327683,2.559322033898305,7.1342767295597485,0.864406779661017,1.4406779661016949,0.2542372881355932,8.161290322580646,7.615384615384615,8.285714285714286,5.857142857142857,7.170731707317073,59,53,31,13,7,21,41,0.5254237288135594,0.2203389830508474,0.1186440677966101,0.3559322033898305,0.6949152542372882,0.7209752125006361,2.1629256375019086,5.730206962117888,0.7382806535348909,1.1974347228584517,0.2272102611085661,6.400420757363254,5.615384615384615,8.11904761904762,4.737142857142857,6.265969802555168,4
113,2022-06-02,2022-06-24,11,cdu/csu,27.0,26.0,1.0,1.0,0.25,0.75,3.3028846153846154,0.2115384615384615,0.5192307692307693,0.0192307692307692,4.454545454545454,4.6,,3.9375,2.794117647058824,22,5,0,16,34,104,52,668.4615384615385,True,False,4.0,CDU/CSU,0.2115384615384615,0.048076923076923,0.0,0.1538461538461538,0.3269230769230769,381,120,38,16,73,155,0.0577427821522309,0.0131233595800524,0.0,0.0419947506561679,0.0892388451443569,0.1833333333333333,0.131578947368421,0.0,0.2191780821917808,0.2193548387096774,Opposition,0.0,1.0,20.0,WP20,2022,6,22,0.896969696969697,2.690909090909091,6.829787234042553,0.9090909090909092,1.490909090909091,0.2909090909090909,8.0,8.555555555555555,8.0,5.526315789473684,6.7,55,47,22,9,5,19,40,0.4,0.1636363636363636,0.0909090909090909,0.3454545454545454,0.7272727272727273,0.646969696969697,1.940909090909091,3.526902618657937,0.6975524475524475,0.9716783216783216,0.2716783216783217,3.545454545454546,3.955555555555556,,1.588815789473684,3.905882352941177,0
113,2022-06-02,2022-06-24,11,fdp,8.0,8.0,0.0,0.0,0.1176470588235294,0.3529411764705882,2.344444444444444,0.1176470588235294,0.2156862745098039,0.0196078431372549,3.2666666666666666,1.75,,3.0,1.5,15,4,0,6,18,51,30,615.6470588235294,True,False,3.0,FDP,0.2941176470588235,0.0784313725490196,0.0,0.1176470588235294,0.3529411764705882,381,120,38,16,73,155,0.0393700787401574,0.0104986876640419,0.0,0.0157480314960629,0.0472440944881889,0.125,0.1052631578947368,0.0,0.0821917808219178,0.1161290322580645,Regierung,1.0,0.0,20.0,WP20,2022,6,22,0.896969696969697,2.690909090909091,6.829787234042553,0.9090909090909092,1.490909090909091,0.2909090909090909,8.0,8.555555555555555,8.0,5.526315789473684,6.7,55,47,22,9,5,19,40,0.4,0.1636363636363636,0.0909090909090909,0.3454545454545454,0.7272727272727273,0.7793226381461675,2.3379679144385026,4.485342789598109,0.7914438502673796,1.2752228163992871,0.271301247771836,4.733333333333333,6.805555555555555,,2.526315789473684,5.2,1
113,2022-06-02,2022-06-24,11,grüne,21.0,20.0,1.0,1.0,0.130801687763713,0.3924050632911392,1.3587570621468927,0.1518987341772152,0.2278481012658227,0.0126582278481012,1.7179487179487178,1.625,0.5,1.4090909090909092,1.1388888888888888,39,8,10,22,36,79,59,588.0632911392405,True,False,1.0,Bündnis 90/Die Grünen,0.4936708860759494,0.1012658227848101,0.1265822784810126,0.2784810126582278,0.4556962025316455,381,120,38,16,73,155,0.1023622047244094,0.0209973753280839,0.0262467191601049,0.0577427821522309,0.0944881889763779,0.325,0.2105263157894736,0.625,0.3013698630136986,0.232258064516129,Regierung,1.0,0.0,20.0,WP20,2022,6,22,0.896969696969697,2.690909090909091,6.829787234042553,0.9090909090909092,1.490909090909091,0.2909090909090909,8.0,8.555555555555555,8.0,5.526315789473684,6.7,55,47,22,9,5,19,40,0.4,0.1636363636363636,0.0909090909090909,0.3454545454545454,0.7272727272727273,0.7661680092059839,2.298504027617952,5.47103017189566,0.7571921749136938,1.263060989643268,0.2782508630609896,6.282051282051282,6.930555555555555,7.5,4.117224880382775,5.561111111111112,2
113,2022-06-02,2022-06-24,11,linke,4.0,4.0,0.0,0.0,0.4700854700854701,1.4102564102564104,1.8240740740740744,0.5641025641025641,0.8461538461538461,0.0,2.0,1.5,0.0,1.0,1.9230769230769231,6,2,1,6,13,39,18,462.7435897435897,True,False,0.0,Die Linke,0.1538461538461538,0.0512820512820512,0.0256410256410256,0.1538461538461538,0.3333333333333333,381,120,38,16,73,155,0.0157480314960629,0.0052493438320209,0.0026246719160104,0.0157480314960629,0.0341207349081364,0.05,0.0526315789473684,0.0625,0.0821917808219178,0.0838709677419354,Opposition,0.0,1.0,20.0,WP20,2022,6,22,0.896969696969697,2.690909090909091,6.829787234042553,0.9090909090909092,1.490909090909091,0.2909090909090909,8.0,8.555555555555555,8.0,5.526315789473684,6.7,55,47,22,9,5,19,40,0.4,0.1636363636363636,0.0909090909090909,0.3454545454545454,0.7272727272727273,0.4268842268842269,1.2806526806526806,5.005713159968479,0.3449883449883449,0.6447552447552448,0.2909090909090909,6.0,7.055555555555555,8.0,4.526315789473684,4.776923076923077,3
113,2022-06-02,2022-06-24,11,spd,21.0,22.0,-1.0,1.0,0.1018518518518518,0.3055555555555556,1.30625,0.1296296296296296,0.1574074074074074,0.0185185185185185,1.605263157894737,1.631578947368421,0.8,1.434782608695652,0.8333333333333334,38,19,5,23,54,108,80,646.1296296296297,True,False,2.0,SPD,0.3518518518518518,0.1759259259259259,0.0462962962962962,0.2129629629629629,0.5,381,120,38,16,73,155,0.0997375328083989,0.0498687664041994,0.0131233595800524,0.0603674540682414,0.1417322834645669,0.3166666666666666,0.5,0.3125,0.3150684931506849,0.3483870967741935,Regierung,1.0,0.0,20.0,WP20,2022,6,22,0.896969696969697,2.690909090909091,6.829787234042553,0.9090909090909092,1.490909090909091,0.2909090909090909,8.0,8.555555555555555,8.0,5.526315789473684,6.7,55,47,22,9,5,19,40,0.4,0.1636363636363636,0.0909090909090909,0.3454545454545454,0.7272727272727273,0.7951178451178451,2.385353535353535,5.5235372340425535,0.7794612794612794,1.3335016835016835,0.2723905723905724,6.394736842105263,6.923976608187134,7.2,4.091533180778032,5.866666666666667,4
114,2022-06-24,2022-07-07,12,cdu/csu,26.0,27.0,-1.0,1.0,0.2903225806451613,0.8709677419354839,3.6319444444444446,0.3225806451612903,0.5483870967741935,0.0,5.166666666666667,2.5,3.555555555555556,4.461538461538462,2.571428571428572,6,2,9,13,7,31,24,667.9354838709677,True,False,4.0,CDU/CSU,0.1935483870967742,0.064516129032258,0.2903225806451613,0.4193548387096774,0.2258064516129032,123,33,6,26,51,32,0.048780487804878,0.016260162601626,0.073170731707317,0.1056910569105691,0.056910569105691,0.1818181818181818,0.3333333333333333,0.3461538461538461,0.2549019607843137,0.21875,Opposition,0.0,1.0,20.0,WP20,2022,6,13,0.6333333333333333,1.9,6.777777777777778,0.75,0.95,0.2,9.0,6.0,9.25,6.083333333333333,7.0,20,18,5,2,8,12,8,0.25,0.1,0.4,0.6,0.4,0.343010752688172,1.029032258064516,3.145833333333333,0.4274193548387097,0.4016129032258064,0.2,3.833333333333333,3.5,5.694444444444445,1.6217948717948714,4.428571428571429,0
114,2022-06-24,2022-07-07,12,fdp,8.0,8.0,0.0,0.0,0.087719298245614,0.2631578947368421,1.3823529411764706,0.0,0.2631578947368421,0.0,2.5,2.5,0.25,1.1111111111111112,1.6666666666666667,4,2,4,9,6,19,17,564.8421052631579,True,False,3.0,FDP,0.2105263157894736,0.1052631578947368,0.2105263157894736,0.4736842105263157,0.3157894736842105,123,33,6,26,51,32,0.032520325203252,0.016260162601626,0.032520325203252,0.073170731707317,0.048780487804878,0.1212121212121212,0.3333333333333333,0.1538461538461538,0.1764705882352941,0.1875,Regierung,1.0,0.0,20.0,WP20,2022,6,13,0.6333333333333333,1.9,6.777777777777778,0.75,0.95,0.2,9.0,6.0,9.25,6.083333333333333,7.0,20,18,5,2,8,12,8,0.25,0.1,0.4,0.6,0.4,0.5456140350877192,1.636842105263158,5.395424836601308,0.75,0.6868421052631579,0.2,6.5,3.5,9.0,4.972222222222221,5.333333333333333,1
114,2022-06-24,2022-07-07,12,grüne,23.0,21.0,2.0,2.0,0.1805555555555555,0.5416666666666666,1.1515151515151514,0.0833333333333333,0.4583333333333333,0.0,1.0,2.5,0.6666666666666666,1.3636363636363635,1.1111111111111112,8,2,3,11,9,24,22,526.4166666666666,True,False,1.0,Bündnis 90/Die Grünen,0.3333333333333333,0.0833333333333333,0.125,0.4583333333333333,0.375,123,33,6,26,51,32,0.065040650406504,0.016260162601626,0.024390243902439,0.089430894308943,0.073170731707317,0.2424242424242424,0.3333333333333333,0.1153846153846153,0.2156862745098039,0.28125,Regierung,1.0,0.0,20.0,WP20,2022,6,13,0.6333333333333333,1.9,6.777777777777778,0.75,0.95,0.2,9.0,6.0,9.25,6.083333333333333,7.0,20,18,5,2,8,12,8,0.25,0.1,0.4,0.6,0.4,0.4527777777777777,1.3583333333333334,5.626262626262626,0.6666666666666666,0.4916666666666666,0.2,8.0,3.5,8.583333333333334,4.71969696969697,5.888888888888889,2
114,2022-06-24,2022-07-07,12,linke,4.0,4.0,0.0,0.0,0.2666666666666666,0.8,1.6666666666666667,0.2,0.6,0.0,1.4285714285714286,,0.0,0.5,4.5,7,0,2,4,2,15,12,445.2,True,False,0.0,Die Linke,0.4666666666666667,0.0,0.1333333333333333,0.2666666666666666,0.1333333333333333,123,33,6,26,51,32,0.056910569105691,0.0,0.016260162601626,0.032520325203252,0.016260162601626,0.2121212121212121,0.0,0.0769230769230769,0.0784313725490196,0.0625,Opposition,0.0,1.0,20.0,WP20,2022,6,13,0.6333333333333333,1.9,6.777777777777778,0.75,0.95,0.2,9.0,6.0,9.25,6.083333333333333,7.0,20,18,5,2,8,12,8,0.25,0.1,0.4,0.6,0.4,0.3666666666666666,1.1,5.111111111111111,0.55,0.35,0.2,7.571428571428571,,9.25,5.583333333333333,2.5,3
114,2022-06-24,2022-07-07,12,spd,20.0,21.0,-1.0,1.0,0.1862745098039215,0.5588235294117647,0.9375,0.1764705882352941,0.3529411764705882,0.0294117647058823,1.0,,1.0,0.8571428571428571,0.625,8,0,8,14,8,34,24,675.3235294117648,True,False,2.0,SPD,0.2352941176470588,0.0,0.2352941176470588,0.4117647058823529,0.2352941176470588,123,33,6,26,51,32,0.065040650406504,0.0,0.065040650406504,0.1138211382113821,0.065040650406504,0.2424242424242424,0.0,0.3076923076923077,0.2745098039215686,0.25,Regierung,1.0,0.0,20.0,WP20,2022,6,13,0.6333333333333333,1.9,6.777777777777778,0.75,0.95,0.2,9.0,6.0,9.25,6.083333333333333,7.0,20,18,5,2,8,12,8,0.25,0.1,0.4,0.6,0.4,0.4470588235294117,1.3411764705882352,5.840277777777778,0.5735294117647058,0.5970588235294116,0.1705882352941176,8.0,,8.25,5.226190476190476,6.375,4
115,2022-07-07,2022-07-22,11,cdu/csu,27.0,26.0,1.0,1.0,0.2415458937198067,0.7246376811594203,3.065217391304348,0.144927536231884,0.5362318840579711,0.0434782608695652,4.368421052631579,2.8,3.333333333333333,3.8461538461538463,2.1785714285714284,19,5,3,13,28,69,46,621.3768115942029,True,False,4.0,CDU/CSU,0.2753623188405797,0.072463768115942,0.0434782608695652,0.1884057971014492,0.4057971014492754,250,81,16,13,37,94,0.076,0.02,0.012,0.052,0.112,0.2345679012345679,0.3125,0.2307692307692307,0.3513513513513513,0.2978723404255319,Opposition,0.0,1.0,20.0,WP20,2022,7,15,0.8468468468468469,2.5405405405405403,7.005555555555556,0.8648648648648649,1.4054054054054057,0.2702702702702703,8.846153846153847,7.4,6.75,5.454545454545454,7.190476190476191,37,30,13,5,4,11,21,0.3513513513513513,0.1351351351351351,0.1081081081081081,0.2972972972972973,0.5675675675675675,0.6053009531270401,1.81590285938112,3.940338164251208,0.7199373286329809,0.8691735213474344,0.226792009400705,4.477732793522268,4.6000000000000005,3.4166666666666665,1.608391608391608,5.011904761904763,0
115,2022-07-07,2022-07-22,11,fdp,8.0,8.0,0.0,0.0,0.188034188034188,0.5641025641025641,1.88,0.1025641025641025,0.4358974358974359,0.0256410256410256,2.6666666666666665,2.25,0.0,1.6666666666666667,1.7058823529411764,9,4,1,3,17,39,25,572.1282051282051,True,False,3.0,FDP,0.2307692307692307,0.1025641025641025,0.0256410256410256,0.0769230769230769,0.4358974358974359,250,81,16,13,37,94,0.036,0.016,0.004,0.012,0.068,0.1111111111111111,0.25,0.0769230769230769,0.081081081081081,0.1808510638297872,Regierung,1.0,0.0,20.0,WP20,2022,7,15,0.8468468468468469,2.5405405405405403,7.005555555555556,0.8648648648648649,1.4054054054054057,0.2702702702702703,8.846153846153847,7.4,6.75,5.454545454545454,7.190476190476191,37,30,13,5,4,11,21,0.3513513513513513,0.1351351351351351,0.1081081081081081,0.2972972972972973,0.5675675675675675,0.6588126588126588,1.9764379764379765,5.125555555555556,0.7623007623007624,0.9695079695079696,0.2446292446292446,6.179487179487181,5.15,6.75,3.787878787878787,5.484593837535014,1
115,2022-07-07,2022-07-22,11,grüne,23.0,23.0,0.0,0.0,0.1159420289855072,0.3478260869565217,1.1868686868686869,0.108695652173913,0.217391304347826,0.0217391304347826,1.0952380952380951,2.0,0.25,1.375,1.2352941176470589,21,2,4,8,17,46,33,487.2173913043478,True,False,1.0,Bündnis 90/Die Grünen,0.4565217391304347,0.0434782608695652,0.0869565217391304,0.1739130434782608,0.3695652173913043,250,81,16,13,37,94,0.084,0.008,0.016,0.032,0.068,0.2592592592592592,0.125,0.3076923076923077,0.2162162162162162,0.1808510638297872,Regierung,1.0,0.0,20.0,WP20,2022,7,15,0.8468468468468469,2.5405405405405403,7.005555555555556,0.8648648648648649,1.4054054054054057,0.2702702702702703,8.846153846153847,7.4,6.75,5.454545454545454,7.190476190476191,37,30,13,5,4,11,21,0.3513513513513513,0.1351351351351351,0.1081081081081081,0.2972972972972973,0.5675675675675675,0.7309048178613397,2.192714453584019,5.818686868686869,0.7561692126909518,1.188014101057579,0.2485311398354877,7.750915750915752,5.4,6.5,4.079545454545454,5.955182072829132,2
115,2022-07-07,2022-07-22,11,linke,4.0,4.0,0.0,0.0,0.5061728395061729,1.5185185185185186,1.4,0.5185185185185185,0.9629629629629628,0.037037037037037,0.8571428571428571,5.0,0.0,0.0,2.0,7,1,1,3,8,27,15,457.44444444444446,True,False,0.0,Die Linke,0.2592592592592592,0.037037037037037,0.037037037037037,0.1111111111111111,0.2962962962962963,250,81,16,13,37,94,0.028,0.004,0.004,0.012,0.032,0.0864197530864197,0.0625,0.0769230769230769,0.081081081081081,0.0851063829787234,Opposition,0.0,1.0,20.0,WP20,2022,7,15,0.8468468468468469,2.5405405405405403,7.005555555555556,0.8648648648648649,1.4054054054054057,0.2702702702702703,8.846153846153847,7.4,6.75,5.454545454545454,7.190476190476191,37,30,13,5,4,11,21,0.3513513513513513,0.1351351351351351,0.1081081081081081,0.2972972972972973,0.5675675675675675,0.340674007340674,1.0220220220220215,5.605555555555556,0.3463463463463464,0.4424424424424426,0.2332332332332332,7.98901098901099,2.4000000000000004,6.75,5.454545454545454,5.190476190476191,3
115,2022-07-07,2022-07-22,11,spd,19.0,20.0,-1.0,1.0,0.1304347826086956,0.391304347826087,1.1904761904761905,0.1304347826086956,0.2463768115942029,0.0144927536231884,1.2,4.25,0.75,0.5,1.0416666666666667,25,4,4,10,24,69,49,584.0434782608696,True,False,2.0,SPD,0.3623188405797101,0.0579710144927536,0.0579710144927536,0.144927536231884,0.3478260869565217,250,81,16,13,37,94,0.1,0.016,0.016,0.04,0.096,0.3086419753086419,0.25,0.3076923076923077,0.2702702702702703,0.2553191489361702,Regierung,1.0,0.0,20.0,WP20,2022,7,15,0.8468468468468469,2.5405405405405403,7.005555555555556,0.8648648648648649,1.4054054054054057,0.2702702702702703,8.846153846153847,7.4,6.75,5.454545454545454,7.190476190476191,37,30,13,5,4,11,21,0.3513513513513513,0.1351351351351351,0.1081081081081081,0.2972972972972973,0.5675675675675675,0.7164120642381512,2.149236192714453,5.815079365079365,0.7344300822561692,1.1590285938112026,0.2557775166470818,7.6461538461538465,3.1500000000000004,6.0,4.954545454545454,6.148809523809524,4
119,2022-09-01,2022-09-16,13,cdu/csu,27.0,28.0,-1.0,1.0,0.3372549019607843,1.011764705882353,3.9279661016949152,0.2470588235294117,0.7294117647058823,0.0352941176470588,5.0344827586206895,4.833333333333333,3.5,4.363636363636363,3.096774193548387,29,6,2,11,31,85,59,779.0588235294117,True,False,4.0,CDU/CSU,0.3411764705882353,0.0705882352941176,0.0235294117647058,0.1294117647058823,0.3647058823529411,292,111,18,19,62,112,0.0993150684931506,0.0205479452054794,0.0068493150684931,0.0376712328767123,0.1061643835616438,0.2612612612612612,0.3333333333333333,0.1052631578947368,0.1774193548387097,0.2767857142857143,Opposition,0.0,1.0,20.0,WP20,2022,9,15,0.9787234042553192,2.936170212765957,7.483333333333333,1.0425531914893618,1.6170212765957446,0.2765957446808511,8.36,8.2,8.375,6.214285714285714,7.384615384615385,47,38,25,10,8,14,26,0.5319148936170213,0.2127659574468085,0.1702127659574468,0.2978723404255319,0.5531914893617021,0.6414685022945348,1.9244055068836048,3.555367231638418,0.79549436795995,0.8876095118898623,0.2413016270337922,3.32551724137931,3.3666666666666663,4.875,1.850649350649351,4.287841191066998,0
119,2022-09-01,2022-09-16,13,fdp,8.0,7.0,1.0,1.0,0.08,0.24,2.861111111111111,0.04,0.18,0.02,4.071428571428571,1.0,1.25,2.9375,1.7222222222222223,14,1,4,16,18,50,36,621.46,True,False,3.0,FDP,0.28,0.02,0.08,0.32,0.36,292,111,18,19,62,112,0.047945205479452,0.0034246575342465,0.0136986301369863,0.0547945205479452,0.0616438356164383,0.1261261261261261,0.0555555555555555,0.2105263157894736,0.2580645161290322,0.1607142857142857,Regierung,1.0,0.0,20.0,WP20,2022,9,15,0.9787234042553192,2.936170212765957,7.483333333333333,1.0425531914893618,1.6170212765957446,0.2765957446808511,8.36,8.2,8.375,6.214285714285714,7.384615384615385,47,38,25,10,8,14,26,0.5319148936170213,0.2127659574468085,0.1702127659574468,0.2978723404255319,0.5531914893617021,0.8987234042553192,2.6961702127659573,4.622222222222222,1.0025531914893615,1.4370212765957446,0.256595744680851,4.288571428571428,7.199999999999999,7.125,3.2767857142857144,5.662393162393163,1
119,2022-09-01,2022-09-16,13,grüne,22.0,23.0,-1.0,1.0,0.1785714285714285,0.5357142857142857,1.1719858156028369,0.1607142857142857,0.3571428571428571,0.0178571428571428,1.3448275862068966,1.6666666666666667,0.75,1.0,0.8275862068965517,29,6,4,17,29,56,47,621.3214285714286,True,False,1.0,Bündnis 90/Die Grünen,0.5178571428571429,0.1071428571428571,0.0714285714285714,0.3035714285714285,0.5178571428571429,292,111,18,19,62,112,0.0993150684931506,0.0205479452054794,0.0136986301369863,0.0582191780821917,0.0993150684931506,0.2612612612612612,0.3333333333333333,0.2105263157894736,0.2741935483870967,0.2589285714285714,Regierung,1.0,0.0,20.0,WP20,2022,9,15,0.9787234042553192,2.936170212765957,7.483333333333333,1.0425531914893618,1.6170212765957446,0.2765957446808511,8.36,8.2,8.375,6.214285714285714,7.384615384615385,47,38,25,10,8,14,26,0.5319148936170213,0.2127659574468085,0.1702127659574468,0.2978723404255319,0.5531914893617021,0.8001519756838905,2.400455927051672,6.311347517730496,0.8818389057750761,1.2598784194528874,0.2587386018237082,7.015172413793103,6.533333333333332,7.625,5.214285714285714,6.557029177718833,2
119,2022-09-01,2022-09-16,13,linke,5.0,4.0,1.0,1.0,0.6933333333333332,2.08,2.476190476190476,0.84,1.24,0.0,2.75,7.0,,2.0,3.0,8,1,0,3,7,25,14,561.6,True,False,0.0,Die Linke,0.32,0.04,0.0,0.12,0.28,292,111,18,19,62,112,0.0273972602739726,0.0034246575342465,0.0,0.0102739726027397,0.023972602739726,0.072072072072072,0.0555555555555555,0.0,0.0483870967741935,0.0625,Opposition,0.0,1.0,20.0,WP20,2022,9,15,0.9787234042553192,2.936170212765957,7.483333333333333,1.0425531914893618,1.6170212765957446,0.2765957446808511,8.36,8.2,8.375,6.214285714285714,7.384615384615385,47,38,25,10,8,14,26,0.5319148936170213,0.2127659574468085,0.1702127659574468,0.2978723404255319,0.5531914893617021,0.2853900709219858,0.8561702127659574,5.007142857142858,0.2025531914893618,0.3770212765957446,0.2765957446808511,5.609999999999999,1.1999999999999993,,4.214285714285714,4.384615384615385,3
119,2022-09-01,2022-09-16,13,spd,17.0,18.0,-1.0,1.0,0.1052631578947368,0.3157894736842105,1.3611111111111112,0.1052631578947368,0.1973684210526315,0.0131578947368421,1.4516129032258065,1.75,0.7777777777777778,1.2666666666666666,1.1111111111111112,31,4,9,15,27,76,54,707.7894736842105,True,False,2.0,SPD,0.4078947368421052,0.0526315789473684,0.1184210526315789,0.1973684210526315,0.3552631578947368,292,111,18,19,62,112,0.1061643835616438,0.0136986301369863,0.0308219178082191,0.0513698630136986,0.0924657534246575,0.2792792792792792,0.2222222222222222,0.4736842105263157,0.2419354838709677,0.2410714285714285,Regierung,1.0,0.0,20.0,WP20,2022,9,15,0.9787234042553192,2.936170212765957,7.483333333333333,1.0425531914893618,1.6170212765957446,0.2765957446808511,8.36,8.2,8.375,6.214285714285714,7.384615384615385,47,38,25,10,8,14,26,0.5319148936170213,0.2127659574468085,0.1702127659574468,0.2978723404255319,0.5531914893617021,0.8734602463605823,2.620380739081747,6.122222222222222,0.9372900335946248,1.419652855543113,0.263437849944009,6.908387096774193,6.449999999999999,7.597222222222222,4.947619047619048,6.273504273504274,4
120,2022-09-16,2022-10-06,14,cdu/csu,28.0,27.0,1.0,1.0,0.3355855855855855,1.0067567567567568,4.161290322580645,0.25,0.7094594594594594,0.0472972972972973,5.25,5.6,3.2,4.043478260869565,2.466666666666667,52,5,5,23,45,148,93,656.4797297297297,True,False,4.0,CDU/CSU,0.3513513513513513,0.0337837837837837,0.0337837837837837,0.1554054054054054,0.304054054054054,535,209,29,37,104,201,0.0971962616822429,0.0093457943925233,0.0093457943925233,0.0429906542056074,0.0841121495327102,0.2488038277511961,0.1724137931034483,0.1351351351351351,0.2211538461538461,0.2238805970149253,Opposition,0.0,1.0,20.0,WP20,2022,9,20,0.9529914529914528,2.858974358974359,7.405952380952381,0.9743589743589745,1.5897435897435896,0.2948717948717949,8.775,8.0,7.818181818181818,5.285714285714286,7.730769230769231,78,70,40,12,11,28,52,0.5128205128205128,0.1538461538461538,0.141025641025641,0.358974358974359,0.6666666666666666,0.6174058674058673,1.8522176022176025,3.244662058371736,0.7243589743589743,0.8802841302841302,0.2475744975744975,3.5250000000000004,2.4000000000000004,4.618181818181818,1.2422360248447202,5.264102564102564,0
120,2022-09-16,2022-10-06,14,fdp,7.0,8.0,-1.0,1.0,0.1818181818181818,0.5454545454545454,2.0484848484848484,0.0909090909090909,0.4285714285714285,0.0259740259740259,2.65625,2.0,0.3333333333333333,1.3076923076923077,1.588235294117647,32,4,3,13,34,77,55,596.7662337662338,True,False,3.0,FDP,0.4155844155844156,0.0519480519480519,0.0389610389610389,0.1688311688311688,0.4415584415584415,535,209,29,37,104,201,0.0598130841121495,0.0074766355140186,0.005607476635514,0.0242990654205607,0.0635514018691588,0.1531100478468899,0.1379310344827586,0.081081081081081,0.125,0.1691542288557214,Regierung,1.0,0.0,20.0,WP20,2022,9,20,0.9529914529914528,2.858974358974359,7.405952380952381,0.9743589743589745,1.5897435897435896,0.2948717948717949,8.775,8.0,7.818181818181818,5.285714285714286,7.730769230769231,78,70,40,12,11,28,52,0.5128205128205128,0.1538461538461538,0.141025641025641,0.358974358974359,0.6666666666666666,0.7711732711732711,2.3135198135198136,5.357467532467533,0.8834498834498834,1.161172161172161,0.2688977688977689,6.11875,6.0,7.484848484848485,3.978021978021978,6.142533936651584,1
120,2022-09-16,2022-10-06,14,grüne,21.0,22.0,-1.0,1.0,0.2515723270440251,0.7547169811320755,1.1428571428571428,0.1981132075471698,0.5094339622641509,0.0471698113207547,1.2857142857142858,2.142857142857143,0.4166666666666667,0.5,1.1136363636363635,56,7,12,24,44,106,84,544.9056603773585,True,False,1.0,Bündnis 90/Die Grünen,0.5283018867924528,0.0660377358490566,0.1132075471698113,0.2264150943396226,0.4150943396226415,535,209,29,37,104,201,0.1046728971962616,0.0130841121495327,0.022429906542056,0.0448598130841121,0.0822429906542056,0.2679425837320574,0.2413793103448276,0.3243243243243243,0.2307692307692307,0.2189054726368159,Regierung,1.0,0.0,20.0,WP20,2022,9,20,0.9529914529914528,2.858974358974359,7.405952380952381,0.9743589743589745,1.5897435897435896,0.2948717948717949,8.775,8.0,7.818181818181818,5.285714285714286,7.730769230769231,78,70,40,12,11,28,52,0.5128205128205128,0.1538461538461538,0.141025641025641,0.358974358974359,0.6666666666666666,0.7014191259474278,2.1042573778422837,6.263095238095238,0.7762457668118046,1.0803096274794388,0.2477019835510401,7.489285714285715,5.857142857142858,7.401515151515151,4.785714285714286,6.617132867132868,2
120,2022-09-16,2022-10-06,14,linke,5.0,5.0,0.0,0.0,0.4827586206896552,1.4482758620689655,1.5024509803921569,0.5172413793103449,0.9310344827586208,0.0,1.6842105263157894,1.0,0.8,0.8181818181818182,1.7142857142857142,19,3,5,11,14,58,34,483.2068965517241,True,False,0.0,Die Linke,0.3275862068965517,0.0517241379310344,0.0862068965517241,0.1896551724137931,0.2413793103448276,535,209,29,37,104,201,0.0355140186915887,0.005607476635514,0.0093457943925233,0.0205607476635514,0.0261682242990654,0.0909090909090909,0.1034482758620689,0.1351351351351351,0.1057692307692307,0.0696517412935323,Opposition,0.0,1.0,20.0,WP20,2022,9,20,0.9529914529914528,2.858974358974359,7.405952380952381,0.9743589743589745,1.5897435897435896,0.2948717948717949,8.775,8.0,7.818181818181818,5.285714285714286,7.730769230769231,78,70,40,12,11,28,52,0.5128205128205128,0.1538461538461538,0.141025641025641,0.358974358974359,0.6666666666666666,0.4702328323017977,1.4106984969053935,5.903501400560224,0.4571175950486295,0.658709106984969,0.2948717948717949,7.090789473684211,7.0,7.0181818181818185,4.467532467532467,6.016483516483516,3
120,2022-09-16,2022-10-06,14,spd,17.0,17.0,0.0,0.0,0.1894977168949771,0.5684931506849316,1.3956386292834893,0.1917808219178082,0.3698630136986301,0.0068493150684931,1.78,2.2,0.5,0.9393939393939394,1.296875,50,10,12,33,64,146,107,632.6643835616438,True,False,2.0,SPD,0.3424657534246575,0.0684931506849315,0.0821917808219178,0.2260273972602739,0.4383561643835616,535,209,29,37,104,201,0.0934579439252336,0.0186915887850467,0.022429906542056,0.0616822429906542,0.119626168224299,0.2392344497607655,0.3448275862068966,0.3243243243243243,0.3173076923076923,0.3184079601990049,Regierung,1.0,0.0,20.0,WP20,2022,9,20,0.9529914529914528,2.858974358974359,7.405952380952381,0.9743589743589745,1.5897435897435896,0.2948717948717949,8.775,8.0,7.818181818181818,5.285714285714286,7.730769230769231,78,70,40,12,11,28,52,0.5128205128205128,0.1538461538461538,0.141025641025641,0.358974358974359,0.6666666666666666,0.7634937360964758,2.2904812082894277,6.010313751668892,0.7825781524411661,1.2198805760449596,0.2880224798033017,6.995,5.8,7.318181818181818,4.346320346320346,6.433894230769231,4
121,2022-10-06,2022-10-14,15,cdu/csu,28.0,28.0,0.0,0.0,0.4807692307692308,1.4423076923076923,4.540404040404041,0.4423076923076923,0.8846153846153846,0.1153846153846153,5.846153846153846,7.125,0.0,4.076923076923077,4.0,13,8,1,13,19,52,33,657.5192307692307,True,False,4.0,CDU/CSU,0.25,0.1538461538461538,0.0192307692307692,0.25,0.3653846153846153,193,51,33,12,49,72,0.0673575129533678,0.0414507772020725,0.005181347150259,0.0673575129533678,0.0984455958549222,0.2549019607843137,0.2424242424242424,0.0833333333333333,0.2653061224489796,0.2638888888888889,Opposition,0.0,1.0,20.0,WP20,2022,10,8,1.1111111111111112,3.333333333333333,7.714285714285714,1.2916666666666667,1.625,0.4166666666666667,8.666666666666666,8.571428571428571,6.5,6.818181818181818,7.866666666666666,24,21,9,7,4,11,15,0.375,0.2916666666666667,0.1666666666666666,0.4583333333333333,0.625,0.6303418803418803,1.8910256410256407,3.1738816738816737,0.8493589743589745,0.7403846153846154,0.3012820512820513,2.8205128205128203,1.4464285714285712,6.5,2.7412587412587417,3.866666666666666,0
121,2022-10-06,2022-10-14,15,fdp,7.0,7.0,0.0,0.0,0.2564102564102564,0.7692307692307693,2.083333333333333,0.2692307692307692,0.5,0.0,4.0,3.8,0.0,1.4,1.5714285714285714,4,5,1,5,14,26,16,664.4615384615385,True,False,3.0,FDP,0.1538461538461538,0.1923076923076923,0.0384615384615384,0.1923076923076923,0.5384615384615384,193,51,33,12,49,72,0.0207253886010362,0.0259067357512953,0.005181347150259,0.0259067357512953,0.0725388601036269,0.0784313725490196,0.1515151515151515,0.0833333333333333,0.1020408163265306,0.1944444444444444,Regierung,1.0,0.0,20.0,WP20,2022,10,8,1.1111111111111112,3.333333333333333,7.714285714285714,1.2916666666666667,1.625,0.4166666666666667,8.666666666666666,8.571428571428571,6.5,6.818181818181818,7.866666666666666,24,21,9,7,4,11,15,0.375,0.2916666666666667,0.1666666666666666,0.4583333333333333,0.625,0.8547008547008548,2.5641025641025643,5.630952380952381,1.0224358974358976,1.125,0.4166666666666667,4.666666666666666,4.771428571428571,6.5,5.418181818181818,6.295238095238095,1
121,2022-10-06,2022-10-14,15,grüne,19.0,21.0,-2.0,2.0,0.2252252252252252,0.6756756756756757,0.8787878787878788,0.2972972972972973,0.3513513513513513,0.027027027027027,1.3571428571428572,1.2857142857142858,0.1666666666666666,0.5,0.6,14,7,6,14,15,37,33,524.8918918918919,True,False,1.0,Bündnis 90/Die Grünen,0.3783783783783784,0.1891891891891892,0.1621621621621621,0.3783783783783784,0.4054054054054054,193,51,33,12,49,72,0.0725388601036269,0.0362694300518134,0.0310880829015544,0.0725388601036269,0.077720207253886,0.2745098039215686,0.2121212121212121,0.5,0.2857142857142857,0.2083333333333333,Regierung,1.0,0.0,20.0,WP20,2022,10,8,1.1111111111111112,3.333333333333333,7.714285714285714,1.2916666666666667,1.625,0.4166666666666667,8.666666666666666,8.571428571428571,6.5,6.818181818181818,7.866666666666666,24,21,9,7,4,11,15,0.375,0.2916666666666667,0.1666666666666666,0.4583333333333333,0.625,0.885885885885886,2.6576576576576576,6.835497835497836,0.9943693693693694,1.273648648648649,0.3896396396396396,7.309523809523808,7.285714285714286,6.333333333333333,6.318181818181818,7.266666666666667,2
121,2022-10-06,2022-10-14,15,linke,5.0,5.0,0.0,0.0,0.5454545454545454,1.6363636363636365,0.7878787878787878,0.5909090909090909,0.9545454545454546,0.0909090909090909,0.8333333333333334,1.5,,0.5,0.8,6,4,0,4,5,22,11,440.09090909090907,True,False,0.0,Die Linke,0.2727272727272727,0.1818181818181818,0.0,0.1818181818181818,0.2272727272727272,193,51,33,12,49,72,0.0310880829015544,0.0207253886010362,0.0,0.0207253886010362,0.0259067357512953,0.1176470588235294,0.1212121212121212,0.0,0.0816326530612244,0.0694444444444444,Opposition,0.0,1.0,20.0,WP20,2022,10,8,1.1111111111111112,3.333333333333333,7.714285714285714,1.2916666666666667,1.625,0.4166666666666667,8.666666666666666,8.571428571428571,6.5,6.818181818181818,7.866666666666666,24,21,9,7,4,11,15,0.375,0.2916666666666667,0.1666666666666666,0.4583333333333333,0.625,0.5656565656565657,1.696969696969697,6.926406926406926,0.7007575757575758,0.6704545454545454,0.3257575757575758,7.833333333333333,7.071428571428571,,6.318181818181818,7.066666666666666,3
121,2022-10-06,2022-10-14,15,spd,17.0,17.0,0.0,0.0,0.2142857142857142,0.6428571428571429,1.25,0.25,0.3392857142857143,0.0535714285714285,1.5714285714285714,1.8888888888888888,1.0,0.3846153846153846,1.0,14,9,4,13,19,56,36,562.8928571428571,True,False,2.0,SPD,0.25,0.1607142857142857,0.0714285714285714,0.2321428571428571,0.3392857142857143,193,51,33,12,49,72,0.0725388601036269,0.0466321243523316,0.0207253886010362,0.0673575129533678,0.0984455958549222,0.2745098039215686,0.2727272727272727,0.3333333333333333,0.2653061224489796,0.2638888888888889,Regierung,1.0,0.0,20.0,WP20,2022,10,8,1.1111111111111112,3.333333333333333,7.714285714285714,1.2916666666666667,1.625,0.4166666666666667,8.666666666666666,8.571428571428571,6.5,6.818181818181818,7.866666666666666,24,21,9,7,4,11,15,0.375,0.2916666666666667,0.1666666666666666,0.4583333333333333,0.625,0.8968253968253969,2.6904761904761907,6.464285714285714,1.0416666666666667,1.2857142857142856,0.3630952380952381,7.095238095238095,6.682539682539682,5.5,6.433566433566433,6.866666666666666,4
122,2022-10-14,2022-11-03,15,cdu/csu,26.0,28.0,-2.0,2.0,0.3333333333333333,1.0,3.67948717948718,0.2444444444444444,0.6888888888888889,0.0666666666666666,4.518518518518518,6.777777777777778,3.6666666666666665,4.2727272727272725,3.1707317073170733,27,9,3,11,41,90,52,636.9888888888889,True,False,4.0,CDU/CSU,0.3,0.1,0.0333333333333333,0.1222222222222222,0.4555555555555555,325,108,45,15,50,143,0.083076923076923,0.0276923076923076,0.0092307692307692,0.0338461538461538,0.1261538461538461,0.25,0.2,0.2,0.22,0.2867132867132867,Opposition,0.0,1.0,20.0,WP20,2022,10,20,1.0,3.0,7.594736842105264,1.0,1.6,0.4,8.130434782608695,7.923076923076923,8.4,6.733333333333333,7.866666666666666,45,38,23,13,5,15,30,0.5111111111111111,0.2888888888888888,0.1111111111111111,0.3333333333333333,0.6666666666666666,0.6666666666666667,2.0,3.915249662618084,0.7555555555555555,0.9111111111111112,0.3333333333333333,3.611916264090177,1.1452991452991457,4.733333333333334,2.460606060606061,4.695934959349593,0
122,2022-10-14,2022-11-03,15,fdp,6.0,7.0,-1.0,1.0,0.1702127659574468,0.5106382978723404,2.0,0.0851063829787234,0.3829787234042553,0.0425531914893617,2.333333333333333,3.6666666666666665,0.0,2.0,1.4761904761904765,15,6,1,8,21,47,32,629.1702127659574,True,False,3.0,FDP,0.3191489361702128,0.1276595744680851,0.0212765957446808,0.1702127659574468,0.4468085106382978,325,108,45,15,50,143,0.0461538461538461,0.0184615384615384,0.003076923076923,0.0246153846153846,0.0646153846153846,0.1388888888888889,0.1333333333333333,0.0666666666666666,0.16,0.1468531468531468,Regierung,1.0,0.0,20.0,WP20,2022,10,20,1.0,3.0,7.594736842105264,1.0,1.6,0.4,8.130434782608695,7.923076923076923,8.4,6.733333333333333,7.866666666666666,45,38,23,13,5,15,30,0.5111111111111111,0.2888888888888888,0.1111111111111111,0.3333333333333333,0.6666666666666666,0.8297872340425532,2.48936170212766,5.594736842105264,0.9148936170212766,1.2170212765957449,0.3574468085106383,5.797101449275361,4.256410256410257,8.4,4.733333333333333,6.39047619047619,1
122,2022-10-14,2022-11-03,15,grüne,20.0,19.0,1.0,1.0,0.1967213114754098,0.5901639344262295,1.2113821138211385,0.1475409836065573,0.3934426229508196,0.0491803278688524,1.2173913043478262,1.5555555555555556,0.5,1.3333333333333333,1.0344827586206895,23,9,2,6,29,61,41,554.0,True,False,1.0,Bündnis 90/Die Grünen,0.3770491803278688,0.1475409836065573,0.0327868852459016,0.0983606557377049,0.4754098360655737,325,108,45,15,50,143,0.0707692307692307,0.0276923076923076,0.0061538461538461,0.0184615384615384,0.0892307692307692,0.2129629629629629,0.2,0.1333333333333333,0.12,0.2027972027972027,Regierung,1.0,0.0,20.0,WP20,2022,10,20,1.0,3.0,7.594736842105264,1.0,1.6,0.4,8.130434782608695,7.923076923076923,8.4,6.733333333333333,7.866666666666666,45,38,23,13,5,15,30,0.5111111111111111,0.2888888888888888,0.1111111111111111,0.3333333333333333,0.6666666666666666,0.8032786885245902,2.4098360655737707,6.383354728284125,0.8524590163934427,1.2065573770491804,0.3508196721311475,6.913043478260869,6.367521367521368,7.9,5.4,6.832183908045977,2
122,2022-10-14,2022-11-03,15,linke,5.0,5.0,0.0,0.0,0.5128205128205128,1.5384615384615383,1.358974358974359,0.5128205128205128,0.9743589743589745,0.0512820512820512,1.9166666666666667,1.0,0.0,0.6666666666666666,1.4285714285714286,12,7,1,9,14,39,26,450.5384615384616,True,False,0.0,Die Linke,0.3076923076923077,0.1794871794871795,0.0256410256410256,0.2307692307692307,0.358974358974359,325,108,45,15,50,143,0.0369230769230769,0.0215384615384615,0.003076923076923,0.0276923076923076,0.043076923076923,0.1111111111111111,0.1555555555555555,0.0666666666666666,0.18,0.0979020979020979,Opposition,0.0,1.0,20.0,WP20,2022,10,20,1.0,3.0,7.594736842105264,1.0,1.6,0.4,8.130434782608695,7.923076923076923,8.4,6.733333333333333,7.866666666666666,45,38,23,13,5,15,30,0.5111111111111111,0.2888888888888888,0.1111111111111111,0.3333333333333333,0.6666666666666666,0.4871794871794872,1.4615384615384617,6.235762483130905,0.4871794871794872,0.6256410256410257,0.3487179487179487,6.213768115942028,6.923076923076923,8.4,6.066666666666666,6.438095238095237,3
122,2022-10-14,2022-11-03,15,spd,19.0,17.0,2.0,2.0,0.2045454545454545,0.6136363636363636,1.3641242937853109,0.1477272727272727,0.375,0.0909090909090909,1.3548387096774193,1.5,0.25,1.0,1.131578947368421,31,14,8,16,38,88,59,637.5795454545455,True,False,2.0,SPD,0.3522727272727273,0.1590909090909091,0.0909090909090909,0.1818181818181818,0.4318181818181818,325,108,45,15,50,143,0.0953846153846153,0.043076923076923,0.0246153846153846,0.0492307692307692,0.1169230769230769,0.287037037037037,0.3111111111111111,0.5333333333333333,0.32,0.2657342657342657,Regierung,1.0,0.0,20.0,WP20,2022,10,20,1.0,3.0,7.594736842105264,1.0,1.6,0.4,8.130434782608695,7.923076923076923,8.4,6.733333333333333,7.866666666666666,45,38,23,13,5,15,30,0.5111111111111111,0.2888888888888888,0.1111111111111111,0.3333333333333333,0.6666666666666666,0.7954545454545454,2.386363636363636,6.230612548319953,0.8522727272727273,1.225,0.3090909090909091,6.775596072931276,6.423076923076923,8.15,5.733333333333333,6.735087719298245,4
123,2022-11-03,2022-11-11,14,cdu/csu,28.0,26.0,2.0,2.0,0.2979797979797979,0.8939393939393939,3.775193798449613,0.1969696969696969,0.6515151515151515,0.0454545454545454,5.75,6.0,2.25,2.588235294117647,2.3157894736842106,20,3,4,17,19,66,43,591.5909090909091,True,False,4.0,CDU/CSU,0.303030303030303,0.0454545454545454,0.0606060606060606,0.2575757575757575,0.2878787878787879,241,71,14,23,81,69,0.0829875518672199,0.0124481327800829,0.0165975103734439,0.0705394190871369,0.0788381742738589,0.2816901408450704,0.2142857142857142,0.1739130434782608,0.2098765432098765,0.2753623188405797,Opposition,0.0,1.0,20.0,WP20,2022,11,8,0.9814814814814816,2.9444444444444446,7.272988505747126,0.9166666666666666,1.4722222222222223,0.5555555555555556,8.75,8.875,8.0,6.071428571428571,7.043478260869565,36,29,12,8,7,14,23,0.3333333333333333,0.2222222222222222,0.1944444444444444,0.3888888888888889,0.6388888888888888,0.6835016835016836,2.0505050505050506,3.4977947072975133,0.7196969696969697,0.8207070707070708,0.5101010101010102,3.0,2.875,5.75,3.483193277310924,4.727688787185355,0
123,2022-11-03,2022-11-11,14,fdp,6.0,6.0,0.0,0.0,0.1619047619047618,0.4857142857142857,2.083333333333333,0.0857142857142857,0.4,0.0,3.7,4.0,0.25,1.8461538461538465,1.7692307692307692,10,2,4,13,13,35,24,632.8857142857142,True,False,3.0,FDP,0.2857142857142857,0.0571428571428571,0.1142857142857142,0.3714285714285714,0.3714285714285714,241,71,14,23,81,69,0.0414937759336099,0.0082987551867219,0.0165975103734439,0.0539419087136929,0.0539419087136929,0.1408450704225352,0.1428571428571428,0.1739130434782608,0.1604938271604938,0.1884057971014492,Regierung,1.0,0.0,20.0,WP20,2022,11,8,0.9814814814814816,2.9444444444444446,7.272988505747126,0.9166666666666666,1.4722222222222223,0.5555555555555556,8.75,8.875,8.0,6.071428571428571,7.043478260869565,36,29,12,8,7,14,23,0.3333333333333333,0.2222222222222222,0.1944444444444444,0.3888888888888889,0.6388888888888888,0.8195767195767196,2.458730158730159,5.189655172413792,0.8309523809523809,1.0722222222222224,0.5555555555555556,5.05,4.875,7.75,4.2252747252747245,5.274247491638796,1
123,2022-11-03,2022-11-11,14,grüne,19.0,20.0,-1.0,1.0,0.1555555555555555,0.4666666666666667,0.978494623655914,0.1777777777777777,0.2666666666666666,0.0222222222222222,1.2352941176470589,0.6666666666666666,0.0,0.9411764705882352,0.7272727272727273,17,3,5,17,11,45,31,475.97777777777776,True,False,1.0,Bündnis 90/Die Grünen,0.3777777777777777,0.0666666666666666,0.1111111111111111,0.3777777777777777,0.2444444444444444,241,71,14,23,81,69,0.0705394190871369,0.0124481327800829,0.0207468879668049,0.0705394190871369,0.0456431535269709,0.2394366197183098,0.2142857142857142,0.217391304347826,0.2098765432098765,0.1594202898550724,Regierung,1.0,0.0,20.0,WP20,2022,11,8,0.9814814814814816,2.9444444444444446,7.272988505747126,0.9166666666666666,1.4722222222222223,0.5555555555555556,8.75,8.875,8.0,6.071428571428571,7.043478260869565,36,29,12,8,7,14,23,0.3333333333333333,0.2222222222222222,0.1944444444444444,0.3888888888888889,0.6388888888888888,0.825925925925926,2.477777777777778,6.294493882091212,0.7388888888888888,1.2055555555555555,0.5333333333333333,7.514705882352941,8.208333333333334,8.0,5.130252100840336,6.316205533596838,2
123,2022-11-03,2022-11-11,14,linke,5.0,5.0,0.0,0.0,0.4487179487179487,1.3461538461538465,0.9010416666666666,0.4615384615384615,0.8076923076923077,0.0769230769230769,0.8571428571428571,1.0,0.4,1.3333333333333333,1.0,7,2,5,9,4,26,16,428.5,True,False,0.0,Die Linke,0.2692307692307692,0.0769230769230769,0.1923076923076923,0.3461538461538461,0.1538461538461538,241,71,14,23,81,69,0.0290456431535269,0.0082987551867219,0.0207468879668049,0.0373443983402489,0.0165975103734439,0.0985915492957746,0.1428571428571428,0.217391304347826,0.1111111111111111,0.0579710144927536,Opposition,0.0,1.0,20.0,WP20,2022,11,8,0.9814814814814816,2.9444444444444446,7.272988505747126,0.9166666666666666,1.4722222222222223,0.5555555555555556,8.75,8.875,8.0,6.071428571428571,7.043478260869565,36,29,12,8,7,14,23,0.3333333333333333,0.2222222222222222,0.1944444444444444,0.3888888888888889,0.6388888888888888,0.5327635327635328,1.5982905982905984,6.371946839080459,0.455128205128205,0.6645299145299146,0.4786324786324786,7.892857142857143,7.875,7.6,4.738095238095238,6.043478260869565,3
123,2022-11-03,2022-11-11,14,spd,19.0,19.0,0.0,0.0,0.1594202898550724,0.4782608695652174,1.1322463768115942,0.1594202898550724,0.3043478260869565,0.0144927536231884,1.411764705882353,1.75,0.6,1.08,0.9090909090909092,17,4,5,25,22,69,46,587.6231884057971,True,False,2.0,SPD,0.2463768115942029,0.0579710144927536,0.072463768115942,0.3623188405797101,0.3188405797101449,241,71,14,23,81,69,0.0705394190871369,0.0165975103734439,0.0207468879668049,0.1037344398340249,0.0912863070539419,0.2394366197183098,0.2857142857142857,0.217391304347826,0.3086419753086419,0.3188405797101449,Regierung,1.0,0.0,20.0,WP20,2022,11,8,0.9814814814814816,2.9444444444444446,7.272988505747126,0.9166666666666666,1.4722222222222223,0.5555555555555556,8.75,8.875,8.0,6.071428571428571,7.043478260869565,36,29,12,8,7,14,23,0.3333333333333333,0.2222222222222222,0.1944444444444444,0.3888888888888889,0.6388888888888888,0.8220611916264091,2.466183574879228,6.140742128935532,0.7572463768115942,1.1678743961352658,0.5410628019323672,7.338235294117647,7.125,7.4,4.991428571428571,6.134387351778656,4
124,2022-11-11,2022-12-01,14,cdu/csu,28.0,28.0,0.0,0.0,0.3418079096045197,1.0254237288135593,3.772300469483568,0.3050847457627119,0.7033898305084746,0.0169491525423728,4.657894736842105,6.0,3.6666666666666665,3.928571428571429,2.891891891891892,38,7,3,14,37,118,71,707.9830508474577,True,False,4.0,CDU/CSU,0.3220338983050847,0.059322033898305,0.0254237288135593,0.1186440677966101,0.3135593220338983,409,169,38,46,75,176,0.0929095354523227,0.0171149144254278,0.0073349633251833,0.0342298288508557,0.0904645476772616,0.2248520710059171,0.1842105263157894,0.0652173913043478,0.1866666666666666,0.2102272727272727,Opposition,0.0,1.0,20.0,WP20,2022,11,20,1.0793650793650793,3.238095238095238,7.949999999999999,1.0952380952380951,1.6984126984126984,0.4444444444444444,8.375,9.0,8.076923076923077,7.75,7.675,63,52,32,13,13,20,40,0.5079365079365079,0.2063492063492063,0.2063492063492063,0.3174603174603174,0.6349206349206349,0.7375571697605596,2.212671509281679,4.177699530516431,0.7901533494753834,0.9950228679042238,0.4274952919020715,3.717105263157895,3.0,4.410256410256411,3.821428571428572,4.783108108108108,0
124,2022-11-11,2022-12-01,14,fdp,7.0,6.0,1.0,1.0,0.1578947368421052,0.4736842105263157,2.1875,0.1052631578947368,0.3333333333333333,0.0350877192982456,3.857142857142857,1.5714285714285714,0.25,1.9,1.4827586206896552,21,7,8,10,29,57,44,636.578947368421,True,False,3.0,FDP,0.3684210526315789,0.1228070175438596,0.1403508771929824,0.175438596491228,0.5087719298245614,409,169,38,46,75,176,0.0513447432762836,0.0171149144254278,0.0195599022004889,0.0244498777506112,0.0709046454767726,0.1242603550295858,0.1842105263157894,0.1739130434782608,0.1333333333333333,0.1647727272727272,Regierung,1.0,0.0,20.0,WP20,2022,11,20,1.0793650793650793,3.238095238095238,7.949999999999999,1.0952380952380951,1.6984126984126984,0.4444444444444444,8.375,9.0,8.076923076923077,7.75,7.675,63,52,32,13,13,20,40,0.5079365079365079,0.2063492063492063,0.2063492063492063,0.3174603174603174,0.6349206349206349,0.921470342522974,2.764411027568922,5.762499999999999,0.9899749373433584,1.3650793650793651,0.4093567251461988,4.517857142857142,7.428571428571429,7.826923076923077,5.85,6.192241379310344,1
124,2022-11-11,2022-12-01,14,grüne,19.0,19.0,0.0,0.0,0.1851851851851851,0.5555555555555556,0.8634259259259259,0.1358024691358024,0.3703703703703703,0.0493827160493827,0.8936170212765957,1.0,0.5333333333333333,0.75,0.8421052631578947,47,8,15,20,38,81,72,593.2345679012345,True,False,1.0,Bündnis 90/Die Grünen,0.5802469135802469,0.0987654320987654,0.1851851851851851,0.2469135802469135,0.4691358024691358,409,169,38,46,75,176,0.1149144254278728,0.0195599022004889,0.0366748166259168,0.0488997555012225,0.0929095354523227,0.2781065088757396,0.2105263157894736,0.3260869565217391,0.2666666666666666,0.2159090909090909,Regierung,1.0,0.0,20.0,WP20,2022,11,20,1.0793650793650793,3.238095238095238,7.949999999999999,1.0952380952380951,1.6984126984126984,0.4444444444444444,8.375,9.0,8.076923076923077,7.75,7.675,63,52,32,13,13,20,40,0.5079365079365079,0.2063492063492063,0.2063492063492063,0.3174603174603174,0.6349206349206349,0.8941798941798942,2.682539682539683,7.086574074074074,0.9594356261022928,1.328042328042328,0.3950617283950617,7.4813829787234045,8.0,7.543589743589743,7.0,6.832894736842105,2
124,2022-11-11,2022-12-01,14,linke,4.0,5.0,-1.0,1.0,0.5634920634920635,1.6904761904761905,1.7954545454545454,0.6190476190476191,1.0238095238095235,0.0476190476190476,1.1666666666666667,2.0,0.0,2.0,2.6666666666666665,12,1,1,5,9,42,22,479.1666666666667,True,False,0.0,Die Linke,0.2857142857142857,0.0238095238095238,0.0238095238095238,0.119047619047619,0.2142857142857142,409,169,38,46,75,176,0.0293398533007334,0.0024449877750611,0.0024449877750611,0.0122249388753056,0.0220048899755501,0.0710059171597633,0.0263157894736842,0.0217391304347826,0.0666666666666666,0.0511363636363636,Opposition,0.0,1.0,20.0,WP20,2022,11,20,1.0793650793650793,3.238095238095238,7.949999999999999,1.0952380952380951,1.6984126984126984,0.4444444444444444,8.375,9.0,8.076923076923077,7.75,7.675,63,52,32,13,13,20,40,0.5079365079365079,0.2063492063492063,0.2063492063492063,0.3174603174603174,0.6349206349206349,0.5158730158730158,1.5476190476190477,6.154545454545454,0.4761904761904763,0.6746031746031746,0.3968253968253968,7.208333333333333,7.0,8.076923076923077,5.75,5.008333333333333,3
124,2022-11-11,2022-12-01,14,spd,18.0,19.0,-1.0,1.0,0.1351351351351351,0.4054054054054054,1.1648148148148147,0.1261261261261261,0.2522522522522522,0.027027027027027,1.2352941176470589,2.066666666666667,0.7894736842105263,1.1923076923076923,1.0,51,15,19,26,63,111,90,704.5945945945946,True,False,2.0,SPD,0.4594594594594595,0.1351351351351351,0.1711711711711711,0.2342342342342342,0.5675675675675675,409,169,38,46,75,176,0.1246943765281173,0.0366748166259168,0.0464547677261613,0.0635696821515892,0.1540342298288508,0.301775147928994,0.3947368421052631,0.4130434782608695,0.3466666666666667,0.3579545454545454,Regierung,1.0,0.0,20.0,WP20,2022,11,20,1.0793650793650793,3.238095238095238,7.949999999999999,1.0952380952380951,1.6984126984126984,0.4444444444444444,8.375,9.0,8.076923076923077,7.75,7.675,63,52,32,13,13,20,40,0.5079365079365079,0.2063492063492063,0.2063492063492063,0.3174603174603174,0.6349206349206349,0.9442299442299442,2.832689832689833,6.785185185185185,0.9691119691119692,1.4461604461604465,0.4174174174174174,7.139705882352941,6.933333333333334,7.28744939271255,6.557692307692308,6.675,4
125,2022-12-01,2022-12-09,15,cdu/csu,30.0,28.0,2.0,2.0,0.3552631578947368,1.0657894736842106,4.659420289855072,0.2763157894736842,0.6842105263157895,0.1052631578947368,4.652173913043479,6.6,3.6,5.266666666666667,4.578947368421052,23,10,5,15,19,76,46,608.6973684210526,True,False,4.0,CDU/CSU,0.3026315789473684,0.131578947368421,0.0657894736842105,0.1973684210526315,0.25,281,103,35,30,67,91,0.0818505338078291,0.0355871886120996,0.0177935943060498,0.0533807829181494,0.0676156583629893,0.2233009708737864,0.2857142857142857,0.1666666666666666,0.2238805970149253,0.2087912087912088,Opposition,0.0,1.0,20.0,WP20,2022,12,8,1.0166666666666666,3.05,7.434343434343434,1.1,1.5,0.45,8.785714285714286,9.125,7.857142857142857,5.916666666666667,8.0,40,33,14,8,7,12,18,0.35,0.2,0.175,0.3,0.45,0.6614035087719298,1.9842105263157888,2.774923144488362,0.8236842105263158,0.8157894736842105,0.3447368421052632,4.133540372670808,2.5250000000000004,4.257142857142856,0.6500000000000004,3.421052631578948,0
125,2022-12-01,2022-12-09,15,fdp,5.0,7.0,-2.0,2.0,0.1219512195121951,0.3658536585365853,2.1666666666666665,0.073170731707317,0.2439024390243902,0.048780487804878,3.1538461538461537,2.875,1.3333333333333333,2.4615384615384617,1.4666666666666666,13,8,3,13,15,41,32,545.9268292682926,True,False,3.0,FDP,0.3170731707317073,0.1951219512195122,0.073170731707317,0.3170731707317073,0.3658536585365853,281,103,35,30,67,91,0.0462633451957295,0.0284697508896797,0.0106761565836298,0.0462633451957295,0.0533807829181494,0.1262135922330097,0.2285714285714285,0.1,0.1940298507462686,0.1648351648351648,Regierung,1.0,0.0,20.0,WP20,2022,12,8,1.0166666666666666,3.05,7.434343434343434,1.1,1.5,0.45,8.785714285714286,9.125,7.857142857142857,5.916666666666667,8.0,40,33,14,8,7,12,18,0.35,0.2,0.175,0.3,0.45,0.8947154471544715,2.6841463414634146,5.267676767676768,1.026829268292683,1.2560975609756098,0.401219512195122,5.631868131868133,6.25,6.523809523809524,3.4551282051282053,6.533333333333333,1
125,2022-12-01,2022-12-09,15,grüne,18.0,19.0,-1.0,1.0,0.1964285714285714,0.5892857142857143,1.0238095238095235,0.2142857142857142,0.375,0.0,1.0357142857142858,1.8333333333333333,1.0,0.75,0.8695652173913043,28,6,7,12,23,56,42,548.0714285714286,True,False,1.0,Bündnis 90/Die Grünen,0.5,0.1071428571428571,0.125,0.2142857142857142,0.4107142857142857,281,103,35,30,67,91,0.099644128113879,0.0213523131672597,0.0249110320284697,0.0427046263345195,0.0818505338078291,0.2718446601941747,0.1714285714285714,0.2333333333333333,0.1791044776119403,0.2527472527472527,Regierung,1.0,0.0,20.0,WP20,2022,12,8,1.0166666666666666,3.05,7.434343434343434,1.1,1.5,0.45,8.785714285714286,9.125,7.857142857142857,5.916666666666667,8.0,40,33,14,8,7,12,18,0.35,0.2,0.175,0.3,0.45,0.8202380952380952,2.4607142857142854,6.410533910533911,0.8857142857142858,1.125,0.45,7.750000000000001,7.291666666666667,6.857142857142857,5.166666666666667,7.130434782608695,2
125,2022-12-01,2022-12-09,15,linke,5.0,4.0,1.0,1.0,0.4555555555555555,1.3666666666666667,1.373015873015873,0.4,0.9666666666666668,0.0,1.818181818181818,1.5,0.25,0.8888888888888888,1.8571428571428568,11,2,4,9,7,30,21,433.1666666666667,True,False,0.0,Die Linke,0.3666666666666666,0.0666666666666666,0.1333333333333333,0.3,0.2333333333333333,281,103,35,30,67,91,0.0391459074733096,0.0071174377224199,0.0142348754448398,0.0320284697508896,0.0249110320284697,0.1067961165048543,0.0571428571428571,0.1333333333333333,0.1343283582089552,0.0769230769230769,Opposition,0.0,1.0,20.0,WP20,2022,12,8,1.0166666666666666,3.05,7.434343434343434,1.1,1.5,0.45,8.785714285714286,9.125,7.857142857142857,5.916666666666667,8.0,40,33,14,8,7,12,18,0.35,0.2,0.175,0.3,0.45,0.5611111111111111,1.6833333333333331,6.061327561327561,0.7000000000000001,0.5333333333333333,0.45,6.967532467532468,7.625,7.607142857142857,5.027777777777779,6.142857142857142,3
125,2022-12-01,2022-12-09,15,spd,18.0,18.0,0.0,0.0,0.1581196581196581,0.4743589743589743,1.404970760233918,0.2051282051282051,0.2692307692307692,0.0,1.6071428571428572,1.4444444444444444,1.0,1.1111111111111112,1.0,28,9,11,18,27,78,57,580.9358974358975,True,False,2.0,SPD,0.358974358974359,0.1153846153846153,0.141025641025641,0.2307692307692307,0.3461538461538461,281,103,35,30,67,91,0.099644128113879,0.0320284697508896,0.0391459074733096,0.0640569395017793,0.096085409252669,0.2718446601941747,0.2571428571428571,0.3666666666666666,0.2686567164179104,0.2967032967032967,Regierung,1.0,0.0,20.0,WP20,2022,12,8,1.0166666666666666,3.05,7.434343434343434,1.1,1.5,0.45,8.785714285714286,9.125,7.857142857142857,5.916666666666667,8.0,40,33,14,8,7,12,18,0.35,0.2,0.175,0.3,0.45,0.8585470085470085,2.5756410256410254,6.029372674109516,0.894871794871795,1.2307692307692308,0.45,7.178571428571429,7.680555555555555,6.857142857142857,4.805555555555555,7.0,4
126,2022-12-09,2023-01-05,15,cdu/csu,29.0,30.0,-1.0,1.0,0.3022222222222221,0.9066666666666666,3.380952380952381,0.2,0.6133333333333333,0.0933333333333333,3.4285714285714284,4.857142857142857,5.0,4.133333333333334,3.269230769230769,14,7,3,15,26,75,42,597.08,True,False,4.0,CDU/CSU,0.1866666666666666,0.0933333333333333,0.04,0.2,0.3466666666666667,267,77,35,20,78,110,0.0524344569288389,0.0262172284644194,0.0112359550561797,0.0561797752808988,0.097378277153558,0.1818181818181818,0.2,0.15,0.1923076923076923,0.2363636363636363,Opposition,0.0,1.0,20.0,WP20,2022,12,27,0.9696969696969696,2.909090909090909,7.089080459770115,0.9696969696969696,1.5454545454545454,0.3939393939393939,7.6,8.0,7.2,6.533333333333333,7.454545454545454,33,29,15,9,5,15,22,0.4545454545454545,0.2727272727272727,0.1515151515151515,0.4545454545454545,0.6666666666666666,0.6674747474747476,2.0024242424242424,3.7081280788177344,0.7696969696969698,0.932121212121212,0.3006060606060606,4.171428571428571,3.1428571428571432,2.2,2.3999999999999995,4.185314685314685,0
126,2022-12-09,2023-01-05,15,fdp,6.0,5.0,1.0,1.0,0.2222222222222222,0.6666666666666666,1.623456790123457,0.1282051282051282,0.4358974358974359,0.1025641025641025,3.0,2.8,0.5,1.5714285714285714,1.3157894736842106,8,5,2,14,19,39,27,607.8717948717949,True,False,3.0,FDP,0.2051282051282051,0.1282051282051282,0.0512820512820512,0.358974358974359,0.4871794871794871,267,77,35,20,78,110,0.0299625468164794,0.0187265917602996,0.0074906367041198,0.0524344569288389,0.0711610486891385,0.1038961038961039,0.1428571428571428,0.1,0.1794871794871795,0.1727272727272727,Regierung,1.0,0.0,20.0,WP20,2022,12,27,0.9696969696969696,2.909090909090909,7.089080459770115,0.9696969696969696,1.5454545454545454,0.3939393939393939,7.6,8.0,7.2,6.533333333333333,7.454545454545454,33,29,15,9,5,15,22,0.4545454545454545,0.2727272727272727,0.1515151515151515,0.4545454545454545,0.6666666666666666,0.7474747474747475,2.2424242424242427,5.465623669646659,0.8414918414918415,1.1095571095571095,0.2913752913752914,4.6,5.2,6.7,4.961904761904762,6.138755980861244,1
126,2022-12-09,2023-01-05,15,grüne,18.0,18.0,0.0,0.0,0.2553191489361702,0.7659574468085106,1.0,0.1276595744680851,0.5106382978723404,0.1276595744680851,1.2083333333333333,1.8571428571428568,0.2857142857142857,0.8,0.6086956521739131,24,7,7,15,23,47,39,556.5957446808511,True,False,1.0,Bündnis 90/Die Grünen,0.5106382978723404,0.1489361702127659,0.1489361702127659,0.3191489361702128,0.4893617021276595,267,77,35,20,78,110,0.0898876404494382,0.0262172284644194,0.0262172284644194,0.0561797752808988,0.0861423220973782,0.3116883116883117,0.2,0.35,0.1923076923076923,0.209090909090909,Regierung,1.0,0.0,20.0,WP20,2022,12,27,0.9696969696969696,2.909090909090909,7.089080459770115,0.9696969696969696,1.5454545454545454,0.3939393939393939,7.6,8.0,7.2,6.533333333333333,7.454545454545454,33,29,15,9,5,15,22,0.4545454545454545,0.2727272727272727,0.1515151515151515,0.4545454545454545,0.6666666666666666,0.7143778207607996,2.1431334622823988,6.089080459770115,0.8420373952288847,1.0348162475822051,0.2662798194713088,6.391666666666667,6.142857142857142,6.914285714285715,5.733333333333333,6.845849802371541,2
126,2022-12-09,2023-01-05,15,linke,5.0,5.0,0.0,0.0,0.4086021505376344,1.2258064516129032,1.6060606060606062,0.3225806451612903,0.7741935483870968,0.1290322580645161,1.5,2.2,0.0,0.6666666666666666,2.5,10,5,3,9,8,31,22,457.3870967741936,True,False,0.0,Die Linke,0.3225806451612903,0.1612903225806451,0.0967741935483871,0.2903225806451613,0.2580645161290322,267,77,35,20,78,110,0.0374531835205992,0.0187265917602996,0.0112359550561797,0.0337078651685393,0.0299625468164794,0.1298701298701298,0.1428571428571428,0.15,0.1153846153846153,0.0727272727272727,Opposition,0.0,1.0,20.0,WP20,2022,12,27,0.9696969696969696,2.909090909090909,7.089080459770115,0.9696969696969696,1.5454545454545454,0.3939393939393939,7.6,8.0,7.2,6.533333333333333,7.454545454545454,33,29,15,9,5,15,22,0.4545454545454545,0.2727272727272727,0.1515151515151515,0.4545454545454545,0.6666666666666666,0.5610948191593353,1.683284457478006,5.483019853709509,0.6471163245356795,0.7712609970674487,0.2649071358748778,6.1,5.8,7.2,5.866666666666666,4.954545454545454,3
126,2022-12-09,2023-01-05,15,spd,18.0,18.0,0.0,0.0,0.2222222222222222,0.6666666666666666,1.2666666666666668,0.12,0.3733333333333333,0.1733333333333333,1.5238095238095235,1.818181818181818,1.0,1.52,0.7941176470588235,21,11,5,25,34,75,55,623.88,True,False,2.0,SPD,0.28,0.1466666666666666,0.0666666666666666,0.3333333333333333,0.4533333333333333,267,77,35,20,78,110,0.0786516853932584,0.0411985018726591,0.0187265917602996,0.0936329588014981,0.1273408239700374,0.2727272727272727,0.3142857142857143,0.25,0.3205128205128205,0.3090909090909091,Regierung,1.0,0.0,20.0,WP20,2022,12,27,0.9696969696969696,2.909090909090909,7.089080459770115,0.9696969696969696,1.5454545454545454,0.3939393939393939,7.6,8.0,7.2,6.533333333333333,7.454545454545454,33,29,15,9,5,15,22,0.4545454545454545,0.2727272727272727,0.1515151515151515,0.4545454545454545,0.6666666666666666,0.7474747474747475,2.2424242424242427,5.822413793103449,0.8496969696969697,1.172121212121212,0.2206060606060605,6.076190476190476,6.181818181818182,6.2,5.013333333333334,6.660427807486631,4
127,2023-01-05,2023-01-19,15,cdu/csu,29.0,29.0,0.0,0.0,0.4358974358974358,1.3076923076923077,5.296296296296297,0.3076923076923077,0.7692307692307693,0.2307692307692307,4.4,5.666666666666667,7.0,8.333333333333334,5.2,5,3,1,3,5,13,9,589.6153846153846,True,False,4.0,CDU/CSU,0.3846153846153846,0.2307692307692307,0.0769230769230769,0.2307692307692307,0.3846153846153846,44,18,14,9,11,19,0.1136363636363636,0.0681818181818181,0.0227272727272727,0.0681818181818181,0.1136363636363636,0.2777777777777778,0.2142857142857142,0.1111111111111111,0.2727272727272727,0.2631578947368421,Opposition,0.0,1.0,20.0,WP20,2023,1,14,1.1333333333333333,3.4,8.4,1.2,1.6,0.6,9.0,9.0,8.333333333333334,7.5,8.5,5,5,2,2,3,2,4,0.4,0.4,0.6,0.4,0.8,0.6974358974358974,2.092307692307692,3.103703703703704,0.8923076923076922,0.8307692307692308,0.3692307692307692,4.6,3.333333333333333,1.333333333333334,0.8333333333333339,3.3,0
127,2023-01-05,2023-01-19,15,fdp,6.0,6.0,0.0,0.0,0.2666666666666666,0.8,3.25,0.2,0.4,0.2,5.0,3.5,3.0,2.5,2.333333333333333,2,2,1,2,3,5,4,695.2,True,False,3.0,FDP,0.4,0.4,0.2,0.4,0.6,44,18,14,9,11,19,0.0454545454545454,0.0454545454545454,0.0227272727272727,0.0454545454545454,0.0681818181818181,0.1111111111111111,0.1428571428571428,0.1111111111111111,0.1818181818181818,0.1578947368421052,Regierung,1.0,0.0,20.0,WP20,2023,1,14,1.1333333333333333,3.4,8.4,1.2,1.6,0.6,9.0,9.0,8.333333333333334,7.5,8.5,5,5,2,2,3,2,4,0.4,0.4,0.6,0.4,0.8,0.8666666666666667,2.6,5.15,1.0,1.2000000000000002,0.3999999999999999,4.0,5.5,5.333333333333334,5.0,6.166666666666666,1
127,2023-01-05,2023-01-19,15,grüne,19.0,18.0,1.0,1.0,0.4583333333333333,1.375,0.9166666666666666,0.5,0.625,0.25,0.8,1.0,0.2,2.0,0.75,5,4,5,2,4,8,7,569.0,True,False,1.0,Bündnis 90/Die Grünen,0.625,0.5,0.625,0.25,0.5,44,18,14,9,11,19,0.1136363636363636,0.0909090909090909,0.1136363636363636,0.0454545454545454,0.0909090909090909,0.2777777777777778,0.2857142857142857,0.5555555555555556,0.1818181818181818,0.2105263157894736,Regierung,1.0,0.0,20.0,WP20,2023,1,14,1.1333333333333333,3.4,8.4,1.2,1.6,0.6,9.0,9.0,8.333333333333334,7.5,8.5,5,5,2,2,3,2,4,0.4,0.4,0.6,0.4,0.8,0.675,2.025,7.483333333333333,0.7,0.975,0.35,8.2,8.0,8.133333333333335,5.5,7.75,2
127,2023-01-05,2023-01-19,15,linke,5.0,5.0,0.0,0.0,0.8,2.4,1.75,0.8,1.4,0.2,2.0,1.0,0.0,2.0,0.5,3,1,1,1,2,5,4,465.4,True,False,0.0,Die Linke,0.6,0.2,0.2,0.2,0.4,44,18,14,9,11,19,0.0681818181818181,0.0227272727272727,0.0227272727272727,0.0227272727272727,0.0454545454545454,0.1666666666666666,0.0714285714285714,0.1111111111111111,0.0909090909090909,0.1052631578947368,Opposition,0.0,1.0,20.0,WP20,2023,1,14,1.1333333333333333,3.4,8.4,1.2,1.6,0.6,9.0,9.0,8.333333333333334,7.5,8.5,5,5,2,2,3,2,4,0.4,0.4,0.6,0.4,0.8,0.3333333333333332,1.0,6.65,0.3999999999999999,0.2000000000000001,0.3999999999999999,7.0,8.0,8.333333333333334,5.5,8.0,3
127,2023-01-05,2023-01-19,15,spd,18.0,18.0,0.0,0.0,0.282051282051282,0.8461538461538461,2.1666666666666665,0.2307692307692307,0.3846153846153846,0.2307692307692307,2.0,2.75,2.0,2.0,1.8,3,4,1,3,5,13,8,618.4615384615385,True,False,2.0,SPD,0.2307692307692307,0.3076923076923077,0.0769230769230769,0.2307692307692307,0.3846153846153846,44,18,14,9,11,19,0.0681818181818181,0.0909090909090909,0.0227272727272727,0.0681818181818181,0.1136363636363636,0.1666666666666666,0.2857142857142857,0.1111111111111111,0.2727272727272727,0.2631578947368421,Regierung,1.0,0.0,20.0,WP20,2023,1,14,1.1333333333333333,3.4,8.4,1.2,1.6,0.6,9.0,9.0,8.333333333333334,7.5,8.5,5,5,2,2,3,2,4,0.4,0.4,0.6,0.4,0.8,0.8512820512820513,2.5538461538461537,6.233333333333334,0.9692307692307692,1.2153846153846155,0.3692307692307692,7.0,6.25,6.333333333333334,5.5,6.7,4
128,2023-01-19,2023-02-02,14,cdu/csu,29.0,29.0,0.0,0.0,0.2507645259938837,0.7522935779816514,2.896713615023474,0.1376146788990825,0.5871559633027523,0.0275229357798165,4.2727272727272725,4.571428571428571,2.2,2.421052631578948,2.0851063829787235,33,7,5,19,47,109,71,621.7981651376147,True,False,4.0,CDU/CSU,0.3027522935779816,0.0642201834862385,0.0458715596330275,0.1743119266055046,0.4311926605504587,389,117,53,43,96,177,0.0848329048843187,0.0179948586118251,0.0128534704370179,0.0488431876606683,0.1208226221079691,0.282051282051282,0.1320754716981132,0.1162790697674418,0.1979166666666666,0.2655367231638418,Opposition,0.0,1.0,20.0,WP20,2023,1,14,0.9583333333333331,2.875,6.665909090909091,0.9464285714285714,1.4821428571428572,0.4464285714285714,7.842105263157895,8.533333333333333,7.846153846153846,5.625,7.0588235294117645,56,44,19,15,13,16,34,0.3392857142857143,0.2678571428571428,0.2321428571428571,0.2857142857142857,0.6071428571428571,0.7075688073394495,2.1227064220183487,3.769195475885617,0.8088138925294888,0.8949868938401049,0.4189056356487549,3.569377990430622,3.961904761904762,5.646153846153846,3.2039473684210527,4.9737171464330405,0
128,2023-01-19,2023-02-02,14,fdp,6.0,6.0,0.0,0.0,0.0899470899470899,0.2698412698412698,1.5585106382978724,0.0476190476190476,0.2222222222222222,0.0,2.7142857142857144,2.555555555555556,0.25,1.1333333333333333,1.2424242424242424,14,9,4,15,33,63,47,588.5555555555555,True,False,3.0,FDP,0.2222222222222222,0.1428571428571428,0.0634920634920634,0.238095238095238,0.5238095238095238,389,117,53,43,96,177,0.0359897172236503,0.0231362467866323,0.0102827763496143,0.0385604113110539,0.0848329048843187,0.1196581196581196,0.1698113207547169,0.0930232558139534,0.15625,0.1864406779661017,Regierung,1.0,0.0,20.0,WP20,2023,1,14,0.9583333333333331,2.875,6.665909090909091,0.9464285714285714,1.4821428571428572,0.4464285714285714,7.842105263157895,8.533333333333333,7.846153846153846,5.625,7.0588235294117645,56,44,19,15,13,16,34,0.3392857142857143,0.2678571428571428,0.2321428571428571,0.2857142857142857,0.6071428571428571,0.8683862433862433,2.6051587301587302,5.107398452611219,0.8988095238095237,1.2599206349206349,0.4464285714285714,5.12781954887218,5.977777777777778,7.596153846153846,4.491666666666667,5.816399286987522,1
128,2023-01-19,2023-02-02,14,grüne,19.0,19.0,0.0,0.0,0.1990049751243781,0.5970149253731343,1.005952380952381,0.1940298507462686,0.3432835820895522,0.0597014925373134,1.2307692307692308,1.25,0.4545454545454545,0.65,0.7666666666666667,26,12,11,20,30,67,56,544.5223880597015,True,False,1.0,Bündnis 90/Die Grünen,0.3880597014925373,0.1791044776119403,0.1641791044776119,0.2985074626865671,0.4477611940298507,389,117,53,43,96,177,0.0668380462724935,0.0308483290488431,0.0282776349614395,0.0514138817480719,0.0771208226221079,0.2222222222222222,0.2264150943396226,0.2558139534883721,0.2083333333333333,0.1694915254237288,Regierung,1.0,0.0,20.0,WP20,2023,1,14,0.9583333333333331,2.875,6.665909090909091,0.9464285714285714,1.4821428571428572,0.4464285714285714,7.842105263157895,8.533333333333333,7.846153846153846,5.625,7.0588235294117645,56,44,19,15,13,16,34,0.3392857142857143,0.2678571428571428,0.2321428571428571,0.2857142857142857,0.6071428571428571,0.7593283582089552,2.2779850746268657,5.65995670995671,0.7523987206823027,1.138859275053305,0.386727078891258,6.611336032388664,7.283333333333333,7.391608391608392,4.975,6.292156862745098,2
128,2023-01-19,2023-02-02,14,linke,4.0,5.0,-1.0,1.0,0.4615384615384615,1.3846153846153846,1.3735632183908046,0.4102564102564102,0.8461538461538461,0.1282051282051282,1.5,1.8333333333333333,0.3333333333333333,0.4444444444444444,1.6842105263157894,12,6,6,9,19,39,29,479.3333333333333,True,False,0.0,Die Linke,0.3076923076923077,0.1538461538461538,0.1538461538461538,0.2307692307692307,0.4871794871794871,389,117,53,43,96,177,0.0308483290488431,0.0154241645244215,0.0154241645244215,0.0231362467866323,0.0488431876606683,0.1025641025641025,0.1132075471698113,0.1395348837209302,0.09375,0.1073446327683615,Opposition,0.0,1.0,20.0,WP20,2023,1,14,0.9583333333333331,2.875,6.665909090909091,0.9464285714285714,1.4821428571428572,0.4464285714285714,7.842105263157895,8.533333333333333,7.846153846153846,5.625,7.0588235294117645,56,44,19,15,13,16,34,0.3392857142857143,0.2678571428571428,0.2321428571428571,0.2857142857142857,0.6071428571428571,0.4967948717948717,1.4903846153846154,5.292345872518286,0.5361721611721612,0.6359890109890111,0.3182234432234432,6.342105263157895,6.7,7.512820512820513,5.180555555555555,5.374613003095975,3
128,2023-01-19,2023-02-02,14,spd,19.0,18.0,1.0,1.0,0.1351351351351351,0.4054054054054054,1.330168776371308,0.1171171171171171,0.2342342342342342,0.054054054054054,1.3125,1.894736842105263,0.6470588235294118,1.6666666666666667,1.0625,32,19,17,33,48,111,79,643.6666666666666,True,False,2.0,SPD,0.2882882882882883,0.1711711711711711,0.1531531531531531,0.2972972972972973,0.4324324324324324,389,117,53,43,96,177,0.0822622107969151,0.0488431876606683,0.0437017994858611,0.0848329048843187,0.1233933161953727,0.2735042735042735,0.3584905660377358,0.3953488372093023,0.34375,0.2711864406779661,Regierung,1.0,0.0,20.0,WP20,2023,1,14,0.9583333333333331,2.875,6.665909090909091,0.9464285714285714,1.4821428571428572,0.4464285714285714,7.842105263157895,8.533333333333333,7.846153846153846,5.625,7.0588235294117645,56,44,19,15,13,16,34,0.3392857142857143,0.2678571428571428,0.2321428571428571,0.2857142857142857,0.6071428571428571,0.8231981981981982,2.4695945945945947,5.335740314537783,0.8293114543114543,1.247908622908623,0.3923745173745174,6.529605263157895,6.63859649122807,7.199095022624434,3.958333333333333,5.9963235294117645,4
129,2023-02-02,2023-02-17,15,cdu/csu,27.0,29.0,-2.0,2.0,0.251207729468599,0.7536231884057971,2.8401360544217686,0.1884057971014492,0.5362318840579711,0.0289855072463768,2.96,6.0,,2.6,2.64,25,7,0,10,25,69,49,630.9130434782609,True,False,4.0,CDU/CSU,0.3623188405797101,0.1014492753623188,0.0,0.144927536231884,0.3623188405797101,242,94,30,10,40,90,0.1033057851239669,0.0289256198347107,0.0,0.0413223140495867,0.1033057851239669,0.2659574468085106,0.2333333333333333,0.0,0.25,0.2777777777777778,Opposition,0.0,1.0,20.0,WP20,2023,2,15,0.8529411764705882,2.5588235294117645,7.061904761904763,0.7647058823529411,1.3529411764705883,0.4411764705882353,8.076923076923077,9.125,8.0,6.1,7.380952380952381,34,28,13,8,3,10,21,0.3823529411764705,0.2352941176470588,0.088235294117647,0.2941176470588235,0.6176470588235294,0.6017334470019892,1.8052003410059676,4.221768707482994,0.5763000852514919,0.8167092924126172,0.4121909633418584,5.116923076923077,3.125,,3.5,4.740952380952381,0
129,2023-02-02,2023-02-17,15,fdp,7.0,6.0,1.0,1.0,0.1666666666666666,0.5,2.236111111111111,0.0833333333333333,0.3611111111111111,0.0555555555555555,2.9166666666666665,4.25,1.0,2.1666666666666665,1.375,12,4,1,6,16,36,24,610.6944444444445,True,False,3.0,FDP,0.3333333333333333,0.1111111111111111,0.0277777777777777,0.1666666666666666,0.4444444444444444,242,94,30,10,40,90,0.0495867768595041,0.0165289256198347,0.0041322314049586,0.024793388429752,0.0661157024793388,0.1276595744680851,0.1333333333333333,0.1,0.15,0.1777777777777777,Regierung,1.0,0.0,20.0,WP20,2023,2,15,0.8529411764705882,2.5588235294117645,7.061904761904763,0.7647058823529411,1.3529411764705883,0.4411764705882353,8.076923076923077,9.125,8.0,6.1,7.380952380952381,34,28,13,8,3,10,21,0.3823529411764705,0.2352941176470588,0.088235294117647,0.2941176470588235,0.6176470588235294,0.6862745098039216,2.0588235294117645,4.825793650793651,0.6813725490196078,0.9918300653594772,0.3856209150326797,5.160256410256411,4.875,7.0,3.933333333333333,6.005952380952381,1
129,2023-02-02,2023-02-17,15,grüne,18.0,19.0,-1.0,1.0,0.2301587301587301,0.6904761904761905,1.0833333333333337,0.238095238095238,0.3571428571428571,0.0952380952380952,0.8947368421052632,2.0,0.3333333333333333,1.3,1.0,19,7,3,10,18,42,34,620.8333333333334,True,False,1.0,Bündnis 90/Die Grünen,0.4523809523809524,0.1666666666666666,0.0714285714285714,0.238095238095238,0.4285714285714285,242,94,30,10,40,90,0.0785123966942148,0.0289256198347107,0.012396694214876,0.0413223140495867,0.0743801652892562,0.202127659574468,0.2333333333333333,0.3,0.25,0.2,Regierung,1.0,0.0,20.0,WP20,2023,2,15,0.8529411764705882,2.5588235294117645,7.061904761904763,0.7647058823529411,1.3529411764705883,0.4411764705882353,8.076923076923077,9.125,8.0,6.1,7.380952380952381,34,28,13,8,3,10,21,0.3823529411764705,0.2352941176470588,0.088235294117647,0.2941176470588235,0.6176470588235294,0.6227824463118581,1.868347338935574,5.9785714285714295,0.526610644257703,0.9957983193277312,0.34593837535014,7.182186234817814,7.125,7.666666666666667,4.8,6.380952380952381,2
129,2023-02-02,2023-02-17,15,linke,4.0,4.0,0.0,0.0,0.4666666666666666,1.4,1.6944444444444444,0.52,0.84,0.04,1.7,0.0,1.0,1.3333333333333333,1.875,10,1,2,3,8,25,18,477.36,True,False,0.0,Die Linke,0.4,0.04,0.08,0.12,0.32,242,94,30,10,40,90,0.0413223140495867,0.0041322314049586,0.0082644628099173,0.012396694214876,0.0330578512396694,0.1063829787234042,0.0333333333333333,0.2,0.075,0.0888888888888888,Opposition,0.0,1.0,20.0,WP20,2023,2,15,0.8529411764705882,2.5588235294117645,7.061904761904763,0.7647058823529411,1.3529411764705883,0.4411764705882353,8.076923076923077,9.125,8.0,6.1,7.380952380952381,34,28,13,8,3,10,21,0.3823529411764705,0.2352941176470588,0.088235294117647,0.2941176470588235,0.6176470588235294,0.3862745098039216,1.1588235294117646,5.367460317460318,0.2447058823529411,0.5129411764705883,0.4011764705882353,6.3769230769230765,9.125,7.0,4.766666666666667,5.505952380952381,3
129,2023-02-02,2023-02-17,15,spd,20.0,19.0,1.0,1.0,0.2047619047619047,0.6142857142857143,1.4791666666666667,0.1857142857142857,0.3857142857142857,0.0428571428571428,1.3571428571428572,2.636363636363636,2.0,1.3636363636363635,0.9130434782608696,28,11,4,11,23,70,48,657.3428571428572,True,False,2.0,SPD,0.4,0.1571428571428571,0.0571428571428571,0.1571428571428571,0.3285714285714285,242,94,30,10,40,90,0.1157024793388429,0.0454545454545454,0.0165289256198347,0.0454545454545454,0.0950413223140495,0.2978723404255319,0.3666666666666666,0.4,0.275,0.2555555555555555,Regierung,1.0,0.0,20.0,WP20,2023,2,15,0.8529411764705882,2.5588235294117645,7.061904761904763,0.7647058823529411,1.3529411764705883,0.4411764705882353,8.076923076923077,9.125,8.0,6.1,7.380952380952381,34,28,13,8,3,10,21,0.3823529411764705,0.2352941176470588,0.088235294117647,0.2941176470588235,0.6176470588235294,0.6481792717086834,1.9445378151260504,5.582738095238096,0.5789915966386554,0.9672268907563026,0.3983193277310924,6.719780219780219,6.488636363636363,6.0,4.736363636363636,6.467908902691512,4
130,2023-02-17,2023-03-02,15,cdu/csu,29.0,27.0,2.0,2.0,0.4545454545454545,1.3636363636363635,2.75,0.2727272727272727,1.0,0.0909090909090909,6.0,4.0,,2.0,2.0,2,2,0,4,7,11,8,599.5454545454545,True,False,4.0,CDU/CSU,0.1818181818181818,0.1818181818181818,0.0,0.3636363636363636,0.6363636363636364,37,9,5,3,14,28,0.054054054054054,0.054054054054054,0.0,0.1081081081081081,0.1891891891891892,0.2222222222222222,0.4,0.0,0.2857142857142857,0.25,Opposition,0.0,1.0,20.0,WP20,2023,2,13,1.25,3.75,7.625,0.75,1.75,1.25,,8.0,,7.5,7.75,4,4,0,3,0,2,4,0.0,0.75,0.0,0.5,1.0,0.7954545454545454,2.3863636363636367,4.875,0.4772727272727273,0.75,1.1590909090909092,,4.0,,5.5,5.75,0
130,2023-02-17,2023-03-02,15,fdp,6.0,7.0,-1.0,1.0,0.5833333333333333,1.75,1.125,0.5,1.25,0.0,,,,1.0,1.25,0,0,0,3,4,4,4,766.0,True,False,3.0,FDP,0.0,0.0,0.0,0.75,1.0,37,9,5,3,14,28,0.0,0.0,0.0,0.081081081081081,0.1081081081081081,0.0,0.0,0.0,0.2142857142857142,0.1428571428571428,Regierung,1.0,0.0,20.0,WP20,2023,2,13,1.25,3.75,7.625,0.75,1.75,1.25,,8.0,,7.5,7.75,4,4,0,3,0,2,4,0.0,0.75,0.0,0.5,1.0,0.6666666666666667,2.0,6.5,0.25,0.5,1.25,,,,6.5,6.5,1
130,2023-02-17,2023-03-02,15,grüne,17.0,18.0,-1.0,1.0,0.3333333333333333,1.0,0.6547619047619048,0.25,0.5,0.25,0.6666666666666666,2.0,1.0,0.75,0.8333333333333334,3,1,2,4,6,8,7,508.0,True,False,1.0,Bündnis 90/Die Grünen,0.375,0.125,0.25,0.5,0.75,37,9,5,3,14,28,0.081081081081081,0.027027027027027,0.054054054054054,0.1081081081081081,0.1621621621621621,0.3333333333333333,0.2,0.6666666666666666,0.2857142857142857,0.2142857142857142,Regierung,1.0,0.0,20.0,WP20,2023,2,13,1.25,3.75,7.625,0.75,1.75,1.25,,8.0,,7.5,7.75,4,4,0,3,0,2,4,0.0,0.75,0.0,0.5,1.0,0.9166666666666669,2.75,6.970238095238095,0.5,1.25,1.0,,6.0,,6.75,6.916666666666667,2
130,2023-02-17,2023-03-02,15,linke,5.0,4.0,1.0,1.0,0.5833333333333333,1.75,1.3333333333333333,0.5,1.0,0.25,2.5,,,0.0,1.0,2,0,0,1,3,4,3,459.0,True,False,0.0,Die Linke,0.5,0.0,0.0,0.25,0.75,37,9,5,3,14,28,0.054054054054054,0.0,0.0,0.027027027027027,0.081081081081081,0.2222222222222222,0.0,0.0,0.0714285714285714,0.1071428571428571,Opposition,0.0,1.0,20.0,WP20,2023,2,13,1.25,3.75,7.625,0.75,1.75,1.25,,8.0,,7.5,7.75,4,4,0,3,0,2,4,0.0,0.75,0.0,0.5,1.0,0.6666666666666667,2.0,6.291666666666667,0.25,0.75,1.0,,,,7.5,6.75,3
130,2023-02-17,2023-03-02,15,spd,19.0,20.0,-1.0,1.0,0.3666666666666666,1.1,1.4375,0.2,0.7,0.2,1.0,2.0,0.0,2.0,1.125,2,2,1,2,8,10,8,667.9,True,False,2.0,SPD,0.2,0.2,0.1,0.2,0.8,37,9,5,3,14,28,0.054054054054054,0.054054054054054,0.027027027027027,0.054054054054054,0.2162162162162162,0.2222222222222222,0.4,0.3333333333333333,0.1428571428571428,0.2857142857142857,Regierung,1.0,0.0,20.0,WP20,2023,2,13,1.25,3.75,7.625,0.75,1.75,1.25,,8.0,,7.5,7.75,4,4,0,3,0,2,4,0.0,0.75,0.0,0.5,1.0,0.8833333333333333,2.65,6.1875,0.55,1.05,1.05,,6.0,,5.5,6.625,4
131,2023-03-02,2023-03-17,14,cdu/csu,31.0,29.0,2.0,2.0,0.3571428571428571,1.0714285714285714,3.7054794520547945,0.2321428571428571,0.7232142857142857,0.1160714285714285,4.928571428571429,6.5,2.6666666666666665,3.655172413793104,3.425925925925926,28,16,6,29,54,112,73,605.75,True,False,4.0,CDU/CSU,0.25,0.1428571428571428,0.0535714285714285,0.2589285714285714,0.4821428571428571,378,113,66,43,86,155,0.074074074074074,0.0423280423280423,0.0158730158730158,0.0767195767195767,0.1428571428571428,0.247787610619469,0.2424242424242424,0.1395348837209302,0.3372093023255814,0.3483870967741935,Opposition,0.0,1.0,20.0,WP20,2023,3,15,1.0,3.0,7.200833333333334,1.0588235294117647,1.5098039215686274,0.4313725490196078,8.0,8.692307692307692,8.454545454545455,6.941176470588236,7.580645161290323,51,40,16,13,11,17,31,0.3137254901960784,0.2549019607843137,0.2156862745098039,0.3333333333333333,0.6078431372549019,0.6428571428571428,1.9285714285714288,3.495353881278539,0.8266806722689075,0.7865896358543417,0.3153011204481792,3.071428571428571,2.192307692307692,5.787878787878789,3.286004056795132,4.1547192353643965,0
131,2023-03-02,2023-03-17,14,fdp,6.0,6.0,0.0,0.0,0.1636363636363636,0.4909090909090909,2.142857142857143,0.1272727272727272,0.2363636363636363,0.1272727272727272,3.066666666666667,2.6666666666666665,4.0,2.125,1.7916666666666667,15,12,1,8,24,55,35,623.7454545454545,True,False,3.0,FDP,0.2727272727272727,0.2181818181818181,0.0181818181818181,0.1454545454545454,0.4363636363636363,378,113,66,43,86,155,0.0396825396825396,0.0317460317460317,0.0026455026455026,0.0211640211640211,0.0634920634920634,0.1327433628318584,0.1818181818181818,0.0232558139534883,0.0930232558139534,0.1548387096774193,Regierung,1.0,0.0,20.0,WP20,2023,3,15,1.0,3.0,7.200833333333334,1.0588235294117647,1.5098039215686274,0.4313725490196078,8.0,8.692307692307692,8.454545454545455,6.941176470588236,7.580645161290323,51,40,16,13,11,17,31,0.3137254901960784,0.2549019607843137,0.2156862745098039,0.3333333333333333,0.6078431372549019,0.8363636363636364,2.5090909090909093,5.057976190476191,0.9315508021390376,1.273440285204991,0.3040998217468806,4.933333333333334,6.0256410256410255,4.454545454545455,4.816176470588236,5.788978494623656,1
131,2023-03-02,2023-03-17,14,grüne,17.0,17.0,0.0,0.0,0.2568306010928962,0.7704918032786885,0.9724489795918368,0.2459016393442623,0.4262295081967213,0.0983606557377049,1.08,1.1666666666666667,0.4,0.6923076923076923,0.925925925925926,25,12,10,13,27,61,49,616.5409836065573,True,False,1.0,Bündnis 90/Die Grünen,0.4098360655737705,0.1967213114754098,0.1639344262295081,0.2131147540983606,0.4426229508196721,378,113,66,43,86,155,0.0661375661375661,0.0317460317460317,0.0264550264550264,0.0343915343915343,0.0714285714285714,0.2212389380530973,0.1818181818181818,0.2325581395348837,0.1511627906976744,0.1741935483870967,Regierung,1.0,0.0,20.0,WP20,2023,3,15,1.0,3.0,7.200833333333334,1.0588235294117647,1.5098039215686274,0.4313725490196078,8.0,8.692307692307692,8.454545454545455,6.941176470588236,7.580645161290323,51,40,16,13,11,17,31,0.3137254901960784,0.2549019607843137,0.2156862745098039,0.3333333333333333,0.6078431372549019,0.7431693989071038,2.2295081967213117,6.228384353741497,0.8129218900675024,1.083574413371906,0.3330118932819029,6.92,7.525641025641025,8.054545454545455,6.248868778280543,6.654719235364397,2
131,2023-03-02,2023-03-17,14,linke,5.0,5.0,0.0,0.0,0.5317460317460317,1.5952380952380951,1.4444444444444444,0.5714285714285714,0.8571428571428571,0.1666666666666666,1.4444444444444444,1.4444444444444444,0.1428571428571428,0.9090909090909092,1.4615384615384617,9,9,7,11,13,42,27,475.57142857142856,True,False,0.0,Die Linke,0.2142857142857142,0.2142857142857142,0.1666666666666666,0.2619047619047619,0.3095238095238095,378,113,66,43,86,155,0.0238095238095238,0.0238095238095238,0.0185185185185185,0.0291005291005291,0.0343915343915343,0.079646017699115,0.1363636363636363,0.1627906976744186,0.127906976744186,0.0838709677419354,Opposition,0.0,1.0,20.0,WP20,2023,3,15,1.0,3.0,7.200833333333334,1.0588235294117647,1.5098039215686274,0.4313725490196078,8.0,8.692307692307692,8.454545454545455,6.941176470588236,7.580645161290323,51,40,16,13,11,17,31,0.3137254901960784,0.2549019607843137,0.2156862745098039,0.3333333333333333,0.6078431372549019,0.4682539682539682,1.4047619047619049,5.756388888888889,0.4873949579831933,0.6526610644257703,0.2647058823529412,6.555555555555555,7.247863247863247,8.311688311688313,6.032085561497326,6.119106699751861,3
131,2023-03-02,2023-03-17,14,spd,18.0,19.0,-1.0,1.0,0.1882716049382715,0.5648148148148148,1.3580246913580247,0.1388888888888889,0.3148148148148148,0.1111111111111111,1.3888888888888888,1.9411764705882355,0.6842105263157895,1.08,1.0,36,17,19,25,37,108,81,644.6018518518518,True,False,2.0,SPD,0.3333333333333333,0.1574074074074074,0.1759259259259259,0.2314814814814814,0.3425925925925926,378,113,66,43,86,155,0.0952380952380952,0.0449735449735449,0.0502645502645502,0.0661375661375661,0.0978835978835978,0.3185840707964602,0.2575757575757575,0.4418604651162791,0.2906976744186046,0.2387096774193548,Regierung,1.0,0.0,20.0,WP20,2023,3,15,1.0,3.0,7.200833333333334,1.0588235294117647,1.5098039215686274,0.4313725490196078,8.0,8.692307692307692,8.454545454545455,6.941176470588236,7.580645161290323,51,40,16,13,11,17,31,0.3137254901960784,0.2549019607843137,0.2156862745098039,0.3333333333333333,0.6078431372549019,0.8117283950617284,2.435185185185185,5.842808641975309,0.919934640522876,1.1949891067538123,0.3202614379084967,6.611111111111111,6.751131221719456,7.770334928229666,5.861176470588235,6.580645161290323,4
132,2023-03-17,2023-04-06,15,cdu/csu,30.0,31.0,-1.0,1.0,0.3720930232558139,1.1162790697674418,3.294117647058824,0.3023255813953488,0.7209302325581395,0.0930232558139534,4.363636363636363,5.0,0.8333333333333334,3.263157894736842,2.772727272727273,22,16,6,19,44,86,68,599.1511627906976,True,False,4.0,CDU/CSU,0.2558139534883721,0.1860465116279069,0.0697674418604651,0.2209302325581395,0.5116279069767442,293,83,54,29,85,151,0.0750853242320819,0.0546075085324232,0.0204778156996587,0.0648464163822525,0.1501706484641638,0.2650602409638554,0.2962962962962963,0.2068965517241379,0.2235294117647059,0.2913907284768212,Opposition,0.0,1.0,20.0,WP20,2023,3,20,0.9583333333333334,2.875,7.301801801801802,0.975,1.4,0.5,8.583333333333334,9.0,7.714285714285714,7.0,7.586206896551724,40,37,12,9,7,19,29,0.3,0.225,0.175,0.475,0.725,0.5862403100775194,1.7587209302325582,4.007684154742979,0.6726744186046512,0.6790697674418604,0.4069767441860465,4.219696969696971,4.0,6.880952380952381,3.736842105263158,4.813479623824451,0
132,2023-03-17,2023-04-06,15,fdp,7.0,6.0,1.0,1.0,0.1304347826086956,0.391304347826087,2.5135135135135136,0.0652173913043478,0.3043478260869565,0.0217391304347826,4.0,3.888888888888889,1.5,1.1666666666666667,1.7083333333333333,12,9,4,12,24,46,37,612.0652173913044,True,False,3.0,FDP,0.2608695652173913,0.1956521739130435,0.0869565217391304,0.2608695652173913,0.5217391304347826,293,83,54,29,85,151,0.0409556313993174,0.030716723549488,0.0136518771331058,0.0409556313993174,0.0819112627986348,0.144578313253012,0.1666666666666666,0.1379310344827586,0.1411764705882353,0.1589403973509933,Regierung,1.0,0.0,20.0,WP20,2023,3,20,0.9583333333333334,2.875,7.301801801801802,0.975,1.4,0.5,8.583333333333334,9.0,7.714285714285714,7.0,7.586206896551724,40,37,12,9,7,19,29,0.3,0.225,0.175,0.475,0.725,0.8278985507246377,2.483695652173913,4.788288288288289,0.9097826086956522,1.0956521739130434,0.4782608695652174,4.583333333333334,5.111111111111111,6.214285714285714,5.833333333333333,5.877873563218391,1
132,2023-03-17,2023-04-06,15,grüne,16.0,17.0,-1.0,1.0,0.181159420289855,0.5434782608695652,0.9603174603174603,0.1956521739130435,0.3260869565217391,0.0217391304347826,1.2857142857142858,1.1666666666666667,0.7142857142857143,0.5,0.7272727272727273,21,6,7,18,22,46,42,624.9347826086956,True,False,1.0,Bündnis 90/Die Grünen,0.4565217391304347,0.1304347826086956,0.1521739130434782,0.391304347826087,0.4782608695652174,293,83,54,29,85,151,0.0716723549488054,0.0204778156996587,0.0238907849829351,0.0614334470989761,0.0750853242320819,0.253012048192771,0.1111111111111111,0.2413793103448276,0.2117647058823529,0.1456953642384106,Regierung,1.0,0.0,20.0,WP20,2023,3,20,0.9583333333333334,2.875,7.301801801801802,0.975,1.4,0.5,8.583333333333334,9.0,7.714285714285714,7.0,7.586206896551724,40,37,12,9,7,19,29,0.3,0.225,0.175,0.475,0.725,0.7771739130434783,2.3315217391304346,6.341484341484342,0.7793478260869565,1.0739130434782609,0.4782608695652174,7.297619047619048,7.833333333333333,7.0,6.5,6.858934169278997,2
132,2023-03-17,2023-04-06,15,linke,5.0,5.0,0.0,0.0,0.4705882352941176,1.411764705882353,2.333333333333333,0.3529411764705882,0.9117647058823528,0.1470588235294117,1.8888888888888888,2.75,1.0,1.8,3.1333333333333333,9,4,2,10,15,34,27,478.52941176470586,True,False,0.0,Die Linke,0.2647058823529412,0.1176470588235294,0.0588235294117647,0.2941176470588235,0.4411764705882353,293,83,54,29,85,151,0.030716723549488,0.0136518771331058,0.0068259385665529,0.0341296928327645,0.0511945392491467,0.108433734939759,0.074074074074074,0.0689655172413793,0.1176470588235294,0.0993377483443708,Opposition,0.0,1.0,20.0,WP20,2023,3,20,0.9583333333333334,2.875,7.301801801801802,0.975,1.4,0.5,8.583333333333334,9.0,7.714285714285714,7.0,7.586206896551724,40,37,12,9,7,19,29,0.3,0.225,0.175,0.475,0.725,0.4877450980392157,1.463235294117647,4.968468468468469,0.6220588235294118,0.488235294117647,0.3529411764705882,6.694444444444445,6.25,6.714285714285714,5.2,4.452873563218391,3
132,2023-03-17,2023-04-06,15,spd,18.0,18.0,0.0,0.0,0.1522633744855966,0.4567901234567901,1.3512820512820511,0.1851851851851851,0.2592592592592592,0.0123456790123456,1.4210526315789471,2.3684210526315788,0.7,1.5769230769230769,0.9130434782608696,19,19,10,26,46,81,65,697.395061728395,True,False,2.0,SPD,0.2345679012345679,0.2345679012345679,0.1234567901234567,0.3209876543209876,0.5679012345679012,293,83,54,29,85,151,0.0648464163822525,0.0648464163822525,0.0341296928327645,0.0887372013651877,0.1569965870307167,0.2289156626506024,0.3518518518518518,0.3448275862068966,0.3058823529411765,0.304635761589404,Regierung,1.0,0.0,20.0,WP20,2023,3,20,0.9583333333333334,2.875,7.301801801801802,0.975,1.4,0.5,8.583333333333334,9.0,7.714285714285714,7.0,7.586206896551724,40,37,12,9,7,19,29,0.3,0.225,0.175,0.475,0.725,0.8060699588477367,2.41820987654321,5.950519750519751,0.7898148148148147,1.1407407407407406,0.4876543209876543,7.162280701754387,6.631578947368421,7.014285714285714,5.423076923076923,6.673163418290855,4
134,2023-04-14,2023-05-04,15,cdu/csu,29.0,30.0,-1.0,1.0,0.3583959899749373,1.075187969924812,4.471354166666667,0.2330827067669172,0.7368421052631579,0.1052631578947368,5.254901960784314,6.2105263157894735,3.2,5.038461538461538,4.15686274509804,51,19,5,26,51,133,96,639.9097744360902,True,False,4.0,CDU/CSU,0.3834586466165413,0.1428571428571428,0.037593984962406,0.1954887218045112,0.3834586466165413,481,209,69,31,115,166,0.106029106029106,0.0395010395010395,0.0103950103950103,0.054054054054054,0.106029106029106,0.2440191387559808,0.2753623188405797,0.1612903225806451,0.2260869565217391,0.3072289156626506,Opposition,0.0,1.0,20.0,WP20,2023,4,20,1.0505050505050504,3.1515151515151514,7.277966101694915,1.0606060606060606,1.5757575757575757,0.5151515151515151,8.366666666666667,9.052631578947368,7.727272727272727,6.115384615384615,7.372093023255814,66,59,30,19,11,26,43,0.4545454545454545,0.2878787878787879,0.1666666666666666,0.3939393939393939,0.6515151515151515,0.692109060530113,2.0763271815903392,2.806611935028248,0.8275233538391433,0.8389154704944178,0.4098883572567783,3.111764705882353,2.8421052631578947,4.527272727272727,1.0769230769230766,3.215230278157774,0
134,2023-04-14,2023-05-04,15,fdp,7.0,7.0,0.0,0.0,0.0674603174603174,0.2023809523809523,2.540983606557377,0.0119047619047619,0.1547619047619047,0.0357142857142857,3.4444444444444446,2.909090909090909,0.0,1.4736842105263157,1.9,36,11,2,19,30,84,61,553.8333333333334,True,False,3.0,FDP,0.4285714285714285,0.1309523809523809,0.0238095238095238,0.2261904761904762,0.3571428571428571,481,209,69,31,115,166,0.0748440748440748,0.0228690228690228,0.0041580041580041,0.0395010395010395,0.0623700623700623,0.1722488038277512,0.1594202898550724,0.064516129032258,0.1652173913043478,0.180722891566265,Regierung,1.0,0.0,20.0,WP20,2023,4,20,1.0505050505050504,3.1515151515151514,7.277966101694915,1.0606060606060606,1.5757575757575757,0.5151515151515151,8.366666666666667,9.052631578947368,7.727272727272727,6.115384615384615,7.372093023255814,66,59,30,19,11,26,43,0.4545454545454545,0.2878787878787879,0.1666666666666666,0.3939393939393939,0.6515151515151515,0.9830447330447328,2.949134199134199,4.736982495137537,1.0487012987012987,1.420995670995671,0.4794372294372294,4.922222222222223,6.143540669856459,7.727272727272727,4.641700404858299,5.472093023255814,1
134,2023-04-14,2023-05-04,15,grüne,17.0,17.0,0.0,0.0,0.2264957264957264,0.6794871794871795,1.0355392156862746,0.2435897435897435,0.4102564102564102,0.0256410256410256,0.975,1.6666666666666667,1.3,1.04,0.9629629629629628,40,12,10,25,27,78,68,596.0384615384615,True,False,1.0,Bündnis 90/Die Grünen,0.5128205128205128,0.1538461538461538,0.1282051282051282,0.3205128205128205,0.3461538461538461,481,209,69,31,115,166,0.0831600831600831,0.0249480249480249,0.0207900207900207,0.0519750519750519,0.0561330561330561,0.1913875598086124,0.1739130434782608,0.3225806451612903,0.217391304347826,0.1626506024096385,Regierung,1.0,0.0,20.0,WP20,2023,4,20,1.0505050505050504,3.1515151515151514,7.277966101694915,1.0606060606060606,1.5757575757575757,0.5151515151515151,8.366666666666667,9.052631578947368,7.727272727272727,6.115384615384615,7.372093023255814,66,59,30,19,11,26,43,0.4545454545454545,0.2878787878787879,0.1666666666666666,0.3939393939393939,0.6515151515151515,0.8240093240093239,2.472027972027972,6.242426886008641,0.8170163170163169,1.1655011655011656,0.4895104895104895,7.3916666666666675,7.385964912280701,6.427272727272728,5.075384615384615,6.409130060292851,2
134,2023-04-14,2023-05-04,15,linke,4.0,4.0,0.0,0.0,0.3765432098765431,1.1296296296296295,1.125,0.4259259259259259,0.7037037037037037,0.0,1.0,1.1428571428571428,0.5,1.0,1.4375,22,7,2,13,16,54,40,442.1851851851852,True,False,0.0,Die Linke,0.4074074074074074,0.1296296296296296,0.037037037037037,0.2407407407407407,0.2962962962962963,481,209,69,31,115,166,0.0457380457380457,0.0145530145530145,0.0041580041580041,0.027027027027027,0.0332640332640332,0.1052631578947368,0.1014492753623188,0.064516129032258,0.1130434782608695,0.0963855421686747,Opposition,0.0,1.0,20.0,WP20,2023,4,20,1.0505050505050504,3.1515151515151514,7.277966101694915,1.0606060606060606,1.5757575757575757,0.5151515151515151,8.366666666666667,9.052631578947368,7.727272727272727,6.115384615384615,7.372093023255814,66,59,30,19,11,26,43,0.4545454545454545,0.2878787878787879,0.1666666666666666,0.3939393939393939,0.6515151515151515,0.6739618406285073,2.0218855218855216,6.152966101694915,0.6346801346801346,0.872053872053872,0.5151515151515151,7.366666666666667,7.909774436090226,7.227272727272727,5.115384615384615,5.934593023255814,3
134,2023-04-14,2023-05-04,15,spd,19.0,18.0,1.0,1.0,0.1641414141414141,0.4924242424242424,1.2324159021406729,0.1439393939393939,0.3106060606060606,0.0378787878787878,1.4,1.8,0.0833333333333333,0.90625,1.1428571428571428,60,20,12,32,42,132,109,600.6515151515151,True,False,2.0,SPD,0.4545454545454545,0.1515151515151515,0.0909090909090909,0.2424242424242424,0.3181818181818182,481,209,69,31,115,166,0.1247401247401247,0.0415800415800415,0.0249480249480249,0.0665280665280665,0.0873180873180873,0.2870813397129186,0.2898550724637681,0.3870967741935484,0.2782608695652174,0.253012048192771,Regierung,1.0,0.0,20.0,WP20,2023,4,20,1.0505050505050504,3.1515151515151514,7.277966101694915,1.0606060606060606,1.5757575757575757,0.5151515151515151,8.366666666666667,9.052631578947368,7.727272727272727,6.115384615384615,7.372093023255814,66,59,30,19,11,26,43,0.4545454545454545,0.2878787878787879,0.1666666666666666,0.3939393939393939,0.6515151515151515,0.8863636363636362,2.659090909090909,6.045550199554242,0.9166666666666666,1.2651515151515151,0.4772727272727272,6.966666666666667,7.252631578947368,7.643939393939394,5.209134615384615,6.229235880398671,4
135,2023-05-04,2023-05-12,16,cdu/csu,30.0,29.0,1.0,1.0,0.3976608187134502,1.1929824561403508,4.292592592592593,0.2982456140350877,0.7368421052631579,0.1578947368421052,4.8,6.909090909090909,7.0,4.294117647058823,4.153846153846154,20,11,1,17,26,57,45,574.5087719298245,True,False,4.0,CDU/CSU,0.3508771929824561,0.1929824561403508,0.0175438596491228,0.2982456140350877,0.4561403508771929,186,70,33,11,64,79,0.1075268817204301,0.0591397849462365,0.0053763440860215,0.0913978494623656,0.1397849462365591,0.2857142857142857,0.3333333333333333,0.0909090909090909,0.265625,0.3291139240506329,Opposition,0.0,1.0,20.0,WP20,2023,5,8,1.0,3.0,7.726811594202899,1.0740740740740742,1.4814814814814814,0.4444444444444444,8.833333333333334,8.714285714285714,8.5,7.583333333333333,8.266666666666667,27,23,12,7,6,12,15,0.4444444444444444,0.2592592592592592,0.2222222222222222,0.4444444444444444,0.5555555555555556,0.6023391812865497,1.8070175438596487,3.4342190016103062,0.7758284600389864,0.7446393762183235,0.2865497076023391,4.033333333333334,1.8051948051948044,1.5,3.2892156862745097,4.112820512820513,0
135,2023-05-04,2023-05-12,16,fdp,7.0,7.0,0.0,0.0,0.0897435897435897,0.2692307692307692,2.017543859649123,0.0,0.1923076923076923,0.0769230769230769,2.0,4.333333333333333,0.0,3.142857142857143,1.5,7,3,1,7,12,26,19,615.2307692307693,True,False,3.0,FDP,0.2692307692307692,0.1153846153846153,0.0384615384615384,0.2692307692307692,0.4615384615384615,186,70,33,11,64,79,0.0376344086021505,0.0161290322580645,0.0053763440860215,0.0376344086021505,0.064516129032258,0.1,0.0909090909090909,0.0909090909090909,0.109375,0.1518987341772152,Regierung,1.0,0.0,20.0,WP20,2023,5,8,1.0,3.0,7.726811594202899,1.0740740740740742,1.4814814814814814,0.4444444444444444,8.833333333333334,8.714285714285714,8.5,7.583333333333333,8.266666666666667,27,23,12,7,6,12,15,0.4444444444444444,0.2592592592592592,0.2222222222222222,0.4444444444444444,0.5555555555555556,0.9102564102564102,2.730769230769231,5.709267734553777,1.0740740740740742,1.289173789173789,0.3675213675213675,6.833333333333334,4.3809523809523805,8.5,4.44047619047619,6.766666666666668,1
135,2023-05-04,2023-05-12,16,grüne,16.0,17.0,-1.0,1.0,0.3222222222222222,0.9666666666666668,1.1101190476190477,0.2666666666666666,0.5666666666666667,0.1333333333333333,0.8666666666666667,1.2857142857142858,0.2,1.0769230769230769,1.0,15,7,5,13,14,30,28,600.2333333333333,True,False,1.0,Bündnis 90/Die Grünen,0.5,0.2333333333333333,0.1666666666666666,0.4333333333333333,0.4666666666666667,186,70,33,11,64,79,0.0806451612903225,0.0376344086021505,0.0268817204301075,0.0698924731182795,0.075268817204301,0.2142857142857142,0.2121212121212121,0.4545454545454545,0.203125,0.1772151898734177,Regierung,1.0,0.0,20.0,WP20,2023,5,8,1.0,3.0,7.726811594202899,1.0740740740740742,1.4814814814814814,0.4444444444444444,8.833333333333334,8.714285714285714,8.5,7.583333333333333,8.266666666666667,27,23,12,7,6,12,15,0.4444444444444444,0.2592592592592592,0.2222222222222222,0.4444444444444444,0.5555555555555556,0.6777777777777778,2.033333333333333,6.616692546583852,0.8074074074074076,0.9148148148148147,0.3111111111111111,7.966666666666667,7.428571428571428,8.3,6.506410256410256,7.2666666666666675,2
135,2023-05-04,2023-05-12,16,linke,5.0,4.0,1.0,1.0,0.3181818181818182,0.9545454545454546,1.53921568627451,0.2272727272727272,0.6363636363636364,0.0909090909090909,0.8181818181818182,0.6666666666666666,0.0,0.625,1.8888888888888888,11,3,1,8,9,22,17,436.3636363636364,True,False,0.0,Die Linke,0.5,0.1363636363636363,0.0454545454545454,0.3636363636363636,0.4090909090909091,186,70,33,11,64,79,0.0591397849462365,0.0161290322580645,0.0053763440860215,0.043010752688172,0.0483870967741935,0.1571428571428571,0.0909090909090909,0.0909090909090909,0.125,0.1139240506329113,Opposition,0.0,1.0,20.0,WP20,2023,5,8,1.0,3.0,7.726811594202899,1.0740740740740742,1.4814814814814814,0.4444444444444444,8.833333333333334,8.714285714285714,8.5,7.583333333333333,8.266666666666667,27,23,12,7,6,12,15,0.4444444444444444,0.2592592592592592,0.2222222222222222,0.4444444444444444,0.5555555555555556,0.6818181818181819,2.0454545454545454,6.187595907928389,0.8468013468013469,0.845117845117845,0.3535353535353535,8.015151515151516,8.047619047619047,8.5,6.958333333333333,6.377777777777778,3
135,2023-05-04,2023-05-12,16,spd,17.0,19.0,-2.0,2.0,0.2026143790849673,0.6078431372549019,1.3098290598290596,0.2156862745098039,0.3529411764705882,0.0392156862745098,1.4705882352941178,3.0,0.0,1.2105263157894737,0.9444444444444444,17,9,3,19,18,51,39,634.5490196078431,True,False,2.0,SPD,0.3333333333333333,0.1764705882352941,0.0588235294117647,0.3725490196078431,0.3529411764705882,186,70,33,11,64,79,0.0913978494623656,0.0483870967741935,0.0161290322580645,0.1021505376344086,0.0967741935483871,0.2428571428571428,0.2727272727272727,0.2727272727272727,0.296875,0.2278481012658227,Regierung,1.0,0.0,20.0,WP20,2023,5,8,1.0,3.0,7.726811594202899,1.0740740740740742,1.4814814814814814,0.4444444444444444,8.833333333333334,8.714285714285714,8.5,7.583333333333333,8.266666666666667,27,23,12,7,6,12,15,0.4444444444444444,0.2592592592592592,0.2222222222222222,0.4444444444444444,0.5555555555555556,0.7973856209150327,2.392156862745098,6.416982534373839,0.8583877995642702,1.128540305010893,0.4052287581699346,7.362745098039216,5.7142857142857135,8.5,6.37280701754386,7.322222222222223,4
136,2023-05-12,2023-06-01,16,cdu/csu,28.0,30.0,-2.0,2.0,0.3443223443223443,1.032967032967033,3.569672131147541,0.2637362637362637,0.6153846153846154,0.1538461538461538,4.0,7.846153846153846,2.75,4.684210526315789,3.1707317073170733,23,13,4,19,41,91,61,630.6043956043956,True,False,4.0,CDU/CSU,0.2527472527472527,0.1428571428571428,0.0439560439560439,0.2087912087912088,0.4505494505494505,319,95,46,21,68,143,0.0721003134796238,0.0407523510971786,0.012539184952978,0.0595611285266457,0.128526645768025,0.2421052631578947,0.2826086956521739,0.1904761904761904,0.2794117647058823,0.2867132867132867,Opposition,0.0,1.0,20.0,WP20,2023,5,20,0.968253968253968,2.9047619047619047,7.31,0.9523809523809524,1.5,0.4523809523809524,8.1875,8.5,8.666666666666666,6.647058823529412,7.566666666666666,42,40,16,14,9,17,30,0.3809523809523809,0.3333333333333333,0.2142857142857142,0.4047619047619047,0.7142857142857143,0.6239316239316238,1.871794871794872,3.7403278688524586,0.6886446886446886,0.8846153846153846,0.2985347985347985,4.1875,0.6538461538461542,5.916666666666666,1.9628482972136228,4.395934959349593,0
136,2023-05-12,2023-06-01,16,fdp,8.0,7.0,1.0,1.0,0.1544715447154471,0.4634146341463415,1.9401041666666667,0.073170731707317,0.3414634146341463,0.048780487804878,2.090909090909091,4.0,1.5,1.6666666666666667,1.88,11,6,2,12,25,41,32,708.3170731707318,True,False,3.0,FDP,0.2682926829268293,0.1463414634146341,0.048780487804878,0.2926829268292683,0.6097560975609756,319,95,46,21,68,143,0.0344827586206896,0.018808777429467,0.006269592476489,0.0376175548589341,0.0783699059561128,0.1157894736842105,0.1304347826086956,0.0952380952380952,0.1764705882352941,0.1748251748251748,Regierung,1.0,0.0,20.0,WP20,2023,5,20,0.968253968253968,2.9047619047619047,7.31,0.9523809523809524,1.5,0.4523809523809524,8.1875,8.5,8.666666666666666,6.647058823529412,7.566666666666666,42,40,16,14,9,17,30,0.3809523809523809,0.3333333333333333,0.2142857142857142,0.4047619047619047,0.7142857142857143,0.813782423538521,2.4413472706155632,5.369895833333333,0.8792102206736353,1.1585365853658536,0.4036004645760743,6.096590909090909,4.5,7.166666666666666,4.980392156862745,5.6866666666666665,1
136,2023-05-12,2023-06-01,16,grüne,16.0,16.0,0.0,0.0,0.2758620689655172,0.8275862068965517,0.997463768115942,0.3103448275862069,0.5,0.0172413793103448,0.9166666666666666,2.125,0.3333333333333333,0.6923076923076923,0.7727272727272727,24,8,6,13,22,58,46,568.5,True,False,1.0,Bündnis 90/Die Grünen,0.4137931034482758,0.1379310344827586,0.1034482758620689,0.2241379310344827,0.3793103448275862,319,95,46,21,68,143,0.0752351097178683,0.0250783699059561,0.018808777429467,0.0407523510971786,0.0689655172413793,0.2526315789473684,0.1739130434782608,0.2857142857142857,0.1911764705882352,0.1538461538461538,Regierung,1.0,0.0,20.0,WP20,2023,5,20,0.968253968253968,2.9047619047619047,7.31,0.9523809523809524,1.5,0.4523809523809524,8.1875,8.5,8.666666666666666,6.647058823529412,7.566666666666666,42,40,16,14,9,17,30,0.3809523809523809,0.3333333333333333,0.2142857142857142,0.4047619047619047,0.7142857142857143,0.6923918992884509,2.077175697865353,6.312536231884057,0.6420361247947455,1.0,0.4351395730706076,7.270833333333333,6.375,8.333333333333332,5.95475113122172,6.793939393939394,2
136,2023-05-12,2023-06-01,16,linke,5.0,5.0,0.0,0.0,0.4607843137254901,1.3823529411764706,1.3333333333333333,0.4117647058823529,0.8823529411764706,0.088235294117647,1.2222222222222223,1.4,1.5,0.6666666666666666,1.1538461538461535,9,5,2,6,13,34,22,470.7647058823529,True,False,0.0,Die Linke,0.2647058823529412,0.1470588235294117,0.0588235294117647,0.1764705882352941,0.3823529411764705,319,95,46,21,68,143,0.0282131661442006,0.0156739811912225,0.006269592476489,0.018808777429467,0.0407523510971786,0.0947368421052631,0.108695652173913,0.0952380952380952,0.088235294117647,0.0909090909090909,Opposition,0.0,1.0,20.0,WP20,2023,5,20,0.968253968253968,2.9047619047619047,7.31,0.9523809523809524,1.5,0.4523809523809524,8.1875,8.5,8.666666666666666,6.647058823529412,7.566666666666666,42,40,16,14,9,17,30,0.3809523809523809,0.3333333333333333,0.2142857142857142,0.4047619047619047,0.7142857142857143,0.507469654528478,1.522408963585434,5.976666666666667,0.5406162464985994,0.6176470588235294,0.3641456582633053,6.965277777777778,7.1,7.166666666666666,5.980392156862745,6.412820512820513,3
136,2023-05-12,2023-06-01,16,spd,18.0,17.0,1.0,1.0,0.1824561403508771,0.5473684210526316,1.051643192488263,0.1894736842105263,0.3052631578947368,0.0526315789473684,1.1428571428571428,1.6428571428571428,0.7142857142857143,0.7222222222222222,0.8809523809523809,28,14,7,18,42,95,71,625.4421052631579,True,False,2.0,SPD,0.2947368421052631,0.1473684210526315,0.0736842105263157,0.1894736842105263,0.4421052631578947,319,95,46,21,68,143,0.0877742946708464,0.0438871473354232,0.0219435736677116,0.0564263322884012,0.1316614420062695,0.2947368421052631,0.3043478260869565,0.3333333333333333,0.2647058823529412,0.2937062937062937,Regierung,1.0,0.0,20.0,WP20,2023,5,20,0.968253968253968,2.9047619047619047,7.31,0.9523809523809524,1.5,0.4523809523809524,8.1875,8.5,8.666666666666666,6.647058823529412,7.566666666666666,42,40,16,14,9,17,30,0.3809523809523809,0.3333333333333333,0.2142857142857142,0.4047619047619047,0.7142857142857143,0.7857978279030909,2.357393483709273,6.258356807511737,0.762907268170426,1.194736842105263,0.3997493734335839,7.044642857142858,6.857142857142858,7.952380952380952,5.92483660130719,6.685714285714285,4
137,2023-06-01,2023-06-23,18,cdu/csu,29.0,28.0,1.0,1.0,0.355392156862745,1.0661764705882353,3.847701149425288,0.2720588235294117,0.6691176470588235,0.125,5.035714285714286,6.222222222222222,3.1666666666666665,4.4375,3.39622641509434,28,18,6,32,53,136,87,588.0294117647059,True,False,4.0,CDU/CSU,0.2058823529411764,0.1323529411764706,0.0441176470588235,0.2352941176470588,0.3897058823529412,461,114,70,42,139,188,0.0607375271149674,0.0390455531453362,0.0130151843817787,0.0694143167028199,0.1149674620390455,0.2456140350877192,0.2571428571428571,0.1428571428571428,0.2302158273381295,0.2819148936170212,Opposition,0.0,1.0,20.0,WP20,2023,6,22,1.0376344086021505,3.1129032258064515,7.774358974358974,1.0806451612903225,1.6129032258064515,0.4193548387096774,8.071428571428571,8.235294117647058,8.333333333333334,7.636363636363637,7.888888888888889,62,52,28,17,9,22,45,0.4516129032258064,0.2741935483870967,0.1451612903225806,0.3548387096774194,0.7258064516129032,0.6822422517394054,2.0467267552182165,3.926657824933687,0.8085863377609108,0.943785578747628,0.2943548387096774,3.0357142857142856,2.013071895424836,5.166666666666668,3.1988636363636367,4.4926624737945495,0
137,2023-06-01,2023-06-23,18,fdp,7.0,8.0,-1.0,1.0,0.1559139784946236,0.4677419354838709,2.151515151515152,0.1290322580645161,0.2580645161290322,0.0806451612903225,3.8,3.7777777777777777,0.8,1.7058823529411764,1.7857142857142858,15,9,5,17,28,62,44,647.3870967741935,True,False,3.0,FDP,0.2419354838709677,0.1451612903225806,0.0806451612903225,0.2741935483870967,0.4516129032258064,461,114,70,42,139,188,0.0325379609544468,0.0195227765726681,0.0108459869848156,0.0368763557483731,0.0607375271149674,0.131578947368421,0.1285714285714285,0.119047619047619,0.1223021582733813,0.1489361702127659,Regierung,1.0,0.0,20.0,WP20,2023,6,22,1.0376344086021505,3.1129032258064515,7.774358974358974,1.0806451612903225,1.6129032258064515,0.4193548387096774,8.071428571428571,8.235294117647058,8.333333333333334,7.636363636363637,7.888888888888889,62,52,28,17,9,22,45,0.4516129032258064,0.2741935483870967,0.1451612903225806,0.3548387096774194,0.7258064516129032,0.8817204301075269,2.6451612903225805,5.622843822843823,0.9516129032258064,1.3548387096774193,0.3387096774193548,4.271428571428571,4.45751633986928,7.533333333333334,5.93048128342246,6.103174603174604,1
137,2023-06-01,2023-06-23,18,grüne,15.0,16.0,-1.0,1.0,0.1934156378600822,0.5802469135802469,0.9947916666666666,0.1234567901234567,0.382716049382716,0.074074074074074,0.90625,1.2857142857142858,0.3333333333333333,0.8695652173913043,0.8857142857142857,32,14,12,23,35,81,64,559.5185185185185,True,False,1.0,Bündnis 90/Die Grünen,0.3950617283950617,0.1728395061728395,0.1481481481481481,0.2839506172839506,0.4320987654320987,461,114,70,42,139,188,0.0694143167028199,0.0303687635574837,0.0260303687635574,0.0498915401301518,0.0759219088937093,0.2807017543859649,0.2,0.2857142857142857,0.1654676258992805,0.1861702127659574,Regierung,1.0,0.0,20.0,WP20,2023,6,22,1.0376344086021505,3.1129032258064515,7.774358974358974,1.0806451612903225,1.6129032258064515,0.4193548387096774,8.071428571428571,8.235294117647058,8.333333333333334,7.636363636363637,7.888888888888889,62,52,28,17,9,22,45,0.4516129032258064,0.2741935483870967,0.1451612903225806,0.3548387096774194,0.7258064516129032,0.8442187707420682,2.5326563122262047,6.779567307692307,0.9571883711668656,1.2301871764237355,0.3452807646356033,7.165178571428571,6.949579831932772,8.0,6.766798418972332,7.003174603174603,2
137,2023-06-01,2023-06-23,18,linke,4.0,5.0,-1.0,1.0,0.5533333333333332,1.66,1.530952380952381,0.58,0.92,0.16,1.818181818181818,1.8571428571428568,0.1666666666666666,1.0,1.588235294117647,11,7,6,19,17,50,35,458.08,True,False,0.0,Die Linke,0.22,0.14,0.12,0.38,0.34,461,114,70,42,139,188,0.0238611713665943,0.0151843817787418,0.0130151843817787,0.0412147505422993,0.0368763557483731,0.0964912280701754,0.1,0.1428571428571428,0.1366906474820144,0.0904255319148936,Opposition,0.0,1.0,20.0,WP20,2023,6,22,1.0376344086021505,3.1129032258064515,7.774358974358974,1.0806451612903225,1.6129032258064515,0.4193548387096774,8.071428571428571,8.235294117647058,8.333333333333334,7.636363636363637,7.888888888888889,62,52,28,17,9,22,45,0.4516129032258064,0.2741935483870967,0.1451612903225806,0.3548387096774194,0.7258064516129032,0.4843010752688172,1.4529032258064516,6.243406593406593,0.5006451612903225,0.6929032258064515,0.2593548387096774,6.253246753246753,6.3781512605042,8.166666666666668,6.636363636363637,6.3006535947712425,3
137,2023-06-01,2023-06-23,18,spd,18.0,18.0,0.0,0.0,0.1792929292929292,0.5378787878787878,1.0492831541218637,0.1439393939393939,0.3484848484848485,0.0454545454545454,1.5714285714285714,1.5909090909090908,0.7692307692307693,0.875,0.7636363636363637,28,22,13,48,55,132,93,629.6818181818181,True,False,2.0,SPD,0.2121212121212121,0.1666666666666666,0.0984848484848484,0.3636363636363636,0.4166666666666667,461,114,70,42,139,188,0.0607375271149674,0.0477223427331887,0.0281995661605206,0.1041214750542299,0.1193058568329718,0.2456140350877192,0.3142857142857143,0.3095238095238095,0.3453237410071942,0.2925531914893617,Regierung,1.0,0.0,20.0,WP20,2023,6,22,1.0376344086021505,3.1129032258064515,7.774358974358974,1.0806451612903225,1.6129032258064515,0.4193548387096774,8.071428571428571,8.235294117647058,8.333333333333334,7.636363636363637,7.888888888888889,62,52,28,17,9,22,45,0.4516129032258064,0.2741935483870967,0.1451612903225806,0.3548387096774194,0.7258064516129032,0.8583414793092212,2.575024437927664,6.725075820237111,0.9367057673509286,1.264418377321603,0.3739002932551319,6.5,6.644385026737967,7.564102564102565,6.761363636363637,7.125252525252526,4
138,2023-06-23,2023-07-06,19,cdu/csu,29.0,29.0,0.0,0.0,0.3821138211382113,1.146341463414634,4.633333333333334,0.2682926829268293,0.7804878048780488,0.0975609756097561,7.363636363636363,6.428571428571429,2.0,0.5,4.523809523809524,11,7,1,4,21,41,30,598.609756097561,True,False,4.0,CDU/CSU,0.2682926829268293,0.1707317073170731,0.024390243902439,0.0975609756097561,0.5121951219512195,147,48,31,7,23,74,0.0748299319727891,0.0476190476190476,0.0068027210884353,0.0272108843537414,0.1428571428571428,0.2291666666666666,0.2258064516129032,0.1428571428571428,0.1739130434782608,0.2837837837837837,Opposition,0.0,1.0,20.0,WP20,2023,6,13,1.148148148148148,3.4444444444444446,8.130208333333334,1.1666666666666667,1.6666666666666667,0.6111111111111112,8.75,9.0,8.4,7.833333333333333,8.0,18,16,8,6,5,6,15,0.4444444444444444,0.3333333333333333,0.2777777777777778,0.3333333333333333,0.8333333333333334,0.7660343270099368,2.2981029810298104,3.496875,0.8983739837398375,0.8861788617886179,0.5135501355013551,1.386363636363637,2.571428571428571,6.4,7.333333333333333,3.4761904761904763,0
138,2023-06-23,2023-07-06,19,fdp,6.0,7.0,-1.0,1.0,0.08,0.24,2.1818181818181817,0.12,0.08,0.04,2.4285714285714284,2.8181818181818183,0.0,0.0,1.6153846153846154,7,11,1,4,13,25,22,636.88,True,False,3.0,FDP,0.28,0.44,0.04,0.16,0.52,147,48,31,7,23,74,0.0476190476190476,0.0748299319727891,0.0068027210884353,0.0272108843537414,0.0884353741496598,0.1458333333333333,0.3548387096774194,0.1428571428571428,0.1739130434782608,0.1756756756756756,Regierung,1.0,0.0,20.0,WP20,2023,6,13,1.148148148148148,3.4444444444444446,8.130208333333334,1.1666666666666667,1.6666666666666667,0.6111111111111112,8.75,9.0,8.4,7.833333333333333,8.0,18,16,8,6,5,6,15,0.4444444444444444,0.3333333333333333,0.2777777777777778,0.3333333333333333,0.8333333333333334,1.068148148148148,3.2044444444444444,5.948390151515152,1.0466666666666669,1.586666666666667,0.5711111111111111,6.321428571428571,6.181818181818182,8.4,7.833333333333333,6.384615384615385,1
138,2023-06-23,2023-07-06,19,grüne,15.0,15.0,0.0,0.0,0.2133333333333333,0.64,1.238095238095238,0.2,0.36,0.08,1.181818181818182,2.2,0.5,0.4,1.4285714285714286,11,5,2,5,14,25,21,620.44,True,False,1.0,Bündnis 90/Die Grünen,0.44,0.2,0.08,0.2,0.56,147,48,31,7,23,74,0.0748299319727891,0.0340136054421768,0.0136054421768707,0.0340136054421768,0.0952380952380952,0.2291666666666666,0.1612903225806451,0.2857142857142857,0.217391304347826,0.1891891891891892,Regierung,1.0,0.0,20.0,WP20,2023,6,13,1.148148148148148,3.4444444444444446,8.130208333333334,1.1666666666666667,1.6666666666666667,0.6111111111111112,8.75,9.0,8.4,7.833333333333333,8.0,18,16,8,6,5,6,15,0.4444444444444444,0.3333333333333333,0.2777777777777778,0.3333333333333333,0.8333333333333334,0.9348148148148148,2.8044444444444445,6.892113095238096,0.9666666666666668,1.3066666666666666,0.5311111111111112,7.568181818181818,6.8,7.9,7.433333333333333,6.571428571428571,2
138,2023-06-23,2023-07-06,19,linke,4.0,4.0,0.0,0.0,0.5185185185185185,1.5555555555555556,1.7179487179487178,0.4444444444444444,1.1111111111111112,0.0,1.6666666666666667,1.3333333333333333,1.0,0.6666666666666666,2.1666666666666665,6,3,1,3,6,18,13,454.22222222222223,True,False,0.0,Die Linke,0.3333333333333333,0.1666666666666666,0.0555555555555555,0.1666666666666666,0.3333333333333333,147,48,31,7,23,74,0.0408163265306122,0.0204081632653061,0.0068027210884353,0.0204081632653061,0.0408163265306122,0.125,0.0967741935483871,0.1428571428571428,0.1304347826086956,0.081081081081081,Opposition,0.0,1.0,20.0,WP20,2023,6,13,1.148148148148148,3.4444444444444446,8.130208333333334,1.1666666666666667,1.6666666666666667,0.6111111111111112,8.75,9.0,8.4,7.833333333333333,8.0,18,16,8,6,5,6,15,0.4444444444444444,0.3333333333333333,0.2777777777777778,0.3333333333333333,0.8333333333333334,0.6296296296296297,1.888888888888889,6.412259615384616,0.7222222222222223,0.5555555555555556,0.6111111111111112,7.083333333333333,7.666666666666667,7.4,7.166666666666666,5.833333333333334,3
138,2023-06-23,2023-07-06,19,spd,17.0,18.0,-1.0,1.0,0.1578947368421052,0.4736842105263157,1.3988095238095235,0.131578947368421,0.3157894736842105,0.0263157894736842,1.5384615384615383,2.0,0.5,0.8571428571428571,1.35,13,5,2,7,20,38,28,620.2105263157895,True,False,2.0,SPD,0.3421052631578947,0.131578947368421,0.0526315789473684,0.1842105263157894,0.5263157894736842,147,48,31,7,23,74,0.0884353741496598,0.0340136054421768,0.0136054421768707,0.0476190476190476,0.1360544217687075,0.2708333333333333,0.1612903225806451,0.2857142857142857,0.3043478260869565,0.2702702702702703,Regierung,1.0,0.0,20.0,WP20,2023,6,13,1.148148148148148,3.4444444444444446,8.130208333333334,1.1666666666666667,1.6666666666666667,0.6111111111111112,8.75,9.0,8.4,7.833333333333333,8.0,18,16,8,6,5,6,15,0.4444444444444444,0.3333333333333333,0.2777777777777778,0.3333333333333333,0.8333333333333334,0.9902534113060428,2.9707602339181287,6.73139880952381,1.0350877192982455,1.3508771929824563,0.584795321637427,7.211538461538462,7.0,7.9,6.976190476190476,6.65,4
139,2023-07-06,2023-07-21,20,cdu/csu,28.0,29.0,-1.0,1.0,0.3005464480874317,0.9016393442622952,3.575,0.180327868852459,0.6557377049180327,0.0655737704918032,5.571428571428571,3.5,2.0,2.789473684210526,2.571428571428572,14,6,6,19,21,61,40,627.311475409836,True,False,4.0,CDU/CSU,0.2295081967213114,0.0983606557377049,0.0983606557377049,0.3114754098360656,0.3442622950819672,217,67,25,21,73,79,0.064516129032258,0.0276497695852534,0.0276497695852534,0.0875576036866359,0.0967741935483871,0.208955223880597,0.24,0.2857142857142857,0.2602739726027397,0.2658227848101265,Opposition,0.0,1.0,20.0,WP20,2023,7,15,0.8387096774193549,2.5161290322580645,7.352564102564102,0.8387096774193549,1.3870967741935485,0.2903225806451613,8.416666666666666,8.2,8.0,7.1,7.823529411764706,31,26,12,5,6,10,17,0.3870967741935484,0.1612903225806451,0.1935483870967742,0.3225806451612903,0.5483870967741935,0.5381632293319232,1.6144896879957695,3.777564102564102,0.6583818085668959,0.7313590692755157,0.224748810153358,2.845238095238095,4.699999999999999,6.0,4.310526315789474,5.252100840336134,0
139,2023-07-06,2023-07-21,20,fdp,7.0,6.0,1.0,1.0,0.125,0.375,2.352272727272727,0.03125,0.21875,0.125,3.142857142857143,3.6,1.0,2.230769230769231,1.75,7,5,3,13,12,32,22,623.4375,True,False,3.0,FDP,0.21875,0.15625,0.09375,0.40625,0.375,217,67,25,21,73,79,0.032258064516129,0.0230414746543778,0.0138248847926267,0.0599078341013824,0.0552995391705069,0.1044776119402985,0.2,0.1428571428571428,0.1780821917808219,0.1518987341772152,Regierung,1.0,0.0,20.0,WP20,2023,7,15,0.8387096774193549,2.5161290322580645,7.352564102564102,0.8387096774193549,1.3870967741935485,0.2903225806451613,8.416666666666666,8.2,8.0,7.1,7.823529411764706,31,26,12,5,6,10,17,0.3870967741935484,0.1612903225806451,0.1935483870967742,0.3225806451612903,0.5483870967741935,0.7137096774193549,2.1411290322580645,5.000291375291376,0.8074596774193549,1.1683467741935485,0.1653225806451613,5.273809523809524,4.6,7.0,4.869230769230769,6.073529411764706,1
139,2023-07-06,2023-07-21,20,grüne,14.0,15.0,-1.0,1.0,0.1583333333333333,0.475,1.140625,0.05,0.325,0.1,1.1875,2.4,0.5,0.75,1.2352941176470589,16,5,6,12,17,40,32,593.8,True,False,1.0,Bündnis 90/Die Grünen,0.4,0.125,0.15,0.3,0.425,217,67,25,21,73,79,0.0737327188940092,0.0230414746543778,0.0276497695852534,0.0552995391705069,0.0783410138248847,0.2388059701492537,0.2,0.2857142857142857,0.1643835616438356,0.2151898734177215,Regierung,1.0,0.0,20.0,WP20,2023,7,15,0.8387096774193549,2.5161290322580645,7.352564102564102,0.8387096774193549,1.3870967741935485,0.2903225806451613,8.416666666666666,8.2,8.0,7.1,7.823529411764706,31,26,12,5,6,10,17,0.3870967741935484,0.1612903225806451,0.1935483870967742,0.3225806451612903,0.5483870967741935,0.6803763440860215,2.0411290322580644,6.211939102564102,0.7887096774193548,1.0620967741935483,0.1903225806451613,7.229166666666666,5.799999999999999,7.5,6.35,6.588235294117647,2
139,2023-07-06,2023-07-21,20,linke,4.0,4.0,0.0,0.0,0.4722222222222221,1.4166666666666667,2.063725490196078,0.3333333333333333,0.9583333333333334,0.125,1.875,1.5,0.0,1.5,2.7142857142857144,8,2,2,10,7,24,17,458.6666666666667,True,False,0.0,Die Linke,0.3333333333333333,0.0833333333333333,0.0833333333333333,0.4166666666666667,0.2916666666666667,217,67,25,21,73,79,0.0368663594470046,0.0092165898617511,0.0092165898617511,0.0460829493087557,0.032258064516129,0.1194029850746268,0.08,0.0952380952380952,0.136986301369863,0.0886075949367088,Opposition,0.0,1.0,20.0,WP20,2023,7,15,0.8387096774193549,2.5161290322580645,7.352564102564102,0.8387096774193549,1.3870967741935485,0.2903225806451613,8.416666666666666,8.2,8.0,7.1,7.823529411764706,31,26,12,5,6,10,17,0.3870967741935484,0.1612903225806451,0.1935483870967742,0.3225806451612903,0.5483870967741935,0.3664874551971327,1.0994623655913978,5.288838612368023,0.5053763440860215,0.4287634408602151,0.1653225806451613,6.541666666666666,6.699999999999999,8.0,5.6,5.109243697478991,3
139,2023-07-06,2023-07-21,20,spd,18.0,17.0,1.0,1.0,0.1444444444444444,0.4333333333333333,1.7192028985507246,0.1,0.2666666666666666,0.0666666666666666,1.8636363636363635,2.7142857142857144,1.25,1.4736842105263157,1.9090909090909087,22,7,4,19,22,60,46,656.1833333333333,True,False,2.0,SPD,0.3666666666666666,0.1166666666666666,0.0666666666666666,0.3166666666666666,0.3666666666666666,217,67,25,21,73,79,0.1013824884792626,0.032258064516129,0.0184331797235023,0.0875576036866359,0.1013824884792626,0.3283582089552239,0.28,0.1904761904761904,0.2602739726027397,0.2784810126582278,Regierung,1.0,0.0,20.0,WP20,2023,7,15,0.8387096774193549,2.5161290322580645,7.352564102564102,0.8387096774193549,1.3870967741935485,0.2903225806451613,8.416666666666666,8.2,8.0,7.1,7.823529411764706,31,26,12,5,6,10,17,0.3870967741935484,0.1612903225806451,0.1935483870967742,0.3225806451612903,0.5483870967741935,0.6942652329749104,2.082795698924732,5.633361204013378,0.7387096774193549,1.120430107526882,0.2236559139784946,6.553030303030303,5.485714285714285,6.75,5.626315789473684,5.9144385026737964,4
143,2023-08-31,2023-09-15,22,cdu/csu,29.0,27.0,2.0,2.0,0.5151515151515151,1.5454545454545454,4.928362573099416,0.375,1.1022727272727273,0.0681818181818181,5.21875,7.4,6.4,4.75,4.5,32,10,5,12,30,88,57,751.375,True,False,4.0,CDU/CSU,0.3636363636363636,0.1136363636363636,0.0568181818181818,0.1363636363636363,0.3409090909090909,300,129,34,27,45,114,0.1066666666666666,0.0333333333333333,0.0166666666666666,0.04,0.1,0.2480620155038759,0.2941176470588235,0.1851851851851851,0.2666666666666666,0.2631578947368421,Opposition,0.0,1.0,20.0,WP20,2023,8,15,1.2246376811594202,3.6739130434782608,8.142592592592592,1.2391304347826086,1.8043478260869563,0.6304347826086957,8.758620689655173,8.526315789473685,8.615384615384615,7.173913043478261,8.0,46,45,29,19,13,23,35,0.6304347826086957,0.4130434782608695,0.2826086956521739,0.5,0.7608695652173914,0.709486166007905,2.128458498023716,3.2142300194931765,0.8641304347826086,0.7020750988142292,0.5622529644268774,3.5398706896551726,1.1263157894736846,2.2153846153846146,2.4239130434782608,3.5,0
143,2023-08-31,2023-09-15,22,fdp,6.0,7.0,-1.0,1.0,0.1111111111111111,0.3333333333333333,2.35,0.0444444444444444,0.2666666666666666,0.0222222222222222,3.2,2.0,3.0,0.75,1.6,15,3,1,4,15,45,30,679.4666666666667,True,False,3.0,FDP,0.3333333333333333,0.0666666666666666,0.0222222222222222,0.0888888888888888,0.3333333333333333,300,129,34,27,45,114,0.05,0.01,0.0033333333333333,0.0133333333333333,0.05,0.1162790697674418,0.088235294117647,0.037037037037037,0.0888888888888888,0.131578947368421,Regierung,1.0,0.0,20.0,WP20,2023,8,15,1.2246376811594202,3.6739130434782608,8.142592592592592,1.2391304347826086,1.8043478260869563,0.6304347826086957,8.758620689655173,8.526315789473685,8.615384615384615,7.173913043478261,8.0,46,45,29,19,13,23,35,0.6304347826086957,0.4130434782608695,0.2826086956521739,0.5,0.7608695652173914,1.113526570048309,3.3405797101449277,5.792592592592593,1.194685990338164,1.53768115942029,0.6082125603864734,5.558620689655172,6.526315789473685,5.615384615384615,6.423913043478261,6.4,1
143,2023-08-31,2023-09-15,22,grüne,14.0,14.0,0.0,0.0,0.265432098765432,0.7962962962962963,1.0988372093023255,0.2407407407407407,0.4259259259259259,0.1296296296296296,1.2580645161290325,1.5,0.4444444444444444,0.8888888888888888,0.75,31,8,9,9,24,54,43,646.5,True,False,1.0,Bündnis 90/Die Grünen,0.5740740740740741,0.1481481481481481,0.1666666666666666,0.1666666666666666,0.4444444444444444,300,129,34,27,45,114,0.1033333333333333,0.0266666666666666,0.03,0.03,0.08,0.2403100775193798,0.2352941176470588,0.3333333333333333,0.2,0.2105263157894736,Regierung,1.0,0.0,20.0,WP20,2023,8,15,1.2246376811594202,3.6739130434782608,8.142592592592592,1.2391304347826086,1.8043478260869563,0.6304347826086957,8.758620689655173,8.526315789473685,8.615384615384615,7.173913043478261,8.0,46,45,29,19,13,23,35,0.6304347826086957,0.4130434782608695,0.2826086956521739,0.5,0.7608695652173914,0.959205582393988,2.8776167471819645,7.043755383290267,0.998389694041868,1.3784219001610305,0.500805152979066,7.500556173526141,7.026315789473685,8.17094017094017,6.285024154589372,7.25,2
143,2023-08-31,2023-09-15,22,linke,4.0,4.0,0.0,0.0,0.6896551724137931,2.0689655172413794,3.568627450980392,0.7931034482758621,1.2413793103448276,0.0344827586206896,4.0,3.5,,2.0,2.6666666666666665,11,2,0,1,9,29,17,503.3448275862069,True,False,0.0,Die Linke,0.3793103448275862,0.0689655172413793,0.0,0.0344827586206896,0.3103448275862069,300,129,34,27,45,114,0.0366666666666666,0.0066666666666666,0.0,0.0033333333333333,0.03,0.0852713178294573,0.0588235294117647,0.0,0.0222222222222222,0.0789473684210526,Opposition,0.0,1.0,20.0,WP20,2023,8,15,1.2246376811594202,3.6739130434782608,8.142592592592592,1.2391304347826086,1.8043478260869563,0.6304347826086957,8.758620689655173,8.526315789473685,8.615384615384615,7.173913043478261,8.0,46,45,29,19,13,23,35,0.6304347826086957,0.4130434782608695,0.2826086956521739,0.5,0.7608695652173914,0.534982508745627,1.6049475262368813,4.5739651416122005,0.4460269865067465,0.5629685157421289,0.5959520239880061,4.758620689655173,5.026315789473685,,5.173913043478261,5.333333333333334,3
143,2023-08-31,2023-09-15,22,spd,16.0,17.0,-1.0,1.0,0.1428571428571428,0.4285714285714285,1.2857142857142858,0.119047619047619,0.2738095238095238,0.0357142857142857,1.45,2.0,1.0,1.0526315789473684,1.0833333333333333,40,11,12,19,36,84,70,698.797619047619,True,False,2.0,SPD,0.4761904761904761,0.1309523809523809,0.1428571428571428,0.2261904761904762,0.4285714285714285,300,129,34,27,45,114,0.1333333333333333,0.0366666666666666,0.04,0.0633333333333333,0.12,0.3100775193798449,0.3235294117647059,0.4444444444444444,0.4222222222222222,0.3157894736842105,Regierung,1.0,0.0,20.0,WP20,2023,8,15,1.2246376811594202,3.6739130434782608,8.142592592592592,1.2391304347826086,1.8043478260869563,0.6304347826086957,8.758620689655173,8.526315789473685,8.615384615384615,7.173913043478261,8.0,46,45,29,19,13,23,35,0.6304347826086957,0.4130434782608695,0.2826086956521739,0.5,0.7608695652173914,1.0817805383022774,3.2453416149068324,6.856878306878307,1.1200828157349896,1.5305383022774328,0.59472049689441,7.308620689655172,6.526315789473685,7.615384615384615,6.121281464530893,6.916666666666667,4
144,2023-09-15,2023-09-28,22,cdu/csu,28.0,29.0,-1.0,1.0,0.3950617283950617,1.1851851851851851,4.5256410256410255,0.324074074074074,0.7592592592592593,0.1018518518518518,5.25,6.5,2.25,4.842105263157895,4.447368421052632,28,20,4,19,38,108,65,557.0833333333334,True,False,4.0,CDU/CSU,0.2592592592592592,0.1851851851851851,0.037037037037037,0.1759259259259259,0.3518518518518518,369,95,59,25,69,111,0.075880758807588,0.05420054200542,0.010840108401084,0.051490514905149,0.1029810298102981,0.2947368421052631,0.3389830508474576,0.16,0.2753623188405797,0.3423423423423423,Opposition,0.0,1.0,20.0,WP20,2023,9,13,0.8758169934640523,2.627450980392157,7.768018018018019,0.8627450980392157,1.3333333333333333,0.4313725490196078,9.266666666666667,8.714285714285714,8.833333333333334,6.307692307692308,8.03448275862069,51,37,15,14,12,13,29,0.2941176470588235,0.2745098039215686,0.2352941176470588,0.2549019607843137,0.5686274509803921,0.4807552650689906,1.4422657952069715,3.242376992376993,0.5386710239651417,0.574074074074074,0.329520697167756,4.016666666666668,2.214285714285713,6.583333333333334,1.4655870445344128,3.5871143375680585,0
144,2023-09-15,2023-09-28,22,fdp,7.0,6.0,1.0,1.0,0.135593220338983,0.4067796610169492,2.4710144927536235,0.0508474576271186,0.3220338983050847,0.0338983050847457,2.571428571428572,6.0,0.0,2.0,2.0,7,6,1,9,18,59,23,546.9322033898305,True,False,3.0,FDP,0.1186440677966101,0.1016949152542373,0.0169491525423728,0.1525423728813559,0.3050847457627119,369,95,59,25,69,111,0.018970189701897,0.016260162601626,0.002710027100271,0.024390243902439,0.048780487804878,0.0736842105263157,0.1016949152542373,0.04,0.1304347826086956,0.1621621621621621,Regierung,1.0,0.0,20.0,WP20,2023,9,13,0.8758169934640523,2.627450980392157,7.768018018018019,0.8627450980392157,1.3333333333333333,0.4313725490196078,9.266666666666667,8.714285714285714,8.833333333333334,6.307692307692308,8.03448275862069,51,37,15,14,12,13,29,0.2941176470588235,0.2745098039215686,0.2352941176470588,0.2549019607843137,0.5686274509803921,0.7402237731250693,2.2206713193752075,5.297003525264396,0.8118976404120971,1.0112994350282485,0.3974742439348621,6.695238095238096,2.714285714285713,8.833333333333334,4.307692307692308,6.03448275862069,1
144,2023-09-15,2023-09-28,22,grüne,15.0,14.0,1.0,1.0,0.2183908045977011,0.6551724137931034,1.2060185185185184,0.2068965517241379,0.3793103448275862,0.0689655172413793,1.3333333333333333,1.4444444444444444,0.2857142857142857,0.8461538461538461,1.263157894736842,18,9,7,13,19,58,36,601.9310344827586,True,False,1.0,Bündnis 90/Die Grünen,0.3103448275862069,0.1551724137931034,0.1206896551724138,0.2241379310344827,0.3275862068965517,369,95,59,25,69,111,0.048780487804878,0.024390243902439,0.018970189701897,0.035230352303523,0.051490514905149,0.1894736842105263,0.1525423728813559,0.28,0.1884057971014492,0.1711711711711711,Regierung,1.0,0.0,20.0,WP20,2023,9,13,0.8758169934640523,2.627450980392157,7.768018018018019,0.8627450980392157,1.3333333333333333,0.4313725490196078,9.266666666666667,8.714285714285714,8.833333333333334,6.307692307692308,8.03448275862069,51,37,15,14,12,13,29,0.2941176470588235,0.2745098039215686,0.2352941176470588,0.2549019607843137,0.5686274509803921,0.6574261888663512,1.9722785665990532,6.561999499499501,0.6558485463150778,0.9540229885057472,0.3624070317782285,7.9333333333333345,7.269841269841269,8.547619047619047,5.461538461538462,6.771324863883848,2
144,2023-09-15,2023-09-28,22,linke,4.0,4.0,0.0,0.0,0.4308943089430894,1.2926829268292683,1.9545454545454544,0.4146341463414634,0.7560975609756098,0.1219512195121951,1.7272727272727273,3.8333333333333335,1.0,1.4285714285714286,1.7142857142857142,11,6,2,7,7,41,22,464.4146341463415,True,False,0.0,Die Linke,0.2682926829268293,0.1463414634146341,0.048780487804878,0.1707317073170731,0.1707317073170731,369,95,59,25,69,111,0.029810298102981,0.016260162601626,0.005420054200542,0.018970189701897,0.018970189701897,0.1157894736842105,0.1016949152542373,0.08,0.1014492753623188,0.063063063063063,Opposition,0.0,1.0,20.0,WP20,2023,9,13,0.8758169934640523,2.627450980392157,7.768018018018019,0.8627450980392157,1.3333333333333333,0.4313725490196078,9.266666666666667,8.714285714285714,8.833333333333334,6.307692307692308,8.03448275862069,51,37,15,14,12,13,29,0.2941176470588235,0.2745098039215686,0.2352941176470588,0.2549019607843137,0.5686274509803921,0.4449226845209629,1.3347680535628883,5.813472563472564,0.4481109516977523,0.5772357723577235,0.3094213295074127,7.53939393939394,4.88095238095238,7.833333333333334,4.879120879120879,6.320197044334976,3
144,2023-09-15,2023-09-28,22,spd,16.0,16.0,0.0,0.0,0.1909385113268608,0.5728155339805825,1.493279569892473,0.1262135922330097,0.3592233009708738,0.087378640776699,1.3225806451612905,3.2777777777777777,0.7272727272727273,1.0476190476190477,1.2413793103448276,31,18,11,21,29,103,62,586.2038834951456,True,False,2.0,SPD,0.3009708737864077,0.174757281553398,0.1067961165048543,0.203883495145631,0.2815533980582524,369,95,59,25,69,111,0.084010840108401,0.048780487804878,0.029810298102981,0.056910569105691,0.078590785907859,0.3263157894736842,0.3050847457627119,0.44,0.3043478260869565,0.2612612612612612,Regierung,1.0,0.0,20.0,WP20,2023,9,13,0.8758169934640523,2.627450980392157,7.768018018018019,0.8627450980392157,1.3333333333333333,0.4313725490196078,9.266666666666667,8.714285714285714,8.833333333333334,6.307692307692308,8.03448275862069,51,37,15,14,12,13,29,0.2941176470588235,0.2745098039215686,0.2352941176470588,0.2549019607843137,0.5686274509803921,0.6848784821371915,2.0546354464115746,6.274738448125546,0.7365315058062061,0.9741100323624594,0.3439939082429088,7.9440860215053775,5.436507936507936,8.106060606060607,5.26007326007326,6.793103448275863,4
145,2023-09-28,2023-10-13,22,cdu/csu,28.0,28.0,0.0,0.0,0.3557422969187674,1.0672268907563025,4.214430894308943,0.2184873949579832,0.6302521008403361,0.2184873949579832,4.0,6.8,2.0,5.409090909090909,4.4,36,25,7,22,45,119,82,579.1512605042017,True,False,4.0,CDU/CSU,0.3025210084033613,0.2100840336134453,0.0588235294117647,0.1848739495798319,0.3781512605042016,405,131,76,29,89,164,0.0888888888888888,0.0617283950617283,0.0172839506172839,0.0543209876543209,0.1111111111111111,0.2748091603053435,0.3289473684210526,0.2413793103448276,0.247191011235955,0.274390243902439,Opposition,0.0,1.0,20.0,WP20,2023,9,15,1.0714285714285714,3.2142857142857144,7.619934640522876,1.0178571428571428,1.5357142857142858,0.6607142857142857,8.409090909090908,9.15,7.076923076923077,7.043478260869565,7.85,56,51,22,20,13,23,40,0.3928571428571428,0.3571428571428571,0.2321428571428571,0.4107142857142857,0.7142857142857143,0.7156862745098039,2.147058823529412,3.4055037462139337,0.7993697478991596,0.9054621848739496,0.4422268907563025,4.409090909090908,2.3500000000000005,5.076923076923077,1.6343873517786562,3.4499999999999997,0
145,2023-09-28,2023-10-13,22,fdp,6.0,7.0,-1.0,1.0,0.1581920903954802,0.4745762711864407,2.829710144927536,0.0338983050847457,0.3050847457627119,0.135593220338983,2.736842105263158,4.857142857142857,,3.176470588235294,1.851851851851852,19,14,0,17,27,59,46,570.0508474576271,True,False,3.0,FDP,0.3220338983050847,0.2372881355932203,0.0,0.288135593220339,0.4576271186440678,405,131,76,29,89,164,0.0469135802469135,0.0345679012345679,0.0,0.0419753086419753,0.0666666666666666,0.1450381679389313,0.1842105263157894,0.0,0.1910112359550561,0.1646341463414634,Regierung,1.0,0.0,20.0,WP20,2023,9,15,1.0714285714285714,3.2142857142857144,7.619934640522876,1.0178571428571428,1.5357142857142858,0.6607142857142857,8.409090909090908,9.15,7.076923076923077,7.043478260869565,7.85,56,51,22,20,13,23,40,0.3928571428571428,0.3571428571428571,0.2321428571428571,0.4107142857142857,0.7142857142857143,0.9132364810330912,2.7397094430992737,4.79022449559534,0.983958837772397,1.230629539951574,0.5251210653753027,5.672248803827751,4.292857142857144,,3.867007672634272,5.998148148148148,1
145,2023-09-28,2023-10-13,22,grüne,14.0,15.0,-1.0,1.0,0.199074074074074,0.5972222222222222,1.0720338983050848,0.0972222222222222,0.3611111111111111,0.1388888888888889,0.8,1.8461538461538465,0.1666666666666666,1.4444444444444444,0.9,30,13,6,18,30,72,59,519.125,True,False,1.0,Bündnis 90/Die Grünen,0.4166666666666667,0.1805555555555555,0.0833333333333333,0.25,0.4166666666666667,405,131,76,29,89,164,0.074074074074074,0.0320987654320987,0.0148148148148148,0.0444444444444444,0.074074074074074,0.2290076335877862,0.1710526315789473,0.2068965517241379,0.2022471910112359,0.1829268292682926,Regierung,1.0,0.0,20.0,WP20,2023,9,15,1.0714285714285714,3.2142857142857144,7.619934640522876,1.0178571428571428,1.5357142857142858,0.6607142857142857,8.409090909090908,9.15,7.076923076923077,7.043478260869565,7.85,56,51,22,20,13,23,40,0.3928571428571428,0.3571428571428571,0.2321428571428571,0.4107142857142857,0.7142857142857143,0.8723544973544973,2.617063492063492,6.547900742217792,0.9206349206349206,1.1746031746031746,0.5218253968253967,7.6090909090909085,7.303846153846154,6.91025641025641,5.599033816425121,6.949999999999999,2
145,2023-09-28,2023-10-13,22,linke,4.0,4.0,0.0,0.0,0.4888888888888889,1.4666666666666666,2.10632183908046,0.4222222222222222,0.8666666666666667,0.1777777777777777,2.083333333333333,2.4444444444444446,1.4285714285714286,1.7,2.2,12,9,7,10,15,45,29,451.75555555555553,True,False,0.0,Die Linke,0.2666666666666666,0.2,0.1555555555555555,0.2222222222222222,0.3333333333333333,405,131,76,29,89,164,0.0296296296296296,0.0222222222222222,0.0172839506172839,0.0246913580246913,0.037037037037037,0.0916030534351145,0.1184210526315789,0.2413793103448276,0.1123595505617977,0.0914634146341463,Opposition,0.0,1.0,20.0,WP20,2023,9,15,1.0714285714285714,3.2142857142857144,7.619934640522876,1.0178571428571428,1.5357142857142858,0.6607142857142857,8.409090909090908,9.15,7.076923076923077,7.043478260869565,7.85,56,51,22,20,13,23,40,0.3928571428571428,0.3571428571428571,0.2321428571428571,0.4107142857142857,0.7142857142857143,0.5825396825396825,1.7476190476190478,5.513612801442417,0.5956349206349205,0.6690476190476191,0.4829365079365079,6.325757575757574,6.705555555555556,5.648351648351648,5.343478260869565,5.65,3
145,2023-09-28,2023-10-13,22,spd,16.0,16.0,0.0,0.0,0.1696969696969696,0.509090909090909,1.4294871794871795,0.1,0.2909090909090909,0.1181818181818181,0.7941176470588235,2.8666666666666667,0.8888888888888888,2.363636363636364,1.1063829787234043,34,15,9,22,47,110,78,644.0090909090909,True,False,2.0,SPD,0.3090909090909091,0.1363636363636363,0.0818181818181818,0.2,0.4272727272727272,405,131,76,29,89,164,0.0839506172839506,0.037037037037037,0.0222222222222222,0.0543209876543209,0.1160493827160493,0.2595419847328244,0.1973684210526315,0.3103448275862069,0.247191011235955,0.2865853658536585,Regierung,1.0,0.0,20.0,WP20,2023,9,15,1.0714285714285714,3.2142857142857144,7.619934640522876,1.0178571428571428,1.5357142857142858,0.6607142857142857,8.409090909090908,9.15,7.076923076923077,7.043478260869565,7.85,56,51,22,20,13,23,40,0.3928571428571428,0.3571428571428571,0.2321428571428571,0.4107142857142857,0.7142857142857143,0.9017316017316016,2.7051948051948056,6.1904474610356965,0.9178571428571428,1.244805194805195,0.5425324675324675,7.614973262032085,6.283333333333333,6.188034188034187,4.679841897233201,6.743617021276595,4
146,2023-10-13,2023-11-02,23,cdu/csu,29.0,28.0,1.0,1.0,0.3823529411764705,1.1470588235294117,4.217342342342342,0.2450980392156862,0.7058823529411765,0.196078431372549,4.67741935483871,7.0,3.4444444444444446,4.761904761904762,4.342105263157895,31,19,9,21,38,102,74,585.3039215686274,True,False,4.0,CDU/CSU,0.3039215686274509,0.1862745098039215,0.088235294117647,0.2058823529411764,0.3725490196078431,358,118,74,41,94,132,0.0865921787709497,0.053072625698324,0.0251396648044692,0.0586592178770949,0.106145251396648,0.2627118644067797,0.2567567567567567,0.2195121951219512,0.2234042553191489,0.2878787878787879,Opposition,0.0,1.0,20.0,WP20,2023,10,20,1.0326797385620914,3.0980392156862746,6.96780303030303,0.9607843137254902,1.5490196078431373,0.5882352941176471,8.38888888888889,7.777777777777778,8.625,6.0588235294117645,6.935483870967742,51,44,18,18,8,17,31,0.3529411764705882,0.3529411764705882,0.1568627450980392,0.3333333333333333,0.6078431372549019,0.6503267973856208,1.950980392156863,2.750460687960688,0.7156862745098039,0.8431372549019608,0.3921568627450981,3.7114695340501793,0.7777777777777777,5.180555555555555,1.2969187675070026,2.5933786078098477,0
146,2023-10-13,2023-11-02,23,fdp,5.0,6.0,-1.0,1.0,0.1933333333333333,0.58,2.363095238095238,0.14,0.28,0.16,2.3125,4.153846153846154,1.1428571428571428,2.071428571428572,2.3181818181818183,16,13,7,14,22,50,42,540.68,True,False,3.0,FDP,0.32,0.26,0.14,0.28,0.44,358,118,74,41,94,132,0.0446927374301676,0.0363128491620111,0.0195530726256983,0.0391061452513966,0.0614525139664804,0.135593220338983,0.1756756756756756,0.1707317073170731,0.1489361702127659,0.1666666666666666,Regierung,1.0,0.0,20.0,WP20,2023,10,20,1.0326797385620914,3.0980392156862746,6.96780303030303,0.9607843137254902,1.5490196078431373,0.5882352941176471,8.38888888888889,7.777777777777778,8.625,6.0588235294117645,6.935483870967742,51,44,18,18,8,17,31,0.3529411764705882,0.3529411764705882,0.1568627450980392,0.3333333333333333,0.6078431372549019,0.839346405228758,2.5180392156862745,4.604707792207792,0.8207843137254902,1.2690196078431373,0.428235294117647,6.076388888888889,3.623931623931624,7.482142857142858,3.987394957983193,4.617302052785924,1
146,2023-10-13,2023-11-02,23,grüne,13.0,14.0,-1.0,1.0,0.1323529411764706,0.3970588235294117,1.2857142857142858,0.1029411764705882,0.2205882352941176,0.0735294117647058,1.3571428571428572,2.25,0.8,0.8,1.1,28,12,10,20,20,68,56,527.2352941176471,True,False,1.0,Bündnis 90/Die Grünen,0.4117647058823529,0.1764705882352941,0.1470588235294117,0.2941176470588235,0.2941176470588235,358,118,74,41,94,132,0.0782122905027933,0.0335195530726257,0.0279329608938547,0.0558659217877094,0.0558659217877094,0.2372881355932203,0.1621621621621621,0.2439024390243902,0.2127659574468085,0.1515151515151515,Regierung,1.0,0.0,20.0,WP20,2023,10,20,1.0326797385620914,3.0980392156862746,6.96780303030303,0.9607843137254902,1.5490196078431373,0.5882352941176471,8.38888888888889,7.777777777777778,8.625,6.0588235294117645,6.935483870967742,51,44,18,18,8,17,31,0.3529411764705882,0.3529411764705882,0.1568627450980392,0.3333333333333333,0.6078431372549019,0.9003267973856208,2.700980392156863,5.682088744588745,0.857843137254902,1.3284313725490198,0.5147058823529412,7.031746031746032,5.527777777777778,7.825,5.258823529411765,5.835483870967742,2
146,2023-10-13,2023-11-02,23,linke,4.0,4.0,0.0,0.0,0.3412698412698412,1.0238095238095235,1.6290322580645162,0.238095238095238,0.6666666666666666,0.119047619047619,1.8333333333333333,2.0,0.5,1.5,1.8888888888888888,12,7,6,12,9,42,31,401.1904761904762,True,False,0.0,Die Linke,0.2857142857142857,0.1666666666666666,0.1428571428571428,0.2857142857142857,0.2142857142857142,358,118,74,41,94,132,0.0335195530726257,0.0195530726256983,0.0167597765363128,0.0335195530726257,0.0251396648044692,0.1016949152542373,0.0945945945945946,0.1463414634146341,0.1276595744680851,0.0681818181818181,Opposition,0.0,1.0,20.0,WP20,2023,10,20,1.0326797385620914,3.0980392156862746,6.96780303030303,0.9607843137254902,1.5490196078431373,0.5882352941176471,8.38888888888889,7.777777777777778,8.625,6.0588235294117645,6.935483870967742,51,44,18,18,8,17,31,0.3529411764705882,0.3529411764705882,0.1568627450980392,0.3333333333333333,0.6078431372549019,0.6914098972922502,2.074229691876751,5.338770772238514,0.7226890756302522,0.8823529411764707,0.469187675070028,6.555555555555556,5.777777777777778,8.125,4.5588235294117645,5.046594982078853,3
146,2023-10-13,2023-11-02,23,spd,15.0,16.0,-1.0,1.0,0.1944444444444444,0.5833333333333334,1.4923245614035088,0.15625,0.3125,0.1145833333333333,1.7741935483870968,2.260869565217391,1.0,1.2592592592592593,1.069767441860465,31,23,9,27,43,96,76,627.8229166666666,True,False,2.0,SPD,0.3229166666666667,0.2395833333333333,0.09375,0.28125,0.4479166666666667,358,118,74,41,94,132,0.0865921787709497,0.0642458100558659,0.0251396648044692,0.0754189944134078,0.1201117318435754,0.2627118644067797,0.3108108108108108,0.2195121951219512,0.2872340425531915,0.3257575757575757,Regierung,1.0,0.0,20.0,WP20,2023,10,20,1.0326797385620914,3.0980392156862746,6.96780303030303,0.9607843137254902,1.5490196078431373,0.5882352941176471,8.38888888888889,7.777777777777778,8.625,6.0588235294117645,6.935483870967742,51,44,18,18,8,17,31,0.3529411764705882,0.3529411764705882,0.1568627450980392,0.3333333333333333,0.6078431372549019,0.838235294117647,2.514705882352941,5.475478468899522,0.8045343137254902,1.2365196078431373,0.4736519607843137,6.614695340501792,5.516908212560386,7.625,4.799564270152505,5.865716429107277,4
147,2023-11-02,2023-11-10,22,cdu/csu,30.0,29.0,1.0,1.0,0.4333333333333333,1.3,3.8411458333333335,0.3666666666666666,0.7333333333333333,0.2,6.6,6.916666666666667,5.0,3.055555555555556,3.84,5,12,2,18,25,60,32,582.7833333333333,True,False,4.0,CDU/CSU,0.0833333333333333,0.2,0.0333333333333333,0.3,0.4166666666666667,214,29,40,23,57,77,0.0233644859813084,0.0560747663551401,0.0093457943925233,0.0841121495327102,0.116822429906542,0.1724137931034483,0.3,0.0869565217391304,0.3157894736842105,0.3246753246753247,Opposition,0.0,1.0,20.0,WP20,2023,11,8,1.125,3.375,7.239583333333333,1.125,1.625,0.625,9.0,9.555555555555555,9.0,6.666666666666667,7.363636363636363,32,24,7,9,7,18,22,0.21875,0.28125,0.21875,0.5625,0.6875,0.6916666666666667,2.075,3.3984375,0.7583333333333333,0.8916666666666667,0.425,2.4000000000000004,2.6388888888888884,4.0,3.611111111111112,3.5236363636363635,0
147,2023-11-02,2023-11-10,22,fdp,4.0,5.0,-1.0,1.0,0.3333333333333333,1.0,3.9947916666666665,0.3333333333333333,0.4,0.2666666666666666,4.75,6.714285714285714,2.25,4.1,3.1666666666666665,4,7,4,10,12,30,16,573.0,True,False,3.0,FDP,0.1333333333333333,0.2333333333333333,0.1333333333333333,0.3333333333333333,0.4,214,29,40,23,57,77,0.0186915887850467,0.0327102803738317,0.0186915887850467,0.0467289719626168,0.0560747663551401,0.1379310344827586,0.175,0.1739130434782608,0.175438596491228,0.1558441558441558,Regierung,1.0,0.0,20.0,WP20,2023,11,8,1.125,3.375,7.239583333333333,1.125,1.625,0.625,9.0,9.555555555555555,9.0,6.666666666666667,7.363636363636363,32,24,7,9,7,18,22,0.21875,0.28125,0.21875,0.5625,0.6875,0.7916666666666667,2.375,3.2447916666666665,0.7916666666666667,1.225,0.3583333333333333,4.25,2.841269841269841,6.75,2.5666666666666678,4.196969696969697,1
147,2023-11-02,2023-11-10,22,grüne,14.0,13.0,1.0,1.0,0.2222222222222222,0.6666666666666666,1.259090909090909,0.1111111111111111,0.4444444444444444,0.1111111111111111,1.25,2.333333333333333,1.3333333333333333,1.3333333333333333,1.1538461538461535,8,6,6,12,13,36,22,550.9444444444445,True,False,1.0,Bündnis 90/Die Grünen,0.2222222222222222,0.1666666666666666,0.1666666666666666,0.3333333333333333,0.3611111111111111,214,29,40,23,57,77,0.0373831775700934,0.02803738317757,0.02803738317757,0.0560747663551401,0.0607476635514018,0.2758620689655172,0.15,0.2608695652173913,0.2105263157894736,0.1688311688311688,Regierung,1.0,0.0,20.0,WP20,2023,11,8,1.125,3.375,7.239583333333333,1.125,1.625,0.625,9.0,9.555555555555555,9.0,6.666666666666667,7.363636363636363,32,24,7,9,7,18,22,0.21875,0.28125,0.21875,0.5625,0.6875,0.9027777777777778,2.708333333333333,5.980492424242424,1.0138888888888888,1.1805555555555556,0.5138888888888888,7.75,7.222222222222221,7.666666666666667,5.333333333333334,6.20979020979021,2
147,2023-11-02,2023-11-10,22,linke,5.0,4.0,1.0,1.0,0.4743589743589743,1.4230769230769231,1.6145833333333333,0.5,0.8461538461538461,0.0769230769230769,2.0,2.0,0.5,1.5,0.7142857142857143,5,5,2,6,7,26,16,413.11538461538464,True,False,0.0,Die Linke,0.1923076923076923,0.1923076923076923,0.0769230769230769,0.2307692307692307,0.2692307692307692,214,29,40,23,57,77,0.0233644859813084,0.0233644859813084,0.0093457943925233,0.02803738317757,0.0327102803738317,0.1724137931034483,0.125,0.0869565217391304,0.1052631578947368,0.0909090909090909,Opposition,0.0,1.0,20.0,WP20,2023,11,8,1.125,3.375,7.239583333333333,1.125,1.625,0.625,9.0,9.555555555555555,9.0,6.666666666666667,7.363636363636363,32,24,7,9,7,18,22,0.21875,0.28125,0.21875,0.5625,0.6875,0.6506410256410257,1.9519230769230769,5.625,0.625,0.7788461538461539,0.5480769230769231,7.0,7.555555555555555,8.5,5.166666666666667,6.649350649350649,3
147,2023-11-02,2023-11-10,22,spd,16.0,15.0,1.0,1.0,0.1559139784946236,0.4677419354838709,1.2941176470588236,0.1935483870967742,0.2258064516129032,0.0483870967741935,1.2857142857142858,2.4,0.7777777777777778,1.0,1.15,7,10,9,11,20,62,34,590.9677419354839,True,False,2.0,SPD,0.1129032258064516,0.1612903225806451,0.1451612903225806,0.1774193548387097,0.3225806451612903,214,29,40,23,57,77,0.0327102803738317,0.0467289719626168,0.0420560747663551,0.0514018691588785,0.0934579439252336,0.2413793103448276,0.25,0.391304347826087,0.1929824561403508,0.2597402597402597,Regierung,1.0,0.0,20.0,WP20,2023,11,8,1.125,3.375,7.239583333333333,1.125,1.625,0.625,9.0,9.555555555555555,9.0,6.666666666666667,7.363636363636363,32,24,7,9,7,18,22,0.21875,0.28125,0.21875,0.5625,0.6875,0.9690860215053764,2.907258064516129,5.94546568627451,0.9314516129032258,1.3991935483870968,0.5766129032258065,7.714285714285714,7.155555555555555,8.222222222222221,5.666666666666667,6.213636363636363,4
148,2023-11-10,2023-12-07,21,cdu/csu,30.0,30.0,0.0,0.0,0.4275362318840579,1.2826086956521738,4.243638676844784,0.3315217391304347,0.7880434782608695,0.1630434782608695,5.264150943396227,6.56,3.6875,4.383333333333334,3.873417721518988,53,25,16,60,79,184,131,599.3478260869565,True,False,4.0,CDU/CSU,0.2880434782608695,0.1358695652173913,0.0869565217391304,0.3260869565217391,0.4293478260869565,628,203,100,72,195,266,0.0843949044585987,0.0398089171974522,0.0254777070063694,0.0955414012738853,0.125796178343949,0.2610837438423645,0.25,0.2222222222222222,0.3076923076923077,0.2969924812030075,Opposition,0.0,1.0,20.0,WP20,2023,11,27,1.0396825396825395,3.119047619047619,7.6833333333333345,1.0952380952380951,1.511904761904762,0.5119047619047619,8.666666666666666,8.73076923076923,8.055555555555555,6.814814814814815,7.821428571428571,84,74,33,26,18,27,56,0.3928571428571428,0.3095238095238095,0.2142857142857142,0.3214285714285714,0.6666666666666666,0.6121463077984817,1.8364389233954448,3.439694656488551,0.7637163561076605,0.7238612836438924,0.3488612836438923,3.4025157232704397,2.1707692307692303,4.368055555555555,2.431481481481481,3.948010849909584,0
148,2023-11-10,2023-12-07,21,fdp,5.0,4.0,1.0,1.0,0.1450980392156862,0.4352941176470588,2.415322580645161,0.0823529411764705,0.2470588235294117,0.1058823529411764,2.782608695652174,4.357142857142857,1.875,2.571428571428572,1.875,23,14,8,28,32,85,62,605.7529411764706,True,False,3.0,FDP,0.2705882352941176,0.1647058823529411,0.0941176470588235,0.3294117647058823,0.3764705882352941,628,203,100,72,195,266,0.036624203821656,0.0222929936305732,0.0127388535031847,0.0445859872611464,0.0509554140127388,0.1133004926108374,0.14,0.1111111111111111,0.1435897435897435,0.1203007518796992,Regierung,1.0,0.0,20.0,WP20,2023,11,27,1.0396825396825395,3.119047619047619,7.6833333333333345,1.0952380952380951,1.511904761904762,0.5119047619047619,8.666666666666666,8.73076923076923,8.055555555555555,6.814814814814815,7.821428571428571,84,74,33,26,18,27,56,0.3928571428571428,0.3095238095238095,0.2142857142857142,0.3214285714285714,0.6666666666666666,0.8945845004668533,2.6837535014005605,5.268010752688173,1.0128851540616248,1.26484593837535,0.4060224089635854,5.884057971014492,4.373626373626373,6.180555555555555,4.243386243386244,5.946428571428571,1
148,2023-11-10,2023-12-07,21,grüne,15.0,14.0,1.0,1.0,0.219298245614035,0.6578947368421053,1.2291666666666667,0.1491228070175438,0.4122807017543859,0.0964912280701754,1.2941176470588236,1.4230769230769231,0.75,1.0,0.847457627118644,51,26,20,37,59,114,100,582.7543859649123,True,False,1.0,Bündnis 90/Die Grünen,0.4473684210526316,0.2280701754385964,0.175438596491228,0.3245614035087719,0.5175438596491229,628,203,100,72,195,266,0.0812101910828025,0.0414012738853503,0.0318471337579617,0.0589171974522293,0.0939490445859872,0.2512315270935961,0.26,0.2777777777777778,0.1897435897435897,0.2218045112781954,Regierung,1.0,0.0,20.0,WP20,2023,11,27,1.0396825396825395,3.119047619047619,7.6833333333333345,1.0952380952380951,1.511904761904762,0.5119047619047619,8.666666666666666,8.73076923076923,8.055555555555555,6.814814814814815,7.821428571428571,84,74,33,26,18,27,56,0.3928571428571428,0.3095238095238095,0.2142857142857142,0.3214285714285714,0.6666666666666666,0.8203842940685044,2.4611528822055138,6.454166666666668,0.9461152882205516,1.099624060150376,0.4154135338345864,7.372549019607843,7.307692307692307,7.305555555555555,5.814814814814815,6.973970944309928,2
148,2023-11-10,2023-12-07,21,linke,4.0,5.0,-1.0,1.0,0.463768115942029,1.391304347826087,1.523809523809524,0.4782608695652174,0.855072463768116,0.0579710144927536,1.875,1.875,0.7142857142857143,1.1363636363636365,1.3333333333333333,24,8,7,22,24,69,49,447.7826086956522,True,False,0.0,Die Linke,0.3478260869565217,0.1159420289855072,0.1014492753623188,0.3188405797101449,0.3478260869565217,628,203,100,72,195,266,0.0382165605095541,0.0127388535031847,0.0111464968152866,0.0350318471337579,0.0382165605095541,0.1182266009852216,0.08,0.0972222222222222,0.1128205128205128,0.0902255639097744,Opposition,0.0,1.0,20.0,WP20,2023,11,27,1.0396825396825395,3.119047619047619,7.6833333333333345,1.0952380952380951,1.511904761904762,0.5119047619047619,8.666666666666666,8.73076923076923,8.055555555555555,6.814814814814815,7.821428571428571,84,74,33,26,18,27,56,0.3928571428571428,0.3095238095238095,0.2142857142857142,0.3214285714285714,0.6666666666666666,0.5759144237405105,1.7277432712215322,6.159523809523811,0.6169772256728779,0.6568322981366459,0.4539337474120082,6.791666666666666,6.85576923076923,7.341269841269841,5.678451178451178,6.488095238095238,3
148,2023-11-10,2023-12-07,21,spd,15.0,16.0,-1.0,1.0,0.2026515151515151,0.6079545454545454,1.6974358974358974,0.1647727272727272,0.3579545454545454,0.0852272727272727,1.5576923076923077,2.6666666666666665,0.8571428571428571,1.7916666666666667,1.4583333333333333,52,27,21,48,72,176,130,631.4034090909091,True,False,2.0,SPD,0.2954545454545454,0.1534090909090909,0.1193181818181818,0.2727272727272727,0.4090909090909091,628,203,100,72,195,266,0.0828025477707006,0.0429936305732484,0.0334394904458598,0.0764331210191082,0.1146496815286624,0.2561576354679803,0.27,0.2916666666666667,0.2461538461538461,0.2706766917293233,Regierung,1.0,0.0,20.0,WP20,2023,11,27,1.0396825396825395,3.119047619047619,7.6833333333333345,1.0952380952380951,1.511904761904762,0.5119047619047619,8.666666666666666,8.73076923076923,8.055555555555555,6.814814814814815,7.821428571428571,84,74,33,26,18,27,56,0.3928571428571428,0.3095238095238095,0.2142857142857142,0.3214285714285714,0.6666666666666666,0.8370310245310244,2.5110930735930737,5.985897435897437,0.930465367965368,1.1539502164502164,0.4266774891774891,7.108974358974359,6.064102564102564,7.198412698412699,5.023148148148148,6.363095238095238,4
149,2023-12-07,2023-12-22,21,cdu/csu,32.0,30.0,2.0,2.0,0.3952380952380952,1.1857142857142855,3.361842105263158,0.3142857142857143,0.6428571428571429,0.2285714285714285,3.9,7.0,0.1428571428571428,3.0,3.8461538461538463,10,14,7,19,26,70,38,625.6285714285714,True,False,4.0,CDU/CSU,0.1428571428571428,0.2,0.1,0.2714285714285714,0.3714285714285714,219,37,41,24,72,90,0.045662100456621,0.0639269406392694,0.0319634703196347,0.0867579908675799,0.1187214611872146,0.2702702702702703,0.3414634146341463,0.2916666666666667,0.2638888888888889,0.2888888888888888,Opposition,0.0,1.0,20.0,WP20,2023,12,15,1.1176470588235294,3.3529411764705883,7.804022988505747,1.1176470588235294,1.5588235294117647,0.6764705882352942,8.818181818181818,9.0,8.625,7.3,8.0,34,29,11,14,8,10,24,0.3235294117647059,0.4117647058823529,0.2352941176470588,0.2941176470588235,0.7058823529411765,0.7224089635854343,2.167226890756303,4.442180883242589,0.8033613445378152,0.9159663865546218,0.4478991596638656,4.918181818181818,2.0,8.482142857142858,4.3,4.153846153846153,0
149,2023-12-07,2023-12-22,21,fdp,4.0,5.0,-1.0,1.0,0.1018518518518518,0.3055555555555556,2.0083333333333333,0.0277777777777777,0.1944444444444444,0.0833333333333333,2.333333333333333,4.2,1.6666666666666667,1.9,2.071428571428572,6,5,3,10,14,36,20,654.3888888888889,True,False,3.0,FDP,0.1666666666666666,0.1388888888888889,0.0833333333333333,0.2777777777777778,0.3888888888888889,219,37,41,24,72,90,0.0273972602739726,0.0228310502283105,0.0136986301369863,0.045662100456621,0.0639269406392694,0.1621621621621621,0.1219512195121951,0.125,0.1388888888888889,0.1555555555555555,Regierung,1.0,0.0,20.0,WP20,2023,12,15,1.1176470588235294,3.3529411764705883,7.804022988505747,1.1176470588235294,1.5588235294117647,0.6764705882352942,8.818181818181818,9.0,8.625,7.3,8.0,34,29,11,14,8,10,24,0.3235294117647059,0.4117647058823529,0.2352941176470588,0.2941176470588235,0.7058823529411765,1.0157952069716776,3.0473856209150325,5.7956896551724135,1.0898692810457518,1.3643790849673203,0.5931372549019608,6.484848484848484,4.8,6.958333333333333,5.4,5.928571428571429,1
149,2023-12-07,2023-12-22,21,grüne,15.0,15.0,0.0,0.0,0.3333333333333333,1.0,1.0252525252525253,0.2826086956521739,0.5217391304347826,0.1956521739130435,0.7777777777777778,1.7142857142857142,1.1666666666666667,0.9,0.8947368421052632,9,7,6,20,19,46,33,609.1739130434783,True,False,1.0,Bündnis 90/Die Grünen,0.1956521739130435,0.1521739130434782,0.1304347826086956,0.4347826086956521,0.4130434782608695,219,37,41,24,72,90,0.0410958904109589,0.0319634703196347,0.0273972602739726,0.091324200913242,0.0867579908675799,0.2432432432432432,0.1707317073170731,0.25,0.2777777777777778,0.2111111111111111,Regierung,1.0,0.0,20.0,WP20,2023,12,15,1.1176470588235294,3.3529411764705883,7.804022988505747,1.1176470588235294,1.5588235294117647,0.6764705882352942,8.818181818181818,9.0,8.625,7.3,8.0,34,29,11,14,8,10,24,0.3235294117647059,0.4117647058823529,0.2352941176470588,0.2941176470588235,0.7058823529411765,0.7843137254901962,2.3529411764705883,6.778770463253222,0.8350383631713556,1.0370843989769822,0.4808184143222507,8.04040404040404,7.285714285714286,7.458333333333333,6.4,7.105263157894737,2
149,2023-12-07,2023-12-22,21,spd,14.0,15.0,-1.0,1.0,0.2487562189054726,0.746268656716418,1.2905797101449274,0.208955223880597,0.4328358208955223,0.1044776119402985,1.4166666666666667,2.6666666666666665,0.375,0.9130434782608696,1.1612903225806452,12,15,8,23,31,67,46,668.2686567164179,True,False,2.0,SPD,0.1791044776119403,0.2238805970149253,0.1194029850746268,0.3432835820895522,0.4626865671641791,219,37,41,24,72,90,0.0547945205479452,0.0684931506849315,0.0365296803652968,0.1050228310502283,0.1415525114155251,0.3243243243243243,0.3658536585365853,0.3333333333333333,0.3194444444444444,0.3444444444444444,Regierung,1.0,0.0,20.0,WP20,2023,12,15,1.1176470588235294,3.3529411764705883,7.804022988505747,1.1176470588235294,1.5588235294117647,0.6764705882352942,8.818181818181818,9.0,8.625,7.3,8.0,34,29,11,14,8,10,24,0.3235294117647059,0.4117647058823529,0.2352941176470588,0.2941176470588235,0.7058823529411765,0.8688908399180568,2.6066725197541705,6.513443278360819,0.9086918349429324,1.1259877085162424,0.5719929762949957,7.401515151515151,6.333333333333334,8.25,6.386956521739131,6.838709677419355,4
151,2024-01-04,2024-02-01,22,cdu/csu,31.0,32.0,-1.0,1.0,0.5649717514124294,1.694915254237288,4.586142322097379,0.4830508474576271,1.0,0.211864406779661,5.5,6.615384615384615,4.0,5.529411764705882,3.913793103448276,34,26,3,34,58,118,89,657.8559322033898,True,False,4.0,CDU/CSU,0.288135593220339,0.2203389830508474,0.0254237288135593,0.288135593220339,0.4915254237288136,385,102,97,37,142,217,0.0883116883116883,0.0675324675324675,0.0077922077922077,0.0883116883116883,0.1506493506493506,0.3333333333333333,0.268041237113402,0.081081081081081,0.2394366197183098,0.2672811059907834,Opposition,0.0,1.0,20.0,WP20,2024,1,28,1.1397849462365592,3.419354838709677,7.745535714285714,1.1612903225806452,1.6612903225806452,0.5967741935483871,8.44,9.047619047619047,7.8,6.916666666666667,8.14,62,56,25,21,10,24,50,0.4032258064516129,0.3387096774193548,0.1612903225806451,0.3870967741935484,0.8064516129032258,0.5748131948241298,1.7244395844723894,3.159393392188336,0.6782394751230181,0.6612903225806452,0.3849097867687261,2.9399999999999995,2.4322344322344325,3.8,1.3872549019607847,4.226206896551725,0
151,2024-01-04,2024-02-01,22,fdp,5.0,5.0,0.0,0.0,0.2564102564102564,0.7692307692307693,2.4901960784313726,0.2153846153846154,0.3846153846153846,0.1692307692307692,4.222222222222222,4.733333333333333,0.0,2.4444444444444446,1.6,9,15,5,18,40,65,51,568.7076923076924,True,False,3.0,FDP,0.1384615384615384,0.2307692307692307,0.0769230769230769,0.2769230769230769,0.6153846153846154,385,102,97,37,142,217,0.0233766233766233,0.0389610389610389,0.0129870129870129,0.0467532467532467,0.1038961038961039,0.088235294117647,0.1546391752577319,0.1351351351351351,0.1267605633802817,0.184331797235023,Regierung,1.0,0.0,20.0,WP20,2024,1,28,1.1397849462365592,3.419354838709677,7.745535714285714,1.1612903225806452,1.6612903225806452,0.5967741935483871,8.44,9.047619047619047,7.8,6.916666666666667,8.14,62,56,25,21,10,24,50,0.4032258064516129,0.3387096774193548,0.1612903225806451,0.3870967741935484,0.8064516129032258,0.8833746898263029,2.6501240694789083,5.255339635854342,0.9459057071960298,1.2766749379652609,0.4275434243176179,4.217777777777777,4.314285714285714,7.8,4.472222222222222,6.540000000000001,1
151,2024-01-04,2024-02-01,22,grüne,13.0,14.0,-1.0,1.0,0.3639846743295019,1.091954022988506,1.2305194805194806,0.3448275862068966,0.5402298850574713,0.2068965517241379,1.3448275862068966,2.4285714285714284,0.2857142857142857,1.2045454545454546,0.803921568627451,29,28,14,44,51,87,77,580.7471264367816,True,False,1.0,Bündnis 90/Die Grünen,0.3333333333333333,0.3218390804597701,0.160919540229885,0.5057471264367817,0.5862068965517241,385,102,97,37,142,217,0.0753246753246753,0.0727272727272727,0.0363636363636363,0.1142857142857142,0.1324675324675324,0.284313725490196,0.2886597938144329,0.3783783783783784,0.3098591549295774,0.2350230414746544,Regierung,1.0,0.0,20.0,WP20,2024,1,28,1.1397849462365592,3.419354838709677,7.745535714285714,1.1612903225806452,1.6612903225806452,0.5967741935483871,8.44,9.047619047619047,7.8,6.916666666666667,8.14,62,56,25,21,10,24,50,0.4032258064516129,0.3387096774193548,0.1612903225806451,0.3870967741935484,0.8064516129032258,0.7758002719070574,2.3274008157211714,6.515016233766234,0.8164627363737487,1.121060437523174,0.3898776418242492,7.095172413793103,6.619047619047619,7.514285714285714,5.712121212121213,7.33607843137255,2
151,2024-01-04,2024-02-01,22,spd,14.0,14.0,0.0,0.0,0.2985507246376811,0.8956521739130435,1.6649122807017542,0.2695652173913043,0.4347826086956521,0.1913043478260869,1.8666666666666667,2.071428571428572,0.3333333333333333,2.0434782608695654,1.1470588235294117,30,28,15,46,68,115,95,665.1652173913044,True,False,2.0,SPD,0.2608695652173913,0.2434782608695652,0.1304347826086956,0.4,0.591304347826087,385,102,97,37,142,217,0.0779220779220779,0.0727272727272727,0.0389610389610389,0.1194805194805194,0.1766233766233766,0.2941176470588235,0.2886597938144329,0.4054054054054054,0.323943661971831,0.3133640552995391,Regierung,1.0,0.0,20.0,WP20,2024,1,28,1.1397849462365592,3.419354838709677,7.745535714285714,1.1612903225806452,1.6612903225806452,0.5967741935483871,8.44,9.047619047619047,7.8,6.916666666666667,8.14,62,56,25,21,10,24,50,0.4032258064516129,0.3387096774193548,0.1612903225806451,0.3870967741935484,0.8064516129032258,0.8412342215988782,2.523702664796634,6.08062343358396,0.8917251051893409,1.2265077138849931,0.4054698457223001,6.573333333333332,6.976190476190476,7.466666666666667,4.8731884057971016,6.992941176470589,4
152,2024-02-01,2024-03-07,19,cdu/csu,30.0,31.0,-1.0,1.0,0.4133333333333333,1.24,4.071161048689138,0.344,0.776,0.12,5.67741935483871,4.947368421052632,3.8,4.290322580645161,3.2033898305084745,31,19,5,31,59,125,89,642.984,True,False,4.0,CDU/CSU,0.248,0.152,0.04,0.248,0.472,445,132,75,45,132,209,0.0696629213483146,0.0426966292134831,0.0112359550561797,0.0696629213483146,0.1325842696629213,0.2348484848484848,0.2533333333333333,0.1111111111111111,0.2348484848484848,0.2822966507177033,Opposition,0.0,1.0,20.0,WP20,2024,2,35,1.0634920634920637,3.1904761904761907,6.852678571428571,1.1428571428571428,1.6666666666666667,0.3809523809523809,8.5,7.823529411764706,8.5,5.416666666666667,7.177777777777778,63,56,22,17,8,24,45,0.3492063492063492,0.2698412698412698,0.1269841269841269,0.3809523809523809,0.7142857142857143,0.6501587301587302,1.9504761904761907,2.781517522739433,0.7988571428571428,0.8906666666666667,0.2609523809523809,2.82258064516129,2.8761609907120738,4.7,1.126344086021506,3.974387947269304,0
152,2024-02-01,2024-03-07,19,fdp,4.0,5.0,-1.0,1.0,0.1666666666666666,0.5,2.388888888888889,0.1081081081081081,0.3513513513513513,0.0405405405405405,4.055555555555555,3.9166666666666665,2.833333333333333,1.9090909090909087,2.0,18,12,6,22,37,74,57,551.4054054054054,True,False,3.0,FDP,0.2432432432432432,0.1621621621621621,0.081081081081081,0.2972972972972973,0.5,445,132,75,45,132,209,0.0404494382022471,0.0269662921348314,0.0134831460674157,0.049438202247191,0.0831460674157303,0.1363636363636363,0.16,0.1333333333333333,0.1666666666666666,0.1770334928229665,Regierung,1.0,0.0,20.0,WP20,2024,2,35,1.0634920634920637,3.1904761904761907,6.852678571428571,1.1428571428571428,1.6666666666666667,0.3809523809523809,8.5,7.823529411764706,8.5,5.416666666666667,7.177777777777778,63,56,22,17,8,24,45,0.3492063492063492,0.2698412698412698,0.1269841269841269,0.3809523809523809,0.7142857142857143,0.8968253968253969,2.6904761904761907,4.463789682539682,1.034749034749035,1.3153153153153154,0.3404118404118403,4.444444444444445,3.906862745098039,5.666666666666666,3.507575757575758,5.177777777777778,1
152,2024-02-01,2024-03-07,19,grüne,14.0,13.0,1.0,1.0,0.2480620155038759,0.7441860465116279,1.1833333333333331,0.1744186046511628,0.4418604651162791,0.127906976744186,1.3428571428571427,2.230769230769231,0.6666666666666666,1.0,0.85,35,13,12,28,40,86,75,556.3488372093024,True,False,1.0,Bündnis 90/Die Grünen,0.4069767441860465,0.1511627906976744,0.1395348837209302,0.3255813953488372,0.4651162790697674,445,132,75,45,132,209,0.0786516853932584,0.0292134831460674,0.0269662921348314,0.0629213483146067,0.0898876404494382,0.2651515151515151,0.1733333333333333,0.2666666666666666,0.2121212121212121,0.1913875598086124,Regierung,1.0,0.0,20.0,WP20,2024,2,35,1.0634920634920637,3.1904761904761907,6.852678571428571,1.1428571428571428,1.6666666666666667,0.3809523809523809,8.5,7.823529411764706,8.5,5.416666666666667,7.177777777777778,63,56,22,17,8,24,45,0.3492063492063492,0.2698412698412698,0.1269841269841269,0.3809523809523809,0.7142857142857143,0.8154300479881875,2.446290143964563,5.669345238095238,0.96843853820598,1.2248062015503876,0.2530454042081949,7.1571428571428575,5.592760180995475,7.833333333333333,4.416666666666667,6.327777777777778,2
152,2024-02-01,2024-03-07,19,linke,3.0,4.0,-1.0,1.0,0.5454545454545454,1.6363636363636365,1.4702380952380951,0.5909090909090909,0.9090909090909092,0.1363636363636363,2.0,3.0,0.75,0.4285714285714285,1.75,4,3,4,7,8,22,14,369.3636363636364,True,False,0.0,Die Linke,0.1818181818181818,0.1363636363636363,0.1818181818181818,0.3181818181818182,0.3636363636363636,445,132,75,45,132,209,0.0089887640449438,0.0067415730337078,0.0089887640449438,0.0157303370786516,0.0179775280898876,0.0303030303030303,0.04,0.0888888888888888,0.053030303030303,0.0382775119617224,Opposition,0.0,1.0,20.0,WP20,2024,2,35,1.0634920634920637,3.1904761904761907,6.852678571428571,1.1428571428571428,1.6666666666666667,0.3809523809523809,8.5,7.823529411764706,8.5,5.416666666666667,7.177777777777778,63,56,22,17,8,24,45,0.3492063492063492,0.2698412698412698,0.1269841269841269,0.3809523809523809,0.7142857142857143,0.5180375180375181,1.5541125541125542,5.382440476190476,0.5519480519480519,0.7575757575757577,0.2445887445887445,6.5,4.823529411764706,7.75,4.988095238095238,5.427777777777778,3
152,2024-02-01,2024-03-07,19,spd,16.0,14.0,2.0,2.0,0.1714975845410628,0.5144927536231884,1.5596096096096097,0.1231884057971014,0.3043478260869565,0.0869565217391304,1.7727272727272727,2.0357142857142856,1.6111111111111112,1.6363636363636365,1.2307692307692308,44,28,18,44,65,138,111,595.8333333333334,True,False,2.0,SPD,0.3188405797101449,0.2028985507246377,0.1304347826086956,0.3188405797101449,0.4710144927536231,445,132,75,45,132,209,0.098876404494382,0.0629213483146067,0.0404494382022471,0.098876404494382,0.146067415730337,0.3333333333333333,0.3733333333333333,0.4,0.3333333333333333,0.3110047846889952,Regierung,1.0,0.0,20.0,WP20,2024,2,35,1.0634920634920637,3.1904761904761907,6.852678571428571,1.1428571428571428,1.6666666666666667,0.3809523809523809,8.5,7.823529411764706,8.5,5.416666666666667,7.177777777777778,63,56,22,17,8,24,45,0.3492063492063492,0.2698412698412698,0.1269841269841269,0.3809523809523809,0.7142857142857143,0.8919944789510007,2.675983436853002,5.293068961818961,1.0196687370600412,1.3623188405797102,0.2939958592132505,6.727272727272728,5.78781512605042,6.888888888888889,3.7803030303030303,5.947008547008547,4
153,2024-03-07,2024-04-04,19,cdu/csu,29.0,30.0,-1.0,1.0,0.3870967741935484,1.1612903225806452,4.187687687687688,0.3096774193548387,0.6903225806451613,0.1612903225806451,5.848484848484849,6.458333333333333,1.3333333333333333,4.2727272727272725,3.375,33,24,12,44,64,155,111,546.7612903225806,True,False,4.0,CDU/CSU,0.2129032258064516,0.1548387096774193,0.0774193548387096,0.2838709677419355,0.4129032258064516,494,102,81,48,160,229,0.0668016194331983,0.048582995951417,0.0242914979757085,0.0890688259109311,0.1295546558704453,0.3235294117647059,0.2962962962962963,0.25,0.275,0.2794759825327511,Opposition,0.0,1.0,20.0,WP20,2024,3,28,1.0,3.0,7.066379310344828,1.0,1.5223880597014925,0.4776119402985074,8.833333333333334,8.705882352941176,7.181818181818182,6.470588235294118,7.304347826086956,67,58,18,17,11,34,46,0.2686567164179104,0.2537313432835821,0.1641791044776119,0.5074626865671642,0.6865671641791045,0.6129032258064516,1.8387096774193548,2.87869162265714,0.6903225806451613,0.8320654790563312,0.3163216177178622,2.9848484848484853,2.2475490196078427,5.848484848484849,2.1978609625668453,3.929347826086956,0
153,2024-03-07,2024-04-04,19,fdp,5.0,4.0,1.0,1.0,0.1746031746031746,0.5238095238095238,2.14247311827957,0.0714285714285714,0.3452380952380952,0.1071428571428571,3.928571428571429,3.7,0.6666666666666666,2.193548387096774,1.6521739130434785,14,10,6,31,46,84,62,559.9880952380952,True,False,3.0,FDP,0.1666666666666666,0.119047619047619,0.0714285714285714,0.369047619047619,0.5476190476190477,494,102,81,48,160,229,0.0283400809716599,0.020242914979757,0.0121457489878542,0.0627530364372469,0.0931174089068826,0.1372549019607843,0.1234567901234567,0.125,0.19375,0.2008733624454148,Regierung,1.0,0.0,20.0,WP20,2024,3,28,1.0,3.0,7.066379310344828,1.0,1.5223880597014925,0.4776119402985074,8.833333333333334,8.705882352941176,7.181818181818182,6.470588235294118,7.304347826086956,67,58,18,17,11,34,46,0.2686567164179104,0.2537313432835821,0.1641791044776119,0.5074626865671642,0.6865671641791045,0.8253968253968254,2.4761904761904763,4.923906192065258,0.9285714285714286,1.1771499644633971,0.3704690831556503,4.904761904761905,5.005882352941176,6.515151515151515,4.277039848197344,5.652173913043478,1
153,2024-03-07,2024-04-04,19,grüne,14.0,14.0,0.0,0.0,0.2868217054263565,0.8604651162790697,1.568181818181818,0.1627906976744186,0.5232558139534884,0.1744186046511628,1.1304347826086956,3.823529411764706,0.7777777777777778,1.5862068965517242,1.1333333333333333,23,17,9,29,45,86,66,566.7093023255813,True,False,1.0,Bündnis 90/Die Grünen,0.2674418604651162,0.1976744186046511,0.1046511627906976,0.3372093023255814,0.5232558139534884,494,102,81,48,160,229,0.0465587044534413,0.034412955465587,0.0182186234817813,0.0587044534412955,0.0910931174089068,0.2254901960784313,0.2098765432098765,0.1875,0.18125,0.1965065502183406,Regierung,1.0,0.0,20.0,WP20,2024,3,28,1.0,3.0,7.066379310344828,1.0,1.5223880597014925,0.4776119402985074,8.833333333333334,8.705882352941176,7.181818181818182,6.470588235294118,7.304347826086956,67,58,18,17,11,34,46,0.2686567164179104,0.2537313432835821,0.1641791044776119,0.5074626865671642,0.6865671641791045,0.7131782945736435,2.1395348837209305,5.498197492163009,0.8372093023255813,0.999132245748004,0.3031933356473446,7.702898550724639,4.882352941176469,6.404040404040404,4.8843813387423936,6.171014492753622,2
153,2024-03-07,2024-04-04,19,linke,3.0,3.0,0.0,0.0,0.4411764705882353,1.3235294117647058,1.5476190476190477,0.4411764705882353,0.7941176470588235,0.088235294117647,2.5,2.0,0.0,1.4166666666666667,1.1111111111111112,4,6,2,12,9,34,21,364.88235294117646,True,False,0.0,Die Linke,0.1176470588235294,0.1764705882352941,0.0588235294117647,0.3529411764705882,0.2647058823529412,494,102,81,48,160,229,0.0080971659919028,0.0121457489878542,0.0040485829959514,0.0242914979757085,0.0182186234817813,0.0392156862745098,0.074074074074074,0.0416666666666666,0.075,0.0393013100436681,Opposition,0.0,1.0,20.0,WP20,2024,3,28,1.0,3.0,7.066379310344828,1.0,1.5223880597014925,0.4776119402985074,8.833333333333334,8.705882352941176,7.181818181818182,6.470588235294118,7.304347826086956,67,58,18,17,11,34,46,0.2686567164179104,0.2537313432835821,0.1641791044776119,0.5074626865671642,0.6865671641791045,0.5588235294117647,1.6764705882352942,5.51876026272578,0.5588235294117647,0.728270412642669,0.3893766461808604,6.333333333333334,6.705882352941176,7.181818181818182,5.053921568627451,6.1932367149758445,3
153,2024-03-07,2024-04-04,19,spd,16.0,16.0,0.0,0.0,0.3111111111111111,0.9333333333333332,1.4290849673202617,0.2444444444444444,0.5185185185185185,0.1703703703703703,1.5,2.4166666666666665,0.8421052631578947,1.4545454545454546,0.9846153846153848,28,24,19,44,65,135,102,624.8222222222222,True,False,2.0,SPD,0.2074074074074074,0.1777777777777777,0.1407407407407407,0.3259259259259259,0.4814814814814814,494,102,81,48,160,229,0.0566801619433198,0.048582995951417,0.0384615384615384,0.0890688259109311,0.131578947368421,0.2745098039215686,0.2962962962962963,0.3958333333333333,0.275,0.2838427947598253,Regierung,1.0,0.0,20.0,WP20,2024,3,28,1.0,3.0,7.066379310344828,1.0,1.5223880597014925,0.4776119402985074,8.833333333333334,8.705882352941176,7.181818181818182,6.470588235294118,7.304347826086956,67,58,18,17,11,34,46,0.2686567164179104,0.2537313432835821,0.1641791044776119,0.5074626865671642,0.6865671641791045,0.6888888888888889,2.0666666666666664,5.637294343024566,0.7555555555555555,1.003869541182974,0.3072415699281371,7.333333333333334,6.28921568627451,6.339712918660287,5.016042780748663,6.319732441471571,4
154,2024-04-04,2024-05-02,18,cdu/csu,30.0,29.0,1.0,1.0,0.3708609271523179,1.1125827814569536,3.9124293785310735,0.1986754966887417,0.7284768211920529,0.1854304635761589,4.444444444444445,7.375,4.066666666666666,4.25,3.420289855072464,45,16,15,48,69,151,118,589.933774834437,True,False,4.0,CDU/CSU,0.2980132450331126,0.1059602649006622,0.0993377483443708,0.3178807947019867,0.4569536423841059,531,169,64,78,174,231,0.0847457627118644,0.0301318267419962,0.0282485875706214,0.0903954802259887,0.1299435028248587,0.2662721893491124,0.25,0.1923076923076923,0.2758620689655172,0.2987012987012987,Opposition,0.0,1.0,20.0,WP20,2024,4,28,0.974025974025974,2.9220779220779223,7.631372549019609,0.922077922077922,1.4935064935064934,0.5064935064935064,8.666666666666666,8.6875,8.105263157894736,7.133333333333334,7.588235294117647,77,68,27,16,19,30,51,0.3506493506493506,0.2077922077922078,0.2467532467532467,0.3896103896103896,0.6623376623376623,0.6031650468736561,1.8094951406209687,3.718943170488536,0.7234024253891803,0.7650296723144405,0.3210630429173475,4.222222222222221,1.3125,4.03859649122807,2.8833333333333337,4.167945439045183,0
154,2024-04-04,2024-05-02,18,fdp,4.0,5.0,-1.0,1.0,0.2449799196787148,0.7349397590361446,2.4494949494949494,0.0963855421686747,0.4698795180722891,0.1686746987951807,3.4285714285714284,4.666666666666667,2.3684210526315788,1.6764705882352942,2.3947368421052637,21,9,19,34,38,83,66,571.0,True,False,3.0,FDP,0.253012048192771,0.108433734939759,0.2289156626506024,0.4096385542168674,0.4578313253012048,531,169,64,78,174,231,0.03954802259887,0.0169491525423728,0.0357815442561205,0.064030131826742,0.071563088512241,0.1242603550295858,0.140625,0.2435897435897435,0.1954022988505747,0.1645021645021645,Regierung,1.0,0.0,20.0,WP20,2024,4,28,0.974025974025974,2.9220779220779223,7.631372549019609,0.922077922077922,1.4935064935064934,0.5064935064935064,8.666666666666666,8.6875,8.105263157894736,7.133333333333334,7.588235294117647,77,68,27,16,19,30,51,0.3506493506493506,0.2077922077922078,0.2467532467532467,0.3896103896103896,0.6623376623376623,0.7290460543472592,2.187138163041777,5.181877599524659,0.8256923799092474,1.0236269754342042,0.3378188076983257,5.238095238095237,4.020833333333333,5.7368421052631575,5.456862745098039,5.193498452012383,1
154,2024-04-04,2024-05-02,18,grüne,15.0,14.0,1.0,1.0,0.2485380116959064,0.7456140350877193,1.1241319444444444,0.175438596491228,0.4736842105263157,0.0964912280701754,0.9565217391304348,2.1052631578947367,0.6,1.0857142857142856,1.2291666666666667,46,19,15,35,48,114,96,541.2719298245614,True,False,1.0,Bündnis 90/Die Grünen,0.4035087719298245,0.1666666666666666,0.131578947368421,0.3070175438596491,0.4210526315789473,531,169,64,78,174,231,0.0866290018832391,0.0357815442561205,0.0282485875706214,0.0659133709981167,0.0903954802259887,0.272189349112426,0.296875,0.1923076923076923,0.2011494252873563,0.2077922077922078,Regierung,1.0,0.0,20.0,WP20,2024,4,28,0.974025974025974,2.9220779220779223,7.631372549019609,0.922077922077922,1.4935064935064934,0.5064935064935064,8.666666666666666,8.6875,8.105263157894736,7.133333333333334,7.588235294117647,77,68,27,16,19,30,51,0.3506493506493506,0.2077922077922078,0.2467532467532467,0.3896103896103896,0.6623376623376623,0.7254879623300676,2.176463886990203,6.5072406045751645,0.746639325586694,1.0198222829801775,0.410002278423331,7.710144927536231,6.582236842105264,7.505263157894737,6.047619047619048,6.35906862745098,2
154,2024-04-04,2024-05-02,18,linke,3.0,3.0,0.0,0.0,0.4761904761904761,1.4285714285714286,1.48,0.5142857142857142,0.8285714285714286,0.0857142857142857,1.0,1.0,1.8571428571428568,2.333333333333333,1.75,12,4,7,6,12,35,25,354.7142857142857,True,False,0.0,Die Linke,0.3428571428571428,0.1142857142857142,0.2,0.1714285714285714,0.3428571428571428,531,169,64,78,174,231,0.0225988700564971,0.007532956685499,0.0131826741996233,0.0112994350282485,0.0225988700564971,0.0710059171597633,0.0625,0.0897435897435897,0.0344827586206896,0.0519480519480519,Opposition,0.0,1.0,20.0,WP20,2024,4,28,0.974025974025974,2.9220779220779223,7.631372549019609,0.922077922077922,1.4935064935064934,0.5064935064935064,8.666666666666666,8.6875,8.105263157894736,7.133333333333334,7.588235294117647,77,68,27,16,19,30,51,0.3506493506493506,0.2077922077922078,0.2467532467532467,0.3896103896103896,0.6623376623376623,0.4978354978354979,1.4935064935064937,6.151372549019609,0.4077922077922078,0.6649350649350648,0.4207792207792207,7.666666666666666,7.6875,6.248120300751879,4.800000000000001,5.838235294117647,3
154,2024-04-04,2024-05-02,18,spd,15.0,16.0,-1.0,1.0,0.277027027027027,0.831081081081081,1.3660968660968662,0.1959459459459459,0.4729729729729729,0.1621621621621621,1.1111111111111112,3.5,0.5909090909090909,1.5294117647058822,1.34375,45,16,22,51,64,148,117,620.277027027027,True,False,2.0,SPD,0.304054054054054,0.1081081081081081,0.1486486486486486,0.3445945945945945,0.4324324324324324,531,169,64,78,174,231,0.0847457627118644,0.0301318267419962,0.0414312617702448,0.096045197740113,0.1205273069679849,0.2662721893491124,0.25,0.282051282051282,0.293103448275862,0.277056277056277,Regierung,1.0,0.0,20.0,WP20,2024,4,28,0.974025974025974,2.9220779220779223,7.631372549019609,0.922077922077922,1.4935064935064934,0.5064935064935064,8.666666666666666,8.6875,8.105263157894736,7.133333333333334,7.588235294117647,77,68,27,16,19,30,51,0.3506493506493506,0.2077922077922078,0.2467532467532467,0.3896103896103896,0.6623376623376623,0.696998946998947,2.090996840996841,6.265275682922743,0.7261319761319761,1.0205335205335204,0.3443313443313442,7.555555555555555,5.1875,7.514354066985645,5.603921568627452,6.244485294117647,4
155,2024-05-02,2024-05-30,18,cdu/csu,31.0,30.0,1.0,1.0,0.3703703703703703,1.1111111111111112,3.2319444444444443,0.3111111111111111,0.5888888888888889,0.2111111111111111,5.230769230769231,5.8,3.333333333333333,3.135135135135135,2.3157894736842106,13,15,9,37,38,90,60,562.4,True,False,4.0,CDU/CSU,0.1444444444444444,0.1666666666666666,0.1,0.4111111111111111,0.4222222222222222,286,52,51,35,116,127,0.0454545454545454,0.0524475524475524,0.0314685314685314,0.1293706293706293,0.1328671328671328,0.25,0.2941176470588235,0.2571428571428571,0.3189655172413793,0.2992125984251969,Opposition,0.0,1.0,20.0,WP20,2024,5,28,1.0714285714285714,3.2142857142857144,7.060185185185185,1.0714285714285714,1.5,0.6428571428571429,8.6,8.3125,7.222222222222222,6.35,7.857142857142857,42,36,10,16,9,20,28,0.238095238095238,0.3809523809523809,0.2142857142857142,0.4761904761904761,0.6666666666666666,0.7010582010582012,2.1031746031746037,3.828240740740741,0.7603174603174603,0.9111111111111112,0.4317460317460317,3.369230769230769,2.5125,3.888888888888889,3.214864864864865,5.541353383458646,0
155,2024-05-02,2024-05-30,18,fdp,5.0,4.0,1.0,1.0,0.1891891891891892,0.5675675675675675,2.1266666666666665,0.054054054054054,0.3783783783783784,0.1351351351351351,3.4,4.166666666666667,1.5,1.625,1.7857142857142858,5,6,2,16,14,37,25,637.9459459459459,True,False,3.0,FDP,0.1351351351351351,0.1621621621621621,0.054054054054054,0.4324324324324324,0.3783783783783784,286,52,51,35,116,127,0.0174825174825174,0.0209790209790209,0.0069930069930069,0.0559440559440559,0.0489510489510489,0.0961538461538461,0.1176470588235294,0.0571428571428571,0.1379310344827586,0.1102362204724409,Regierung,1.0,0.0,20.0,WP20,2024,5,28,1.0714285714285714,3.2142857142857144,7.060185185185185,1.0714285714285714,1.5,0.6428571428571429,8.6,8.3125,7.222222222222222,6.35,7.857142857142857,42,36,10,16,9,20,28,0.238095238095238,0.3809523809523809,0.2142857142857142,0.4761904761904761,0.6666666666666666,0.8822393822393821,2.646718146718147,4.933518518518518,1.0173745173745172,1.1216216216216215,0.5077220077220077,5.199999999999999,4.145833333333333,5.722222222222222,4.725,6.071428571428571,1
155,2024-05-02,2024-05-30,18,grüne,15.0,15.0,0.0,0.0,0.3012820512820512,0.903846153846154,1.3583333333333334,0.2884615384615384,0.4615384615384615,0.1538461538461538,1.0,3.555555555555556,1.2,1.5217391304347827,1.0,16,9,10,23,25,52,40,532.9230769230769,True,False,1.0,Bündnis 90/Die Grünen,0.3076923076923077,0.173076923076923,0.1923076923076923,0.4423076923076923,0.4807692307692308,286,52,51,35,116,127,0.0559440559440559,0.0314685314685314,0.0349650349650349,0.0804195804195804,0.0874125874125874,0.3076923076923077,0.1764705882352941,0.2857142857142857,0.1982758620689655,0.1968503937007874,Regierung,1.0,0.0,20.0,WP20,2024,5,28,1.0714285714285714,3.2142857142857144,7.060185185185185,1.0714285714285714,1.5,0.6428571428571429,8.6,8.3125,7.222222222222222,6.35,7.857142857142857,42,36,10,16,9,20,28,0.238095238095238,0.3809523809523809,0.2142857142857142,0.4761904761904761,0.6666666666666666,0.7701465201465201,2.3104395604395607,5.701851851851852,0.782967032967033,1.0384615384615383,0.489010989010989,7.6,4.756944444444445,6.022222222222222,4.8282608695652165,6.857142857142857,2
155,2024-05-02,2024-05-30,18,linke,,3.0,,,0.4210526315789473,1.263157894736842,1.5384615384615383,0.4210526315789473,0.7368421052631579,0.1052631578947368,1.6666666666666667,3.333333333333333,0.6666666666666666,1.5,1.625,3,3,3,8,8,19,13,365.3684210526316,True,False,0.0,Die Linke,0.1578947368421052,0.1578947368421052,0.1578947368421052,0.4210526315789473,0.4210526315789473,286,52,51,35,116,127,0.0104895104895104,0.0104895104895104,0.0104895104895104,0.0279720279720279,0.0279720279720279,0.0576923076923076,0.0588235294117647,0.0857142857142857,0.0689655172413793,0.0629921259842519,Opposition,0.0,1.0,20.0,WP20,2024,5,28,1.0714285714285714,3.2142857142857144,7.060185185185185,1.0714285714285714,1.5,0.6428571428571429,8.6,8.3125,7.222222222222222,6.35,7.857142857142857,42,36,10,16,9,20,28,0.238095238095238,0.3809523809523809,0.2142857142857142,0.4761904761904761,0.6666666666666666,0.650375939849624,1.9511278195488724,5.521723646723647,0.650375939849624,0.7631578947368421,0.5375939849624061,6.933333333333333,4.979166666666666,6.555555555555555,4.85,6.232142857142857,3
155,2024-05-02,2024-05-30,18,spd,15.0,15.0,0.0,0.0,0.1969696969696969,0.5909090909090909,1.4625,0.1590909090909091,0.3068181818181818,0.125,1.4666666666666666,2.6666666666666665,0.9090909090909092,1.53125,1.0714285714285714,15,18,11,32,42,88,60,603.4886363636364,True,False,2.0,SPD,0.1704545454545454,0.2045454545454545,0.125,0.3636363636363636,0.4772727272727273,286,52,51,35,116,127,0.0524475524475524,0.0629370629370629,0.0384615384615384,0.1118881118881118,0.1468531468531468,0.2884615384615384,0.3529411764705882,0.3142857142857143,0.2758620689655172,0.3307086614173228,Regierung,1.0,0.0,20.0,WP20,2024,5,28,1.0714285714285714,3.2142857142857144,7.060185185185185,1.0714285714285714,1.5,0.6428571428571429,8.6,8.3125,7.222222222222222,6.35,7.857142857142857,42,36,10,16,9,20,28,0.238095238095238,0.3809523809523809,0.2142857142857142,0.4761904761904761,0.6666666666666666,0.8744588744588744,2.623376623376624,5.597685185185185,0.9123376623376624,1.193181818181818,0.5178571428571429,7.133333333333333,5.645833333333334,6.313131313131313,4.81875,6.785714285714286,4
156,2024-05-30,2024-07-04,18,cdu/csu,31.0,31.0,0.0,0.0,0.4741379310344827,1.4224137931034482,4.619123931623932,0.3663793103448275,0.75,0.3060344827586206,5.777777777777778,7.036363636363636,5.052631578947368,4.707692307692308,4.176470588235294,45,55,19,65,102,232,156,586.7801724137931,True,False,4.0,CDU/CSU,0.1939655172413793,0.2370689655172413,0.0818965517241379,0.2801724137931034,0.4396551724137931,753,191,179,65,218,342,0.0597609561752988,0.0730411686586985,0.0252324037184594,0.0863213811420982,0.1354581673306772,0.2356020942408377,0.3072625698324022,0.2923076923076923,0.2981651376146789,0.2982456140350877,Opposition,0.0,1.0,20.0,WP20,2024,5,35,1.1054421768707483,3.316326530612245,7.710658914728683,1.0612244897959184,1.489795918367347,0.7653061224489796,8.666666666666666,8.770833333333334,8.62962962962963,7.341463414634147,8.152777777777779,98,86,27,48,27,41,72,0.2755102040816326,0.4897959183673469,0.2755102040816326,0.4183673469387755,0.7346938775510204,0.6313042458362655,1.8939127375087967,3.0915349831047507,0.6948451794510908,0.739795918367347,0.4592716396903589,2.8888888888888884,1.7344696969696978,3.5769980506822616,2.633771106941839,3.976307189542484,0
156,2024-05-30,2024-07-04,18,fdp,4.0,5.0,-1.0,1.0,0.2262996941896024,0.6788990825688074,2.4144444444444444,0.091743119266055,0.4128440366972477,0.1743119266055046,3.772727272727273,3.857142857142857,3.857142857142857,2.64,1.8644067796610169,22,28,7,25,59,109,75,632.4036697247707,True,False,3.0,FDP,0.2018348623853211,0.2568807339449541,0.0642201834862385,0.2293577981651376,0.5412844036697247,753,191,179,65,218,342,0.0292164674634794,0.0371845949535192,0.0092961487383798,0.0332005312084993,0.0783532536520584,0.1151832460732984,0.1564245810055866,0.1076923076923077,0.1146788990825688,0.1725146198830409,Regierung,1.0,0.0,20.0,WP20,2024,5,35,1.1054421768707483,3.316326530612245,7.710658914728683,1.0612244897959184,1.489795918367347,0.7653061224489796,8.666666666666666,8.770833333333334,8.62962962962963,7.341463414634147,8.152777777777779,98,86,27,48,27,41,72,0.2755102040816326,0.4897959183673469,0.2755102040816326,0.4183673469387755,0.7346938775510204,0.8791424826811459,2.6374274480434376,5.296214470284238,0.9694813705298634,1.0769518816700994,0.590994195843475,4.893939393939393,4.913690476190476,4.772486772486772,4.701463414634146,6.288370998116761,1
156,2024-05-30,2024-07-04,18,grüne,14.0,15.0,-1.0,1.0,0.2729468599033816,0.8188405797101449,1.602446483180428,0.1956521739130435,0.4347826086956521,0.1884057971014492,1.425531914893617,3.0689655172413794,0.6923076923076923,1.6363636363636365,1.3650793650793651,47,29,13,44,63,138,109,596.268115942029,True,False,1.0,Bündnis 90/Die Grünen,0.3405797101449275,0.2101449275362318,0.0942028985507246,0.3188405797101449,0.4565217391304347,753,191,179,65,218,342,0.0624169986719787,0.0385126162018592,0.0172642762284196,0.0584329349269588,0.0836653386454183,0.2460732984293193,0.1620111731843575,0.2,0.2018348623853211,0.1842105263157894,Regierung,1.0,0.0,20.0,WP20,2024,5,35,1.1054421768707483,3.316326530612245,7.710658914728683,1.0612244897959184,1.489795918367347,0.7653061224489796,8.666666666666666,8.770833333333334,8.62962962962963,7.341463414634147,8.152777777777779,98,86,27,48,27,41,72,0.2755102040816326,0.4897959183673469,0.2755102040816326,0.4183673469387755,0.7346938775510204,0.8324953169673667,2.4974859509021,6.108212431548255,0.865572315882875,1.055013309671695,0.5769003253475302,7.241134751773049,5.701867816091955,7.937321937321937,5.70509977827051,6.787698412698413,2
156,2024-05-30,2024-07-04,18,linke,3.0,,,,0.5321637426900585,1.5964912280701755,1.3921568627450982,0.5263157894736842,0.9473684210526316,0.1228070175438596,0.7857142857142857,1.75,0.0,2.0625,1.2,14,8,2,16,15,57,34,366.0877192982456,True,False,0.0,Die Linke,0.2456140350877192,0.1403508771929824,0.0350877192982456,0.2807017543859649,0.2631578947368421,753,191,179,65,218,342,0.0185922974767596,0.0106241699867197,0.0026560424966799,0.0212483399734395,0.0199203187250996,0.0732984293193717,0.0446927374301676,0.0307692307692307,0.073394495412844,0.043859649122807,Opposition,0.0,1.0,20.0,WP20,2024,5,35,1.1054421768707483,3.316326530612245,7.710658914728683,1.0612244897959184,1.489795918367347,0.7653061224489796,8.666666666666666,8.770833333333334,8.62962962962963,7.341463414634147,8.152777777777779,98,86,27,48,27,41,72,0.2755102040816326,0.4897959183673469,0.2755102040816326,0.4183673469387755,0.7346938775510204,0.5732784341806898,1.7198353025420694,6.318502051983584,0.5349087003222343,0.5424274973147155,0.6424991049051199,7.8809523809523805,7.020833333333334,8.62962962962963,5.278963414634147,6.952777777777778,3
156,2024-05-30,2024-07-04,18,spd,15.0,15.0,0.0,0.0,0.2411674347158218,0.7235023041474654,1.677680311890838,0.1889400921658986,0.391705069124424,0.1428571428571428,1.8571428571428568,2.8813559322033897,0.6666666666666666,1.8529411764705883,1.3300970873786409,63,59,24,68,103,217,171,662.1013824884793,True,False,2.0,SPD,0.2903225806451613,0.271889400921659,0.1105990783410138,0.3133640552995391,0.4746543778801843,753,191,179,65,218,342,0.0836653386454183,0.0783532536520584,0.0318725099601593,0.0903054448871182,0.1367861885790172,0.3298429319371728,0.329608938547486,0.3692307692307692,0.3119266055045872,0.3011695906432748,Regierung,1.0,0.0,20.0,WP20,2024,5,35,1.1054421768707483,3.316326530612245,7.710658914728683,1.0612244897959184,1.489795918367347,0.7653061224489796,8.666666666666666,8.770833333333334,8.62962962962963,7.341463414634147,8.152777777777779,98,86,27,48,27,41,72,0.2755102040816326,0.4897959183673469,0.2755102040816326,0.4183673469387755,0.7346938775510204,0.8642747421549265,2.59282422646478,6.0329786028378445,0.8722843976300199,1.098090849242923,0.6224489795918366,6.809523809523808,5.889477401129945,7.962962962962963,5.488522238163558,6.822680690399138,4
157,2024-07-04,2024-08-08,17,cdu/csu,31.0,31.0,0.0,0.0,0.3286384976525821,0.9859154929577464,3.690251572327045,0.2394366197183098,0.5915492957746479,0.1549295774647887,4.235294117647059,7.75,3.111111111111111,3.8181818181818175,3.185185185185185,17,8,9,22,27,71,53,572.2112676056338,True,False,4.0,CDU/CSU,0.2394366197183098,0.1126760563380281,0.1267605633802817,0.3098591549295774,0.380281690140845,220,64,18,43,76,81,0.0772727272727272,0.0363636363636363,0.0409090909090909,0.1,0.1227272727272727,0.265625,0.4444444444444444,0.2093023255813953,0.2894736842105263,0.3333333333333333,Opposition,0.0,1.0,20.0,WP20,2024,7,35,1.0430107526881722,3.129032258064516,7.489655172413792,1.1290322580645162,1.5483870967741935,0.4516129032258064,9.166666666666666,9.0,8.625,6.933333333333334,7.36,31,29,12,7,8,15,25,0.3870967741935484,0.2258064516129032,0.2580645161290322,0.4838709677419355,0.8064516129032258,0.7143722550355901,2.143116765106769,3.799403600086748,0.8895956383462064,0.9568378009995456,0.2966833257610177,4.931372549019607,1.25,5.513888888888889,3.1151515151515152,4.174814814814815,0
157,2024-07-04,2024-08-08,17,fdp,5.0,4.0,1.0,1.0,0.1238095238095238,0.3714285714285714,1.988505747126437,0.0857142857142857,0.2571428571428571,0.0285714285714285,3.0,7.0,1.0,2.0,1.5,11,1,7,11,12,35,29,559.0571428571428,True,False,3.0,FDP,0.3142857142857143,0.0285714285714285,0.2,0.3142857142857143,0.3428571428571428,220,64,18,43,76,81,0.05,0.0045454545454545,0.0318181818181818,0.05,0.0545454545454545,0.171875,0.0555555555555555,0.1627906976744186,0.1447368421052631,0.1481481481481481,Regierung,1.0,0.0,20.0,WP20,2024,7,35,1.0430107526881722,3.129032258064516,7.489655172413792,1.1290322580645162,1.5483870967741935,0.4516129032258064,9.166666666666666,9.0,8.625,6.933333333333334,7.36,31,29,12,7,8,15,25,0.3870967741935484,0.2258064516129032,0.2580645161290322,0.4838709677419355,0.8064516129032258,0.9192012288786484,2.757603686635945,5.501149425287355,1.0433179723502306,1.2912442396313364,0.4230414746543778,6.166666666666666,2.0,7.625,4.933333333333334,5.86,1
157,2024-07-04,2024-08-08,17,grüne,13.0,14.0,-1.0,1.0,0.1574074074074073,0.4722222222222222,0.9166666666666669,0.0833333333333333,0.3055555555555556,0.0833333333333333,0.8461538461538461,2.333333333333333,0.4444444444444444,0.9230769230769232,0.9375,13,3,9,13,16,36,31,583.3888888888889,True,False,1.0,Bündnis 90/Die Grünen,0.3611111111111111,0.0833333333333333,0.25,0.3611111111111111,0.4444444444444444,220,64,18,43,76,81,0.059090909090909,0.0136363636363636,0.0409090909090909,0.059090909090909,0.0727272727272727,0.203125,0.1666666666666666,0.2093023255813953,0.1710526315789473,0.1975308641975308,Regierung,1.0,0.0,20.0,WP20,2024,7,35,1.0430107526881722,3.129032258064516,7.489655172413792,1.1290322580645162,1.5483870967741935,0.4516129032258064,9.166666666666666,9.0,8.625,6.933333333333334,7.36,31,29,12,7,8,15,25,0.3870967741935484,0.2258064516129032,0.2580645161290322,0.4838709677419355,0.8064516129032258,0.8856033452807648,2.6568100358422937,6.572988505747126,1.045698924731183,1.242831541218638,0.3682795698924731,8.32051282051282,6.666666666666666,8.180555555555555,6.01025641025641,6.4225,2
157,2024-07-04,2024-08-08,17,linke,3.0,3.0,0.0,0.0,0.5714285714285714,1.7142857142857142,0.6363636363636364,0.5714285714285714,1.0714285714285714,0.0714285714285714,0.6666666666666666,,0.25,0.8333333333333334,0.6666666666666666,3,0,4,6,3,14,11,350.92857142857144,True,False,0.0,Die Linke,0.2142857142857142,0.0,0.2857142857142857,0.4285714285714285,0.2142857142857142,220,64,18,43,76,81,0.0136363636363636,0.0,0.0181818181818181,0.0272727272727272,0.0136363636363636,0.046875,0.0,0.0930232558139534,0.0789473684210526,0.037037037037037,Opposition,0.0,1.0,20.0,WP20,2024,7,35,1.0430107526881722,3.129032258064516,7.489655172413792,1.1290322580645162,1.5483870967741935,0.4516129032258064,9.166666666666666,9.0,8.625,6.933333333333334,7.36,31,29,12,7,8,15,25,0.3870967741935484,0.2258064516129032,0.2580645161290322,0.4838709677419355,0.8064516129032258,0.4715821812596008,1.4147465437788018,6.853291536050156,0.5576036866359448,0.4769585253456221,0.380184331797235,8.5,,8.375,6.1000000000000005,6.693333333333333,3
157,2024-07-04,2024-08-08,17,spd,14.0,15.0,-1.0,1.0,0.171875,0.515625,1.58974358974359,0.140625,0.28125,0.09375,1.9,3.5,1.4285714285714286,1.125,1.5217391304347827,20,6,14,24,23,64,52,626.796875,True,False,2.0,SPD,0.3125,0.09375,0.21875,0.375,0.359375,220,64,18,43,76,81,0.0909090909090909,0.0272727272727272,0.0636363636363636,0.109090909090909,0.1045454545454545,0.3125,0.3333333333333333,0.3255813953488372,0.3157894736842105,0.2839506172839506,Regierung,1.0,0.0,20.0,WP20,2024,7,35,1.0430107526881722,3.129032258064516,7.489655172413792,1.1290322580645162,1.5483870967741935,0.4516129032258064,9.166666666666666,9.0,8.625,6.933333333333334,7.36,31,29,12,7,8,15,25,0.3870967741935484,0.2258064516129032,0.2580645161290322,0.4838709677419355,0.8064516129032258,0.8711357526881722,2.613407258064516,5.899911582670203,0.9884072580645162,1.2671370967741935,0.3578629032258064,7.266666666666666,5.5,7.196428571428571,5.808333333333334,5.838260869565218,4
159,2024-09-05,2024-10-10,17,cdu/csu,33.0,32.0,1.0,1.0,0.4741532976827094,1.4224598930481285,4.75,0.374331550802139,0.9197860962566844,0.1283422459893048,5.396551724137931,7.181818181818182,4.5,4.914285714285715,4.608695652173913,58,33,6,35,69,187,114,654.6363636363636,True,False,4.0,CDU/CSU,0.3101604278074866,0.1764705882352941,0.0320855614973262,0.1871657754010695,0.3689839572192513,607,205,128,50,149,262,0.0955518945634266,0.0543657331136738,0.0098846787479406,0.057660626029654,0.1136738056013179,0.2829268292682926,0.2578125,0.12,0.2348993288590604,0.2633587786259542,Opposition,0.0,1.0,20.0,WP20,2024,9,35,1.184027777777778,3.552083333333333,8.208943089430894,1.1979166666666667,1.7291666666666667,0.625,8.657894736842104,9.17142857142857,8.619047619047619,7.823529411764706,8.216216216216216,96,82,38,35,21,34,74,0.3958333333333333,0.3645833333333333,0.21875,0.3541666666666667,0.7708333333333334,0.7098744800950685,2.129623440285205,3.4589430894308943,0.8235851158645278,0.8093805704099822,0.4966577540106952,3.261343012704174,1.9896103896103887,4.119047619047619,2.909243697478991,3.607520564042303,0
159,2024-09-05,2024-10-10,17,fdp,4.0,5.0,-1.0,1.0,0.198501872659176,0.5955056179775281,3.353448275862069,0.0786516853932584,0.3820224719101123,0.1348314606741573,4.038461538461538,5.666666666666667,1.1666666666666667,3.526315789473684,3.1219512195121952,26,15,6,19,41,89,58,630.3370786516854,True,False,3.0,FDP,0.2921348314606741,0.1685393258426966,0.0674157303370786,0.2134831460674157,0.4606741573033708,607,205,128,50,149,262,0.042833607907743,0.0247116968698517,0.0098846787479406,0.0313014827018121,0.0675453047775947,0.1268292682926829,0.1171875,0.12,0.1275167785234899,0.1564885496183206,Regierung,1.0,0.0,20.0,WP20,2024,9,35,1.184027777777778,3.552083333333333,8.208943089430894,1.1979166666666667,1.7291666666666667,0.625,8.657894736842104,9.17142857142857,8.619047619047619,7.823529411764706,8.216216216216216,96,82,38,35,21,34,74,0.3958333333333333,0.3645833333333333,0.21875,0.3541666666666667,0.7708333333333334,0.9855259051186018,2.956577715355805,4.855494813568825,1.1192649812734083,1.3471441947565543,0.4901685393258427,4.619433198380566,3.504761904761904,7.452380952380952,4.2972136222910216,5.0942649967040206,1
159,2024-09-05,2024-10-10,17,grüne,11.0,12.0,-1.0,1.0,0.2485380116959064,0.7456140350877193,1.3584249084249085,0.2017543859649122,0.4561403508771929,0.087719298245614,0.9555555555555556,2.321428571428572,0.6,1.7878787878787878,1.1851851851851851,45,28,10,33,54,114,91,599.359649122807,True,False,1.0,Bündnis 90/Die Grünen,0.3947368421052631,0.2456140350877192,0.087719298245614,0.2894736842105263,0.4736842105263157,607,205,128,50,149,262,0.0741350906095551,0.0461285008237232,0.0164744645799011,0.0543657331136738,0.0889621087314662,0.2195121951219512,0.21875,0.2,0.2214765100671141,0.2061068702290076,Regierung,1.0,0.0,20.0,WP20,2024,9,35,1.184027777777778,3.552083333333333,8.208943089430894,1.1979166666666667,1.7291666666666667,0.625,8.657894736842104,9.17142857142857,8.619047619047619,7.823529411764706,8.216216216216216,96,82,38,35,21,34,74,0.3958333333333333,0.3645833333333333,0.21875,0.3541666666666667,0.7708333333333334,0.9354897660818716,2.8064692982456143,6.850518181005986,0.9961622807017544,1.273026315789474,0.5372807017543859,7.702339181286549,6.85,8.019047619047619,6.0356506238859176,7.031031031031031,2
159,2024-09-05,2024-10-10,17,linke,3.0,,,,0.6016260162601625,1.804878048780488,1.2138888888888888,0.6341463414634146,1.048780487804878,0.1219512195121951,1.5384615384615383,1.5555555555555556,0.4,0.5384615384615384,1.2307692307692308,13,9,5,13,13,41,30,412.7560975609756,True,False,0.0,Die Linke,0.3170731707317073,0.2195121951219512,0.1219512195121951,0.3170731707317073,0.3170731707317073,607,205,128,50,149,262,0.0214168039538715,0.014827018121911,0.0082372322899505,0.0214168039538715,0.0214168039538715,0.0634146341463414,0.0703125,0.1,0.087248322147651,0.049618320610687,Opposition,0.0,1.0,20.0,WP20,2024,9,35,1.184027777777778,3.552083333333333,8.208943089430894,1.1979166666666667,1.7291666666666667,0.625,8.657894736842104,9.17142857142857,8.619047619047619,7.823529411764706,8.216216216216216,96,82,38,35,21,34,74,0.3958333333333333,0.3645833333333333,0.21875,0.3541666666666667,0.7708333333333334,0.5824017615176154,1.7472052845528456,6.995054200542006,0.5637703252032521,0.6803861788617886,0.5030487804878049,7.119433198380566,7.615873015873015,8.219047619047618,7.285067873303167,6.985446985446985,3
159,2024-09-05,2024-10-10,17,spd,15.0,15.0,0.0,0.0,0.2159090909090909,0.6477272727272727,1.606372549019608,0.1988636363636363,0.3693181818181818,0.0795454545454545,1.5555555555555556,2.883720930232558,0.7391304347826086,1.7551020408163265,1.2470588235294118,63,43,23,49,85,176,136,664.3522727272727,True,False,2.0,SPD,0.3579545454545454,0.2443181818181818,0.1306818181818181,0.2784090909090909,0.4829545454545454,607,205,128,50,149,262,0.1037891268533772,0.0708401976935749,0.0378912685337726,0.0807248764415156,0.1400329489291598,0.3073170731707317,0.3359375,0.46,0.3288590604026846,0.3244274809160305,Regierung,1.0,0.0,20.0,WP20,2024,9,35,1.184027777777778,3.552083333333333,8.208943089430894,1.1979166666666667,1.7291666666666667,0.625,8.657894736842104,9.17142857142857,8.619047619047619,7.823529411764706,8.216216216216216,96,82,38,35,21,34,74,0.3958333333333333,0.3645833333333333,0.21875,0.3541666666666667,0.7708333333333334,0.968118686868687,2.904356060606061,6.602570540411286,0.9990530303030304,1.3598484848484849,0.5454545454545454,7.102339181286549,6.287707641196013,7.87991718426501,6.068427370948379,6.969157392686804,4
160,2024-10-10,2024-10-31,17,cdu/csu,31.0,33.0,-2.0,2.0,0.3856749311294765,1.1570247933884297,4.34037558685446,0.3305785123966942,0.6776859504132231,0.1487603305785124,6.578947368421052,7.5,2.2,4.090909090909091,4.2727272727272725,19,16,5,33,44,121,71,639.4876033057851,True,False,4.0,CDU/CSU,0.1570247933884297,0.1322314049586777,0.0413223140495867,0.2727272727272727,0.3636363636363636,460,78,97,45,148,169,0.0413043478260869,0.0347826086956521,0.0108695652173913,0.0717391304347826,0.0956521739130434,0.2435897435897435,0.1649484536082474,0.1111111111111111,0.2229729729729729,0.2603550295857988,Opposition,0.0,1.0,20.0,WP20,2024,10,21,0.9642857142857144,2.892857142857143,7.394444444444444,1.0,1.3928571428571428,0.5,8.785714285714286,8.647058823529411,8.083333333333334,6.65,7.611111111111111,56,42,14,17,12,20,36,0.25,0.3035714285714285,0.2142857142857142,0.3571428571428571,0.6428571428571429,0.5786107831562377,1.7358323494687131,3.054068857589984,0.6694214876033058,0.7151711924439197,0.3512396694214876,2.2067669172932343,1.1470588235294112,5.883333333333334,2.559090909090909,3.3383838383838382,0
160,2024-10-10,2024-10-31,17,fdp,3.0,4.0,-1.0,1.0,0.2095238095238095,0.6285714285714286,3.6159420289855073,0.0714285714285714,0.3,0.2571428571428571,5.333333333333333,6.5,1.1428571428571428,3.52,3.230769230769231,9,14,7,25,26,70,46,576.6285714285714,True,False,3.0,FDP,0.1285714285714285,0.2,0.1,0.3571428571428571,0.3714285714285714,460,78,97,45,148,169,0.0195652173913043,0.0304347826086956,0.0152173913043478,0.0543478260869565,0.0565217391304347,0.1153846153846153,0.1443298969072164,0.1555555555555555,0.1689189189189189,0.1538461538461538,Regierung,1.0,0.0,20.0,WP20,2024,10,21,0.9642857142857144,2.892857142857143,7.394444444444444,1.0,1.3928571428571428,0.5,8.785714285714286,8.647058823529411,8.083333333333334,6.65,7.611111111111111,56,42,14,17,12,20,36,0.25,0.3035714285714285,0.2142857142857142,0.3571428571428571,0.6428571428571429,0.7547619047619047,2.2642857142857142,3.7785024154589366,0.9285714285714286,1.0928571428571427,0.2428571428571428,3.452380952380953,2.1470588235294112,6.940476190476192,3.1300000000000003,4.38034188034188,1
160,2024-10-10,2024-10-31,17,grüne,13.0,11.0,2.0,2.0,0.2637362637362637,0.7912087912087912,1.6202702702702705,0.1978021978021978,0.4175824175824176,0.1758241758241758,0.9230769230769232,2.931034482758621,0.4,2.142857142857143,1.4,26,29,15,35,40,91,74,561.7802197802198,True,False,1.0,Bündnis 90/Die Grünen,0.2857142857142857,0.3186813186813186,0.1648351648351648,0.3846153846153846,0.4395604395604395,460,78,97,45,148,169,0.0565217391304347,0.0630434782608695,0.0326086956521739,0.0760869565217391,0.0869565217391304,0.3333333333333333,0.2989690721649484,0.3333333333333333,0.2364864864864864,0.2366863905325443,Regierung,1.0,0.0,20.0,WP20,2024,10,21,0.9642857142857144,2.892857142857143,7.394444444444444,1.0,1.3928571428571428,0.5,8.785714285714286,8.647058823529411,8.083333333333334,6.65,7.611111111111111,56,42,14,17,12,20,36,0.25,0.3035714285714285,0.2142857142857142,0.3571428571428571,0.6428571428571429,0.7005494505494505,2.101648351648352,5.774174174174174,0.8021978021978022,0.9752747252747253,0.3241758241758241,7.862637362637363,5.71602434077079,7.683333333333334,4.507142857142858,6.21111111111111,2
160,2024-10-10,2024-10-31,17,linke,3.0,3.0,0.0,0.0,0.4666666666666666,1.4,0.7685185185185186,0.4285714285714285,0.8571428571428571,0.1142857142857142,0.4,1.0,0.0,0.625,0.7777777777777778,5,4,6,8,9,35,18,345.7142857142857,True,False,0.0,Die Linke,0.1428571428571428,0.1142857142857142,0.1714285714285714,0.2285714285714285,0.2571428571428571,460,78,97,45,148,169,0.0108695652173913,0.008695652173913,0.0130434782608695,0.017391304347826,0.0195652173913043,0.0641025641025641,0.0412371134020618,0.1333333333333333,0.054054054054054,0.0532544378698224,Opposition,0.0,1.0,20.0,WP20,2024,10,21,0.9642857142857144,2.892857142857143,7.394444444444444,1.0,1.3928571428571428,0.5,8.785714285714286,8.647058823529411,8.083333333333334,6.65,7.611111111111111,56,42,14,17,12,20,36,0.25,0.3035714285714285,0.2142857142857142,0.3571428571428571,0.6428571428571429,0.4976190476190477,1.4928571428571429,6.625925925925925,0.5714285714285714,0.5357142857142857,0.3857142857142857,8.385714285714286,7.647058823529411,8.083333333333334,6.025,6.833333333333333,3
160,2024-10-10,2024-10-31,17,spd,16.0,15.0,1.0,1.0,0.247086247086247,0.7412587412587412,1.9527777777777775,0.2237762237762237,0.3776223776223776,0.1398601398601398,1.8421052631578947,3.088235294117647,0.4166666666666667,2.276595744680851,1.58,19,34,12,47,50,143,90,588.6643356643357,True,False,2.0,SPD,0.1328671328671328,0.2377622377622377,0.0839160839160839,0.3286713286713286,0.3496503496503496,460,78,97,45,148,169,0.0413043478260869,0.0739130434782608,0.0260869565217391,0.1021739130434782,0.108695652173913,0.2435897435897435,0.3505154639175257,0.2666666666666666,0.3175675675675675,0.2958579881656805,Regierung,1.0,0.0,20.0,WP20,2024,10,21,0.9642857142857144,2.892857142857143,7.394444444444444,1.0,1.3928571428571428,0.5,8.785714285714286,8.647058823529411,8.083333333333334,6.65,7.611111111111111,56,42,14,17,12,20,36,0.25,0.3035714285714285,0.2142857142857142,0.3571428571428571,0.6428571428571429,0.7171994671994673,2.151598401598401,5.441666666666666,0.7762237762237763,1.0152347652347653,0.3601398601398601,6.943609022556392,5.5588235294117645,7.666666666666667,4.37340425531915,6.031111111111111,4
161,2024-10-31,2024-11-07,17,cdu/csu,34.0,31.0,3.0,3.0,0.3666666666666666,1.1,4.071428571428571,0.4,0.7,0.0,5.166666666666667,,,1.0,3.4,6,0,0,1,5,10,7,597.3,True,False,4.0,CDU/CSU,0.6,0.0,0.0,0.1,0.5,34,22,0,1,2,16,0.1764705882352941,0.0,0.0,0.0294117647058823,0.1470588235294117,0.2727272727272727,,0.0,0.5,0.3125,Opposition,0.0,1.0,20.0,WP20,2024,10,7,1.0666666666666669,3.2,8.416666666666668,1.2,1.6,0.4,8.666666666666666,7.0,8.666666666666666,9.0,8.0,5,5,3,1,3,2,4,0.6,0.2,0.6,0.4,0.8,0.7,2.1,4.345238095238097,0.7999999999999999,0.9000000000000001,0.4,3.499999999999999,,,8.0,4.6,0
161,2024-10-31,2024-11-07,17,fdp,4.0,3.0,1.0,1.0,0.1999999999999999,0.6,3.375,0.2,0.4,0.0,5.0,,,,2.25,3,0,0,0,4,5,4,574.2,True,False,3.0,FDP,0.6,0.0,0.0,0.0,0.8,34,22,0,1,2,16,0.088235294117647,0.0,0.0,0.0,0.1176470588235294,0.1363636363636363,,0.0,0.0,0.25,Regierung,1.0,0.0,20.0,WP20,2024,10,7,1.0666666666666669,3.2,8.416666666666668,1.2,1.6,0.4,8.666666666666666,7.0,8.666666666666666,9.0,8.0,5,5,3,1,3,2,4,0.6,0.2,0.6,0.4,0.8,0.8666666666666667,2.6,5.041666666666668,1.0,1.2000000000000002,0.4,3.666666666666666,,,,5.75,1
161,2024-10-31,2024-11-07,17,grüne,11.0,13.0,-2.0,2.0,0.238095238095238,0.7142857142857143,1.9,0.1428571428571428,0.5714285714285714,0.0,2.2,,,,1.3333333333333333,5,0,0,0,3,7,5,543.4285714285714,True,False,1.0,Bündnis 90/Die Grünen,0.7142857142857143,0.0,0.0,0.0,0.4285714285714285,34,22,0,1,2,16,0.1470588235294117,0.0,0.0,0.0,0.088235294117647,0.2272727272727272,,0.0,0.0,0.1875,Regierung,1.0,0.0,20.0,WP20,2024,10,7,1.0666666666666669,3.2,8.416666666666668,1.2,1.6,0.4,8.666666666666666,7.0,8.666666666666666,9.0,8.0,5,5,3,1,3,2,4,0.6,0.2,0.6,0.4,0.8,0.8285714285714285,2.4857142857142858,6.516666666666668,1.0571428571428572,1.0285714285714287,0.4,6.466666666666666,,,,6.666666666666667,2
161,2024-10-31,2024-11-07,17,linke,,3.0,,,0.7777777777777777,2.333333333333333,1.0,0.6666666666666666,1.6666666666666667,0.0,1.0,,,,,2,0,0,0,0,3,2,321.6666666666667,True,False,0.0,Die Linke,0.6666666666666666,0.0,0.0,0.0,0.0,34,22,0,1,2,16,0.0588235294117647,0.0,0.0,0.0,0.0,0.0909090909090909,,0.0,0.0,0.0,Opposition,0.0,1.0,20.0,WP20,2024,10,7,1.0666666666666669,3.2,8.416666666666668,1.2,1.6,0.4,8.666666666666666,7.0,8.666666666666666,9.0,8.0,5,5,3,1,3,2,4,0.6,0.2,0.6,0.4,0.8,0.288888888888889,0.8666666666666667,7.416666666666668,0.5333333333333333,0.0666666666666666,0.4,7.666666666666666,,,,,3
161,2024-10-31,2024-11-07,17,spd,16.0,16.0,0.0,0.0,0.1851851851851851,0.5555555555555556,1.8571428571428568,0.0,0.4444444444444444,0.1111111111111111,2.0,,1.0,0.0,2.25,6,0,1,1,4,9,7,736.8888888888889,True,False,2.0,SPD,0.6666666666666666,0.0,0.1111111111111111,0.1111111111111111,0.4444444444444444,34,22,0,1,2,16,0.1764705882352941,0.0,0.0294117647058823,0.0294117647058823,0.1176470588235294,0.2727272727272727,,1.0,0.5,0.25,Regierung,1.0,0.0,20.0,WP20,2024,10,7,1.0666666666666669,3.2,8.416666666666668,1.2,1.6,0.4,8.666666666666666,7.0,8.666666666666666,9.0,8.0,5,5,3,1,3,2,4,0.6,0.2,0.6,0.4,0.8,0.8814814814814815,2.644444444444445,6.55952380952381,1.2,1.1555555555555557,0.2888888888888889,6.666666666666666,,7.666666666666666,9.0,5.75,4
162,2024-11-07,2024-11-21,18,cdu/csu,34.0,34.0,0.0,0.0,0.6262626262626262,1.878787878787879,4.410256410256411,0.5454545454545454,1.0,0.3333333333333333,5.833333333333333,6.5,4.0,4.533333333333333,3.636363636363636,6,6,4,15,22,33,26,690.1515151515151,True,False,4.0,CDU/CSU,0.1818181818181818,0.1818181818181818,0.1212121212121212,0.4545454545454545,0.6666666666666666,131,26,20,21,59,78,0.0458015267175572,0.0458015267175572,0.0305343511450381,0.1145038167938931,0.1679389312977099,0.2307692307692307,0.3,0.1904761904761904,0.2542372881355932,0.282051282051282,Opposition,0.0,1.0,20.0,WP20,2024,11,14,1.431372549019608,4.294117647058823,8.430208333333333,1.588235294117647,1.7647058823529411,0.9411764705882352,9.6,9.0,9.333333333333334,7.9,8.733333333333333,17,16,10,11,6,10,15,0.5882352941176471,0.6470588235294118,0.3529411764705882,0.5882352941176471,0.8823529411764706,0.8051099227569817,2.4153297682709445,4.019951923076922,1.0427807486631016,0.7647058823529411,0.607843137254902,3.7666666666666666,2.5,5.333333333333334,3.366666666666667,5.096969696969696,0
162,2024-11-07,2024-11-21,18,fdp,5.0,4.0,1.0,1.0,0.3,0.9,3.0595238095238098,0.25,0.55,0.1,5.0,5.0,4.5,2.4285714285714284,2.8181818181818183,4,2,4,7,11,20,14,715.95,True,False,3.0,FDP,0.2,0.1,0.2,0.35,0.55,131,26,20,21,59,78,0.0305343511450381,0.015267175572519,0.0305343511450381,0.0534351145038167,0.0839694656488549,0.1538461538461538,0.1,0.1904761904761904,0.1186440677966101,0.141025641025641,Regierung,1.0,0.0,20.0,WP20,2024,11,14,1.431372549019608,4.294117647058823,8.430208333333333,1.588235294117647,1.7647058823529411,0.9411764705882352,9.6,9.0,9.333333333333334,7.9,8.733333333333333,17,16,10,11,6,10,15,0.5882352941176471,0.6470588235294118,0.3529411764705882,0.5882352941176471,0.8823529411764706,1.1313725490196078,3.3941176470588235,5.370684523809523,1.338235294117647,1.214705882352941,0.8411764705882353,4.6,4.0,4.833333333333334,5.471428571428572,5.915151515151514,1
162,2024-11-07,2024-11-21,18,grüne,12.0,11.0,1.0,1.0,0.1923076923076923,0.5769230769230769,1.146969696969697,0.1538461538461538,0.2692307692307692,0.1538461538461538,1.0,2.333333333333333,1.0,1.181818181818182,1.0,7,3,5,11,17,26,22,612.6153846153846,True,False,1.0,Bündnis 90/Die Grünen,0.2692307692307692,0.1153846153846153,0.1923076923076923,0.4230769230769231,0.6538461538461539,131,26,20,21,59,78,0.0534351145038167,0.0229007633587786,0.0381679389312977,0.0839694656488549,0.1297709923664122,0.2692307692307692,0.15,0.238095238095238,0.1864406779661017,0.2179487179487179,Regierung,1.0,0.0,20.0,WP20,2024,11,14,1.431372549019608,4.294117647058823,8.430208333333333,1.588235294117647,1.7647058823529411,0.9411764705882352,9.6,9.0,9.333333333333334,7.9,8.733333333333333,17,16,10,11,6,10,15,0.5882352941176471,0.6470588235294118,0.3529411764705882,0.5882352941176471,0.8823529411764706,1.2390648567119156,3.7171945701357463,7.283238636363636,1.434389140271493,1.495475113122172,0.7873303167420814,8.6,6.666666666666666,8.333333333333334,6.718181818181819,7.733333333333332,2
162,2024-11-07,2024-11-21,18,linke,,,,,0.6153846153846153,1.8461538461538465,1.875,0.7692307692307693,1.0,0.0769230769230769,2.0,,2.0,1.5,2.0,1,0,1,4,4,13,8,420.1538461538461,True,False,0.0,Die Linke,0.0769230769230769,0.0,0.0769230769230769,0.3076923076923077,0.3076923076923077,131,26,20,21,59,78,0.0076335877862595,0.0,0.0076335877862595,0.0305343511450381,0.0305343511450381,0.0384615384615384,0.0,0.0476190476190476,0.0677966101694915,0.0512820512820512,Opposition,0.0,1.0,20.0,WP20,2024,11,14,1.431372549019608,4.294117647058823,8.430208333333333,1.588235294117647,1.7647058823529411,0.9411764705882352,9.6,9.0,9.333333333333334,7.9,8.733333333333333,17,16,10,11,6,10,15,0.5882352941176471,0.6470588235294118,0.3529411764705882,0.5882352941176471,0.8823529411764706,0.8159879336349926,2.447963800904977,6.555208333333333,0.8190045248868777,0.7647058823529411,0.8642533936651584,7.6,,7.333333333333334,6.4,6.7333333333333325,3
162,2024-11-07,2024-11-21,18,spd,16.0,16.0,0.0,0.0,0.188034188034188,0.5641025641025641,1.5757575757575757,0.0769230769230769,0.282051282051282,0.2051282051282051,1.375,3.555555555555556,0.7142857142857143,1.2272727272727273,1.1666666666666667,8,9,7,22,24,39,33,709.4358974358975,True,False,2.0,SPD,0.2051282051282051,0.2307692307692307,0.1794871794871795,0.5641025641025641,0.6153846153846154,131,26,20,21,59,78,0.0610687022900763,0.0687022900763358,0.0534351145038167,0.1679389312977099,0.183206106870229,0.3076923076923077,0.45,0.3333333333333333,0.3728813559322034,0.3076923076923077,Regierung,1.0,0.0,20.0,WP20,2024,11,14,1.431372549019608,4.294117647058823,8.430208333333333,1.588235294117647,1.7647058823529411,0.9411764705882352,9.6,9.0,9.333333333333334,7.9,8.733333333333333,17,16,10,11,6,10,15,0.5882352941176471,0.6470588235294118,0.3529411764705882,0.5882352941176471,0.8823529411764706,1.2433383609854198,3.73001508295626,6.854450757575757,1.51131221719457,1.4826546003016592,0.7360482654600302,8.225,5.444444444444445,8.61904761904762,6.672727272727273,7.5666666666666655,4
163,2024-11-21,2024-12-05,19,cdu/csu,33.0,34.0,-1.0,1.0,0.5,1.5,4.25,0.4166666666666667,1.0833333333333333,0.0,8.0,8.0,0.0,1.75,5.8,5,1,3,4,5,12,8,618.0833333333334,True,False,4.0,CDU/CSU,0.4166666666666667,0.0833333333333333,0.25,0.3333333333333333,0.4166666666666667,42,18,2,5,9,15,0.119047619047619,0.0238095238095238,0.0714285714285714,0.0952380952380952,0.119047619047619,0.2777777777777778,0.5,0.6,0.4444444444444444,0.3333333333333333,Opposition,0.0,1.0,20.0,WP20,2024,11,14,1.1111111111111112,3.333333333333333,8.5625,1.3333333333333333,1.8333333333333333,0.1666666666666666,9.0,8.0,,7.5,8.0,6,4,3,1,0,2,3,0.5,0.1666666666666666,0.0,0.3333333333333333,0.5,0.6111111111111112,1.8333333333333333,4.3125,0.9166666666666664,0.75,0.1666666666666666,1.0,0.0,,5.75,2.2,0
163,2024-11-21,2024-12-05,19,fdp,4.0,5.0,-1.0,1.0,0.238095238095238,0.7142857142857143,5.0,0.1428571428571428,0.5714285714285714,0.0,8.0,,,2.0,4.75,3,0,0,1,4,7,5,758.7142857142857,True,False,3.0,FDP,0.4285714285714285,0.0,0.0,0.1428571428571428,0.5714285714285714,42,18,2,5,9,15,0.0714285714285714,0.0,0.0,0.0238095238095238,0.0952380952380952,0.1666666666666666,0.0,0.0,0.1111111111111111,0.2666666666666666,Regierung,1.0,0.0,20.0,WP20,2024,11,14,1.1111111111111112,3.333333333333333,8.5625,1.3333333333333333,1.8333333333333333,0.1666666666666666,9.0,8.0,,7.5,8.0,6,4,3,1,0,2,3,0.5,0.1666666666666666,0.0,0.3333333333333333,0.5,0.873015873015873,2.619047619047619,3.5625,1.1904761904761905,1.261904761904762,0.1666666666666666,1.0,,,5.5,3.25,1
163,2024-11-21,2024-12-05,19,grüne,14.0,12.0,2.0,2.0,0.3333333333333333,1.0,1.4,0.375,0.625,0.0,1.5,,1.0,0.0,2.0,4,0,1,1,1,8,5,563.125,True,False,1.0,Bündnis 90/Die Grünen,0.5,0.0,0.125,0.125,0.125,42,18,2,5,9,15,0.0952380952380952,0.0,0.0238095238095238,0.0238095238095238,0.0238095238095238,0.2222222222222222,0.0,0.2,0.1111111111111111,0.0666666666666666,Regierung,1.0,0.0,20.0,WP20,2024,11,14,1.1111111111111112,3.333333333333333,8.5625,1.3333333333333333,1.8333333333333333,0.1666666666666666,9.0,8.0,,7.5,8.0,6,4,3,1,0,2,3,0.5,0.1666666666666666,0.0,0.3333333333333333,0.5,0.7777777777777779,2.333333333333333,7.1625,0.9583333333333331,1.2083333333333333,0.1666666666666666,7.5,,,7.5,6.0,2
163,2024-11-21,2024-12-05,19,linke,3.0,,,,0.4166666666666666,1.25,1.0,0.5,0.75,0.0,1.0,,,,,1,0,0,0,0,4,1,451.25,True,False,0.0,Die Linke,0.25,0.0,0.0,0.0,0.0,42,18,2,5,9,15,0.0238095238095238,0.0,0.0,0.0,0.0,0.0555555555555555,0.0,0.0,0.0,0.0,Opposition,0.0,1.0,20.0,WP20,2024,11,14,1.1111111111111112,3.333333333333333,8.5625,1.3333333333333333,1.8333333333333333,0.1666666666666666,9.0,8.0,,7.5,8.0,6,4,3,1,0,2,3,0.5,0.1666666666666666,0.0,0.3333333333333333,0.5,0.6944444444444445,2.083333333333333,7.5625,0.8333333333333333,1.0833333333333333,0.1666666666666666,8.0,,,,,3
163,2024-11-21,2024-12-05,19,spd,14.0,16.0,-2.0,2.0,0.3636363636363636,1.0909090909090908,1.8333333333333333,0.2727272727272727,0.7272727272727273,0.0909090909090909,1.6,8.0,0.0,2.0,2.0,5,1,1,3,5,11,8,688.1818181818181,True,False,2.0,SPD,0.4545454545454545,0.0909090909090909,0.0909090909090909,0.2727272727272727,0.4545454545454545,42,18,2,5,9,15,0.119047619047619,0.0238095238095238,0.0238095238095238,0.0714285714285714,0.119047619047619,0.2777777777777778,0.5,0.2,0.3333333333333333,0.3333333333333333,Regierung,1.0,0.0,20.0,WP20,2024,11,14,1.1111111111111112,3.333333333333333,8.5625,1.3333333333333333,1.8333333333333333,0.1666666666666666,9.0,8.0,,7.5,8.0,6,4,3,1,0,2,3,0.5,0.1666666666666666,0.0,0.3333333333333333,0.5,0.7474747474747475,2.2424242424242427,6.729166666666666,1.0606060606060606,1.106060606060606,0.0757575757575757,7.4,0.0,,5.5,6.0,4
164,2024-12-05,2024-12-19,18,cdu/csu,32.0,33.0,-1.0,1.0,0.3755274261603375,1.1265822784810129,3.975308641975309,0.2784810126582278,0.7341772151898734,0.1139240506329113,5.384615384615385,6.1,6.090909090909091,4.0,3.928571428571429,13,10,11,32,28,79,54,667.5316455696203,True,False,4.0,CDU/CSU,0.1645569620253164,0.1265822784810126,0.1392405063291139,0.4050632911392405,0.3544303797468354,259,54,32,43,109,103,0.0501930501930501,0.0386100386100386,0.0424710424710424,0.1235521235521235,0.1081081081081081,0.2407407407407407,0.3125,0.2558139534883721,0.2935779816513761,0.2718446601941747,Opposition,0.0,1.0,20.0,WP20,2024,12,14,1.1166666666666667,3.35,7.560185185185186,1.35,1.625,0.375,8.833333333333334,8.733333333333333,8.090909090909092,6.777777777777778,8.2,40,36,12,15,11,18,25,0.3,0.375,0.275,0.45,0.625,0.7411392405063292,2.223417721518987,3.584876543209877,1.0715189873417723,0.8908227848101266,0.2610759493670886,3.448717948717949,2.633333333333333,2.000000000000001,2.7777777777777777,4.2714285714285705,0
164,2024-12-05,2024-12-19,18,fdp,4.0,4.0,0.0,0.0,0.2333333333333333,0.7,2.935483870967742,0.1,0.475,0.125,6.444444444444445,4.25,0.25,2.2857142857142856,2.3,9,4,4,14,20,40,31,605.825,True,False,3.0,FDP,0.225,0.1,0.1,0.35,0.5,259,54,32,43,109,103,0.0347490347490347,0.0154440154440154,0.0154440154440154,0.054054054054054,0.0772200772200772,0.1666666666666666,0.125,0.0930232558139534,0.128440366972477,0.1941747572815534,Regierung,1.0,0.0,20.0,WP20,2024,12,14,1.1166666666666667,3.35,7.560185185185186,1.35,1.625,0.375,8.833333333333334,8.733333333333333,8.090909090909092,6.777777777777778,8.2,40,36,12,15,11,18,25,0.3,0.375,0.275,0.45,0.625,0.8833333333333334,2.6500000000000004,4.624701314217444,1.25,1.15,0.25,2.3888888888888893,4.4833333333333325,7.840909090909092,4.492063492063492,5.9,1
164,2024-12-05,2024-12-19,18,grüne,14.0,14.0,0.0,0.0,0.2833333333333333,0.85,1.579047619047619,0.275,0.45,0.125,1.5,4.375,1.1111111111111112,1.6666666666666667,1.0952380952380951,12,8,9,21,21,40,35,622.975,True,False,1.0,Bündnis 90/Die Grünen,0.3,0.2,0.225,0.525,0.525,259,54,32,43,109,103,0.0463320463320463,0.0308880308880308,0.0347490347490347,0.081081081081081,0.081081081081081,0.2222222222222222,0.25,0.2093023255813953,0.1926605504587156,0.203883495145631,Regierung,1.0,0.0,20.0,WP20,2024,12,14,1.1166666666666667,3.35,7.560185185185186,1.35,1.625,0.375,8.833333333333334,8.733333333333333,8.090909090909092,6.777777777777778,8.2,40,36,12,15,11,18,25,0.3,0.375,0.275,0.45,0.625,0.8333333333333334,2.5,5.981137566137567,1.0750000000000002,1.175,0.25,7.333333333333334,4.3583333333333325,6.979797979797981,5.111111111111111,7.104761904761904,2
164,2024-12-05,2024-12-19,18,linke,3.0,3.0,0.0,0.0,0.5333333333333333,1.6,1.6228070175438596,0.72,0.8,0.08,1.8,1.5,0.8,1.3333333333333333,2.5,5,2,5,12,6,25,19,417.88,True,False,0.0,Die Linke,0.2,0.08,0.2,0.48,0.24,259,54,32,43,109,103,0.0193050193050193,0.0077220077220077,0.0193050193050193,0.0463320463320463,0.0231660231660231,0.0925925925925925,0.0625,0.1162790697674418,0.110091743119266,0.058252427184466,Opposition,0.0,1.0,20.0,WP20,2024,12,14,1.1166666666666667,3.35,7.560185185185186,1.35,1.625,0.375,8.833333333333334,8.733333333333333,8.090909090909092,6.777777777777778,8.2,40,36,12,15,11,18,25,0.3,0.375,0.275,0.45,0.625,0.5833333333333334,1.75,5.937378167641326,0.6300000000000001,0.825,0.295,7.033333333333334,7.233333333333332,7.290909090909092,5.444444444444445,5.699999999999999,3
164,2024-12-05,2024-12-19,18,spd,16.0,14.0,2.0,2.0,0.2666666666666666,0.8,1.949685534591195,0.28,0.48,0.04,1.6666666666666667,2.0,1.3571428571428572,2.533333333333333,1.7142857142857142,15,8,14,30,28,75,53,641.9466666666667,True,False,2.0,SPD,0.2,0.1066666666666666,0.1866666666666666,0.4,0.3733333333333333,259,54,32,43,109,103,0.0579150579150579,0.0308880308880308,0.054054054054054,0.1158301158301158,0.1081081081081081,0.2777777777777778,0.25,0.3255813953488372,0.2752293577981651,0.2718446601941747,Regierung,1.0,0.0,20.0,WP20,2024,12,14,1.1166666666666667,3.35,7.560185185185186,1.35,1.625,0.375,8.833333333333334,8.733333333333333,8.090909090909092,6.777777777777778,8.2,40,36,12,15,11,18,25,0.3,0.375,0.275,0.45,0.625,0.8500000000000001,2.55,5.610499650593991,1.07,1.145,0.335,7.166666666666667,6.7333333333333325,6.733766233766234,4.2444444444444445,6.485714285714285,4
165,2024-12-19,2025-01-09,19,cdu/csu,33.0,32.0,1.0,1.0,0.6477987421383649,1.9433962264150944,5.164529914529914,0.6226415094339622,1.0377358490566038,0.2830188679245283,5.5625,8.272727272727273,7.333333333333333,4.947368421052632,5.653846153846154,16,11,3,19,26,53,39,652.9245283018868,True,False,4.0,CDU/CSU,0.3018867924528302,0.2075471698113207,0.0566037735849056,0.3584905660377358,0.490566037735849,180,58,35,10,56,81,0.0888888888888888,0.0611111111111111,0.0166666666666666,0.1055555555555555,0.1444444444444444,0.2758620689655172,0.3142857142857143,0.3,0.3392857142857143,0.3209876543209876,Opposition,0.0,1.0,20.0,WP20,2024,12,21,1.0595238095238095,3.1785714285714284,7.197368421052632,1.2142857142857142,1.5714285714285714,0.3928571428571428,8.0,8.571428571428571,7.5,7.0,7.352941176470588,28,19,6,7,2,9,17,0.2142857142857142,0.25,0.0714285714285714,0.3214285714285714,0.6071428571428571,0.4117250673854447,1.235175202156334,2.032838506522718,0.591644204851752,0.5336927223719676,0.1098382749326145,2.4375,0.2987012987012978,0.1666666666666669,2.052631578947368,1.6990950226244337,0
165,2024-12-19,2025-01-09,19,fdp,3.0,4.0,-1.0,1.0,0.3333333333333333,1.0,3.1416666666666666,0.2142857142857142,0.6428571428571429,0.1428571428571428,6.333333333333333,5.6,4.0,1.6,2.2,6,5,2,10,15,28,20,621.8214285714286,True,False,3.0,FDP,0.2142857142857142,0.1785714285714285,0.0714285714285714,0.3571428571428571,0.5357142857142857,180,58,35,10,56,81,0.0333333333333333,0.0277777777777777,0.0111111111111111,0.0555555555555555,0.0833333333333333,0.1034482758620689,0.1428571428571428,0.2,0.1785714285714285,0.1851851851851851,Regierung,1.0,0.0,20.0,WP20,2024,12,21,1.0595238095238095,3.1785714285714284,7.197368421052632,1.2142857142857142,1.5714285714285714,0.3928571428571428,8.0,8.571428571428571,7.5,7.0,7.352941176470588,28,19,6,7,2,9,17,0.2142857142857142,0.25,0.0714285714285714,0.3214285714285714,0.6071428571428571,0.7261904761904763,2.1785714285714284,4.055701754385965,1.0,0.9285714285714284,0.25,1.666666666666667,2.9714285714285715,3.5,5.4,5.152941176470588,1
165,2024-12-19,2025-01-09,19,grüne,14.0,14.0,0.0,0.0,0.3809523809523809,1.1428571428571428,1.7142857142857142,0.2857142857142857,0.6857142857142857,0.1714285714285714,1.4,2.375,1.6666666666666667,2.0,1.0,15,8,3,12,15,35,28,631.7142857142857,True,False,1.0,Bündnis 90/Die Grünen,0.4285714285714285,0.2285714285714285,0.0857142857142857,0.3428571428571428,0.4285714285714285,180,58,35,10,56,81,0.0833333333333333,0.0444444444444444,0.0166666666666666,0.0666666666666666,0.0833333333333333,0.2586206896551724,0.2285714285714285,0.3,0.2142857142857142,0.1851851851851851,Regierung,1.0,0.0,20.0,WP20,2024,12,21,1.0595238095238095,3.1785714285714284,7.197368421052632,1.2142857142857142,1.5714285714285714,0.3928571428571428,8.0,8.571428571428571,7.5,7.0,7.352941176470588,28,19,6,7,2,9,17,0.2142857142857142,0.25,0.0714285714285714,0.3214285714285714,0.6071428571428571,0.6785714285714286,2.0357142857142856,5.483082706766917,0.9285714285714284,0.8857142857142857,0.2214285714285714,6.6,6.196428571428571,5.833333333333333,5.0,6.352941176470588,2
165,2024-12-19,2025-01-09,19,linke,3.0,3.0,0.0,0.0,0.5476190476190476,1.6428571428571428,1.3888888888888888,0.7142857142857143,0.9285714285714286,0.0,1.8,2.0,,0.5,1.4,5,1,0,2,5,14,9,374.7142857142857,True,False,0.0,Die Linke,0.3571428571428571,0.0714285714285714,0.0,0.1428571428571428,0.3571428571428571,180,58,35,10,56,81,0.0277777777777777,0.0055555555555555,0.0,0.0111111111111111,0.0277777777777777,0.0862068965517241,0.0285714285714285,0.0,0.0357142857142857,0.0617283950617283,Opposition,0.0,1.0,20.0,WP20,2024,12,21,1.0595238095238095,3.1785714285714284,7.197368421052632,1.2142857142857142,1.5714285714285714,0.3928571428571428,8.0,8.571428571428571,7.5,7.0,7.352941176470588,28,19,6,7,2,9,17,0.2142857142857142,0.25,0.0714285714285714,0.3214285714285714,0.6071428571428571,0.511904761904762,1.5357142857142856,5.808479532163743,0.4999999999999999,0.6428571428571428,0.3928571428571428,6.2,6.571428571428571,,6.5,5.952941176470588,3
165,2024-12-19,2025-01-09,19,spd,14.0,16.0,-2.0,2.0,0.3133333333333333,0.94,1.7476190476190476,0.28,0.56,0.1,1.25,2.7,4.5,2.4615384615384617,0.95,16,10,2,13,20,50,35,710.9,True,False,2.0,SPD,0.32,0.2,0.04,0.26,0.4,180,58,35,10,56,81,0.0888888888888888,0.0555555555555555,0.0111111111111111,0.0722222222222222,0.1111111111111111,0.2758620689655172,0.2857142857142857,0.2,0.2321428571428571,0.2469135802469135,Regierung,1.0,0.0,20.0,WP20,2024,12,21,1.0595238095238095,3.1785714285714284,7.197368421052632,1.2142857142857142,1.5714285714285714,0.3928571428571428,8.0,8.571428571428571,7.5,7.0,7.352941176470588,28,19,6,7,2,9,17,0.2142857142857142,0.25,0.0714285714285714,0.3214285714285714,0.6071428571428571,0.7461904761904763,2.2385714285714284,5.449749373433584,0.9342857142857142,1.0114285714285711,0.2928571428571428,6.75,5.871428571428571,3.0,4.538461538461538,6.402941176470588,4
166,2025-01-09,2025-01-30,20,cdu/csu,31.0,33.0,-2.0,2.0,1.0476190476190477,3.142857142857143,7.097222222222222,1.1428571428571428,1.4285714285714286,0.5714285714285714,7.5,8.25,8.0,6.333333333333333,6.666666666666667,2,4,1,3,6,7,6,816.0,True,False,4.0,CDU/CSU,0.2857142857142857,0.5714285714285714,0.1428571428571428,0.4285714285714285,0.8571428571428571,26,4,17,4,15,20,0.0769230769230769,0.1538461538461538,0.0384615384615384,0.1153846153846153,0.2307692307692307,0.5,0.2352941176470588,0.25,0.2,0.3,Opposition,0.0,1.0,20.0,WP20,2025,1,21,1.6666666666666667,5.0,8.722222222222221,2.0,2.0,1.0,9.0,10.0,8.0,7.5,9.0,3,3,1,2,1,2,3,0.3333333333333333,0.6666666666666666,0.3333333333333333,0.6666666666666666,1.0,0.6190476190476191,1.8571428571428568,1.6249999999999991,0.8571428571428572,0.5714285714285714,0.4285714285714286,1.5,1.75,0.0,1.166666666666667,2.333333333333333,0
166,2025-01-09,2025-01-30,20,fdp,4.0,3.0,1.0,1.0,0.6666666666666666,2.0,6.0,0.4444444444444444,0.6666666666666666,0.8888888888888888,,7.0,7.0,5.857142857142857,5.285714285714286,0,7,1,7,7,9,7,637.8888888888889,True,False,3.0,FDP,0.0,0.7777777777777778,0.1111111111111111,0.7777777777777778,0.7777777777777778,26,4,17,4,15,20,0.0,0.2692307692307692,0.0384615384615384,0.2692307692307692,0.2692307692307692,0.0,0.4117647058823529,0.25,0.4666666666666667,0.35,Regierung,1.0,0.0,20.0,WP20,2025,1,21,1.6666666666666667,5.0,8.722222222222221,2.0,2.0,1.0,9.0,10.0,8.0,7.5,9.0,3,3,1,2,1,2,3,0.3333333333333333,0.6666666666666666,0.3333333333333333,0.6666666666666666,1.0,1.0,3.0,2.722222222222221,1.5555555555555556,1.3333333333333337,0.1111111111111111,,3.0,1.0,1.6428571428571432,3.7142857142857135,1
166,2025-01-09,2025-01-30,20,grüne,14.0,14.0,0.0,0.0,0.8888888888888888,2.6666666666666665,2.1666666666666665,0.6666666666666666,1.3333333333333333,0.6666666666666666,2.0,2.5,,2.0,2.0,1,2,0,1,2,3,2,524.6666666666666,True,False,1.0,Bündnis 90/Die Grünen,0.3333333333333333,0.6666666666666666,0.0,0.3333333333333333,0.6666666666666666,26,4,17,4,15,20,0.0384615384615384,0.0769230769230769,0.0,0.0384615384615384,0.0769230769230769,0.25,0.1176470588235294,0.0,0.0666666666666666,0.1,Regierung,1.0,0.0,20.0,WP20,2025,1,21,1.6666666666666667,5.0,8.722222222222221,2.0,2.0,1.0,9.0,10.0,8.0,7.5,9.0,3,3,1,2,1,2,3,0.3333333333333333,0.6666666666666666,0.3333333333333333,0.6666666666666666,1.0,0.7777777777777779,2.333333333333333,6.555555555555555,1.3333333333333337,0.6666666666666667,0.3333333333333333,7.0,7.5,,5.5,7.0,2
166,2025-01-09,2025-01-30,20,linke,4.0,3.0,1.0,1.0,1.5,4.5,1.25,1.0,2.0,1.5,,2.0,0.0,2.0,1.0,0,1,1,1,1,2,1,485.5,True,False,0.0,Die Linke,0.0,0.5,0.5,0.5,0.5,26,4,17,4,15,20,0.0,0.0384615384615384,0.0384615384615384,0.0384615384615384,0.0384615384615384,0.0,0.0588235294117647,0.25,0.0666666666666666,0.05,Opposition,0.0,1.0,20.0,WP20,2025,1,21,1.6666666666666667,5.0,8.722222222222221,2.0,2.0,1.0,9.0,10.0,8.0,7.5,9.0,3,3,1,2,1,2,3,0.3333333333333333,0.6666666666666666,0.3333333333333333,0.6666666666666666,1.0,0.1666666666666667,0.5,7.472222222222221,1.0,0.0,0.5,,8.0,8.0,5.5,8.0,3
166,2025-01-09,2025-01-30,20,spd,15.0,14.0,1.0,1.0,0.4,1.2,1.8958333333333333,0.2,0.8,0.2,2.0,2.6666666666666665,1.0,2.333333333333333,1.25,1,3,1,3,4,5,4,826.2,True,False,2.0,SPD,0.2,0.6,0.2,0.6,0.8,26,4,17,4,15,20,0.0384615384615384,0.1153846153846153,0.0384615384615384,0.1153846153846153,0.1538461538461538,0.25,0.1764705882352941,0.25,0.2,0.2,Regierung,1.0,0.0,20.0,WP20,2025,1,21,1.6666666666666667,5.0,8.722222222222221,2.0,2.0,1.0,9.0,10.0,8.0,7.5,9.0,3,3,1,2,1,2,3,0.3333333333333333,0.6666666666666666,0.3333333333333333,0.6666666666666666,1.0,1.2666666666666666,3.8,6.826388888888888,1.8,1.2,0.8,7.0,7.333333333333334,7.0,5.166666666666666,7.75,4
167,2025-01-30,2025-02-06,20,cdu/csu,30.0,31.0,-1.0,1.0,0.509090909090909,1.5272727272727271,4.360975609756098,0.4181818181818181,0.8545454545454545,0.2545454545454545,6.222222222222222,8.333333333333334,1.7777777777777777,4.214285714285714,5.111111111111111,9,12,9,28,27,55,41,659.6909090909091,True,False,4.0,CDU/CSU,0.1636363636363636,0.2181818181818181,0.1636363636363636,0.509090909090909,0.4909090909090909,213,34,58,45,110,110,0.0422535211267605,0.056338028169014,0.0422535211267605,0.1314553990610328,0.1267605633802817,0.2647058823529412,0.2068965517241379,0.2,0.2545454545454545,0.2454545454545454,Opposition,0.0,1.0,20.0,WP20,2025,1,7,1.261904761904762,3.7857142857142856,8.565972222222223,1.2857142857142858,1.6428571428571428,0.8571428571428571,9.375,8.818181818181818,8.7,8.357142857142858,8.6,28,24,8,11,10,14,20,0.2857142857142857,0.3928571428571428,0.3571428571428571,0.5,0.7142857142857143,0.752813852813853,2.2584415584415583,4.204996612466125,0.8675324675324676,0.7883116883116883,0.6025974025974026,3.1527777777777777,0.4848484848484844,6.922222222222222,4.142857142857143,3.488888888888889,0
167,2025-01-30,2025-02-06,20,fdp,4.0,4.0,0.0,0.0,0.525,1.575,4.693548387096774,0.4,0.825,0.35,7.4,7.333333333333333,3.2,3.7916666666666665,4.4,5,15,5,24,20,40,31,601.525,True,False,3.0,FDP,0.125,0.375,0.125,0.6,0.5,213,34,58,45,110,110,0.0234741784037558,0.0704225352112676,0.0234741784037558,0.1126760563380281,0.0938967136150234,0.1470588235294117,0.2586206896551724,0.1111111111111111,0.2181818181818181,0.1818181818181818,Regierung,1.0,0.0,20.0,WP20,2025,1,7,1.261904761904762,3.7857142857142856,8.565972222222223,1.2857142857142858,1.6428571428571428,0.8571428571428571,9.375,8.818181818181818,8.7,8.357142857142858,8.6,28,24,8,11,10,14,20,0.2857142857142857,0.3928571428571428,0.3571428571428571,0.5,0.7142857142857143,0.7369047619047621,2.2107142857142854,3.872423835125449,0.8857142857142858,0.8178571428571428,0.5071428571428571,1.975,1.4848484848484853,5.499999999999999,4.565476190476192,4.199999999999999,1
167,2025-01-30,2025-02-06,20,grüne,15.0,14.0,1.0,1.0,0.4684684684684684,1.4054054054054057,1.5416666666666663,0.3513513513513513,0.7567567567567568,0.2972972972972973,1.7142857142857142,3.3,0.625,1.3888888888888888,1.1904761904761905,7,10,8,18,21,37,28,601.8108108108108,True,False,1.0,Bündnis 90/Die Grünen,0.1891891891891892,0.2702702702702703,0.2162162162162162,0.4864864864864865,0.5675675675675675,213,34,58,45,110,110,0.0328638497652582,0.0469483568075117,0.0375586854460093,0.0845070422535211,0.0985915492957746,0.2058823529411764,0.1724137931034483,0.1777777777777777,0.1636363636363636,0.1909090909090909,Regierung,1.0,0.0,20.0,WP20,2025,1,7,1.261904761904762,3.7857142857142856,8.565972222222223,1.2857142857142858,1.6428571428571428,0.8571428571428571,9.375,8.818181818181818,8.7,8.357142857142858,8.6,28,24,8,11,10,14,20,0.2857142857142857,0.3928571428571428,0.3571428571428571,0.5,0.7142857142857143,0.7934362934362936,2.3803088803088803,7.024305555555557,0.9343629343629344,0.886100386100386,0.5598455598455598,7.660714285714286,5.5181818181818185,8.075,6.968253968253968,7.409523809523809,2
167,2025-01-30,2025-02-06,20,linke,5.0,4.0,1.0,1.0,0.8541666666666666,2.5625,1.4821428571428572,0.875,1.125,0.5625,2.6666666666666665,3.2857142857142856,0.6666666666666666,0.9,1.0,3,7,6,10,10,16,14,441.6875,True,False,0.0,Die Linke,0.1875,0.4375,0.375,0.625,0.625,213,34,58,45,110,110,0.0140845070422535,0.0328638497652582,0.028169014084507,0.0469483568075117,0.0469483568075117,0.088235294117647,0.1206896551724138,0.1333333333333333,0.0909090909090909,0.0909090909090909,Opposition,0.0,1.0,20.0,WP20,2025,1,7,1.261904761904762,3.7857142857142856,8.565972222222223,1.2857142857142858,1.6428571428571428,0.8571428571428571,9.375,8.818181818181818,8.7,8.357142857142858,8.6,28,24,8,11,10,14,20,0.2857142857142857,0.3928571428571428,0.3571428571428571,0.5,0.7142857142857143,0.4077380952380954,1.2232142857142856,7.083829365079366,0.4107142857142858,0.5178571428571428,0.2946428571428571,6.708333333333334,5.532467532467533,8.033333333333333,7.457142857142857,7.6,3
167,2025-01-30,2025-02-06,20,spd,15.0,15.0,0.0,0.0,0.5128205128205129,1.5384615384615383,1.411764705882353,0.3692307692307692,0.7384615384615385,0.4307692307692308,1.6,2.2142857142857144,0.8235294117647058,1.5,1.1875,10,14,17,30,32,65,51,608.9384615384615,True,False,2.0,SPD,0.1538461538461538,0.2153846153846154,0.2615384615384615,0.4615384615384615,0.4923076923076923,213,34,58,45,110,110,0.0469483568075117,0.0657276995305164,0.0798122065727699,0.1408450704225352,0.1502347417840375,0.2941176470588235,0.2413793103448276,0.3777777777777777,0.2727272727272727,0.2909090909090909,Regierung,1.0,0.0,20.0,WP20,2025,1,7,1.261904761904762,3.7857142857142856,8.565972222222223,1.2857142857142858,1.6428571428571428,0.8571428571428571,9.375,8.818181818181818,8.7,8.357142857142858,8.6,28,24,8,11,10,14,20,0.2857142857142857,0.3928571428571428,0.3571428571428571,0.5,0.7142857142857143,0.7490842490842492,2.2472527472527477,7.15420751633987,0.9164835164835166,0.9043956043956044,0.4263736263736263,7.775,6.603896103896104,7.876470588235294,6.857142857142858,7.4125,4
168,2025-02-06,2025-02-13,21,cdu/csu,31.0,30.0,1.0,1.0,1.222222222222222,3.6666666666666665,7.677777777777777,1.3333333333333333,1.6666666666666667,0.6666666666666666,9.0,8.0,7.0,7.5,7.666666666666667,1,3,1,2,3,3,3,2097.0,True,False,4.0,CDU/CSU,0.3333333333333333,1.0,0.3333333333333333,0.6666666666666666,1.0,12,7,7,4,6,10,0.0833333333333333,0.25,0.0833333333333333,0.1666666666666666,0.25,0.1428571428571428,0.4285714285714285,0.25,0.3333333333333333,0.3,Opposition,0.0,1.0,20.0,WP20,2025,2,7,1.8333333333333333,5.5,8.3,2.0,2.0,1.5,9.0,8.5,8.0,7.5,8.5,2,2,2,2,2,2,2,1.0,1.0,1.0,1.0,1.0,0.6111111111111114,1.8333333333333333,0.6222222222222236,0.6666666666666667,0.3333333333333332,0.8333333333333334,0.0,0.5,1.0,0.0,0.833333333333333,0
168,2025-02-06,2025-02-13,21,fdp,4.0,4.0,0.0,0.0,0.8333333333333333,2.5,6.2,0.5,1.5,0.5,7.5,8.0,7.0,7.0,5.0,2,1,1,1,2,2,2,1438.5,True,False,3.0,FDP,1.0,0.5,0.5,0.5,1.0,12,7,7,4,6,10,0.1666666666666666,0.0833333333333333,0.0833333333333333,0.0833333333333333,0.1666666666666666,0.2857142857142857,0.1428571428571428,0.25,0.1666666666666666,0.2,Regierung,1.0,0.0,20.0,WP20,2025,2,7,1.8333333333333333,5.5,8.3,2.0,2.0,1.5,9.0,8.5,8.0,7.5,8.5,2,2,2,2,2,2,2,1.0,1.0,1.0,1.0,1.0,1.0000000000000002,3.0,2.1000000000000005,1.5,0.5,1.0,1.5,0.5,1.0,0.5,3.5,1
168,2025-02-06,2025-02-13,21,grüne,14.0,15.0,-1.0,1.0,0.6666666666666666,2.0,1.6,1.0,1.0,0.0,2.0,2.0,2.0,1.0,1.0,1,1,1,1,1,1,1,1584.0,True,False,1.0,Bündnis 90/Die Grünen,1.0,1.0,1.0,1.0,1.0,12,7,7,4,6,10,0.0833333333333333,0.0833333333333333,0.0833333333333333,0.0833333333333333,0.0833333333333333,0.1428571428571428,0.1428571428571428,0.25,0.1666666666666666,0.1,Regierung,1.0,0.0,20.0,WP20,2025,2,7,1.8333333333333333,5.5,8.3,2.0,2.0,1.5,9.0,8.5,8.0,7.5,8.5,2,2,2,2,2,2,2,1.0,1.0,1.0,1.0,1.0,1.166666666666667,3.5,6.700000000000001,1.0,1.0,1.5,7.0,6.5,6.0,6.5,7.5,2
168,2025-02-06,2025-02-13,21,linke,5.0,5.0,0.0,0.0,1.3333333333333333,4.0,1.25,2.0,2.0,0.0,2.0,,1.0,1.0,1.0,1,0,1,1,1,1,1,1481.0,True,False,0.0,Die Linke,1.0,0.0,1.0,1.0,1.0,12,7,7,4,6,10,0.0833333333333333,0.0,0.0833333333333333,0.0833333333333333,0.0833333333333333,0.1428571428571428,0.0,0.25,0.1666666666666666,0.1,Opposition,0.0,1.0,20.0,WP20,2025,2,7,1.8333333333333333,5.5,8.3,2.0,2.0,1.5,9.0,8.5,8.0,7.5,8.5,2,2,2,2,2,2,2,1.0,1.0,1.0,1.0,1.0,0.5000000000000002,1.5,7.050000000000001,0.0,0.0,1.5,7.0,,7.0,6.5,7.5,3
168,2025-02-06,2025-02-13,21,spd,15.0,15.0,0.0,0.0,0.4,1.2,1.4444444444444446,0.6,0.6,0.0,1.0,2.0,,2.0,1.0,2,2,0,1,3,5,3,703.8,True,False,2.0,SPD,0.4,0.4,0.0,0.2,0.6,12,7,7,4,6,10,0.1666666666666666,0.1666666666666666,0.0,0.0833333333333333,0.25,0.2857142857142857,0.2857142857142857,0.0,0.1666666666666666,0.3,Regierung,1.0,0.0,20.0,WP20,2025,2,7,1.8333333333333333,5.5,8.3,2.0,2.0,1.5,9.0,8.5,8.0,7.5,8.5,2,2,2,2,2,2,2,1.0,1.0,1.0,1.0,1.0,1.4333333333333336,4.3,6.855555555555556,1.4,1.4,1.5,8.0,6.5,,5.5,7.5,4
170,2025-03-06,2025-04-03,21,cdu/csu,29.0,32.0,-3.0,3.0,0.2873563218390804,0.8620689655172413,3.8068181818181817,0.2758620689655172,0.3448275862068966,0.2413793103448276,4.222222222222222,7.0,,4.333333333333333,3.45,9,6,0,12,20,29,22,734.8275862068965,True,False,4.0,CDU/CSU,0.3103448275862069,0.2068965517241379,0.0,0.4137931034482758,0.6896551724137931,95,40,10,2,29,55,0.0947368421052631,0.0631578947368421,0.0,0.1263157894736842,0.2105263157894736,0.225,0.6,0.0,0.4137931034482758,0.3636363636363636,Opposition,0.0,1.0,20.0,WP20,2025,3,28,1.0606060606060606,3.1818181818181817,6.25,1.2727272727272727,1.6363636363636365,0.2727272727272727,7.4,8.75,10.0,5.8,6.4,11,7,5,4,2,5,5,0.4545454545454545,0.3636363636363636,0.1818181818181818,0.4545454545454545,0.4545454545454545,0.7732497387669801,2.319749216300941,2.4431818181818183,0.9968652037617556,1.29153605015674,0.0313479623824451,3.177777777777778,1.75,,1.4666666666666668,2.95,0
170,2025-03-06,2025-04-03,21,fdp,3.0,4.0,-1.0,1.0,0.4242424242424242,1.2727272727272727,2.7666666666666666,0.3636363636363636,0.9090909090909092,0.0,5.0,,,2.0,2.75,2,0,0,2,4,11,5,820.4545454545455,True,False,3.0,FDP,0.1818181818181818,0.0,0.0,0.1818181818181818,0.3636363636363636,95,40,10,2,29,55,0.0210526315789473,0.0,0.0,0.0210526315789473,0.0421052631578947,0.05,0.0,0.0,0.0689655172413793,0.0727272727272727,Regierung,1.0,0.0,20.0,WP20,2025,3,28,1.0606060606060606,3.1818181818181817,6.25,1.2727272727272727,1.6363636363636365,0.2727272727272727,7.4,8.75,10.0,5.8,6.4,11,7,5,4,2,5,5,0.4545454545454545,0.3636363636363636,0.1818181818181818,0.4545454545454545,0.4545454545454545,0.6363636363636364,1.909090909090909,3.4833333333333334,0.9090909090909092,0.7272727272727274,0.2727272727272727,2.4000000000000004,,,3.8,3.65,1
170,2025-03-06,2025-04-03,21,grüne,12.0,14.0,-2.0,2.0,0.3043478260869565,0.9130434782608696,1.8,0.217391304347826,0.6086956521739131,0.0869565217391304,1.25,2.0,,2.7777777777777777,1.7222222222222223,16,1,0,9,18,23,20,712.4347826086956,True,False,1.0,Bündnis 90/Die Grünen,0.6956521739130435,0.0434782608695652,0.0,0.391304347826087,0.782608695652174,95,40,10,2,29,55,0.1684210526315789,0.0105263157894736,0.0,0.0947368421052631,0.1894736842105263,0.4,0.1,0.0,0.3103448275862069,0.3272727272727272,Regierung,1.0,0.0,20.0,WP20,2025,3,28,1.0606060606060606,3.1818181818181817,6.25,1.2727272727272727,1.6363636363636365,0.2727272727272727,7.4,8.75,10.0,5.8,6.4,11,7,5,4,2,5,5,0.4545454545454545,0.3636363636363636,0.1818181818181818,0.4545454545454545,0.4545454545454545,0.756258234519104,2.268774703557312,4.45,1.0553359683794463,1.0276679841897234,0.1857707509881422,6.15,6.75,,3.022222222222222,4.677777777777778,2
170,2025-03-06,2025-04-03,21,linke,9.0,6.0,3.0,3.0,0.8888888888888888,2.6666666666666665,3.9333333333333336,0.8333333333333334,1.5,0.3333333333333333,3.0,7.5,7.0,4.5,2.333333333333333,1,2,1,2,3,6,3,657.0,True,False,0.0,Die Linke,0.1666666666666666,0.3333333333333333,0.1666666666666666,0.3333333333333333,0.5,95,40,10,2,29,55,0.0105263157894736,0.0210526315789473,0.0105263157894736,0.0210526315789473,0.031578947368421,0.025,0.2,0.5,0.0689655172413793,0.0545454545454545,Opposition,0.0,1.0,20.0,WP20,2025,3,28,1.0606060606060606,3.1818181818181817,6.25,1.2727272727272727,1.6363636363636365,0.2727272727272727,7.4,8.75,10.0,5.8,6.4,11,7,5,4,2,5,5,0.4545454545454545,0.3636363636363636,0.1818181818181818,0.4545454545454545,0.4545454545454545,0.1717171717171717,0.5151515151515151,2.3166666666666664,0.4393939393939393,0.1363636363636364,0.0606060606060606,4.4,1.25,3.0,1.2999999999999998,4.066666666666666,3
170,2025-03-06,2025-04-03,21,spd,16.0,14.0,2.0,2.0,0.1923076923076923,0.5769230769230769,2.3125,0.2692307692307692,0.3076923076923077,0.0,2.6666666666666665,2.0,2.0,2.25,1.9,12,1,1,4,10,26,16,651.7307692307693,True,False,2.0,SPD,0.4615384615384615,0.0384615384615384,0.0384615384615384,0.1538461538461538,0.3846153846153846,95,40,10,2,29,55,0.1263157894736842,0.0105263157894736,0.0105263157894736,0.0421052631578947,0.1052631578947368,0.3,0.1,0.5,0.1379310344827586,0.1818181818181818,Regierung,1.0,0.0,20.0,WP20,2025,3,28,1.0606060606060606,3.1818181818181817,6.25,1.2727272727272727,1.6363636363636365,0.2727272727272727,7.4,8.75,10.0,5.8,6.4,11,7,5,4,2,5,5,0.4545454545454545,0.3636363636363636,0.1818181818181818,0.4545454545454545,0.4545454545454545,0.8682983682983683,2.604895104895105,3.9375,1.0034965034965035,1.3286713286713288,0.2727272727272727,4.733333333333334,6.75,8.0,3.55,4.5,4
171,2025-04-03,2025-05-07,24,cdu/csu,26.0,29.0,-3.0,3.0,0.0,0.0,,0.0,0.0,0.0,,,,,,0,0,0,0,0,1,0,288.0,True,False,4.0,CDU/CSU,0.0,0.0,0.0,0.0,0.0,4,1,0,0,0,1,0.0,0.0,0.0,0.0,0.0,0.0,,,,0.0,Regierung,1.0,0.0,21.0,WP21,2025,4,34,0.6666666666666666,2.0,,1.0,1.0,0.0,,,,,,1,0,0,0,0,0,0,0.0,0.0,0.0,0.0,0.0,0.6666666666666666,2.0,,1.0,1.0,0.0,,,,,,0
171,2025-04-03,2025-05-07,24,grüne,11.0,12.0,-1.0,1.0,0.0,0.0,0.0,0.0,0.0,0.0,0.0,,,,,1,0,0,0,0,1,1,358.0,True,False,1.0,Bündnis 90/Die Grünen,1.0,0.0,0.0,0.0,0.0,4,1,0,0,0,1,0.25,0.0,0.0,0.0,0.0,1.0,,,,0.0,Opposition,0.0,1.0,21.0,WP21,2025,4,34,0.6666666666666666,2.0,,1.0,1.0,0.0,,,,,,1,0,0,0,0,0,0,0.0,0.0,0.0,0.0,0.0,0.6666666666666666,2.0,,1.0,1.0,0.0,,,,,,2
171,2025-04-03,2025-05-07,24,linke,10.0,9.0,1.0,1.0,1.0,3.0,,1.0,1.0,1.0,,,,,,0,0,0,0,0,1,0,295.0,True,False,0.0,Die Linke,0.0,0.0,0.0,0.0,0.0,4,1,0,0,0,1,0.0,0.0,0.0,0.0,0.0,0.0,,,,0.0,Opposition,0.0,1.0,21.0,WP21,2025,4,34,0.6666666666666666,2.0,,1.0,1.0,0.0,,,,,,1,0,0,0,0,0,0,0.0,0.0,0.0,0.0,0.0,0.3333333333333333,1.0,,0.0,0.0,1.0,,,,,,3
171,2025-04-03,2025-05-07,24,spd,16.0,16.0,0.0,0.0,0.3333333333333333,1.0,2.0,0.0,1.0,0.0,,,,,2.0,0,0,0,0,1,1,1,321.0,True,False,2.0,SPD,0.0,0.0,0.0,0.0,1.0,4,1,0,0,0,1,0.0,0.0,0.0,0.0,0.25,0.0,,,,1.0,Regierung,1.0,0.0,21.0,WP21,2025,4,34,0.6666666666666666,2.0,,1.0,1.0,0.0,,,,,,1,0,0,0,0,0,0,0.0,0.0,0.0,0.0,0.0,0.3333333333333333,1.0,,1.0,0.0,0.0,,,,,,4
172,2025-05-07,2025-06-04,23,cdu/csu,27.0,26.0,1.0,1.0,0.1951951951951951,0.5855855855855856,3.6776470588235295,0.1621621621621621,0.2972972972972973,0.1261261261261261,4.333333333333333,5.476190476190476,2.4545454545454546,5.037037037037037,2.6153846153846154,42,21,11,27,52,111,85,645.3513513513514,True,False,4.0,CDU/CSU,0.3783783783783784,0.1891891891891892,0.0990990990990991,0.2432432432432432,0.4684684684684684,328,121,57,50,102,130,0.1280487804878048,0.0640243902439024,0.0335365853658536,0.0823170731707317,0.1585365853658536,0.3471074380165289,0.3684210526315789,0.22,0.2647058823529412,0.4,Regierung,1.0,0.0,21.0,WP21,2025,5,28,1.089506172839506,3.2685185185185186,7.583333333333334,1.1759259259259258,1.537037037037037,0.5555555555555556,8.382978723404255,8.54054054054054,8.12,6.883720930232558,7.75,108,97,47,37,25,43,76,0.4351851851851852,0.3425925925925926,0.2314814814814814,0.3981481481481481,0.7037037037037037,0.894310977644311,2.682932932932933,3.905686274509805,1.0137637637637638,1.2397397397397396,0.4294294294294294,4.049645390070922,3.064350064350064,5.665454545454544,1.8466838931955207,5.134615384615385,0
172,2025-05-07,2025-06-04,23,grüne,11.0,11.0,0.0,0.0,0.3857142857142857,1.1571428571428573,1.3071428571428572,0.3428571428571428,0.7,0.1142857142857142,1.0,2.25,0.4666666666666667,1.4782608695652173,1.0625,32,12,15,23,32,70,56,562.0571428571428,True,False,1.0,Bündnis 90/Die Grünen,0.4571428571428571,0.1714285714285714,0.2142857142857142,0.3285714285714285,0.4571428571428571,328,121,57,50,102,130,0.0975609756097561,0.0365853658536585,0.0457317073170731,0.0701219512195122,0.0975609756097561,0.2644628099173554,0.2105263157894736,0.3,0.2254901960784313,0.2461538461538461,Opposition,0.0,1.0,21.0,WP21,2025,5,28,1.089506172839506,3.2685185185185186,7.583333333333334,1.1759259259259258,1.537037037037037,0.5555555555555556,8.382978723404255,8.54054054054054,8.12,6.883720930232558,7.75,108,97,47,37,25,43,76,0.4351851851851852,0.3425925925925926,0.2314814814814814,0.3981481481481481,0.7037037037037037,0.7037918871252205,2.1113756613756616,6.276190476190477,0.833068783068783,0.837037037037037,0.4412698412698413,7.382978723404255,6.29054054054054,7.653333333333332,5.405460060667341,6.6875,2
172,2025-05-07,2025-06-04,23,linke,10.0,10.0,0.0,0.0,0.7447916666666666,2.234375,1.019097222222222,0.90625,1.171875,0.15625,0.7272727272727273,1.5,0.8461538461538461,1.1153846153846154,0.85,22,12,13,26,20,64,48,450.546875,True,False,0.0,Die Linke,0.34375,0.1875,0.203125,0.40625,0.3125,328,121,57,50,102,130,0.0670731707317073,0.0365853658536585,0.0396341463414634,0.0792682926829268,0.0609756097560975,0.1818181818181818,0.2105263157894736,0.26,0.2549019607843137,0.1538461538461538,Opposition,0.0,1.0,21.0,WP21,2025,5,28,1.089506172839506,3.2685185185185186,7.583333333333334,1.1759259259259258,1.537037037037037,0.5555555555555556,8.382978723404255,8.54054054054054,8.12,6.883720930232558,7.75,108,97,47,37,25,43,76,0.4351851851851852,0.3425925925925926,0.2314814814814814,0.3981481481481481,0.7037037037037037,0.3447145061728395,1.0341435185185186,6.564236111111112,0.2696759259259258,0.365162037037037,0.3993055555555556,7.655705996131528,7.04054054054054,7.273846153846153,5.768336314847943,6.9,3
172,2025-05-07,2025-06-04,23,spd,16.0,16.0,0.0,0.0,0.1244979919678714,0.3734939759036144,1.57090395480226,0.144578313253012,0.144578313253012,0.0843373493975903,1.44,1.9166666666666667,0.9090909090909092,2.0,1.1153846153846154,25,12,11,26,26,83,59,562.1204819277109,True,False,2.0,SPD,0.3012048192771084,0.144578313253012,0.1325301204819277,0.3132530120481928,0.3132530120481928,328,121,57,50,102,130,0.0762195121951219,0.0365853658536585,0.0335365853658536,0.0792682926829268,0.0792682926829268,0.2066115702479339,0.2105263157894736,0.22,0.2549019607843137,0.2,Regierung,1.0,0.0,21.0,WP21,2025,5,28,1.089506172839506,3.2685185185185186,7.583333333333334,1.1759259259259258,1.537037037037037,0.5555555555555556,8.382978723404255,8.54054054054054,8.12,6.883720930232558,7.75,108,97,47,37,25,43,76,0.4351851851851852,0.3425925925925926,0.2314814814814814,0.3981481481481481,0.7037037037037037,0.9650081808716346,2.8950245426149044,6.012429378531074,1.0313476126729135,1.392458723784025,0.4712182061579652,6.942978723404256,6.623873873873873,7.21090909090909,4.883720930232558,6.634615384615385,4
173,2025-06-04,2025-07-03,23,cdu/csu,29.0,27.0,2.0,2.0,0.247086247086247,0.7412587412587412,3.269927536231884,0.1678321678321678,0.3566433566433566,0.2167832167832167,4.166666666666667,6.666666666666667,3.0,4.131578947368421,2.861111111111111,24,21,9,38,72,143,92,604.3636363636364,True,False,4.0,CDU/CSU,0.1678321678321678,0.1468531468531468,0.0629370629370629,0.2657342657342657,0.5034965034965035,400,73,86,36,121,173,0.06,0.0525,0.0225,0.095,0.18,0.3287671232876712,0.2441860465116279,0.25,0.3140495867768595,0.4161849710982659,Regierung,1.0,0.0,21.0,WP21,2025,6,29,1.1566951566951569,3.47008547008547,8.01955782312925,1.1623931623931625,1.5982905982905984,0.7094017094017094,9.166666666666666,8.911111111111111,8.142857142857142,7.372549019607843,8.108433734939759,117,98,36,45,28,51,83,0.3076923076923077,0.3846153846153846,0.2393162393162393,0.4358974358974359,0.7094017094017094,0.9096089096089098,2.728826728826729,4.749630286897367,0.9945609945609948,1.2416472416472415,0.4926184926184926,4.999999999999999,2.2444444444444445,5.142857142857142,3.240970072239421,5.247322623828648,0
173,2025-06-04,2025-07-03,23,grüne,12.0,11.0,1.0,1.0,0.4177777777777777,1.2533333333333334,0.9950980392156864,0.4133333333333333,0.76,0.08,0.6111111111111112,1.35,0.1,0.96,0.9333333333333332,18,20,10,25,30,75,51,567.7866666666666,True,False,1.0,Bündnis 90/Die Grünen,0.24,0.2666666666666666,0.1333333333333333,0.3333333333333333,0.4,400,73,86,36,121,173,0.045,0.05,0.025,0.0625,0.075,0.2465753424657534,0.2325581395348837,0.2777777777777778,0.2066115702479339,0.1734104046242774,Opposition,0.0,1.0,21.0,WP21,2025,6,29,1.1566951566951569,3.47008547008547,8.01955782312925,1.1623931623931625,1.5982905982905984,0.7094017094017094,9.166666666666666,8.911111111111111,8.142857142857142,7.372549019607843,8.108433734939759,117,98,36,45,28,51,83,0.3076923076923077,0.3846153846153846,0.2393162393162393,0.4358974358974359,0.7094017094017094,0.7389173789173791,2.216752136752137,7.0244597839135645,0.7490598290598292,0.8382905982905984,0.6294017094017095,8.555555555555555,7.561111111111112,8.042857142857143,6.412549019607843,7.175100401606425,2
173,2025-06-04,2025-07-03,23,linke,9.0,10.0,-1.0,1.0,0.6833333333333333,2.05,0.991869918699187,0.7666666666666667,1.1,0.1833333333333333,0.3333333333333333,1.818181818181818,0.3333333333333333,1.4545454545454546,0.8888888888888888,12,11,9,22,27,60,41,504.03333333333336,True,False,0.0,Die Linke,0.2,0.1833333333333333,0.15,0.3666666666666666,0.45,400,73,86,36,121,173,0.03,0.0275,0.0225,0.055,0.0675,0.1643835616438356,0.127906976744186,0.25,0.1818181818181818,0.1560693641618497,Opposition,0.0,1.0,21.0,WP21,2025,6,29,1.1566951566951569,3.47008547008547,8.01955782312925,1.1623931623931625,1.5982905982905984,0.7094017094017094,9.166666666666666,8.911111111111111,8.142857142857142,7.372549019607843,8.108433734939759,117,98,36,45,28,51,83,0.3076923076923077,0.3846153846153846,0.2393162393162393,0.4358974358974359,0.7094017094017094,0.4733618233618235,1.4200854700854704,7.027687904430064,0.3957264957264957,0.4982905982905983,0.5260683760683761,8.833333333333332,7.092929292929293,7.809523809523809,5.918003565062389,7.219544846050869,3
173,2025-06-04,2025-07-03,23,spd,15.0,16.0,-1.0,1.0,0.1393442622950819,0.4180327868852459,1.7784090909090908,0.1229508196721311,0.221311475409836,0.0737704918032786,1.0526315789473684,3.5,2.625,1.6944444444444444,1.4772727272727273,19,34,8,36,44,122,88,504.4836065573771,True,False,2.0,SPD,0.1557377049180328,0.2786885245901639,0.0655737704918032,0.2950819672131147,0.360655737704918,400,73,86,36,121,173,0.0475,0.085,0.02,0.09,0.11,0.2602739726027397,0.3953488372093023,0.2222222222222222,0.2975206611570248,0.2543352601156069,Regierung,1.0,0.0,21.0,WP21,2025,6,29,1.1566951566951569,3.47008547008547,8.01955782312925,1.1623931623931625,1.5982905982905984,0.7094017094017094,9.166666666666666,8.911111111111111,8.142857142857142,7.372549019607843,8.108433734939759,117,98,36,45,28,51,83,0.3076923076923077,0.3846153846153846,0.2393162393162393,0.4358974358974359,0.7094017094017094,1.0173508944000749,3.052052683200224,6.24114873222016,1.0394423427210313,1.3769791228807624,0.6356312175984308,8.114035087719298,5.411111111111111,5.517857142857142,5.678104575163398,6.631161007667031,4
174,2025-07-03,2025-08-07,23,cdu/csu,30.0,29.0,1.0,1.0,0.1168384879725085,0.3505154639175257,3.16640625,0.1443298969072164,0.1134020618556701,0.0927835051546391,3.814814814814815,6.357142857142857,3.0,3.954545454545455,2.577777777777778,27,14,4,22,45,97,64,695.7216494845361,True,False,4.0,CDU/CSU,0.2783505154639175,0.1443298969072164,0.0412371134020618,0.2268041237113402,0.4639175257731959,289,105,53,31,75,126,0.0934256055363321,0.0484429065743944,0.0138408304498269,0.0761245674740484,0.1557093425605536,0.2571428571428571,0.2641509433962264,0.1290322580645161,0.2933333333333333,0.3571428571428571,Regierung,1.0,0.0,21.0,WP21,2025,7,35,1.0952380952380951,3.2857142857142856,7.854214559386974,1.1122448979591837,1.663265306122449,0.5102040816326531,8.604166666666666,8.666666666666666,7.75,7.435897435897436,7.882352941176471,98,87,48,36,28,39,68,0.4897959183673469,0.3673469387755102,0.2857142857142857,0.3979591836734694,0.6938775510204082,0.9783996072655864,2.93519882179676,4.687808309386973,0.9679150010519671,1.5498632442667788,0.4174205764780139,4.789351851851851,2.3095238095238093,4.75,3.481351981351981,5.3045751633986935,0
174,2025-07-03,2025-08-07,23,grüne,12.0,12.0,0.0,0.0,0.484375,1.453125,1.1941176470588235,0.484375,0.875,0.09375,1.28125,2.333333333333333,1.0,1.318181818181818,1.0,32,12,11,22,26,64,51,584.203125,True,False,1.0,Bündnis 90/Die Grünen,0.5,0.1875,0.171875,0.34375,0.40625,289,105,53,31,75,126,0.1107266435986159,0.0415224913494809,0.0380622837370242,0.0761245674740484,0.0899653979238754,0.3047619047619048,0.2264150943396226,0.3548387096774194,0.2933333333333333,0.2063492063492063,Opposition,0.0,1.0,21.0,WP21,2025,7,35,1.0952380952380951,3.2857142857142856,7.854214559386974,1.1122448979591837,1.663265306122449,0.5102040816326531,8.604166666666666,8.666666666666666,7.75,7.435897435897436,7.882352941176471,98,87,48,36,28,39,68,0.4897959183673469,0.3673469387755102,0.2857142857142857,0.3979591836734694,0.6938775510204082,0.6108630952380951,1.8325892857142856,6.66009691232815,0.6278698979591837,0.7882653061224489,0.4164540816326531,7.322916666666666,6.333333333333332,6.75,6.117715617715618,6.882352941176471,2
174,2025-07-03,2025-08-07,23,linke,10.0,9.0,1.0,1.0,0.723404255319149,2.1702127659574466,1.5880952380952382,0.8723404255319149,1.2127659574468086,0.0851063829787234,1.25,3.1818181818181817,1.2857142857142858,1.3333333333333333,1.105263157894737,16,11,7,15,19,47,35,596.3617021276596,True,False,0.0,Die Linke,0.3404255319148936,0.2340425531914893,0.1489361702127659,0.3191489361702128,0.4042553191489361,289,105,53,31,75,126,0.0553633217993079,0.0380622837370242,0.0242214532871972,0.0519031141868512,0.0657439446366782,0.1523809523809524,0.2075471698113207,0.2258064516129032,0.2,0.1507936507936507,Opposition,0.0,1.0,21.0,WP21,2025,7,35,1.0952380952380951,3.2857142857142856,7.854214559386974,1.1122448979591837,1.663265306122449,0.5102040816326531,8.604166666666666,8.666666666666666,7.75,7.435897435897436,7.882352941176471,98,87,48,36,28,39,68,0.4897959183673469,0.3673469387755102,0.2857142857142857,0.3979591836734694,0.6938775510204082,0.3718338399189461,1.115501519756839,6.266119321291736,0.2399044724272687,0.4504993486756403,0.4250976986539296,7.354166666666666,5.484848484848484,6.464285714285714,6.102564102564103,6.777089783281734,3
174,2025-07-03,2025-08-07,23,spd,13.0,15.0,-2.0,2.0,0.1028806584362139,0.3086419753086419,1.5516129032258066,0.1111111111111111,0.1358024691358024,0.0617283950617283,1.8,2.625,0.8888888888888888,1.75,1.3333333333333333,30,16,9,16,36,81,62,543.9876543209876,True,False,2.0,SPD,0.3703703703703703,0.1975308641975308,0.1111111111111111,0.1975308641975308,0.4444444444444444,289,105,53,31,75,126,0.1038062283737024,0.0553633217993079,0.0311418685121107,0.0553633217993079,0.1245674740484429,0.2857142857142857,0.3018867924528302,0.2903225806451613,0.2133333333333333,0.2857142857142857,Regierung,1.0,0.0,21.0,WP21,2025,7,35,1.0952380952380951,3.2857142857142856,7.854214559386974,1.1122448979591837,1.663265306122449,0.5102040816326531,8.604166666666666,8.666666666666666,7.75,7.435897435897436,7.882352941176471,98,87,48,36,28,39,68,0.4897959183673469,0.3673469387755102,0.2857142857142857,0.3979591836734694,0.6938775510204082,0.9923574368018812,2.977072310405644,6.302601656161167,1.0011337868480723,1.5274628369866463,0.4484756865709247,6.804166666666666,6.041666666666666,6.861111111111111,5.685897435897436,6.549019607843138,4
176,2025-09-03,2025-10-02,25,cdu/csu,27.0,27.0,0.0,0.0,0.1582181259600614,0.4746543778801843,3.437962962962963,0.1474654377880184,0.2304147465437788,0.0967741935483871,4.140625,5.125,3.272727272727273,4.622641509433962,2.533333333333333,64,32,11,53,90,217,144,670.0875576036866,True,False,4.0,CDU/CSU,0.2949308755760368,0.1474654377880184,0.0506912442396313,0.2442396313364055,0.4147465437788018,598,208,88,49,154,243,0.1070234113712374,0.0535117056856187,0.0183946488294314,0.088628762541806,0.1505016722408027,0.3076923076923077,0.3636363636363636,0.2244897959183673,0.3441558441558441,0.3703703703703703,Regierung,1.0,0.0,21.0,WP21,2025,9,29,1.0606060606060606,3.1818181818181817,7.817114695340502,1.1148325358851674,1.559808612440191,0.507177033492823,8.589473684210526,8.61111111111111,8.22,7.16,7.830065359477124,209,186,95,72,50,75,153,0.4545454545454545,0.3444976076555024,0.2392344497607655,0.3588516746411483,0.7320574162679426,0.9023879346459992,2.707163803937997,4.379151732377538,0.9673670980971488,1.3293938658964124,0.4104028399444358,4.448848684210526,3.4861111111111107,4.947272727272727,2.537358490566038,5.296732026143791,0
176,2025-09-03,2025-10-02,25,grüne,11.0,12.0,-1.0,1.0,0.4365079365079365,1.3095238095238095,1.4870550161812297,0.3809523809523809,0.8888888888888888,0.0396825396825396,1.3275862068965518,2.6,0.7,1.7941176470588236,1.3448275862068966,58,15,10,34,58,126,103,579.7301587301587,True,False,1.0,Bündnis 90/Die Grünen,0.4603174603174603,0.119047619047619,0.0793650793650793,0.2698412698412698,0.4603174603174603,598,208,88,49,154,243,0.0969899665551839,0.0250836120401337,0.0167224080267558,0.0568561872909698,0.0969899665551839,0.2788461538461538,0.1704545454545454,0.2040816326530612,0.2207792207792207,0.2386831275720164,Opposition,0.0,1.0,21.0,WP21,2025,9,29,1.0606060606060606,3.1818181818181817,7.817114695340502,1.1148325358851674,1.559808612440191,0.507177033492823,8.589473684210526,8.61111111111111,8.22,7.16,7.830065359477124,209,186,95,72,50,75,153,0.4545454545454545,0.3444976076555024,0.2392344497607655,0.3588516746411483,0.7320574162679426,0.624098124098124,1.872294372294372,6.330059679159272,0.7338801549327865,0.6709197235513025,0.4674944938102833,7.261887477313975,6.011111111111111,7.52,5.365882352941177,6.485237773270227,2
176,2025-09-03,2025-10-02,25,linke,10.0,10.0,0.0,0.0,0.7128712871287128,2.1386138613861387,1.281094527363184,0.801980198019802,1.2178217821782178,0.1188118811881188,1.3548387096774193,1.6470588235294117,0.5833333333333334,1.16,0.935483870967742,31,17,12,25,31,101,67,553.5940594059406,True,False,0.0,Die Linke,0.3069306930693069,0.1683168316831683,0.1188118811881188,0.2475247524752475,0.3069306930693069,598,208,88,49,154,243,0.0518394648829431,0.0284280936454849,0.020066889632107,0.0418060200668896,0.0518394648829431,0.1490384615384615,0.1931818181818181,0.2448979591836734,0.1623376623376623,0.1275720164609053,Opposition,0.0,1.0,21.0,WP21,2025,9,29,1.0606060606060606,3.1818181818181817,7.817114695340502,1.1148325358851674,1.559808612440191,0.507177033492823,8.589473684210526,8.61111111111111,8.22,7.16,7.830065359477124,209,186,95,72,50,75,153,0.4545454545454545,0.3444976076555024,0.2392344497607655,0.3588516746411483,0.7320574162679426,0.3477347734773477,1.043204320432043,6.536020167977318,0.3128523378653653,0.3419868302619735,0.3883651523047041,7.234634974533107,6.9640522875817,7.636666666666668,6.0,6.894581488509382,3
176,2025-09-03,2025-10-02,25,spd,14.0,13.0,1.0,1.0,0.1428571428571428,0.4285714285714285,1.6615384615384616,0.1103896103896103,0.2532467532467532,0.0649350649350649,1.6545454545454543,2.4166666666666665,1.3125,2.357142857142857,1.1875,55,24,16,42,64,154,117,583.8376623376623,True,False,2.0,SPD,0.3571428571428571,0.1558441558441558,0.1038961038961039,0.2727272727272727,0.4155844155844156,598,208,88,49,154,243,0.0919732441471571,0.040133779264214,0.0267558528428093,0.0702341137123745,0.1070234113712374,0.2644230769230769,0.2727272727272727,0.3265306122448979,0.2727272727272727,0.2633744855967078,Regierung,1.0,0.0,21.0,WP21,2025,9,29,1.0606060606060606,3.1818181818181817,7.817114695340502,1.1148325358851674,1.559808612440191,0.507177033492823,8.589473684210526,8.61111111111111,8.22,7.16,7.830065359477124,209,186,95,72,50,75,153,0.4545454545454545,0.3444976076555024,0.2392344497607655,0.3588516746411483,0.7320574162679426,0.9177489177489178,2.7532467532467533,6.15557623380204,1.004442925495557,1.306561859193438,0.442241968557758,6.934928229665072,6.194444444444445,6.907500000000001,4.802857142857143,6.642565359477124,4
177,2025-10-02,2025-11-06,26,cdu/csu,26.0,27.0,-1.0,1.0,0.2119460500963391,0.6358381502890174,3.1750764525993884,0.1676300578034682,0.3583815028901734,0.1098265895953757,4.074074074074074,5.65,1.4,3.92,2.4153846153846152,27,20,15,50,65,173,109,565.456647398844,True,False,4.0,CDU/CSU,0.1560693641618497,0.1156069364161849,0.0867052023121387,0.2890173410404624,0.3757225433526011,415,82,67,55,133,169,0.0650602409638554,0.0481927710843373,0.036144578313253,0.1204819277108433,0.1566265060240964,0.3292682926829268,0.2985074626865671,0.2727272727272727,0.3759398496240601,0.3846153846153846,Regierung,1.0,0.0,21.0,WP21,2025,10,35,1.0591016548463357,3.1773049645390072,7.787222222222223,1.0851063829787233,1.5106382978723405,0.5815602836879432,8.673913043478262,8.510204081632653,8.392857142857142,7.271186440677966,7.86,141,120,46,49,28,59,100,0.3262411347517731,0.3475177304964539,0.1985815602836879,0.4184397163120567,0.7092198581560284,0.8471556047499966,2.54146681424999,4.612145769622835,0.9174763251752552,1.1522567949821672,0.4717336940925675,4.599838969404187,2.860204081632652,6.992857142857142,3.3511864406779663,5.4446153846153855,0
177,2025-10-02,2025-11-06,26,grüne,12.0,11.0,1.0,1.0,0.5208333333333333,1.5625,1.8347701149425288,0.4875,0.8625,0.2125,1.35,2.235294117647059,1.181818181818182,2.037037037037037,1.5789473684210529,20,17,11,27,38,80,58,582.2,True,False,1.0,Bündnis 90/Die Grünen,0.25,0.2125,0.1375,0.3375,0.475,415,82,67,55,133,169,0.0481927710843373,0.0409638554216867,0.0265060240963855,0.0650602409638554,0.0915662650602409,0.2439024390243902,0.2537313432835821,0.2,0.2030075187969924,0.2248520710059171,Opposition,0.0,1.0,21.0,WP21,2025,10,35,1.0591016548463357,3.1773049645390072,7.787222222222223,1.0851063829787233,1.5106382978723405,0.5815602836879432,8.673913043478262,8.510204081632653,8.392857142857142,7.271186440677966,7.86,141,120,46,49,28,59,100,0.3262411347517731,0.3475177304964539,0.1985815602836879,0.4184397163120567,0.7092198581560284,0.5382683215130024,1.6148049645390072,5.952452107279694,0.5976063829787233,0.6481382978723405,0.3690602836879432,7.323913043478262,6.274909963985594,7.211038961038961,5.234149403640929,6.281052631578948,2
177,2025-10-02,2025-11-06,26,linke,10.0,10.0,0.0,0.0,0.8489583333333333,2.546875,1.5847826086956522,0.953125,1.359375,0.234375,1.1176470588235294,2.933333333333333,1.2,1.6363636363636365,1.1666666666666667,17,15,15,22,24,64,46,511.15625,True,False,0.0,Die Linke,0.265625,0.234375,0.234375,0.34375,0.375,415,82,67,55,133,169,0.0409638554216867,0.036144578313253,0.036144578313253,0.053012048192771,0.0578313253012048,0.2073170731707317,0.2238805970149253,0.2727272727272727,0.1654135338345864,0.1420118343195266,Opposition,0.0,1.0,21.0,WP21,2025,10,35,1.0591016548463357,3.1773049645390072,7.787222222222223,1.0851063829787233,1.5106382978723405,0.5815602836879432,8.673913043478262,8.510204081632653,8.392857142857142,7.271186440677966,7.86,141,120,46,49,28,59,100,0.3262411347517731,0.3475177304964539,0.1985815602836879,0.4184397163120567,0.7092198581560284,0.2101433215130024,0.6304299645390072,6.20243961352657,0.1319813829787233,0.1512632978723405,0.3471852836879432,7.556265984654733,5.576870748299319,7.192857142857142,5.63482280431433,6.693333333333333,3
177,2025-10-02,2025-11-06,26,spd,14.0,14.0,0.0,0.0,0.3027210884353741,0.9081632653061223,1.8480392156862744,0.3061224489795918,0.4081632653061224,0.1938775510204081,1.9444444444444444,2.333333333333333,1.7857142857142858,1.8529411764705883,1.761904761904762,18,15,14,34,42,98,68,554.9591836734694,True,False,2.0,SPD,0.1836734693877551,0.1530612244897959,0.1428571428571428,0.3469387755102041,0.4285714285714285,415,82,67,55,133,169,0.0433734939759036,0.036144578313253,0.0337349397590361,0.0819277108433735,0.1012048192771084,0.2195121951219512,0.2238805970149253,0.2545454545454545,0.2556390977443609,0.2485207100591716,Regierung,1.0,0.0,21.0,WP21,2025,10,35,1.0591016548463357,3.1773049645390072,7.787222222222223,1.0851063829787233,1.5106382978723405,0.5815602836879432,8.673913043478262,8.510204081632653,8.392857142857142,7.271186440677966,7.86,141,120,46,49,28,59,100,0.3262411347517731,0.3475177304964539,0.1985815602836879,0.4184397163120567,0.7092198581560284,0.7563805664109615,2.269141699232885,5.9391830065359486,0.7789839339991315,1.102475032566218,0.387682732667535,6.729468599033817,6.176870748299319,6.607142857142857,5.418245264207378,6.098095238095239,4
178,2025-11-06,2025-12-04,26,cdu/csu,27.0,26.0,1.0,1.0,0.1831955922865013,0.5495867768595041,3.522189349112426,0.140495867768595,0.2809917355371901,0.128099173553719,4.046153846153846,5.674418604651163,3.869565217391304,4.428571428571429,2.8306451612903225,65,43,23,63,124,242,169,625.1157024793389,True,False,4.0,CDU/CSU,0.268595041322314,0.1776859504132231,0.0950413223140495,0.2603305785123967,0.512396694214876,666,193,124,74,184,319,0.0975975975975975,0.0645645645645645,0.0345345345345345,0.0945945945945946,0.1861861861861861,0.3367875647668393,0.3467741935483871,0.3108108108108108,0.3423913043478261,0.3887147335423197,Regierung,1.0,0.0,21.0,WP21,2025,11,28,1.0708898944193062,3.2126696832579187,7.767204301075269,1.1085972850678734,1.6380090497737556,0.4660633484162896,8.873563218390805,8.450704225352112,7.976190476190476,7.025316455696203,7.863354037267081,221,186,87,71,42,79,161,0.3936651583710407,0.3212669683257919,0.1900452488687782,0.3574660633484163,0.7285067873303167,0.8876943021328048,2.6630829063984147,4.245014951962843,0.9681014172992785,1.3570173142365656,0.3379641748625706,4.827409372236959,2.776285620700949,4.106625258799172,2.596745027124774,5.032708875976759,0
178,2025-11-06,2025-12-04,26,grüne,12.0,12.0,0.0,0.0,0.4558823529411764,1.3676470588235294,1.5268608414239484,0.3970588235294117,0.8088235294117647,0.1617647058823529,1.3725490196078431,3.0,0.75,1.5,1.234375,51,26,16,38,64,136,103,549.5367647058823,True,False,1.0,Bündnis 90/Die Grünen,0.375,0.1911764705882352,0.1176470588235294,0.2794117647058823,0.4705882352941176,666,193,124,74,184,319,0.0765765765765765,0.039039039039039,0.024024024024024,0.057057057057057,0.0960960960960961,0.2642487046632124,0.2096774193548387,0.2162162162162162,0.2065217391304347,0.2006269592476489,Opposition,0.0,1.0,21.0,WP21,2025,11,28,1.0708898944193062,3.2126696832579187,7.767204301075269,1.1085972850678734,1.6380090497737556,0.4660633484162896,8.873563218390805,8.450704225352112,7.976190476190476,7.025316455696203,7.863354037267081,221,186,87,71,42,79,161,0.3936651583710407,0.3212669683257919,0.1900452488687782,0.3574660633484163,0.7285067873303167,0.6150075414781297,1.8450226244343888,6.240343459651321,0.7115384615384617,0.8291855203619909,0.3042986425339367,7.501014198782961,5.450704225352112,7.226190476190476,5.525316455696203,6.628979037267081,2
178,2025-11-06,2025-12-04,26,linke,10.0,10.0,0.0,0.0,0.7254901960784313,2.176470588235294,1.139269406392694,0.8529411764705882,1.2156862745098038,0.1078431372549019,0.9333333333333332,1.6111111111111112,0.3636363636363636,1.34375,0.8571428571428571,30,18,11,32,35,102,73,529.7549019607843,True,False,0.0,Die Linke,0.2941176470588235,0.1764705882352941,0.1078431372549019,0.3137254901960784,0.3431372549019608,666,193,124,74,184,319,0.045045045045045,0.027027027027027,0.0165165165165165,0.048048048048048,0.0525525525525525,0.155440414507772,0.1451612903225806,0.1486486486486486,0.1739130434782608,0.109717868338558,Opposition,0.0,1.0,21.0,WP21,2025,11,28,1.0708898944193062,3.2126696832579187,7.767204301075269,1.1085972850678734,1.6380090497737556,0.4660633484162896,8.873563218390805,8.450704225352112,7.976190476190476,7.025316455696203,7.863354037267081,221,186,87,71,42,79,161,0.3936651583710407,0.3212669683257919,0.1900452488687782,0.3574660633484163,0.7285067873303167,0.3453996983408748,1.0361990950226247,6.627934894682575,0.2556561085972851,0.4223227752639518,0.3582202111613876,7.940229885057471,6.839593114241001,7.612554112554113,5.681566455696203,7.006211180124224,3
178,2025-11-06,2025-12-04,26,spd,14.0,14.0,0.0,0.0,0.1989247311827957,0.5967741935483871,1.5099765258215962,0.1935483870967742,0.2795698924731182,0.1236559139784946,1.7872340425531914,1.7297297297297298,0.5,1.4705882352941178,1.1979166666666667,47,37,24,51,96,186,142,552.6612903225806,True,False,2.0,SPD,0.2526881720430107,0.1989247311827957,0.1290322580645161,0.2741935483870967,0.5161290322580645,666,193,124,74,184,319,0.0705705705705705,0.0555555555555555,0.036036036036036,0.0765765765765765,0.1441441441441441,0.2435233160621761,0.2983870967741935,0.3243243243243243,0.2771739130434782,0.3009404388714733,Regierung,1.0,0.0,21.0,WP21,2025,11,28,1.0708898944193062,3.2126696832579187,7.767204301075269,1.1085972850678734,1.6380090497737556,0.4660633484162896,8.873563218390805,8.450704225352112,7.976190476190476,7.025316455696203,7.863354037267081,221,186,87,71,42,79,161,0.3936651583710407,0.3212669683257919,0.1900452488687782,0.3574660633484163,0.7285067873303167,0.8719651632365104,2.615895489709532,6.257227775253673,0.9150488979710992,1.3584391573006374,0.342407434437795,7.086329175837614,6.720974495622382,7.476190476190476,5.554728220402085,6.665437370600414,4
179,2025-12-04,2026-01-08,25,cdu/csu,27.0,27.0,0.0,0.0,0.2013422818791946,0.6040268456375839,2.624131944444444,0.1543624161073825,0.348993288590604,0.1006711409395973,3.375,5.818181818181818,2.2222222222222223,3.75,1.9402985074626864,24,11,9,44,67,149,96,540.9865771812081,True,False,4.0,CDU/CSU,0.1610738255033557,0.0738255033557047,0.0604026845637583,0.2953020134228188,0.4496644295302013,366,67,47,37,150,164,0.0655737704918032,0.0300546448087431,0.0245901639344262,0.1202185792349726,0.1830601092896175,0.3582089552238806,0.2340425531914893,0.2432432432432432,0.2933333333333333,0.4085365853658536,Regierung,1.0,0.0,21.0,WP21,2025,12,35,0.9938271604938272,2.9814814814814814,6.942134831460675,1.0277777777777777,1.5,0.4537037037037037,8.421052631578947,8.357142857142858,7.947368421052632,6.163636363636364,7.583333333333333,108,89,19,28,19,55,72,0.1759259259259259,0.2592592592592592,0.1759259259259259,0.5092592592592593,0.6666666666666666,0.7924848786146326,2.3774546358438977,4.318002887016231,0.8734153616703951,1.151006711409396,0.3530325627641064,5.046052631578947,2.5389610389610398,5.7251461988304095,2.413636363636364,5.643034825870647,0
179,2025-12-04,2026-01-08,25,grüne,12.0,12.0,0.0,0.0,0.5273631840796019,1.582089552238806,1.7955974842767295,0.5223880597014925,0.8955223880597015,0.1641791044776119,0.5,2.769230769230769,0.125,2.4324324324324325,1.3243243243243243,16,13,8,37,37,67,53,538.1641791044776,True,False,1.0,Bündnis 90/Die Grünen,0.2388059701492537,0.1940298507462686,0.1194029850746268,0.5522388059701493,0.5522388059701493,366,67,47,37,150,164,0.0437158469945355,0.0355191256830601,0.0218579234972677,0.1010928961748633,0.1010928961748633,0.2388059701492537,0.2765957446808511,0.2162162162162162,0.2466666666666666,0.2256097560975609,Opposition,0.0,1.0,21.0,WP21,2025,12,35,0.9938271604938272,2.9814814814814814,6.942134831460675,1.0277777777777777,1.5,0.4537037037037037,8.421052631578947,8.357142857142858,7.947368421052632,6.163636363636364,7.583333333333333,108,89,19,28,19,55,72,0.1759259259259259,0.2592592592592592,0.1759259259259259,0.5092592592592593,0.6666666666666666,0.4664639764142252,1.3993919292426755,5.146537347183945,0.5053897180762852,0.6044776119402985,0.2895245992260917,7.921052631578947,5.5879120879120885,7.822368421052632,3.731203931203932,6.2590090090090085,2
179,2025-12-04,2026-01-08,25,linke,10.0,10.0,0.0,0.0,0.6121212121212121,1.8363636363636364,1.3504273504273503,0.6181818181818182,1.018181818181818,0.2,0.8888888888888888,1.875,0.7142857142857143,1.4615384615384617,1.2857142857142858,9,8,7,26,14,55,39,467.03636363636366,True,False,0.0,Die Linke,0.1636363636363636,0.1454545454545454,0.1272727272727272,0.4727272727272727,0.2545454545454545,366,67,47,37,150,164,0.0245901639344262,0.0218579234972677,0.0191256830601092,0.0710382513661202,0.0382513661202185,0.1343283582089552,0.1702127659574468,0.1891891891891892,0.1733333333333333,0.0853658536585365,Opposition,0.0,1.0,21.0,WP21,2025,12,35,0.9938271604938272,2.9814814814814814,6.942134831460675,1.0277777777777777,1.5,0.4537037037037037,8.421052631578947,8.357142857142858,7.947368421052632,6.163636363636364,7.583333333333333,108,89,19,28,19,55,72,0.1759259259259259,0.2592592592592592,0.1759259259259259,0.5092592592592593,0.6666666666666666,0.381705948372615,1.145117845117845,5.591707481033325,0.4095959595959595,0.4818181818181819,0.2537037037037037,7.532163742690058,6.482142857142858,7.233082706766917,4.702097902097902,6.297619047619048,3
179,2025-12-04,2026-01-08,25,spd,14.0,14.0,0.0,0.0,0.2736842105263158,0.8210526315789474,1.8547619047619048,0.3052631578947368,0.4,0.1157894736842105,1.5555555555555556,3.0,1.0,2.13953488372093,1.326086956521739,18,15,13,43,46,95,70,512.8315789473684,True,False,2.0,SPD,0.1894736842105263,0.1578947368421052,0.1368421052631579,0.4526315789473684,0.4842105263157895,366,67,47,37,150,164,0.0491803278688524,0.040983606557377,0.0355191256830601,0.1174863387978142,0.1256830601092896,0.2686567164179104,0.3191489361702128,0.3513513513513513,0.2866666666666667,0.2804878048780488,Regierung,1.0,0.0,21.0,WP21,2025,12,35,0.9938271604938272,2.9814814814814814,6.942134831460675,1.0277777777777777,1.5,0.4537037037037037,8.421052631578947,8.357142857142858,7.947368421052632,6.163636363636364,7.583333333333333,108,89,19,28,19,55,72,0.1759259259259259,0.2592592592592592,0.1759259259259259,0.5092592592592593,0.6666666666666666,0.7201429499675114,2.160428849902534,5.0873729266987695,0.7225146198830408,1.1,0.3379142300194931,6.865497076023392,5.357142857142858,6.947368421052632,4.0241014799154335,6.257246376811594,4
180,2026-01-08,2026-02-05,25,cdu/csu,28.0,27.0,1.0,1.0,0.2893081761006289,0.8679245283018868,4.675438596491228,0.3018867924528302,0.4339622641509434,0.1320754716981132,5.533333333333333,6.0,,5.45,2.6842105263157894,15,2,0,20,19,53,38,587.0,True,False,4.0,CDU/CSU,0.2830188679245283,0.0377358490566037,0.0,0.3773584905660377,0.3584905660377358,141,45,7,7,51,44,0.1063829787234042,0.0141843971631205,0.0,0.1418439716312056,0.1347517730496454,0.3333333333333333,0.2857142857142857,0.0,0.392156862745098,0.4318181818181818,Regierung,1.0,0.0,21.0,WP21,2026,1,28,1.0081300813008132,3.024390243902439,6.581081081081081,1.146341463414634,1.5853658536585369,0.2926829268292683,8.0625,8.125,6.4,4.214285714285714,7.178571428571429,41,37,16,8,5,14,28,0.3902439024390244,0.1951219512195122,0.1219512195121951,0.3414634146341463,0.6829268292682927,0.7188219052001843,2.156465715600552,1.905642484589853,0.8444546709618039,1.1514035895075931,0.160607455131155,2.529166666666667,2.125,,1.2357142857142858,4.49436090225564,0
180,2026-01-08,2026-02-05,25,grüne,12.0,12.0,0.0,0.0,0.4761904761904761,1.4285714285714286,1.5,0.5714285714285714,0.8571428571428571,0.0,1.25,2.0,0.0,2.2,1.6,12,1,1,10,10,28,21,541.3214285714286,True,False,1.0,Bündnis 90/Die Grünen,0.4285714285714285,0.0357142857142857,0.0357142857142857,0.3571428571428571,0.3571428571428571,141,45,7,7,51,44,0.0851063829787234,0.0070921985815602,0.0070921985815602,0.0709219858156028,0.0709219858156028,0.2666666666666666,0.1428571428571428,0.1428571428571428,0.196078431372549,0.2272727272727272,Opposition,0.0,1.0,21.0,WP21,2026,1,28,1.0081300813008132,3.024390243902439,6.581081081081081,1.146341463414634,1.5853658536585369,0.2926829268292683,8.0625,8.125,6.4,4.214285714285714,7.178571428571429,41,37,16,8,5,14,28,0.3902439024390244,0.1951219512195122,0.1219512195121951,0.3414634146341463,0.6829268292682927,0.531939605110337,1.5958188153310104,5.081081081081081,0.5749128919860627,0.7282229965156796,0.2926829268292683,6.8125,6.125,6.4,2.0142857142857142,5.578571428571429,2
180,2026-01-08,2026-02-05,25,linke,10.0,10.0,0.0,0.0,0.7391304347826086,2.217391304347826,1.2543859649122806,0.8260869565217391,1.2173913043478262,0.1739130434782608,0.3333333333333333,2.0,0.5,2.625,1.3333333333333333,9,2,2,8,6,23,19,451.3478260869565,True,False,0.0,Die Linke,0.391304347826087,0.0869565217391304,0.0869565217391304,0.3478260869565217,0.2608695652173913,141,45,7,7,51,44,0.0638297872340425,0.0141843971631205,0.0141843971631205,0.0567375886524822,0.0425531914893617,0.2,0.2857142857142857,0.2857142857142857,0.1568627450980392,0.1363636363636363,Opposition,0.0,1.0,21.0,WP21,2026,1,28,1.0081300813008132,3.024390243902439,6.581081081081081,1.146341463414634,1.5853658536585369,0.2926829268292683,8.0625,8.125,6.4,4.214285714285714,7.178571428571429,41,37,16,8,5,14,28,0.3902439024390244,0.1951219512195122,0.1219512195121951,0.3414634146341463,0.6829268292682927,0.2689996465182045,0.8069989395546129,5.3266951161688,0.3202545068928949,0.3679745493107105,0.1187698833510074,7.729166666666667,6.125,5.9,1.5892857142857144,5.845238095238096,3
180,2026-01-08,2026-02-05,25,spd,13.0,14.0,-1.0,1.0,0.2072072072072072,0.6216216216216216,1.565217391304348,0.2432432432432432,0.3513513513513513,0.027027027027027,2.2222222222222223,2.5,0.75,1.4615384615384617,1.3333333333333333,9,2,4,13,9,37,23,522.4864864864865,True,False,2.0,SPD,0.2432432432432432,0.054054054054054,0.1081081081081081,0.3513513513513513,0.2432432432432432,141,45,7,7,51,44,0.0638297872340425,0.0141843971631205,0.0283687943262411,0.0921985815602836,0.0638297872340425,0.2,0.2857142857142857,0.5714285714285714,0.2549019607843137,0.2045454545454545,Regierung,1.0,0.0,21.0,WP21,2026,1,28,1.0081300813008132,3.024390243902439,6.581081081081081,1.146341463414634,1.5853658536585369,0.2926829268292683,8.0625,8.125,6.4,4.214285714285714,7.178571428571429,41,37,16,8,5,14,28,0.3902439024390244,0.1951219512195122,0.1219512195121951,0.3414634146341463,0.6829268292682927,0.800922874093606,2.4027686222808176,5.015863689776733,0.9030982201713909,1.2340145023071851,0.2656558998022412,5.840277777777778,5.625,5.65,2.7527472527472527,5.845238095238096,4
