poll_interval_id,poll_date,next_poll_date,afd_support_t,party_clean,party_support_t,party_support_t_minus_1,party_support_change,party_support_change_abs,mean_populism_score,mean_populism_sum,mean_gal_tan_score,mean_P1_people,mean_P2_anti_elite,mean_P3_outgroup,mean_G1_environment,mean_G2_migration,mean_G3_society,mean_G4_civil_rights,mean_G5_cosmopolitanism,n_speeches_environment,n_speeches_migration,n_speeches_society,n_speeches_civil_rights,n_speeches_cosmopolitanism,n_speeches,n_speeches_with_gal_tan,mean_word_count,is_mainstream_party,is_afd,afd_proximity_ordinal,afd_proximity_label,share_environment_of_party_speeches,share_migration_of_party_speeches,share_society_of_party_speeches,share_civil_rights_of_party_speeches,share_cosmopolitanism_of_party_speeches,n_mainstream_speeches,n_mainstream_speeches_environment,n_mainstream_speeches_migration,n_mainstream_speeches_society,n_mainstream_speeches_civil_rights,n_mainstream_speeches_cosmopolitanism,share_environment_of_mainstream_speeches,share_migration_of_mainstream_speeches,share_society_of_mainstream_speeches,share_civil_rights_of_mainstream_speeches,share_cosmopolitanism_of_mainstream_speeches,share_party_of_mainstream_environment_speeches,share_party_of_mainstream_migration_speeches,share_party_of_mainstream_society_speeches,share_party_of_mainstream_civil_rights_speeches,share_party_of_mainstream_cosmopolitanism_speeches,government_label_interval,is_government,is_opposition,wahlperiode,wahlperiode_cat,poll_year,poll_month,interval_length_days,afd_mean_populism_score,afd_mean_populism_sum,afd_mean_gal_tan_score,afd_mean_P1_people,afd_mean_P2_anti_elite,afd_mean_P3_outgroup,afd_mean_G1_environment,afd_mean_G2_migration,afd_mean_G3_society,afd_mean_G4_civil_rights,afd_mean_G5_cosmopolitanism,afd_n_speeches,afd_n_speeches_with_gal_tan,afd_n_speeches_environment,afd_n_speeches_migration,afd_n_speeches_society,afd_n_speeches_civil_rights,afd_n_speeches_cosmopolitanism,afd_share_environment_of_party_speeches,afd_share_migration_of_party_speeches,afd_share_society_of_party_speeches,afd_share_civil_rights_of_party_speeches,afd_share_cosmopolitanism_of_party_speeches,populism_distance_to_afd,populism_sum_distance_to_afd,gal_tan_distance_to_afd,P1_people_distance_to_afd,P2_anti_elite_distance_to_afd,P3_outgroup_distance_to_afd,G1_environment_distance_to_afd,G2_migration_distance_to_afd,G3_society_distance_to_afd,G4_civil_rights_distance_to_afd,G5_cosmopolitanism_distance_to_afd,cluster_id,electoral_loss,afd_support_c,electoral_loss_c,afd_x_loss
1,2017-10-20,2017-11-09,12,cdu/csu,31.000,32.000,-1.000,1.000,0.000,0.000,,0.000,0.000,0.000,,,,,,0,0,0,0,0,1,0,656.000,True,False,4.000,CDU/CSU,0.000,0.000,0.000,0.000,0.000,6,0,0,0,1,1,0.000,0.000,0.000,0.000,0.000,,,,0.000,0.000,Regierung,1.000,0.000,19.000,WP19,2017,10,20,1.667,5.000,7.667,2.000,2.000,1.000,,8.000,,7.000,8.000,1,1,0,1,0,1,1,0.000,1.000,0.000,1.000,1.000,1.667,5.000,,2.000,2.000,1.000,,,,,,0,1.000,-2.536,0.986,-2.502
1,2017-10-20,2017-11-09,12,fdp,12.000,11.000,1.000,1.000,0.333,1.000,,0.000,1.000,0.000,,,,,,0,0,0,0,0,1,0,479.000,True,False,3.000,FDP,0.000,0.000,0.000,0.000,0.000,6,0,0,0,1,1,0.000,0.000,0.000,0.000,0.000,,,,0.000,0.000,Opposition,0.000,1.000,19.000,WP19,2017,10,20,1.667,5.000,7.667,2.000,2.000,1.000,,8.000,,7.000,8.000,1,1,0,1,0,1,1,0.000,1.000,0.000,1.000,1.000,1.333,4.000,,2.000,1.000,1.000,,,,,,1,-1.000,-2.536,-1.014,2.571
1,2017-10-20,2017-11-09,12,grüne,11.000,10.000,1.000,1.000,0.000,0.000,,0.000,0.000,0.000,,,,,,0,0,0,0,0,2,0,894.000,True,False,1.000,Bündnis 90/Die Grünen,0.000,0.000,0.000,0.000,0.000,6,0,0,0,1,1,0.000,0.000,0.000,0.000,0.000,,,,0.000,0.000,Opposition,0.000,1.000,19.000,WP19,2017,10,20,1.667,5.000,7.667,2.000,2.000,1.000,,8.000,,7.000,8.000,1,1,0,1,0,1,1,0.000,1.000,0.000,1.000,1.000,1.667,5.000,,2.000,2.000,1.000,,,,,,2,-1.000,-2.536,-1.014,2.571
1,2017-10-20,2017-11-09,12,linke,9.000,10.000,-1.000,1.000,0.333,1.000,1.000,1.000,0.000,0.000,,,,2.000,0.000,0,0,0,1,1,1,1,646.000,True,False,0.000,Die Linke,0.000,0.000,0.000,1.000,1.000,6,0,0,0,1,1,0.000,0.000,0.000,0.167,0.167,,,,1.000,1.000,Opposition,0.000,1.000,19.000,WP19,2017,10,20,1.667,5.000,7.667,2.000,2.000,1.000,,8.000,,7.000,8.000,1,1,0,1,0,1,1,0.000,1.000,0.000,1.000,1.000,1.333,4.000,6.667,1.000,2.000,1.000,,,,5.000,8.000,3,1.000,-2.536,0.986,-2.502
1,2017-10-20,2017-11-09,12,spd,21.000,20.000,1.000,1.000,0.667,2.000,,1.000,1.000,0.000,,,,,,0,0,0,0,0,1,0,559.000,True,False,2.000,SPD,0.000,0.000,0.000,0.000,0.000,6,0,0,0,1,1,0.000,0.000,0.000,0.000,0.000,,,,0.000,0.000,Regierung,1.000,0.000,19.000,WP19,2017,10,20,1.667,5.000,7.667,2.000,2.000,1.000,,8.000,,7.000,8.000,1,1,0,1,0,1,1,0.000,1.000,0.000,1.000,1.000,1.000,3.000,,1.000,1.000,1.000,,,,,,4,-1.000,-2.536,-1.014,2.571
4,2017-11-20,2017-12-07,11,cdu/csu,32.000,31.000,1.000,1.000,0.070,0.211,2.075,0.026,0.158,0.026,2.714,3.250,,1.000,1.704,7,12,0,2,27,38,29,694.763,True,False,4.000,CDU/CSU,0.184,0.316,0.000,0.053,0.711,116,17,35,0,10,83,0.060,0.103,0.000,0.017,0.233,0.412,0.343,,0.200,0.325,Regierung,1.000,0.000,19.000,WP19,2017,11,17,0.683,2.050,6.526,0.700,1.050,0.300,9.250,7.143,8.000,4.500,6.737,20,19,4,7,1,4,19,0.200,0.350,0.050,0.200,0.950,0.613,1.839,4.452,0.674,0.892,0.274,6.536,3.893,,3.500,5.033,0,-1.000,-3.536,-1.014,3.584
4,2017-11-20,2017-12-07,11,fdp,10.000,11.000,-1.000,1.000,0.111,0.333,2.036,0.056,0.278,0.000,7.000,1.714,,2.000,1.846,1,7,0,1,13,18,14,579.889,True,False,3.000,FDP,0.056,0.389,0.000,0.056,0.722,116,17,35,0,10,83,0.009,0.060,0.000,0.009,0.112,0.059,0.200,,0.100,0.157,Opposition,0.000,1.000,19.000,WP19,2017,11,17,0.683,2.050,6.526,0.700,1.050,0.300,9.250,7.143,8.000,4.500,6.737,20,19,4,7,1,4,19,0.200,0.350,0.050,0.200,0.950,0.572,1.717,4.491,0.644,0.772,0.300,2.250,5.429,,2.500,4.891,1,1.000,-3.536,0.986,-3.488
4,2017-11-20,2017-12-07,11,grüne,11.000,11.000,0.000,0.000,0.185,0.556,1.167,0.167,0.389,0.000,1.250,1.667,,2.000,0.857,4,3,0,2,14,18,15,614.111,True,False,1.000,Bündnis 90/Die Grünen,0.222,0.167,0.000,0.111,0.778,116,17,35,0,10,83,0.034,0.026,0.000,0.017,0.121,0.235,0.086,,0.200,0.169,Opposition,0.000,1.000,19.000,WP19,2017,11,17,0.683,2.050,6.526,0.700,1.050,0.300,9.250,7.143,8.000,4.500,6.737,20,19,4,7,1,4,19,0.200,0.350,0.050,0.200,0.950,0.498,1.494,5.360,0.533,0.661,0.300,8.000,5.476,,2.500,5.880,2,-0.000,-3.536,-0.014,0.048
4,2017-11-20,2017-12-07,11,linke,10.000,10.000,0.000,0.000,0.519,1.556,1.904,0.389,0.944,0.222,0.000,3.286,,1.500,1.462,2,7,0,4,13,18,13,581.278,True,False,0.000,Die Linke,0.111,0.389,0.000,0.222,0.722,116,17,35,0,10,83,0.017,0.060,0.000,0.034,0.112,0.118,0.200,,0.400,0.157,Opposition,0.000,1.000,19.000,WP19,2017,11,17,0.683,2.050,6.526,0.700,1.050,0.300,9.250,7.143,8.000,4.500,6.737,20,19,4,7,1,4,19,0.200,0.350,0.050,0.200,0.950,0.165,0.494,4.622,0.311,0.106,0.078,9.250,3.857,,3.000,5.275,3,-0.000,-3.536,-0.014,0.048
4,2017-11-20,2017-12-07,11,spd,22.000,21.000,1.000,1.000,0.222,0.667,1.611,0.250,0.417,0.000,1.667,2.667,,1.000,1.562,3,6,0,1,16,24,18,720.250,True,False,2.000,SPD,0.125,0.250,0.000,0.042,0.667,116,17,35,0,10,83,0.026,0.052,0.000,0.009,0.138,0.176,0.171,,0.100,0.193,Regierung,1.000,0.000,19.000,WP19,2017,11,17,0.683,2.050,6.526,0.700,1.050,0.300,9.250,7.143,8.000,4.500,6.737,20,19,4,7,1,4,19,0.200,0.350,0.050,0.200,0.950,0.461,1.383,4.915,0.450,0.633,0.300,7.583,4.476,,3.500,5.174,4,-1.000,-3.536,-1.014,3.584
5,2017-12-07,2017-12-15,13,cdu/csu,32.000,32.000,0.000,0.000,0.082,0.245,3.209,0.020,0.184,0.041,5.000,4.778,,3.812,2.107,3,9,0,16,28,49,39,694.184,True,False,4.000,CDU/CSU,0.061,0.184,0.000,0.327,0.571,149,17,28,6,42,89,0.020,0.060,0.000,0.107,0.188,0.176,0.321,0.000,0.381,0.315,Regierung,1.000,0.000,19.000,WP19,2017,12,8,0.894,2.682,6.509,1.000,1.364,0.318,8.000,6.286,,7.000,6.765,22,19,2,7,0,8,17,0.091,0.318,0.000,0.364,0.773,0.812,2.437,3.299,0.980,1.180,0.277,3.000,1.508,,3.188,4.658,0,-0.000,-1.536,-0.014,0.021
5,2017-12-07,2017-12-15,13,fdp,9.000,10.000,-1.000,1.000,0.117,0.350,2.693,0.000,0.300,0.050,5.000,4.000,7.000,2.833,2.143,2,5,1,6,14,20,16,567.800,True,False,3.000,FDP,0.100,0.250,0.050,0.300,0.700,149,17,28,6,42,89,0.013,0.034,0.007,0.040,0.094,0.118,0.179,0.167,0.143,0.157,Opposition,0.000,1.000,19.000,WP19,2017,12,8,0.894,2.682,6.509,1.000,1.364,0.318,8.000,6.286,,7.000,6.765,22,19,2,7,0,8,17,0.091,0.318,0.000,0.364,0.773,0.777,2.332,3.816,1.000,1.064,0.268,3.000,2.286,,4.167,4.622,1,1.000,-1.536,0.986,-1.515
5,2017-12-07,2017-12-15,13,grüne,11.000,11.000,0.000,0.000,0.217,0.652,1.368,0.043,0.565,0.043,1.750,1.500,0.000,1.571,1.077,4,4,2,7,13,23,17,523.957,True,False,1.000,Bündnis 90/Die Grünen,0.174,0.174,0.087,0.304,0.565,149,17,28,6,42,89,0.027,0.027,0.013,0.047,0.087,0.235,0.143,0.333,0.167,0.146,Opposition,0.000,1.000,19.000,WP19,2017,12,8,0.894,2.682,6.509,1.000,1.364,0.318,8.000,6.286,,7.000,6.765,22,19,2,7,0,8,17,0.091,0.318,0.000,0.364,0.773,0.677,2.030,5.141,0.957,0.798,0.275,6.250,4.786,,5.429,5.688,2,-0.000,-1.536,-0.014,0.021
5,2017-12-07,2017-12-15,13,linke,10.000,10.000,0.000,0.000,0.507,1.522,1.927,0.435,0.913,0.174,0.333,3.000,0.500,1.200,1.846,3,5,2,5,13,23,16,495.261,True,False,0.000,Die Linke,0.130,0.217,0.087,0.217,0.565,149,17,28,6,42,89,0.020,0.034,0.013,0.034,0.087,0.176,0.179,0.333,0.119,0.146,Opposition,0.000,1.000,19.000,WP19,2017,12,8,0.894,2.682,6.509,1.000,1.364,0.318,8.000,6.286,,7.000,6.765,22,19,2,7,0,8,17,0.091,0.318,0.000,0.364,0.773,0.387,1.160,4.582,0.565,0.451,0.144,7.667,3.286,,5.800,4.919,3,-0.000,-1.536,-0.014,0.021
5,2017-12-07,2017-12-15,13,spd,21.000,22.000,-1.000,1.000,0.225,0.676,1.048,0.147,0.441,0.088,0.600,1.800,0.000,1.625,1.000,5,5,1,8,21,34,26,626.059,True,False,2.000,SPD,0.147,0.147,0.029,0.235,0.618,149,17,28,6,42,89,0.034,0.034,0.007,0.054,0.141,0.294,0.179,0.167,0.190,0.236,Regierung,1.000,0.000,19.000,WP19,2017,12,8,0.894,2.682,6.509,1.000,1.364,0.318,8.000,6.286,,7.000,6.765,22,19,2,7,0,8,17,0.091,0.318,0.000,0.364,0.773,0.668,2.005,5.461,0.853,0.922,0.230,7.400,4.486,,5.375,5.765,4,1.000,-1.536,0.986,-1.515
7,2018-01-04,2018-01-26,13,cdu/csu,33.000,32.000,1.000,1.000,0.182,0.545,3.328,0.114,0.205,0.227,2.333,5.667,3.750,3.714,2.815,6,18,4,14,27,44,32,749.227,True,False,4.000,CDU/CSU,0.136,0.409,0.091,0.318,0.614,127,25,48,15,38,72,0.047,0.142,0.031,0.110,0.213,0.240,0.375,0.267,0.368,0.375,Regierung,1.000,0.000,19.000,WP19,2018,1,22,1.159,3.476,8.033,1.095,1.476,0.905,7.400,8.571,8.250,7.700,8.316,21,20,5,14,8,10,19,0.238,0.667,0.381,0.476,0.905,0.977,2.931,4.705,0.982,1.272,0.677,5.067,2.905,4.500,3.986,5.501,0,-1.000,-1.536,-1.014,1.557
7,2018-01-04,2018-01-26,13,fdp,9.000,9.000,0.000,0.000,0.157,0.471,2.778,0.176,0.235,0.059,4.167,3.125,0.500,1.750,1.900,6,8,2,4,10,17,15,641.588,True,False,3.000,FDP,0.353,0.471,0.118,0.235,0.588,127,25,48,15,38,72,0.047,0.063,0.016,0.031,0.079,0.240,0.167,0.133,0.105,0.139,Opposition,0.000,1.000,19.000,WP19,2018,1,22,1.159,3.476,8.033,1.095,1.476,0.905,7.400,8.571,8.250,7.700,8.316,21,20,5,14,8,10,19,0.238,0.667,0.381,0.476,0.905,1.002,3.006,5.256,0.919,1.241,0.846,3.233,5.446,7.750,5.950,6.416,1,-0.000,-1.536,-0.014,0.021
7,2018-01-04,2018-01-26,13,grüne,11.000,12.000,-1.000,1.000,0.431,1.294,0.731,0.353,0.647,0.294,1.167,0.800,0.333,0.750,0.250,6,5,3,8,8,17,13,658.647,True,False,1.000,Bündnis 90/Die Grünen,0.353,0.294,0.176,0.471,0.471,127,25,48,15,38,72,0.047,0.039,0.024,0.063,0.063,0.240,0.104,0.200,0.211,0.111,Opposition,0.000,1.000,19.000,WP19,2018,1,22,1.159,3.476,8.033,1.095,1.476,0.905,7.400,8.571,8.250,7.700,8.316,21,20,5,14,8,10,19,0.238,0.667,0.381,0.476,0.905,0.727,2.182,7.303,0.742,0.829,0.611,6.233,7.771,7.917,6.950,8.066,2,1.000,-1.536,0.986,-1.515
7,2018-01-04,2018-01-26,13,linke,9.000,9.000,0.000,0.000,0.579,1.737,1.762,0.526,1.053,0.158,1.600,1.429,1.000,0.750,1.333,5,7,1,4,9,19,14,583.579,True,False,0.000,Die Linke,0.263,0.368,0.053,0.211,0.474,127,25,48,15,38,72,0.039,0.055,0.008,0.031,0.071,0.200,0.146,0.067,0.105,0.125,Opposition,0.000,1.000,19.000,WP19,2018,1,22,1.159,3.476,8.033,1.095,1.476,0.905,7.400,8.571,8.250,7.700,8.316,21,20,5,14,8,10,19,0.238,0.667,0.381,0.476,0.905,0.580,1.739,6.271,0.569,0.424,0.747,5.800,7.143,7.250,6.950,6.982,3,-0.000,-1.536,-0.014,0.021
7,2018-01-04,2018-01-26,13,spd,21.000,20.000,1.000,1.000,0.178,0.533,1.258,0.167,0.267,0.100,1.500,1.900,0.400,1.750,1.056,2,10,5,8,18,30,22,721.167,True,False,2.000,SPD,0.067,0.333,0.167,0.267,0.600,127,25,48,15,38,72,0.016,0.079,0.039,0.063,0.142,0.080,0.208,0.333,0.211,0.250,Regierung,1.000,0.000,19.000,WP19,2018,1,22,1.159,3.476,8.033,1.095,1.476,0.905,7.400,8.571,8.250,7.700,8.316,21,20,5,14,8,10,19,0.238,0.667,0.381,0.476,0.905,0.981,2.943,6.776,0.929,1.210,0.805,5.900,6.671,7.850,5.950,7.260,4,-1.000,-1.536,-1.014,1.557
8,2018-01-26,2018-02-01,12,cdu/csu,33.000,33.000,0.000,0.000,0.083,0.250,2.500,0.000,0.000,0.250,,,,2.000,2.250,0,0,0,1,4,4,4,687.500,True,False,4.000,CDU/CSU,0.000,0.000,0.000,0.250,1.000,11,0,0,0,1,11,0.000,0.000,0.000,0.091,0.364,,,,1.000,0.364,Regierung,1.000,0.000,19.000,WP19,2018,1,6,1.500,4.500,9.500,1.500,2.000,1.000,,,,,9.500,2,2,0,0,0,0,2,0.000,0.000,0.000,0.000,1.000,1.417,4.250,7.000,1.500,2.000,0.750,,,,,7.250,0,-0.000,-2.536,-0.014,0.035
8,2018-01-26,2018-02-01,12,fdp,10.000,9.000,1.000,1.000,0.167,0.500,4.000,0.000,0.500,0.000,,,,,4.000,0,0,0,0,2,2,2,763.000,True,False,3.000,FDP,0.000,0.000,0.000,0.000,1.000,11,0,0,0,1,11,0.000,0.000,0.000,0.000,0.182,,,,0.000,0.182,Opposition,0.000,1.000,19.000,WP19,2018,1,6,1.500,4.500,9.500,1.500,2.000,1.000,,,,,9.500,2,2,0,0,0,0,2,0.000,0.000,0.000,0.000,1.000,1.333,4.000,5.500,1.500,1.500,1.000,,,,,5.500,1,-1.000,-2.536,-1.014,2.571
8,2018-01-26,2018-02-01,12,grüne,11.000,11.000,0.000,0.000,0.333,1.000,2.000,0.000,1.000,0.000,,,,,2.000,0,0,0,0,1,1,1,752.000,True,False,1.000,Bündnis 90/Die Grünen,0.000,0.000,0.000,0.000,1.000,11,0,0,0,1,11,0.000,0.000,0.000,0.000,0.091,,,,0.000,0.091,Opposition,0.000,1.000,19.000,WP19,2018,1,6,1.500,4.500,9.500,1.500,2.000,1.000,,,,,9.500,2,2,0,0,0,0,2,0.000,0.000,0.000,0.000,1.000,1.167,3.500,7.500,1.500,1.000,1.000,,,,,7.500,2,-0.000,-2.536,-0.014,0.035
8,2018-01-26,2018-02-01,12,linke,10.000,9.000,1.000,1.000,1.000,3.000,3.000,1.000,2.000,0.000,,,,,3.000,0,0,0,0,1,1,1,628.000,True,False,0.000,Die Linke,0.000,0.000,0.000,0.000,1.000,11,0,0,0,1,11,0.000,0.000,0.000,0.000,0.091,,,,0.000,0.091,Opposition,0.000,1.000,19.000,WP19,2018,1,6,1.500,4.500,9.500,1.500,2.000,1.000,,,,,9.500,2,2,0,0,0,0,2,0.000,0.000,0.000,0.000,1.000,0.500,1.500,6.500,0.500,0.000,1.000,,,,,6.500,3,-1.000,-2.536,-1.014,2.571
8,2018-01-26,2018-02-01,12,spd,19.000,21.000,-2.000,2.000,0.111,0.333,1.667,0.000,0.333,0.000,,,,,1.667,0,0,0,0,3,3,3,615.667,True,False,2.000,SPD,0.000,0.000,0.000,0.000,1.000,11,0,0,0,1,11,0.000,0.000,0.000,0.000,0.273,,,,0.000,0.273,Regierung,1.000,0.000,19.000,WP19,2018,1,6,1.500,4.500,9.500,1.500,2.000,1.000,,,,,9.500,2,2,0,0,0,0,2,0.000,0.000,0.000,0.000,1.000,1.389,4.167,7.833,1.500,1.667,1.000,,,,,7.833,4,2.000,-2.536,1.986,-5.038
9,2018-02-01,2018-02-15,14,cdu/csu,33.000,33.000,0.000,0.000,0.294,0.881,4.046,0.214,0.333,0.333,3.833,6.900,5.429,4.385,3.538,6,10,7,13,26,42,36,834.238,True,False,4.000,CDU/CSU,0.143,0.238,0.167,0.310,0.619,137,19,44,19,36,73,0.044,0.073,0.051,0.095,0.190,0.316,0.227,0.368,0.361,0.356,Regierung,1.000,0.000,19.000,WP19,2018,2,14,1.130,3.389,7.234,1.000,1.556,0.833,6.750,8.375,8.000,6.778,7.769,18,16,4,8,5,9,13,0.222,0.444,0.278,0.500,0.722,0.836,2.508,3.188,0.786,1.222,0.500,2.917,1.475,2.571,2.393,4.231,0,-0.000,-0.536,-0.014,0.007
9,2018-02-01,2018-02-15,14,fdp,10.000,10.000,0.000,0.000,0.157,0.471,3.000,0.059,0.294,0.118,6.000,3.500,2.000,2.750,1.625,2,4,1,4,8,17,14,587.000,True,False,3.000,FDP,0.118,0.235,0.059,0.235,0.471,137,19,44,19,36,73,0.015,0.029,0.007,0.029,0.058,0.105,0.091,0.053,0.111,0.110,Opposition,0.000,1.000,19.000,WP19,2018,2,14,1.130,3.389,7.234,1.000,1.556,0.833,6.750,8.375,8.000,6.778,7.769,18,16,4,8,5,9,13,0.222,0.444,0.278,0.500,0.722,0.973,2.918,4.234,0.941,1.261,0.716,0.750,4.875,6.000,4.028,6.144,1,-0.000,-0.536,-0.014,0.007
9,2018-02-01,2018-02-15,14,grüne,11.000,11.000,0.000,0.000,0.392,1.176,0.883,0.412,0.706,0.059,1.500,0.750,0.667,0.400,0.444,4,4,3,5,9,17,15,683.765,True,False,1.000,Bündnis 90/Die Grünen,0.235,0.235,0.176,0.294,0.529,137,19,44,19,36,73,0.029,0.029,0.022,0.036,0.066,0.211,0.091,0.158,0.139,0.123,Opposition,0.000,1.000,19.000,WP19,2018,2,14,1.130,3.389,7.234,1.000,1.556,0.833,6.750,8.375,8.000,6.778,7.769,18,16,4,8,5,9,13,0.222,0.444,0.278,0.500,0.722,0.737,2.212,6.351,0.588,0.850,0.775,5.250,7.625,7.333,6.378,7.325,2,-0.000,-0.536,-0.014,0.007
9,2018-02-01,2018-02-15,14,linke,11.000,10.000,1.000,1.000,0.549,1.647,0.929,0.647,0.824,0.176,0.500,0.833,0.200,0.833,0.778,2,6,5,6,9,17,13,618.765,True,False,0.000,Die Linke,0.118,0.353,0.294,0.353,0.529,137,19,44,19,36,73,0.015,0.044,0.036,0.044,0.066,0.105,0.136,0.263,0.167,0.123,Opposition,0.000,1.000,19.000,WP19,2018,2,14,1.130,3.389,7.234,1.000,1.556,0.833,6.750,8.375,8.000,6.778,7.769,18,16,4,8,5,9,13,0.222,0.444,0.278,0.500,0.722,0.581,1.742,6.305,0.353,0.732,0.657,6.250,7.542,7.800,5.944,6.991,3,-1.000,-0.536,-1.014,0.543
9,2018-02-01,2018-02-15,14,spd,18.000,19.000,-1.000,1.000,0.106,0.318,1.508,0.114,0.159,0.045,2.200,1.600,1.333,1.500,1.238,5,20,3,8,21,44,41,612.182,True,False,2.000,SPD,0.114,0.455,0.068,0.182,0.477,137,19,44,19,36,73,0.036,0.146,0.022,0.058,0.153,0.263,0.455,0.158,0.222,0.288,Regierung,1.000,0.000,19.000,WP19,2018,2,14,1.130,3.389,7.234,1.000,1.556,0.833,6.750,8.375,8.000,6.778,7.769,18,16,4,8,5,9,13,0.222,0.444,0.278,0.500,0.722,1.024,3.071,5.726,0.886,1.396,0.788,4.550,6.775,6.667,5.278,6.531,4,1.000,-0.536,0.986,-0.529
10,2018-02-15,2018-02-23,15,cdu/csu,33.000,33.000,0.000,0.000,0.242,0.725,3.544,0.100,0.375,0.250,2.900,5.500,6.083,4.389,3.056,10,10,12,18,18,40,35,765.175,True,False,4.000,CDU/CSU,0.250,0.250,0.300,0.450,0.450,111,32,30,33,47,55,0.090,0.090,0.108,0.162,0.162,0.312,0.333,0.364,0.383,0.327,Regierung,1.000,0.000,19.000,WP19,2018,2,8,1.083,3.250,8.089,1.188,1.438,0.625,8.250,8.167,8.167,7.625,8.500,16,14,4,6,6,8,10,0.250,0.375,0.375,0.500,0.625,0.842,2.525,4.545,1.087,1.062,0.375,5.350,2.667,2.083,3.236,5.444,0,-0.000,0.464,-0.014,-0.006
10,2018-02-15,2018-02-23,15,fdp,9.000,10.000,-1.000,1.000,0.333,1.000,2.271,0.200,0.533,0.267,3.750,2.750,3.333,1.500,1.571,4,4,3,6,7,15,12,683.867,True,False,3.000,FDP,0.267,0.267,0.200,0.400,0.467,111,32,30,33,47,55,0.036,0.036,0.027,0.054,0.063,0.125,0.133,0.091,0.128,0.127,Opposition,0.000,1.000,19.000,WP19,2018,2,8,1.083,3.250,8.089,1.188,1.438,0.625,8.250,8.167,8.167,7.625,8.500,16,14,4,6,6,8,10,0.250,0.375,0.375,0.500,0.625,0.750,2.250,5.818,0.988,0.904,0.358,4.500,5.417,4.833,6.125,6.929,1,1.000,0.464,0.986,0.458
10,2018-02-15,2018-02-23,15,grüne,13.000,11.000,2.000,2.000,0.476,1.429,1.077,0.429,0.714,0.286,1.167,2.000,1.000,0.857,0.875,6,4,5,7,8,14,13,698.357,True,False,1.000,Bündnis 90/Die Grünen,0.429,0.286,0.357,0.500,0.571,111,32,30,33,47,55,0.054,0.036,0.045,0.063,0.072,0.188,0.133,0.152,0.149,0.145,Opposition,0.000,1.000,19.000,WP19,2018,2,8,1.083,3.250,8.089,1.188,1.438,0.625,8.250,8.167,8.167,7.625,8.500,16,14,4,6,6,8,10,0.250,0.375,0.375,0.500,0.625,0.607,1.821,7.012,0.759,0.723,0.339,7.083,6.167,7.167,6.768,7.625,2,-2.000,0.464,-2.014,-0.934
10,2018-02-15,2018-02-23,15,linke,11.000,11.000,0.000,0.000,0.738,2.214,0.782,0.643,1.214,0.357,0.200,2.667,0.250,0.667,1.000,5,3,4,6,6,14,13,658.286,True,False,0.000,Die Linke,0.357,0.214,0.286,0.429,0.429,111,32,30,33,47,55,0.045,0.027,0.036,0.054,0.054,0.156,0.100,0.121,0.128,0.109,Opposition,0.000,1.000,19.000,WP19,2018,2,8,1.083,3.250,8.089,1.188,1.438,0.625,8.250,8.167,8.167,7.625,8.500,16,14,4,6,6,8,10,0.250,0.375,0.375,0.500,0.625,0.345,1.036,7.307,0.545,0.223,0.268,8.050,5.500,7.917,6.958,7.500,3,-0.000,0.464,-0.014,-0.006
10,2018-02-15,2018-02-23,15,spd,16.000,18.000,-2.000,2.000,0.250,0.750,1.434,0.143,0.429,0.179,1.286,3.000,1.333,0.600,1.375,7,9,9,10,16,28,24,686.321,True,False,2.000,SPD,0.250,0.321,0.321,0.357,0.571,111,32,30,33,47,55,0.063,0.081,0.081,0.090,0.144,0.219,0.300,0.273,0.213,0.291,Regierung,1.000,0.000,19.000,WP19,2018,2,8,1.083,3.250,8.089,1.188,1.438,0.625,8.250,8.167,8.167,7.625,8.500,16,14,4,6,6,8,10,0.250,0.375,0.375,0.500,0.625,0.833,2.500,6.655,1.045,1.009,0.446,6.964,5.167,6.833,7.025,7.125,4,2.000,0.464,1.986,0.921
11,2018-02-23,2018-03-01,14,cdu/csu,34.000,33.000,1.000,1.000,0.136,0.409,2.843,0.045,0.227,0.136,,5.000,3.667,1.500,2.615,0,3,3,4,13,22,17,730.909,True,False,4.000,CDU/CSU,0.000,0.136,0.136,0.182,0.591,61,1,9,10,11,40,0.000,0.049,0.049,0.066,0.213,0.000,0.333,0.300,0.364,0.325,Regierung,1.000,0.000,19.000,WP19,2018,2,6,0.900,2.700,6.979,1.000,1.200,0.500,9.000,8.600,8.000,6.333,7.125,10,8,2,5,2,3,8,0.200,0.500,0.200,0.300,0.800,0.764,2.291,4.136,0.955,0.973,0.364,,3.600,4.333,4.833,4.510,0,-1.000,-0.536,-1.014,0.543
11,2018-02-23,2018-03-01,14,fdp,9.000,9.000,0.000,0.000,0.167,0.500,1.500,0.000,0.250,0.250,,,2.000,2.000,1.200,0,0,1,1,5,8,6,581.375,True,False,3.000,FDP,0.000,0.000,0.125,0.125,0.625,61,1,9,10,11,40,0.000,0.000,0.016,0.016,0.082,0.000,0.000,0.100,0.091,0.125,Opposition,0.000,1.000,19.000,WP19,2018,2,6,0.900,2.700,6.979,1.000,1.200,0.500,9.000,8.600,8.000,6.333,7.125,10,8,2,5,2,3,8,0.200,0.500,0.200,0.300,0.800,0.733,2.200,5.479,1.000,0.950,0.250,,,6.000,4.333,5.925,1,-0.000,-0.536,-0.014,0.007
11,2018-02-23,2018-03-01,14,grüne,12.000,13.000,-1.000,1.000,0.407,1.222,1.625,0.111,0.778,0.333,,1.500,0.000,1.000,2.000,0,2,1,2,6,9,6,615.333,True,False,1.000,Bündnis 90/Die Grünen,0.000,0.222,0.111,0.222,0.667,61,1,9,10,11,40,0.000,0.033,0.016,0.033,0.098,0.000,0.222,0.100,0.182,0.150,Opposition,0.000,1.000,19.000,WP19,2018,2,6,0.900,2.700,6.979,1.000,1.200,0.500,9.000,8.600,8.000,6.333,7.125,10,8,2,5,2,3,8,0.200,0.500,0.200,0.300,0.800,0.493,1.478,5.354,0.889,0.422,0.167,,7.100,8.000,5.333,5.125,2,1.000,-0.536,0.986,-0.529
11,2018-02-23,2018-03-01,14,linke,10.000,11.000,-1.000,1.000,0.444,1.333,1.667,0.333,0.889,0.111,2.000,,0.500,1.000,1.667,1,0,2,2,6,9,9,578.000,True,False,0.000,Die Linke,0.111,0.000,0.222,0.222,0.667,61,1,9,10,11,40,0.016,0.000,0.033,0.033,0.098,1.000,0.000,0.200,0.182,0.150,Opposition,0.000,1.000,19.000,WP19,2018,2,6,0.900,2.700,6.979,1.000,1.200,0.500,9.000,8.600,8.000,6.333,7.125,10,8,2,5,2,3,8,0.200,0.500,0.200,0.300,0.800,0.456,1.367,5.312,0.667,0.311,0.389,7.000,,7.500,5.333,5.458,3,1.000,-0.536,0.986,-0.529
11,2018-02-23,2018-03-01,14,spd,17.000,16.000,1.000,1.000,0.179,0.538,1.182,0.154,0.231,0.154,,1.750,0.333,0.000,1.200,0,4,3,2,10,13,11,720.000,True,False,2.000,SPD,0.000,0.308,0.231,0.154,0.769,61,1,9,10,11,40,0.000,0.066,0.049,0.033,0.164,0.000,0.444,0.300,0.182,0.250,Regierung,1.000,0.000,19.000,WP19,2018,2,6,0.900,2.700,6.979,1.000,1.200,0.500,9.000,8.600,8.000,6.333,7.125,10,8,2,5,2,3,8,0.200,0.500,0.200,0.300,0.800,0.721,2.162,5.797,0.846,0.969,0.346,,6.850,7.667,6.333,5.925,4,-1.000,-0.536,-1.014,0.543
12,2018-03-01,2018-03-23,15,cdu/csu,34.000,34.000,0.000,0.000,0.118,0.353,2.758,0.101,0.165,0.086,3.900,5.250,2.667,3.528,2.306,10,32,15,36,72,139,94,750.281,True,False,4.000,CDU/CSU,0.072,0.230,0.108,0.259,0.518,420,53,87,51,116,202,0.024,0.076,0.036,0.086,0.171,0.189,0.368,0.294,0.310,0.356,Regierung,1.000,0.000,19.000,WP19,2018,3,22,0.874,2.623,7.031,0.812,1.261,0.551,7.900,8.433,8.000,7.208,7.113,69,57,10,30,17,24,53,0.145,0.435,0.246,0.348,0.768,0.757,2.271,4.273,0.711,1.095,0.464,4.000,3.183,5.333,3.681,4.808,0,-0.000,0.464,-0.014,-0.006
12,2018-03-01,2018-03-23,15,fdp,9.000,9.000,0.000,0.000,0.182,0.545,2.317,0.136,0.379,0.030,4.778,4.429,1.625,2.273,1.786,9,7,8,11,28,66,41,582.470,True,False,3.000,FDP,0.136,0.106,0.121,0.167,0.424,420,53,87,51,116,202,0.021,0.017,0.019,0.026,0.067,0.170,0.080,0.157,0.095,0.139,Opposition,0.000,1.000,19.000,WP19,2018,3,22,0.874,2.623,7.031,0.812,1.261,0.551,7.900,8.433,8.000,7.208,7.113,69,57,10,30,17,24,53,0.145,0.435,0.246,0.348,0.768,0.693,2.078,4.714,0.675,0.882,0.520,3.122,4.005,6.375,4.936,5.327,1,-0.000,0.464,-0.014,-0.006
12,2018-03-01,2018-03-23,15,grüne,11.000,12.000,-1.000,1.000,0.362,1.085,1.230,0.339,0.644,0.102,1.000,2.438,0.222,1.200,0.968,12,16,9,25,31,59,46,642.966,True,False,1.000,Bündnis 90/Die Grünen,0.203,0.271,0.153,0.424,0.525,420,53,87,51,116,202,0.029,0.038,0.021,0.060,0.074,0.226,0.184,0.176,0.216,0.153,Opposition,0.000,1.000,19.000,WP19,2018,3,22,0.874,2.623,7.031,0.812,1.261,0.551,7.900,8.433,8.000,7.208,7.113,69,57,10,30,17,24,53,0.145,0.435,0.246,0.348,0.768,0.513,1.538,5.802,0.473,0.617,0.449,6.900,5.996,7.778,6.008,6.145,2,1.000,0.464,0.986,0.458
12,2018-03-01,2018-03-23,15,linke,9.000,10.000,-1.000,1.000,0.578,1.733,1.338,0.533,1.033,0.167,0.875,1.706,0.500,1.000,1.345,8,17,8,19,29,60,40,598.917,True,False,0.000,Die Linke,0.133,0.283,0.133,0.317,0.483,420,53,87,51,116,202,0.019,0.040,0.019,0.045,0.069,0.151,0.195,0.157,0.164,0.144,Opposition,0.000,1.000,19.000,WP19,2018,3,22,0.874,2.623,7.031,0.812,1.261,0.551,7.900,8.433,8.000,7.208,7.113,69,57,10,30,17,24,53,0.145,0.435,0.246,0.348,0.768,0.297,0.890,5.693,0.278,0.228,0.384,7.025,6.727,7.500,6.208,5.768,3,1.000,0.464,0.986,0.458
12,2018-03-01,2018-03-23,15,spd,18.000,17.000,1.000,1.000,0.115,0.344,1.582,0.094,0.208,0.042,2.071,2.667,1.273,1.280,1.548,14,15,11,25,42,96,61,678.271,True,False,2.000,SPD,0.146,0.156,0.115,0.260,0.438,420,53,87,51,116,202,0.033,0.036,0.026,0.060,0.100,0.264,0.172,0.216,0.216,0.208,Regierung,1.000,0.000,19.000,WP19,2018,3,22,0.874,2.623,7.031,0.812,1.261,0.551,7.900,8.433,8.000,7.208,7.113,69,57,10,30,17,24,53,0.145,0.435,0.246,0.348,0.768,0.760,2.279,5.449,0.718,1.053,0.509,5.829,5.767,6.727,5.928,5.566,4,-1.000,0.464,-1.014,-0.470
13,2018-03-23,2018-04-05,13,cdu/csu,33.000,34.000,-1.000,1.000,0.156,0.467,3.697,0.200,0.267,0.000,2.200,6.000,2.000,5.286,2.600,5,3,1,7,5,15,11,824.267,True,False,4.000,CDU/CSU,0.333,0.200,0.067,0.467,0.333,49,15,11,7,19,12,0.102,0.061,0.020,0.143,0.102,0.333,0.273,0.143,0.368,0.417,Regierung,1.000,0.000,19.000,WP19,2018,3,13,1.128,3.385,8.425,1.154,1.538,0.692,9.000,8.857,8.500,8.000,8.333,13,10,4,7,4,5,9,0.308,0.538,0.308,0.385,0.692,0.973,2.918,4.728,0.954,1.272,0.692,6.800,2.857,6.500,2.714,5.733,0,1.000,-1.536,0.986,-1.515
13,2018-03-23,2018-04-05,13,fdp,9.000,9.000,0.000,0.000,0.300,0.900,2.704,0.400,0.400,0.100,4.000,2.500,2.000,1.250,2.000,4,2,1,4,1,10,9,590.500,True,False,3.000,FDP,0.400,0.200,0.100,0.400,0.100,49,15,11,7,19,12,0.082,0.041,0.020,0.082,0.020,0.267,0.182,0.143,0.211,0.083,Opposition,0.000,1.000,19.000,WP19,2018,3,13,1.128,3.385,8.425,1.154,1.538,0.692,9.000,8.857,8.500,8.000,8.333,13,10,4,7,4,5,9,0.308,0.538,0.308,0.385,0.692,0.828,2.485,5.721,0.754,1.138,0.592,5.000,6.357,6.500,6.750,6.333,1,-0.000,-1.536,-0.014,0.021
13,2018-03-23,2018-04-05,13,grüne,12.000,11.000,1.000,1.000,0.444,1.333,1.792,0.500,0.500,0.333,1.000,3.000,1.333,1.000,3.500,2,2,3,3,2,6,6,784.833,True,False,1.000,Bündnis 90/Die Grünen,0.333,0.333,0.500,0.500,0.333,49,15,11,7,19,12,0.041,0.041,0.061,0.061,0.041,0.133,0.182,0.429,0.158,0.167,Opposition,0.000,1.000,19.000,WP19,2018,3,13,1.128,3.385,8.425,1.154,1.538,0.692,9.000,8.857,8.500,8.000,8.333,13,10,4,7,4,5,9,0.308,0.538,0.308,0.385,0.692,0.684,2.051,6.633,0.654,1.038,0.359,8.000,5.857,7.167,7.000,4.833,2,-1.000,-1.536,-1.014,1.557
13,2018-03-23,2018-04-05,13,linke,10.000,9.000,1.000,1.000,0.667,2.000,2.875,0.600,1.200,0.200,1.000,9.000,7.000,5.000,4.500,2,1,1,2,2,5,4,1024.800,True,False,0.000,Die Linke,0.400,0.200,0.200,0.400,0.400,49,15,11,7,19,12,0.041,0.020,0.020,0.041,0.041,0.133,0.091,0.143,0.105,0.167,Opposition,0.000,1.000,19.000,WP19,2018,3,13,1.128,3.385,8.425,1.154,1.538,0.692,9.000,8.857,8.500,8.000,8.333,13,10,4,7,4,5,9,0.308,0.538,0.308,0.385,0.692,0.462,1.385,5.550,0.554,0.338,0.492,8.000,0.143,1.500,3.000,3.833,3,-1.000,-1.536,-1.014,1.557
13,2018-03-23,2018-04-05,13,spd,19.000,18.000,1.000,1.000,0.051,0.154,2.611,0.000,0.077,0.077,2.000,3.333,2.000,2.333,2.000,2,3,1,3,2,13,6,687.846,True,False,2.000,SPD,0.154,0.231,0.077,0.231,0.154,49,15,11,7,19,12,0.041,0.061,0.020,0.061,0.041,0.133,0.273,0.143,0.158,0.167,Regierung,1.000,0.000,19.000,WP19,2018,3,13,1.128,3.385,8.425,1.154,1.538,0.692,9.000,8.857,8.500,8.000,8.333,13,10,4,7,4,5,9,0.308,0.538,0.308,0.385,0.692,1.077,3.231,5.814,1.154,1.462,0.615,7.000,5.524,6.500,5.667,6.333,4,-1.000,-1.536,-1.014,1.557
14,2018-04-05,2018-04-20,14,cdu/csu,33.000,33.000,0.000,0.000,0.167,0.500,2.657,0.125,0.312,0.062,4.167,3.900,2.500,2.833,1.786,6,10,2,12,28,48,35,730.250,True,False,4.000,CDU/CSU,0.125,0.208,0.042,0.250,0.583,135,23,30,11,48,70,0.044,0.074,0.015,0.089,0.207,0.261,0.333,0.182,0.250,0.400,Regierung,1.000,0.000,19.000,WP19,2018,4,15,0.924,2.773,6.735,0.864,1.227,0.682,9.000,8.800,7.600,5.600,7.294,22,19,3,10,5,10,17,0.136,0.455,0.227,0.455,0.773,0.758,2.273,4.078,0.739,0.915,0.619,4.833,4.900,5.100,2.767,5.508,0,-0.000,-0.536,-0.014,0.007
14,2018-04-05,2018-04-20,14,fdp,9.000,9.000,0.000,0.000,0.206,0.619,2.717,0.095,0.381,0.143,7.000,4.000,0.000,1.714,1.900,3,4,1,7,10,21,15,551.333,True,False,3.000,FDP,0.143,0.190,0.048,0.333,0.476,135,23,30,11,48,70,0.022,0.030,0.007,0.052,0.074,0.130,0.133,0.091,0.146,0.143,Opposition,0.000,1.000,19.000,WP19,2018,4,15,0.924,2.773,6.735,0.864,1.227,0.682,9.000,8.800,7.600,5.600,7.294,22,19,3,10,5,10,17,0.136,0.455,0.227,0.455,0.773,0.718,2.154,4.018,0.768,0.846,0.539,2.000,4.800,7.600,3.886,5.394,1,-0.000,-0.536,-0.014,0.007
14,2018-04-05,2018-04-20,14,grüne,12.000,12.000,0.000,0.000,0.263,0.789,1.091,0.053,0.526,0.211,0.400,1.800,0.000,1.250,0.727,5,5,3,8,11,19,15,679.368,True,False,1.000,Bündnis 90/Die Grünen,0.263,0.263,0.158,0.421,0.579,135,23,30,11,48,70,0.037,0.037,0.022,0.059,0.081,0.217,0.167,0.273,0.167,0.157,Opposition,0.000,1.000,19.000,WP19,2018,4,15,0.924,2.773,6.735,0.864,1.227,0.682,9.000,8.800,7.600,5.600,7.294,22,19,3,10,5,10,17,0.136,0.455,0.227,0.455,0.773,0.661,1.983,5.644,0.811,0.701,0.471,8.600,7.000,7.600,4.350,6.567,2,-0.000,-0.536,-0.014,0.007
14,2018-04-05,2018-04-20,14,linke,10.000,10.000,0.000,0.000,0.632,1.895,1.661,0.579,1.105,0.211,1.000,2.800,0.667,1.111,1.636,3,5,3,9,11,19,15,620.895,True,False,0.000,Die Linke,0.158,0.263,0.158,0.474,0.579,135,23,30,11,48,70,0.022,0.037,0.022,0.067,0.081,0.130,0.167,0.273,0.188,0.157,Opposition,0.000,1.000,19.000,WP19,2018,4,15,0.924,2.773,6.735,0.864,1.227,0.682,9.000,8.800,7.600,5.600,7.294,22,19,3,10,5,10,17,0.136,0.455,0.227,0.455,0.773,0.293,0.878,5.074,0.285,0.122,0.471,8.000,6.000,6.933,4.489,5.658,3,-0.000,-0.536,-0.014,0.007
14,2018-04-05,2018-04-20,14,spd,18.000,19.000,-1.000,1.000,0.143,0.429,1.720,0.107,0.286,0.036,3.333,1.333,0.000,1.167,0.700,6,6,2,12,10,28,22,649.393,True,False,2.000,SPD,0.214,0.214,0.071,0.429,0.357,135,23,30,11,48,70,0.044,0.044,0.015,0.089,0.074,0.261,0.200,0.182,0.250,0.143,Regierung,1.000,0.000,19.000,WP19,2018,4,15,0.924,2.773,6.735,0.864,1.227,0.682,9.000,8.800,7.600,5.600,7.294,22,19,3,10,5,10,17,0.136,0.455,0.227,0.455,0.773,0.781,2.344,5.015,0.756,0.942,0.646,5.667,7.467,7.600,4.433,6.594,4,1.000,-0.536,0.986,-0.529
15,2018-04-20,2018-05-09,15,cdu/csu,32.000,33.000,-1.000,1.000,0.080,0.240,2.096,0.013,0.160,0.067,3.250,3.300,0.500,1.800,1.447,8,10,4,20,38,75,52,756.680,True,False,4.000,CDU/CSU,0.107,0.133,0.053,0.267,0.507,229,28,43,27,68,111,0.035,0.044,0.017,0.087,0.166,0.286,0.233,0.148,0.294,0.342,Regierung,1.000,0.000,19.000,WP19,2018,4,19,0.867,2.600,6.995,0.800,1.225,0.575,6.750,7.222,6.200,6.688,7.560,40,31,4,18,10,16,25,0.100,0.450,0.250,0.400,0.625,0.787,2.360,4.898,0.787,1.065,0.508,3.500,3.922,5.700,4.888,6.113,0,1.000,0.464,0.986,0.458
15,2018-04-20,2018-05-09,15,fdp,10.000,9.000,1.000,1.000,0.245,0.735,2.306,0.147,0.412,0.176,4.000,3.333,0.000,1.462,2.056,3,9,5,13,18,34,24,585.265,True,False,3.000,FDP,0.088,0.265,0.147,0.382,0.529,229,28,43,27,68,111,0.013,0.039,0.022,0.057,0.079,0.107,0.209,0.185,0.191,0.162,Opposition,0.000,1.000,19.000,WP19,2018,4,19,0.867,2.600,6.995,0.800,1.225,0.575,6.750,7.222,6.200,6.688,7.560,40,31,4,18,10,16,25,0.100,0.450,0.250,0.400,0.625,0.622,1.865,4.689,0.653,0.813,0.399,2.750,3.889,6.200,5.226,5.504,1,-1.000,0.464,-1.014,-0.470
15,2018-04-20,2018-05-09,15,grüne,12.000,12.000,0.000,0.000,0.367,1.100,1.261,0.300,0.667,0.133,0.000,3.600,2.200,1.636,1.312,6,5,5,11,16,30,22,674.900,True,False,1.000,Bündnis 90/Die Grünen,0.200,0.167,0.167,0.367,0.533,229,28,43,27,68,111,0.026,0.022,0.022,0.048,0.070,0.214,0.116,0.185,0.162,0.144,Opposition,0.000,1.000,19.000,WP19,2018,4,19,0.867,2.600,6.995,0.800,1.225,0.575,6.750,7.222,6.200,6.688,7.560,40,31,4,18,10,16,25,0.100,0.450,0.250,0.400,0.625,0.500,1.500,5.733,0.500,0.558,0.442,6.750,3.622,4.000,5.051,6.247,2,-0.000,0.464,-0.014,-0.006
15,2018-04-20,2018-05-09,15,linke,10.000,10.000,0.000,0.000,0.540,1.621,1.306,0.414,0.897,0.310,0.000,3.444,0.200,1.444,0.923,4,9,5,9,13,29,21,611.897,True,False,0.000,Die Linke,0.138,0.310,0.172,0.310,0.448,229,28,43,27,68,111,0.017,0.039,0.022,0.039,0.057,0.143,0.209,0.185,0.132,0.117,Opposition,0.000,1.000,19.000,WP19,2018,4,19,0.867,2.600,6.995,0.800,1.225,0.575,6.750,7.222,6.200,6.688,7.560,40,31,4,18,10,16,25,0.100,0.450,0.250,0.400,0.625,0.326,0.979,5.689,0.386,0.328,0.265,6.750,3.778,6.000,5.243,6.637,3,-0.000,0.464,-0.014,-0.006
15,2018-04-20,2018-05-09,15,spd,17.000,18.000,-1.000,1.000,0.153,0.459,0.831,0.148,0.213,0.098,0.286,1.900,0.375,1.000,0.538,7,10,8,15,26,61,36,646.213,True,False,2.000,SPD,0.115,0.164,0.131,0.246,0.426,229,28,43,27,68,111,0.031,0.044,0.035,0.066,0.114,0.250,0.233,0.296,0.221,0.234,Regierung,1.000,0.000,19.000,WP19,2018,4,19,0.867,2.600,6.995,0.800,1.225,0.575,6.750,7.222,6.200,6.688,7.560,40,31,4,18,10,16,25,0.100,0.450,0.250,0.400,0.625,0.714,2.141,6.164,0.652,1.012,0.477,6.464,5.322,5.825,5.688,7.022,4,1.000,0.464,0.986,0.458
16,2018-05-09,2018-05-18,15,cdu/csu,32.000,32.000,0.000,0.000,0.088,0.265,2.513,0.061,0.122,0.082,1.929,4.833,1.600,3.800,2.000,14,6,5,15,23,49,39,926.245,True,False,4.000,CDU/CSU,0.286,0.122,0.102,0.306,0.469,166,57,28,24,46,79,0.084,0.036,0.030,0.090,0.139,0.246,0.214,0.208,0.326,0.291,Regierung,1.000,0.000,19.000,WP19,2018,5,9,1.021,3.062,7.292,1.031,1.469,0.562,7.667,8.188,7.625,7.091,7.192,32,28,9,16,8,11,26,0.281,0.500,0.250,0.344,0.812,0.932,2.797,4.779,0.970,1.346,0.481,5.738,3.354,6.025,3.291,5.192,0,-0.000,0.464,-0.014,-0.006
16,2018-05-09,2018-05-18,15,fdp,8.000,10.000,-2.000,2.000,0.307,0.920,3.052,0.160,0.760,0.000,4.500,5.000,,2.833,2.222,6,4,0,6,9,25,16,814.760,True,False,3.000,FDP,0.240,0.160,0.000,0.240,0.360,166,57,28,24,46,79,0.036,0.024,0.000,0.036,0.054,0.105,0.143,0.000,0.130,0.114,Opposition,0.000,1.000,19.000,WP19,2018,5,9,1.021,3.062,7.292,1.031,1.469,0.562,7.667,8.188,7.625,7.091,7.192,32,28,9,16,8,11,26,0.281,0.500,0.250,0.344,0.812,0.714,2.143,4.240,0.871,0.709,0.562,3.167,3.188,,4.258,4.970,1,2.000,0.464,1.986,0.921
16,2018-05-09,2018-05-18,15,grüne,13.000,12.000,1.000,1.000,0.493,1.480,1.580,0.360,1.040,0.080,1.357,1.714,0.500,1.600,1.600,14,7,4,10,15,25,23,775.240,True,False,1.000,Bündnis 90/Die Grünen,0.560,0.280,0.160,0.400,0.600,166,57,28,24,46,79,0.084,0.042,0.024,0.060,0.090,0.246,0.250,0.167,0.217,0.190,Opposition,0.000,1.000,19.000,WP19,2018,5,9,1.021,3.062,7.292,1.031,1.469,0.562,7.667,8.188,7.625,7.091,7.192,32,28,9,16,8,11,26,0.281,0.500,0.250,0.344,0.812,0.527,1.583,5.712,0.671,0.429,0.482,6.310,6.473,7.125,5.491,5.592,2,-1.000,0.464,-1.014,-0.470
16,2018-05-09,2018-05-18,15,linke,9.000,10.000,-1.000,1.000,0.519,1.556,1.550,0.519,0.926,0.111,1.100,2.500,0.857,1.250,2.077,10,6,7,8,13,27,25,684.185,True,False,0.000,Die Linke,0.370,0.222,0.259,0.296,0.481,166,57,28,24,46,79,0.060,0.036,0.042,0.048,0.078,0.175,0.214,0.292,0.174,0.165,Opposition,0.000,1.000,19.000,WP19,2018,5,9,1.021,3.062,7.292,1.031,1.469,0.562,7.667,8.188,7.625,7.091,7.192,32,28,9,16,8,11,26,0.281,0.500,0.250,0.344,0.812,0.502,1.507,5.742,0.513,0.543,0.451,6.567,5.688,6.768,5.841,5.115,3,1.000,0.464,0.986,0.458
16,2018-05-09,2018-05-18,15,spd,18.000,17.000,1.000,1.000,0.033,0.100,1.138,0.000,0.100,0.000,0.846,2.400,0.500,1.286,0.632,13,5,8,7,19,40,29,857.500,True,False,2.000,SPD,0.325,0.125,0.200,0.175,0.475,166,57,28,24,46,79,0.078,0.030,0.048,0.042,0.114,0.228,0.179,0.333,0.152,0.241,Regierung,1.000,0.000,19.000,WP19,2018,5,9,1.021,3.062,7.292,1.031,1.469,0.562,7.667,8.188,7.625,7.091,7.192,32,28,9,16,8,11,26,0.281,0.500,0.250,0.344,0.812,0.988,2.962,6.154,1.031,1.369,0.562,6.821,5.787,7.125,5.805,6.561,4,-1.000,0.464,-1.014,-0.470
17,2018-05-18,2018-06-14,14,cdu/csu,33.000,32.000,1.000,1.000,0.107,0.322,2.508,0.080,0.195,0.046,3.385,3.923,0.000,3.158,1.886,13,13,1,19,44,87,60,803.115,True,False,4.000,CDU/CSU,0.149,0.149,0.011,0.218,0.506,258,45,46,10,59,114,0.050,0.050,0.004,0.074,0.171,0.289,0.283,0.100,0.322,0.386,Regierung,1.000,0.000,19.000,WP19,2018,5,27,1.033,3.098,7.458,1.000,1.512,0.585,7.667,8.056,8.000,6.615,7.903,41,34,6,18,6,13,31,0.146,0.439,0.146,0.317,0.756,0.925,2.776,4.950,0.920,1.317,0.539,4.282,4.132,8.000,3.457,6.017,0,-1.000,-0.536,-1.014,0.543
17,2018-05-18,2018-06-14,14,fdp,8.000,8.000,0.000,0.000,0.179,0.538,2.304,0.128,0.385,0.026,3.250,3.857,0.000,1.600,1.867,4,7,1,10,15,39,26,645.769,True,False,3.000,FDP,0.103,0.179,0.026,0.256,0.385,258,45,46,10,59,114,0.016,0.027,0.004,0.039,0.058,0.089,0.152,0.100,0.169,0.132,Opposition,0.000,1.000,19.000,WP19,2018,5,27,1.033,3.098,7.458,1.000,1.512,0.585,7.667,8.056,8.000,6.615,7.903,41,34,6,18,6,13,31,0.146,0.439,0.146,0.317,0.756,0.853,2.559,5.154,0.872,1.128,0.560,4.417,4.198,8.000,5.015,6.037,1,-0.000,-0.536,-0.014,0.007
17,2018-05-18,2018-06-14,14,grüne,13.000,13.000,0.000,0.000,0.333,1.000,1.042,0.316,0.684,0.000,0.600,1.333,0.000,0.875,0.900,10,9,3,8,20,38,28,675.053,True,False,1.000,Bündnis 90/Die Grünen,0.263,0.237,0.079,0.211,0.526,258,45,46,10,59,114,0.039,0.035,0.012,0.031,0.078,0.222,0.196,0.300,0.136,0.175,Opposition,0.000,1.000,19.000,WP19,2018,5,27,1.033,3.098,7.458,1.000,1.512,0.585,7.667,8.056,8.000,6.615,7.903,41,34,6,18,6,13,31,0.146,0.439,0.146,0.317,0.756,0.699,2.098,6.417,0.684,0.828,0.585,7.067,6.722,8.000,5.740,7.003,2,-0.000,-0.536,-0.014,0.007
17,2018-05-18,2018-06-14,14,linke,10.000,9.000,1.000,1.000,0.571,1.714,1.480,0.657,1.029,0.029,1.429,2.000,0.667,1.333,1.333,7,6,3,9,15,35,21,645.400,True,False,0.000,Die Linke,0.200,0.171,0.086,0.257,0.429,258,45,46,10,59,114,0.027,0.023,0.012,0.035,0.058,0.156,0.130,0.300,0.153,0.132,Opposition,0.000,1.000,19.000,WP19,2018,5,27,1.033,3.098,7.458,1.000,1.512,0.585,7.667,8.056,8.000,6.615,7.903,41,34,6,18,6,13,31,0.146,0.439,0.146,0.317,0.756,0.461,1.383,5.978,0.343,0.484,0.557,6.238,6.056,7.333,5.282,6.570,3,-1.000,-0.536,-1.014,0.543
17,2018-05-18,2018-06-14,14,spd,17.000,18.000,-1.000,1.000,0.141,0.424,0.912,0.085,0.305,0.034,0.909,1.909,0.000,1.000,0.350,11,11,2,13,20,59,38,691.644,True,False,2.000,SPD,0.186,0.186,0.034,0.220,0.339,258,45,46,10,59,114,0.043,0.043,0.008,0.050,0.078,0.244,0.239,0.200,0.220,0.175,Regierung,1.000,0.000,19.000,WP19,2018,5,27,1.033,3.098,7.458,1.000,1.512,0.585,7.667,8.056,8.000,6.615,7.903,41,34,6,18,6,13,31,0.146,0.439,0.146,0.317,0.756,0.891,2.674,6.546,0.915,1.207,0.551,6.758,6.146,8.000,5.615,7.553,4,1.000,-0.536,0.986,-0.529
18,2018-06-14,2018-06-28,15,cdu/csu,31.000,33.000,-2.000,2.000,0.201,0.603,3.285,0.147,0.279,0.176,2.000,5.714,1.500,3.421,3.053,3,21,2,19,38,68,48,711.632,True,False,4.000,CDU/CSU,0.044,0.309,0.029,0.279,0.559,194,17,62,15,73,107,0.015,0.108,0.010,0.098,0.196,0.176,0.339,0.133,0.260,0.355,Regierung,1.000,0.000,19.000,WP19,2018,6,14,1.189,3.567,7.373,1.133,1.567,0.867,8.000,8.857,7.750,7.000,7.458,30,25,1,14,8,15,24,0.033,0.467,0.267,0.500,0.800,0.988,2.964,4.089,0.986,1.287,0.690,6.000,3.143,6.250,3.579,4.406,0,2.000,0.464,1.986,0.921
18,2018-06-14,2018-06-28,15,fdp,8.000,8.000,0.000,0.000,0.286,0.857,2.754,0.214,0.536,0.107,5.667,5.143,1.250,2.846,1.750,3,7,4,13,16,28,23,583.750,True,False,3.000,FDP,0.107,0.250,0.143,0.464,0.571,194,17,62,15,73,107,0.015,0.036,0.021,0.067,0.082,0.176,0.113,0.267,0.178,0.150,Opposition,0.000,1.000,19.000,WP19,2018,6,14,1.189,3.567,7.373,1.133,1.567,0.867,8.000,8.857,7.750,7.000,7.458,30,25,1,14,8,15,24,0.033,0.467,0.267,0.500,0.800,0.903,2.710,4.620,0.919,1.031,0.760,2.333,3.714,6.500,4.154,5.708,1,-0.000,0.464,-0.014,-0.006
18,2018-06-14,2018-06-28,15,grüne,13.000,13.000,0.000,0.000,0.333,1.000,1.167,0.280,0.680,0.040,0.500,2.667,0.250,0.800,1.000,6,6,4,10,15,25,19,611.360,True,False,1.000,Bündnis 90/Die Grünen,0.240,0.240,0.160,0.400,0.600,194,17,62,15,73,107,0.031,0.031,0.021,0.052,0.077,0.353,0.097,0.267,0.137,0.140,Opposition,0.000,1.000,19.000,WP19,2018,6,14,1.189,3.567,7.373,1.133,1.567,0.867,8.000,8.857,7.750,7.000,7.458,30,25,1,14,8,15,24,0.033,0.467,0.267,0.500,0.800,0.856,2.567,6.207,0.853,0.887,0.827,7.500,6.190,7.500,6.200,6.458,2,-0.000,0.464,-0.014,-0.006
18,2018-06-14,2018-06-28,15,linke,10.000,10.000,0.000,0.000,0.573,1.720,1.452,0.560,1.040,0.120,0.000,1.556,0.000,1.312,1.462,1,9,1,16,13,25,21,624.040,True,False,0.000,Die Linke,0.040,0.360,0.040,0.640,0.520,194,17,62,15,73,107,0.005,0.046,0.005,0.082,0.067,0.059,0.145,0.067,0.219,0.121,Opposition,0.000,1.000,19.000,WP19,2018,6,14,1.189,3.567,7.373,1.133,1.567,0.867,8.000,8.857,7.750,7.000,7.458,30,25,1,14,8,15,24,0.033,0.467,0.267,0.500,0.800,0.616,1.847,5.921,0.573,0.527,0.747,8.000,7.302,7.750,5.688,5.997,3,-0.000,0.464,-0.014,-0.006
18,2018-06-14,2018-06-28,15,spd,18.000,17.000,1.000,1.000,0.153,0.458,1.237,0.167,0.271,0.021,1.250,1.789,1.000,0.933,0.760,4,19,4,15,25,48,38,677.917,True,False,2.000,SPD,0.083,0.396,0.083,0.312,0.521,194,17,62,15,73,107,0.021,0.098,0.021,0.077,0.129,0.235,0.306,0.267,0.205,0.234,Regierung,1.000,0.000,19.000,WP19,2018,6,14,1.189,3.567,7.373,1.133,1.567,0.867,8.000,8.857,7.750,7.000,7.458,30,25,1,14,8,15,24,0.033,0.467,0.267,0.500,0.800,1.036,3.108,6.136,0.967,1.296,0.846,6.750,7.068,6.750,6.067,6.698,4,-1.000,0.464,-1.014,-0.470
19,2018-06-28,2018-07-05,14,cdu/csu,32.000,31.000,1.000,1.000,0.079,0.237,2.275,0.068,0.144,0.025,2.556,3.889,1.857,2.174,1.556,27,18,7,23,54,118,78,814.254,True,False,4.000,CDU/CSU,0.229,0.153,0.059,0.195,0.458,358,99,61,28,83,156,0.075,0.050,0.020,0.064,0.151,0.273,0.295,0.250,0.277,0.346,Regierung,1.000,0.000,19.000,WP19,2018,6,7,0.883,2.650,7.056,0.817,1.333,0.500,7.278,8.240,7.750,6.263,7.357,60,50,18,25,16,19,42,0.300,0.417,0.267,0.317,0.700,0.804,2.413,4.781,0.749,1.189,0.475,4.722,4.351,5.893,4.089,5.802,0,-1.000,-0.536,-1.014,0.543
19,2018-06-28,2018-07-05,14,fdp,8.000,8.000,0.000,0.000,0.252,0.755,3.093,0.208,0.509,0.038,3.933,4.250,2.000,2.667,2.150,15,8,1,12,20,53,36,680.623,True,False,3.000,FDP,0.283,0.151,0.019,0.226,0.377,358,99,61,28,83,156,0.042,0.022,0.003,0.034,0.056,0.152,0.131,0.036,0.145,0.128,Opposition,0.000,1.000,19.000,WP19,2018,6,7,0.883,2.650,7.056,0.817,1.333,0.500,7.278,8.240,7.750,6.263,7.357,60,50,18,25,16,19,42,0.300,0.417,0.267,0.317,0.700,0.632,1.895,3.963,0.609,0.824,0.462,3.344,3.990,5.750,3.596,5.207,1,-0.000,-0.536,-0.014,0.007
19,2018-06-28,2018-07-05,14,grüne,13.000,13.000,0.000,0.000,0.296,0.887,1.240,0.208,0.623,0.057,1.208,2.200,1.500,1.143,0.923,24,10,6,14,26,53,42,674.811,True,False,1.000,Bündnis 90/Die Grünen,0.453,0.189,0.113,0.264,0.491,358,99,61,28,83,156,0.067,0.028,0.017,0.039,0.073,0.242,0.164,0.214,0.169,0.167,Opposition,0.000,1.000,19.000,WP19,2018,6,7,0.883,2.650,7.056,0.817,1.333,0.500,7.278,8.240,7.750,6.263,7.357,60,50,18,25,16,19,42,0.300,0.417,0.267,0.317,0.700,0.588,1.763,5.816,0.609,0.711,0.443,6.069,6.040,6.250,5.120,6.434,2,-0.000,-0.536,-0.014,0.007
19,2018-06-28,2018-07-05,14,linke,9.000,10.000,-1.000,1.000,0.442,1.327,1.253,0.423,0.808,0.096,0.571,2.750,0.286,1.182,1.190,14,12,7,11,21,52,39,632.712,True,False,0.000,Die Linke,0.269,0.231,0.135,0.212,0.404,358,99,61,28,83,156,0.039,0.034,0.020,0.031,0.059,0.141,0.197,0.250,0.133,0.135,Opposition,0.000,1.000,19.000,WP19,2018,6,7,0.883,2.650,7.056,0.817,1.333,0.500,7.278,8.240,7.750,6.263,7.357,60,50,18,25,16,19,42,0.300,0.417,0.267,0.317,0.700,0.441,1.323,5.803,0.394,0.526,0.404,6.706,5.490,7.464,5.081,6.167,3,1.000,-0.536,0.986,-0.529
19,2018-06-28,2018-07-05,14,spd,19.000,18.000,1.000,1.000,0.093,0.280,1.208,0.061,0.195,0.024,1.474,1.231,0.714,0.957,0.829,19,13,7,23,35,82,56,741.902,True,False,2.000,SPD,0.232,0.159,0.085,0.280,0.427,358,99,61,28,83,156,0.053,0.036,0.020,0.064,0.098,0.192,0.213,0.250,0.277,0.224,Regierung,1.000,0.000,19.000,WP19,2018,6,7,0.883,2.650,7.056,0.817,1.333,0.500,7.278,8.240,7.750,6.263,7.357,60,50,18,25,16,19,42,0.300,0.417,0.267,0.317,0.700,0.790,2.370,5.848,0.756,1.138,0.476,5.804,7.009,7.036,5.307,6.529,4,-1.000,-0.536,-1.014,0.543
20,2018-07-05,2018-07-27,16,cdu/csu,30.000,32.000,-2.000,2.000,0.083,0.250,2.630,0.125,0.042,0.083,3.750,4.000,3.000,3.143,1.545,4,7,2,7,11,24,16,916.792,True,False,4.000,CDU/CSU,0.167,0.292,0.083,0.292,0.458,79,18,22,10,25,30,0.051,0.089,0.025,0.089,0.139,0.222,0.318,0.200,0.280,0.367,Regierung,1.000,0.000,19.000,WP19,2018,7,22,1.231,3.692,7.564,1.154,1.692,0.846,,8.444,7.800,8.000,7.615,13,13,0,9,5,4,13,0.000,0.692,0.385,0.308,1.000,1.147,3.442,4.934,1.029,1.651,0.763,,4.444,4.800,4.857,6.070,0,2.000,1.464,1.986,2.908
20,2018-07-05,2018-07-27,16,fdp,8.000,8.000,0.000,0.000,0.333,1.000,3.625,0.357,0.643,0.000,7.000,4.600,,2.400,3.500,1,5,0,5,4,14,8,694.429,True,False,3.000,FDP,0.071,0.357,0.000,0.357,0.286,79,18,22,10,25,30,0.013,0.063,0.000,0.063,0.051,0.056,0.227,0.000,0.200,0.133,Opposition,0.000,1.000,19.000,WP19,2018,7,22,1.231,3.692,7.564,1.154,1.692,0.846,,8.444,7.800,8.000,7.615,13,13,0,9,5,4,13,0.000,0.692,0.385,0.308,1.000,0.897,2.692,3.939,0.797,1.049,0.846,,3.844,,5.600,4.115,1,-0.000,1.464,-0.014,-0.020
20,2018-07-05,2018-07-27,16,grüne,14.000,13.000,1.000,1.000,0.487,1.462,2.592,0.385,0.846,0.231,1.400,6.250,0.000,2.500,2.750,5,4,2,4,4,13,10,691.923,True,False,1.000,Bündnis 90/Die Grünen,0.385,0.308,0.154,0.308,0.308,79,18,22,10,25,30,0.063,0.051,0.025,0.051,0.051,0.278,0.182,0.200,0.160,0.133,Opposition,0.000,1.000,19.000,WP19,2018,7,22,1.231,3.692,7.564,1.154,1.692,0.846,,8.444,7.800,8.000,7.615,13,13,0,9,5,4,13,0.000,0.692,0.385,0.308,1.000,0.744,2.231,4.972,0.769,0.846,0.615,,2.194,7.800,5.500,4.865,2,-1.000,1.464,-1.014,-1.484
20,2018-07-05,2018-07-27,16,linke,9.000,9.000,0.000,0.000,0.697,2.091,1.683,0.727,1.182,0.182,1.333,3.000,0.000,2.833,1.000,3,3,4,6,6,11,8,672.636,True,False,0.000,Die Linke,0.273,0.273,0.364,0.545,0.545,79,18,22,10,25,30,0.038,0.038,0.051,0.076,0.076,0.167,0.136,0.400,0.240,0.200,Opposition,0.000,1.000,19.000,WP19,2018,7,22,1.231,3.692,7.564,1.154,1.692,0.846,,8.444,7.800,8.000,7.615,13,13,0,9,5,4,13,0.000,0.692,0.385,0.308,1.000,0.534,1.601,5.881,0.427,0.510,0.664,,5.444,7.800,5.167,6.615,3,-0.000,1.464,-0.014,-0.020
20,2018-07-05,2018-07-27,16,spd,18.000,19.000,-1.000,1.000,0.059,0.176,1.348,0.000,0.118,0.059,1.200,2.000,0.500,2.333,0.800,5,3,2,3,5,17,11,756.059,True,False,2.000,SPD,0.294,0.176,0.118,0.176,0.294,79,18,22,10,25,30,0.063,0.038,0.025,0.038,0.063,0.278,0.136,0.200,0.120,0.167,Regierung,1.000,0.000,19.000,WP19,2018,7,22,1.231,3.692,7.564,1.154,1.692,0.846,,8.444,7.800,8.000,7.615,13,13,0,9,5,4,13,0.000,0.692,0.385,0.308,1.000,1.172,3.516,6.216,1.154,1.575,0.787,,6.444,7.300,5.667,6.815,4,1.000,1.464,0.986,1.444
24,2018-09-06,2018-09-21,16,cdu/csu,29.000,29.000,0.000,0.000,0.095,0.286,2.583,0.127,0.095,0.063,2.812,5.300,2.333,3.000,2.111,16,10,6,16,36,63,48,936.746,True,False,4.000,CDU/CSU,0.254,0.159,0.095,0.254,0.571,215,65,41,16,57,105,0.074,0.047,0.028,0.074,0.167,0.246,0.244,0.375,0.281,0.343,Regierung,1.000,0.000,19.000,WP19,2018,9,15,1.244,3.732,7.694,1.244,1.610,0.878,7.917,8.409,8.091,7.353,7.867,41,35,12,22,11,17,30,0.293,0.537,0.268,0.415,0.732,1.149,3.446,5.110,1.117,1.515,0.815,5.104,3.109,5.758,4.353,5.756,0,-0.000,1.464,-0.014,-0.020
24,2018-09-06,2018-09-21,16,fdp,8.000,8.000,0.000,0.000,0.364,1.091,2.770,0.242,0.788,0.061,3.375,4.429,2.000,2.571,2.533,8,7,1,7,15,33,21,793.515,True,False,3.000,FDP,0.242,0.212,0.030,0.212,0.455,215,65,41,16,57,105,0.037,0.033,0.005,0.033,0.070,0.123,0.171,0.062,0.123,0.143,Opposition,0.000,1.000,19.000,WP19,2018,9,15,1.244,3.732,7.694,1.244,1.610,0.878,7.917,8.409,8.091,7.353,7.867,41,35,12,22,11,17,30,0.293,0.537,0.268,0.415,0.732,0.880,2.641,4.924,1.001,0.822,0.817,4.542,3.981,6.091,4.782,5.333,1,-0.000,1.464,-0.014,-0.020
24,2018-09-06,2018-09-21,16,grüne,14.000,14.000,0.000,0.000,0.414,1.242,1.440,0.364,0.788,0.091,1.000,3.250,1.333,1.700,1.412,17,8,3,10,17,33,30,725.273,True,False,1.000,Bündnis 90/Die Grünen,0.515,0.242,0.091,0.303,0.515,215,65,41,16,57,105,0.079,0.037,0.014,0.047,0.079,0.262,0.195,0.188,0.175,0.162,Opposition,0.000,1.000,19.000,WP19,2018,9,15,1.244,3.732,7.694,1.244,1.610,0.878,7.917,8.409,8.091,7.353,7.867,41,35,12,22,11,17,30,0.293,0.537,0.268,0.415,0.732,0.830,2.489,6.254,0.880,0.822,0.787,6.917,5.159,6.758,5.653,6.455,2,-0.000,1.464,-0.014,-0.020
24,2018-09-06,2018-09-21,16,linke,10.000,9.000,1.000,1.000,0.606,1.818,1.796,0.636,1.030,0.152,1.111,3.600,0.667,1.444,1.938,9,5,3,9,16,33,25,680.212,True,False,0.000,Die Linke,0.273,0.152,0.091,0.273,0.485,215,65,41,16,57,105,0.042,0.023,0.014,0.042,0.074,0.138,0.122,0.188,0.158,0.152,Opposition,0.000,1.000,19.000,WP19,2018,9,15,1.244,3.732,7.694,1.244,1.610,0.878,7.917,8.409,8.091,7.353,7.867,41,35,12,22,11,17,30,0.293,0.537,0.268,0.415,0.732,0.638,1.914,5.898,0.608,0.579,0.727,6.806,4.809,7.424,5.908,5.929,3,-1.000,1.464,-1.014,-1.484
24,2018-09-06,2018-09-21,16,spd,18.000,18.000,0.000,0.000,0.220,0.660,1.722,0.208,0.264,0.189,1.933,2.818,1.000,1.800,1.429,15,11,3,15,21,53,39,778.396,True,False,2.000,SPD,0.283,0.208,0.057,0.283,0.396,215,65,41,16,57,105,0.070,0.051,0.014,0.070,0.098,0.231,0.268,0.188,0.263,0.200,Regierung,1.000,0.000,19.000,WP19,2018,9,15,1.244,3.732,7.694,1.244,1.610,0.878,7.917,8.409,8.091,7.353,7.867,41,35,12,22,11,17,30,0.293,0.537,0.268,0.415,0.732,1.024,3.071,5.972,1.036,1.346,0.689,5.983,5.591,7.091,5.553,6.438,4,-0.000,1.464,-0.014,-0.020
25,2018-09-21,2018-10-11,18,cdu/csu,28.000,29.000,-1.000,1.000,0.129,0.388,3.372,0.113,0.237,0.037,4.000,4.636,3.333,3.688,3.038,18,11,3,16,26,80,48,718.987,True,False,4.000,CDU/CSU,0.225,0.138,0.037,0.200,0.325,242,61,34,13,60,81,0.074,0.045,0.012,0.066,0.107,0.295,0.324,0.231,0.267,0.321,Regierung,1.000,0.000,19.000,WP19,2018,9,20,0.915,2.744,7.131,0.860,1.395,0.488,7.692,8.059,7.857,6.500,7.276,43,37,13,17,7,16,29,0.302,0.395,0.163,0.372,0.674,0.786,2.357,3.759,0.748,1.158,0.451,3.692,3.422,4.524,2.812,4.237,0,1.000,3.464,0.986,3.417
25,2018-09-21,2018-10-11,18,fdp,9.000,8.000,1.000,1.000,0.219,0.658,3.014,0.105,0.500,0.053,6.571,4.333,,1.444,1.800,7,3,0,9,15,38,24,600.289,True,False,3.000,FDP,0.184,0.079,0.000,0.237,0.395,242,61,34,13,60,81,0.029,0.012,0.000,0.037,0.062,0.115,0.088,0.000,0.150,0.185,Opposition,0.000,1.000,19.000,WP19,2018,9,20,0.915,2.744,7.131,0.860,1.395,0.488,7.692,8.059,7.857,6.500,7.276,43,37,13,17,7,16,29,0.302,0.395,0.163,0.372,0.674,0.695,2.086,4.117,0.755,0.895,0.436,1.121,3.725,,5.056,5.476,1,-1.000,3.464,-1.014,-3.511
25,2018-09-21,2018-10-11,18,grüne,15.000,14.000,1.000,1.000,0.371,1.114,1.481,0.314,0.686,0.114,1.083,2.500,0.500,1.556,1.800,12,4,4,9,10,35,26,680.629,True,False,1.000,Bündnis 90/Die Grünen,0.343,0.114,0.114,0.257,0.286,242,61,34,13,60,81,0.050,0.017,0.017,0.037,0.041,0.197,0.118,0.308,0.150,0.123,Opposition,0.000,1.000,19.000,WP19,2018,9,20,0.915,2.744,7.131,0.860,1.395,0.488,7.692,8.059,7.857,6.500,7.276,43,37,13,17,7,16,29,0.302,0.395,0.163,0.372,0.674,0.543,1.630,5.650,0.546,0.710,0.374,6.609,5.559,7.357,4.944,5.476,2,-1.000,3.464,-1.014,-3.511
25,2018-09-21,2018-10-11,18,linke,10.000,10.000,0.000,0.000,0.549,1.647,1.448,0.441,1.029,0.176,0.900,2.500,3.000,1.455,1.455,10,6,3,11,11,34,24,537.471,True,False,0.000,Die Linke,0.294,0.176,0.088,0.324,0.324,242,61,34,13,60,81,0.041,0.025,0.012,0.045,0.045,0.164,0.176,0.231,0.183,0.136,Opposition,0.000,1.000,19.000,WP19,2018,9,20,0.915,2.744,7.131,0.860,1.395,0.488,7.692,8.059,7.857,6.500,7.276,43,37,13,17,7,16,29,0.302,0.395,0.163,0.372,0.674,0.366,1.097,5.683,0.419,0.366,0.312,6.792,5.559,4.857,5.045,5.821,3,-0.000,3.464,-0.014,-0.047
25,2018-09-21,2018-10-11,18,spd,17.000,18.000,-1.000,1.000,0.176,0.527,1.387,0.164,0.291,0.073,1.286,2.400,0.667,1.267,0.895,14,10,3,15,19,55,34,703.964,True,False,2.000,SPD,0.255,0.182,0.055,0.273,0.345,242,61,34,13,60,81,0.058,0.041,0.012,0.062,0.079,0.230,0.294,0.231,0.250,0.235,Regierung,1.000,0.000,19.000,WP19,2018,9,20,0.915,2.744,7.131,0.860,1.395,0.488,7.692,8.059,7.857,6.500,7.276,43,37,13,17,7,16,29,0.302,0.395,0.163,0.372,0.674,0.739,2.217,5.743,0.697,1.104,0.416,6.407,5.659,7.190,5.233,6.381,4,1.000,3.464,0.986,3.417
26,2018-10-11,2018-10-19,16,cdu/csu,26.000,28.000,-2.000,2.000,0.092,0.276,2.692,0.078,0.103,0.095,2.533,4.810,2.000,1.962,2.474,15,21,11,26,38,116,66,766.828,True,False,4.000,CDU/CSU,0.129,0.181,0.095,0.224,0.328,350,53,65,45,102,128,0.043,0.060,0.031,0.074,0.109,0.283,0.323,0.244,0.255,0.297,Regierung,1.000,0.000,19.000,WP19,2018,10,8,0.798,2.393,6.396,0.768,1.214,0.411,7.889,7.632,9.429,5.458,6.486,56,44,9,19,7,24,35,0.161,0.339,0.125,0.429,0.625,0.706,2.117,3.704,0.690,1.111,0.316,5.356,2.822,7.429,3.497,4.012,0,2.000,1.464,1.986,2.908
26,2018-10-11,2018-10-19,16,fdp,10.000,9.000,1.000,1.000,0.327,0.982,2.197,0.250,0.643,0.089,3.857,3.583,0.800,2.000,2.167,7,12,5,18,24,56,36,578.768,True,False,3.000,FDP,0.125,0.214,0.089,0.321,0.429,350,53,65,45,102,128,0.020,0.034,0.014,0.051,0.069,0.132,0.185,0.111,0.176,0.188,Opposition,0.000,1.000,19.000,WP19,2018,10,8,0.798,2.393,6.396,0.768,1.214,0.411,7.889,7.632,9.429,5.458,6.486,56,44,9,19,7,24,35,0.161,0.339,0.125,0.429,0.625,0.470,1.411,4.199,0.518,0.571,0.321,4.032,4.048,8.629,3.458,4.319,1,-1.000,1.464,-1.014,-1.484
26,2018-10-11,2018-10-19,16,grüne,17.000,15.000,2.000,2.000,0.280,0.840,1.044,0.220,0.560,0.060,0.692,2.125,0.875,0.938,0.950,13,8,8,16,20,50,34,621.760,True,False,1.000,Bündnis 90/Die Grünen,0.260,0.160,0.160,0.320,0.400,350,53,65,45,102,128,0.037,0.023,0.023,0.046,0.057,0.245,0.123,0.178,0.157,0.156,Opposition,0.000,1.000,19.000,WP19,2018,10,8,0.798,2.393,6.396,0.768,1.214,0.411,7.889,7.632,9.429,5.458,6.486,56,44,9,19,7,24,35,0.161,0.339,0.125,0.429,0.625,0.518,1.553,5.352,0.548,0.654,0.351,7.197,5.507,8.554,4.521,5.536,2,-2.000,1.464,-2.014,-2.948
26,2018-10-11,2018-10-19,16,linke,10.000,10.000,0.000,0.000,0.497,1.490,1.438,0.551,0.857,0.082,1.857,1.455,0.222,1.062,1.188,7,11,9,16,16,49,32,577.388,True,False,0.000,Die Linke,0.143,0.224,0.184,0.327,0.327,350,53,65,45,102,128,0.020,0.031,0.026,0.046,0.046,0.132,0.169,0.200,0.157,0.125,Opposition,0.000,1.000,19.000,WP19,2018,10,8,0.798,2.393,6.396,0.768,1.214,0.411,7.889,7.632,9.429,5.458,6.486,56,44,9,19,7,24,35,0.161,0.339,0.125,0.429,0.625,0.301,0.903,4.958,0.217,0.357,0.329,6.032,6.177,9.206,4.396,5.298,3,-0.000,1.464,-0.014,-0.020
26,2018-10-11,2018-10-19,16,spd,15.000,17.000,-2.000,2.000,0.169,0.506,1.269,0.139,0.291,0.076,2.000,2.615,0.833,0.769,0.833,11,13,12,26,30,79,51,638.342,True,False,2.000,SPD,0.139,0.165,0.152,0.329,0.380,350,53,65,45,102,128,0.031,0.037,0.034,0.074,0.086,0.208,0.200,0.267,0.255,0.234,Regierung,1.000,0.000,19.000,WP19,2018,10,8,0.798,2.393,6.396,0.768,1.214,0.411,7.889,7.632,9.429,5.458,6.486,56,44,9,19,7,24,35,0.161,0.339,0.125,0.429,0.625,0.629,1.887,5.127,0.629,0.923,0.335,5.889,5.016,8.595,4.689,5.652,4,2.000,1.464,1.986,2.908
27,2018-10-19,2018-11-15,16,cdu/csu,25.000,26.000,-1.000,1.000,0.145,0.435,2.621,0.104,0.252,0.078,3.222,5.263,1.167,3.208,2.096,9,19,6,24,52,115,69,703.539,True,False,4.000,CDU/CSU,0.078,0.165,0.052,0.209,0.452,320,42,58,25,74,137,0.028,0.059,0.019,0.075,0.163,0.214,0.328,0.240,0.324,0.380,Regierung,1.000,0.000,19.000,WP19,2018,10,27,0.756,2.268,6.423,0.679,1.250,0.339,8.286,8.429,7.000,5.450,6.875,56,40,7,14,5,20,32,0.125,0.250,0.089,0.357,0.571,0.611,1.833,3.802,0.574,0.998,0.261,5.063,3.165,5.833,2.242,4.779,0,1.000,1.464,0.986,1.444
27,2018-10-19,2018-11-15,16,fdp,11.000,10.000,1.000,1.000,0.286,0.857,3.238,0.224,0.551,0.082,3.800,5.300,3.500,2.091,2.100,5,10,2,11,20,49,28,548.939,True,False,3.000,FDP,0.102,0.204,0.041,0.224,0.408,320,42,58,25,74,137,0.016,0.031,0.006,0.034,0.062,0.119,0.172,0.080,0.149,0.146,Opposition,0.000,1.000,19.000,WP19,2018,10,27,0.756,2.268,6.423,0.679,1.250,0.339,8.286,8.429,7.000,5.450,6.875,56,40,7,14,5,20,32,0.125,0.250,0.089,0.357,0.571,0.470,1.411,3.185,0.454,0.699,0.258,4.486,3.129,3.500,3.359,4.775,1,-1.000,1.464,-1.014,-1.484
27,2018-10-19,2018-11-15,16,grüne,19.000,17.000,2.000,2.000,0.288,0.864,1.119,0.159,0.682,0.023,0.750,1.900,0.600,1.083,0.895,12,10,5,12,19,44,30,614.591,True,False,1.000,Bündnis 90/Die Grünen,0.273,0.227,0.114,0.273,0.432,320,42,58,25,74,137,0.037,0.031,0.016,0.037,0.059,0.286,0.172,0.200,0.162,0.139,Opposition,0.000,1.000,19.000,WP19,2018,10,27,0.756,2.268,6.423,0.679,1.250,0.339,8.286,8.429,7.000,5.450,6.875,56,40,7,14,5,20,32,0.125,0.250,0.089,0.357,0.571,0.468,1.404,5.303,0.519,0.568,0.317,7.536,6.529,6.400,4.367,5.980,2,-2.000,1.464,-2.014,-2.948
27,2018-10-19,2018-11-15,16,linke,9.000,10.000,-1.000,1.000,0.470,1.409,1.500,0.455,0.886,0.068,0.857,1.250,0.333,2.091,1.125,7,8,3,11,16,44,29,598.386,True,False,0.000,Die Linke,0.159,0.182,0.068,0.250,0.364,320,42,58,25,74,137,0.022,0.025,0.009,0.034,0.050,0.167,0.138,0.120,0.149,0.117,Opposition,0.000,1.000,19.000,WP19,2018,10,27,0.756,2.268,6.423,0.679,1.250,0.339,8.286,8.429,7.000,5.450,6.875,56,40,7,14,5,20,32,0.125,0.250,0.089,0.357,0.571,0.286,0.859,4.923,0.224,0.364,0.271,7.429,7.179,6.667,3.359,5.750,3,1.000,1.464,0.986,1.444
27,2018-10-19,2018-11-15,16,spd,14.000,15.000,-1.000,1.000,0.191,0.574,1.500,0.162,0.324,0.088,1.667,3.364,0.333,1.062,1.300,9,11,9,16,30,68,42,683.691,True,False,2.000,SPD,0.132,0.162,0.132,0.235,0.441,320,42,58,25,74,137,0.028,0.034,0.028,0.050,0.094,0.214,0.190,0.360,0.216,0.219,Regierung,1.000,0.000,19.000,WP19,2018,10,27,0.756,2.268,6.423,0.679,1.250,0.339,8.286,8.429,7.000,5.450,6.875,56,40,7,14,5,20,32,0.125,0.250,0.089,0.357,0.571,0.565,1.694,4.923,0.517,0.926,0.251,6.619,5.065,6.667,4.388,5.575,4,1.000,1.464,0.986,1.444
28,2018-11-15,2018-11-30,14,cdu/csu,26.000,25.000,1.000,1.000,0.076,0.227,2.397,0.050,0.135,0.043,2.167,5.100,1.917,2.477,1.940,24,20,12,44,50,141,91,796.149,True,False,4.000,CDU/CSU,0.170,0.142,0.085,0.312,0.355,433,104,64,51,135,151,0.055,0.046,0.028,0.102,0.115,0.231,0.312,0.235,0.326,0.331,Regierung,1.000,0.000,19.000,WP19,2018,11,15,0.855,2.565,6.458,0.812,1.304,0.449,7.688,8.083,7.917,5.250,7.071,69,54,16,24,12,24,42,0.232,0.348,0.174,0.348,0.609,0.779,2.338,4.061,0.762,1.170,0.407,5.521,2.983,6.000,2.773,5.131,0,-1.000,-0.536,-1.014,0.543
28,2018-11-15,2018-11-30,14,fdp,8.000,11.000,-3.000,3.000,0.228,0.683,2.561,0.111,0.556,0.016,3.917,2.889,0.750,2.111,2.333,12,9,4,18,21,63,38,665.952,True,False,3.000,FDP,0.190,0.143,0.063,0.286,0.333,433,104,64,51,135,151,0.028,0.021,0.009,0.042,0.048,0.115,0.141,0.078,0.133,0.139,Opposition,0.000,1.000,19.000,WP19,2018,11,15,0.855,2.565,6.458,0.812,1.304,0.449,7.688,8.083,7.917,5.250,7.071,69,54,16,24,12,24,42,0.232,0.348,0.174,0.348,0.609,0.628,1.883,3.897,0.700,0.749,0.433,3.771,5.194,7.167,3.139,4.738,1,3.000,-0.536,2.986,-1.601
28,2018-11-15,2018-11-30,14,grüne,23.000,19.000,4.000,4.000,0.268,0.803,1.184,0.180,0.607,0.016,1.000,2.286,0.385,0.955,1.136,24,7,13,22,22,61,48,656.984,True,False,1.000,Bündnis 90/Die Grünen,0.393,0.115,0.213,0.361,0.361,433,104,64,51,135,151,0.055,0.016,0.030,0.051,0.051,0.231,0.109,0.255,0.163,0.146,Opposition,0.000,1.000,19.000,WP19,2018,11,15,0.855,2.565,6.458,0.812,1.304,0.449,7.688,8.083,7.917,5.250,7.071,69,54,16,24,12,24,42,0.232,0.348,0.174,0.348,0.609,0.587,1.762,5.274,0.631,0.698,0.433,6.688,5.798,7.532,4.295,5.935,2,-4.000,-0.536,-4.014,2.152
28,2018-11-15,2018-11-30,14,linke,9.000,9.000,0.000,0.000,0.503,1.508,1.163,0.557,0.918,0.033,1.286,0.700,0.250,1.000,0.950,14,10,12,22,20,61,39,611.836,True,False,0.000,Die Linke,0.230,0.164,0.197,0.361,0.328,433,104,64,51,135,151,0.032,0.023,0.028,0.051,0.046,0.135,0.156,0.235,0.163,0.132,Opposition,0.000,1.000,19.000,WP19,2018,11,15,0.855,2.565,6.458,0.812,1.304,0.449,7.688,8.083,7.917,5.250,7.071,69,54,16,24,12,24,42,0.232,0.348,0.174,0.348,0.609,0.352,1.057,5.295,0.254,0.386,0.416,6.402,7.383,7.667,4.250,6.121,3,-0.000,-0.536,-0.014,0.007
28,2018-11-15,2018-11-30,14,spd,14.000,14.000,0.000,0.000,0.162,0.486,1.304,0.112,0.327,0.047,1.533,1.889,0.700,1.000,0.947,30,18,10,29,38,107,72,675.000,True,False,2.000,SPD,0.280,0.168,0.093,0.271,0.355,433,104,64,51,135,151,0.069,0.042,0.023,0.067,0.088,0.288,0.281,0.196,0.215,0.252,Regierung,1.000,0.000,19.000,WP19,2018,11,15,0.855,2.565,6.458,0.812,1.304,0.449,7.688,8.083,7.917,5.250,7.071,69,54,16,24,12,24,42,0.232,0.348,0.174,0.348,0.609,0.693,2.079,5.154,0.699,0.977,0.403,6.154,6.194,7.217,4.250,6.124,4,-0.000,-0.536,-0.014,0.007
29,2018-11-30,2018-12-06,15,cdu/csu,28.000,26.000,2.000,2.000,0.126,0.379,2.373,0.069,0.276,0.034,2.625,2.444,,2.250,1.583,8,9,0,4,12,29,21,673.103,True,False,4.000,CDU/CSU,0.276,0.310,0.000,0.138,0.414,80,22,21,5,16,34,0.100,0.113,0.000,0.050,0.150,0.364,0.429,0.000,0.250,0.353,Regierung,1.000,0.000,19.000,WP19,2018,11,6,1.030,3.091,8.857,1.000,1.545,0.545,9.000,9.500,8.000,7.000,8.667,11,7,2,4,1,1,6,0.182,0.364,0.091,0.091,0.545,0.904,2.712,6.484,0.931,1.270,0.511,6.375,7.056,,4.750,7.083,0,-2.000,0.464,-2.014,-0.934
29,2018-11-30,2018-12-06,15,fdp,9.000,8.000,1.000,1.000,0.306,0.917,3.812,0.083,0.667,0.167,7.000,3.000,0.000,1.500,2.333,3,3,1,2,6,12,8,650.500,True,False,3.000,FDP,0.250,0.250,0.083,0.167,0.500,80,22,21,5,16,34,0.037,0.037,0.013,0.025,0.075,0.136,0.143,0.200,0.125,0.176,Opposition,0.000,1.000,19.000,WP19,2018,11,6,1.030,3.091,8.857,1.000,1.545,0.545,9.000,9.500,8.000,7.000,8.667,11,7,2,4,1,1,6,0.182,0.364,0.091,0.091,0.545,0.725,2.174,5.045,0.917,0.879,0.379,2.000,6.500,8.000,5.500,6.333,1,-1.000,0.464,-1.014,-0.470
29,2018-11-30,2018-12-06,15,grüne,21.000,23.000,-2.000,2.000,0.303,0.909,0.812,0.182,0.636,0.091,0.750,0.500,,1.000,0.500,4,2,0,4,4,11,8,573.182,True,False,1.000,Bündnis 90/Die Grünen,0.364,0.182,0.000,0.364,0.364,80,22,21,5,16,34,0.050,0.025,0.000,0.050,0.050,0.182,0.095,0.000,0.250,0.118,Opposition,0.000,1.000,19.000,WP19,2018,11,6,1.030,3.091,8.857,1.000,1.545,0.545,9.000,9.500,8.000,7.000,8.667,11,7,2,4,1,1,6,0.182,0.364,0.091,0.091,0.545,0.727,2.182,8.045,0.818,0.909,0.455,8.250,9.000,,6.000,8.167,2,2.000,0.464,1.986,0.921
29,2018-11-30,2018-12-06,15,linke,8.000,9.000,-1.000,1.000,0.467,1.400,0.833,0.500,0.900,0.000,0.333,1.000,0.000,0.000,0.800,3,2,2,2,5,10,6,578.000,True,False,0.000,Die Linke,0.300,0.200,0.200,0.200,0.500,80,22,21,5,16,34,0.037,0.025,0.025,0.025,0.062,0.136,0.095,0.400,0.125,0.147,Opposition,0.000,1.000,19.000,WP19,2018,11,6,1.030,3.091,8.857,1.000,1.545,0.545,9.000,9.500,8.000,7.000,8.667,11,7,2,4,1,1,6,0.182,0.364,0.091,0.091,0.545,0.564,1.691,8.024,0.500,0.645,0.545,8.667,8.500,8.000,7.000,7.867,3,1.000,0.464,0.986,0.458
29,2018-11-30,2018-12-06,15,spd,14.000,14.000,0.000,0.000,0.185,0.556,0.750,0.167,0.389,0.000,1.250,0.200,0.000,0.000,0.571,4,5,2,4,7,18,12,709.500,True,False,2.000,SPD,0.222,0.278,0.111,0.222,0.389,80,22,21,5,16,34,0.050,0.062,0.025,0.050,0.087,0.182,0.238,0.400,0.250,0.206,Regierung,1.000,0.000,19.000,WP19,2018,11,6,1.030,3.091,8.857,1.000,1.545,0.545,9.000,9.500,8.000,7.000,8.667,11,7,2,4,1,1,6,0.182,0.364,0.091,0.091,0.545,0.845,2.535,8.107,0.833,1.157,0.545,7.750,9.300,8.000,7.000,8.095,4,-0.000,0.464,-0.014,-0.006
30,2018-12-06,2018-12-14,14,cdu/csu,30.000,28.000,2.000,2.000,0.041,0.122,1.981,0.000,0.122,0.000,7.000,1.000,2.692,2.385,1.214,1,1,13,13,14,41,27,794.073,True,False,4.000,CDU/CSU,0.024,0.024,0.317,0.317,0.341,125,4,5,38,43,40,0.008,0.008,0.104,0.104,0.112,0.250,0.200,0.342,0.302,0.350,Regierung,1.000,0.000,19.000,WP19,2018,12,8,0.917,2.750,6.616,0.900,1.300,0.550,,7.750,7.250,7.286,6.615,20,18,0,8,8,7,13,0.000,0.400,0.400,0.350,0.650,0.876,2.628,4.634,0.900,1.178,0.550,,6.750,4.558,4.901,5.401,0,-2.000,-0.536,-2.014,1.080
30,2018-12-06,2018-12-14,14,fdp,8.000,9.000,-1.000,1.000,0.242,0.727,2.083,0.182,0.545,0.000,0.000,,1.667,0.750,2.571,1,0,6,8,7,22,12,520.727,True,False,3.000,FDP,0.045,0.000,0.273,0.364,0.318,125,4,5,38,43,40,0.008,0.000,0.048,0.064,0.056,0.250,0.000,0.158,0.186,0.175,Opposition,0.000,1.000,19.000,WP19,2018,12,8,0.917,2.750,6.616,0.900,1.300,0.550,,7.750,7.250,7.286,6.615,20,18,0,8,8,7,13,0.000,0.400,0.400,0.350,0.650,0.674,2.023,4.532,0.718,0.755,0.550,,,5.583,6.536,4.044,1,1.000,-0.536,0.986,-0.529
30,2018-12-06,2018-12-14,14,grüne,20.000,21.000,-1.000,1.000,0.312,0.938,0.970,0.250,0.688,0.000,0.000,2.000,0.500,1.000,0.800,1,1,4,6,5,16,11,710.188,True,False,1.000,Bündnis 90/Die Grünen,0.062,0.062,0.250,0.375,0.312,125,4,5,38,43,40,0.008,0.008,0.032,0.048,0.040,0.250,0.200,0.105,0.140,0.125,Opposition,0.000,1.000,19.000,WP19,2018,12,8,0.917,2.750,6.616,0.900,1.300,0.550,,7.750,7.250,7.286,6.615,20,18,0,8,8,7,13,0.000,0.400,0.400,0.350,0.650,0.604,1.812,5.646,0.650,0.613,0.550,,5.750,6.750,6.286,5.815,2,1.000,-0.536,0.986,-0.529
30,2018-12-06,2018-12-14,14,linke,8.000,8.000,0.000,0.000,0.458,1.375,1.056,0.500,0.875,0.000,,0.000,0.500,1.143,1.200,0,1,6,7,5,16,12,624.812,True,False,0.000,Die Linke,0.000,0.062,0.375,0.438,0.312,125,4,5,38,43,40,0.000,0.008,0.048,0.056,0.040,0.000,0.200,0.158,0.163,0.125,Opposition,0.000,1.000,19.000,WP19,2018,12,8,0.917,2.750,6.616,0.900,1.300,0.550,,7.750,7.250,7.286,6.615,20,18,0,8,8,7,13,0.000,0.400,0.400,0.350,0.650,0.458,1.375,5.560,0.400,0.425,0.550,,7.750,6.750,6.143,5.415,3,-0.000,-0.536,-0.014,0.007
30,2018-12-06,2018-12-14,14,spd,14.000,14.000,0.000,0.000,0.144,0.433,0.948,0.100,0.233,0.100,0.000,1.000,0.778,0.667,1.111,1,2,9,9,9,30,16,651.867,True,False,2.000,SPD,0.033,0.067,0.300,0.300,0.300,125,4,5,38,43,40,0.008,0.016,0.072,0.072,0.072,0.250,0.400,0.237,0.209,0.225,Regierung,1.000,0.000,19.000,WP19,2018,12,8,0.917,2.750,6.616,0.900,1.300,0.550,,7.750,7.250,7.286,6.615,20,18,0,8,8,7,13,0.000,0.400,0.400,0.350,0.650,0.772,2.317,5.668,0.800,1.067,0.450,,6.750,6.472,6.619,5.504,4,-0.000,-0.536,-0.014,0.007
31,2018-12-14,2019-01-10,13,cdu/csu,31.000,30.000,1.000,1.000,0.020,0.059,1.952,0.000,0.059,0.000,10.000,,0.000,3.333,1.600,1,0,1,3,5,17,7,932.118,True,False,4.000,CDU/CSU,0.059,0.000,0.059,0.176,0.294,53,7,4,2,12,17,0.019,0.000,0.019,0.057,0.094,0.143,0.000,0.500,0.250,0.294,Regierung,1.000,0.000,19.000,WP19,2018,12,27,0.933,2.800,6.926,0.700,1.200,0.900,8.000,7.333,7.500,7.600,6.714,10,9,1,3,4,5,7,0.100,0.300,0.400,0.500,0.700,0.914,2.741,4.974,0.700,1.141,0.900,2.000,,7.500,4.267,5.114,0,-1.000,-1.536,-1.014,1.557
31,2018-12-14,2019-01-10,13,fdp,8.000,8.000,0.000,0.000,0.292,0.875,3.167,0.125,0.750,0.000,7.000,2.000,,2.000,3.000,1,1,0,1,2,8,3,590.250,True,False,3.000,FDP,0.125,0.125,0.000,0.125,0.250,53,7,4,2,12,17,0.019,0.019,0.000,0.019,0.038,0.143,0.250,0.000,0.083,0.118,Opposition,0.000,1.000,19.000,WP19,2018,12,27,0.933,2.800,6.926,0.700,1.200,0.900,8.000,7.333,7.500,7.600,6.714,10,9,1,3,4,5,7,0.100,0.300,0.400,0.500,0.700,0.642,1.925,3.759,0.575,0.450,0.900,1.000,5.333,,5.600,3.714,1,-0.000,-1.536,-0.014,0.021
31,2018-12-14,2019-01-10,13,grüne,20.000,20.000,0.000,0.000,0.286,0.857,0.750,0.286,0.429,0.143,0.667,0.000,0.000,0.667,0.000,3,1,1,3,3,7,4,679.286,True,False,1.000,Bündnis 90/Die Grünen,0.429,0.143,0.143,0.429,0.429,53,7,4,2,12,17,0.057,0.019,0.019,0.057,0.057,0.429,0.250,0.500,0.250,0.176,Opposition,0.000,1.000,19.000,WP19,2018,12,27,0.933,2.800,6.926,0.700,1.200,0.900,8.000,7.333,7.500,7.600,6.714,10,9,1,3,4,5,7,0.100,0.300,0.400,0.500,0.700,0.648,1.943,6.176,0.414,0.771,0.757,7.333,7.333,7.500,6.933,6.714,2,-0.000,-1.536,-0.014,0.021
31,2018-12-14,2019-01-10,13,linke,8.000,8.000,0.000,0.000,0.238,0.714,0.933,0.286,0.286,0.143,0.000,2.000,,1.333,0.667,2,1,0,3,3,7,5,793.000,True,False,0.000,Die Linke,0.286,0.143,0.000,0.429,0.429,53,7,4,2,12,17,0.038,0.019,0.000,0.057,0.057,0.286,0.250,0.000,0.250,0.176,Opposition,0.000,1.000,19.000,WP19,2018,12,27,0.933,2.800,6.926,0.700,1.200,0.900,8.000,7.333,7.500,7.600,6.714,10,9,1,3,4,5,7,0.100,0.300,0.400,0.500,0.700,0.695,2.086,5.993,0.414,0.914,0.757,8.000,5.333,,6.267,6.048,3,-0.000,-1.536,-0.014,0.021
31,2018-12-14,2019-01-10,13,spd,15.000,14.000,1.000,1.000,0.190,0.571,1.500,0.214,0.357,0.000,,2.000,,2.000,1.000,0,1,0,2,4,14,6,662.500,True,False,2.000,SPD,0.000,0.071,0.000,0.143,0.286,53,7,4,2,12,17,0.000,0.019,0.000,0.038,0.075,0.000,0.250,0.000,0.167,0.235,Regierung,1.000,0.000,19.000,WP19,2018,12,27,0.933,2.800,6.926,0.700,1.200,0.900,8.000,7.333,7.500,7.600,6.714,10,9,1,3,4,5,7,0.100,0.300,0.400,0.500,0.700,0.743,2.229,5.426,0.486,0.843,0.900,,5.333,,5.600,5.714,4,-1.000,-1.536,-1.014,1.557
32,2019-01-10,2019-01-25,14,cdu/csu,29.000,31.000,-2.000,2.000,0.186,0.557,2.793,0.131,0.279,0.148,2.071,6.556,,5.000,2.030,14,9,0,16,33,61,45,766.902,True,False,4.000,CDU/CSU,0.230,0.148,0.000,0.262,0.541,186,53,35,7,55,82,0.075,0.048,0.000,0.086,0.177,0.264,0.257,0.000,0.291,0.402,Regierung,1.000,0.000,19.000,WP19,2019,1,15,0.760,2.281,6.490,0.719,1.156,0.406,6.167,7.182,7.500,5.600,7.136,32,26,6,11,2,10,22,0.188,0.344,0.062,0.312,0.688,0.575,1.724,3.698,0.588,0.878,0.259,4.095,0.626,,0.600,5.106,0,2.000,-0.536,1.986,-1.065
32,2019-01-10,2019-01-25,14,fdp,9.000,8.000,1.000,1.000,0.162,0.485,2.952,0.061,0.303,0.121,3.333,5.600,2.000,3.500,2.000,6,5,1,10,12,33,21,540.848,True,False,3.000,FDP,0.182,0.152,0.030,0.303,0.364,186,53,35,7,55,82,0.032,0.027,0.005,0.054,0.065,0.113,0.143,0.143,0.182,0.146,Opposition,0.000,1.000,19.000,WP19,2019,1,15,0.760,2.281,6.490,0.719,1.156,0.406,6.167,7.182,7.500,5.600,7.136,32,26,6,11,2,10,22,0.188,0.344,0.062,0.312,0.688,0.599,1.796,3.538,0.658,0.853,0.285,2.833,1.582,5.500,2.100,5.136,1,-1.000,-0.536,-1.014,0.543
32,2019-01-10,2019-01-25,14,grüne,20.000,20.000,0.000,0.000,0.347,1.042,1.039,0.208,0.792,0.042,0.500,3.200,1.000,1.000,0.636,8,5,1,6,11,24,17,670.042,True,False,1.000,Bündnis 90/Die Grünen,0.333,0.208,0.042,0.250,0.458,186,53,35,7,55,82,0.043,0.027,0.005,0.032,0.059,0.151,0.143,0.143,0.109,0.134,Opposition,0.000,1.000,19.000,WP19,2019,1,15,0.760,2.281,6.490,0.719,1.156,0.406,6.167,7.182,7.500,5.600,7.136,32,26,6,11,2,10,22,0.188,0.344,0.062,0.312,0.688,0.413,1.240,5.451,0.510,0.365,0.365,5.667,3.982,6.500,4.600,6.500,2,-0.000,-0.536,-0.014,0.007
32,2019-01-10,2019-01-25,14,linke,9.000,8.000,1.000,1.000,0.478,1.435,1.482,0.478,0.783,0.174,1.400,2.000,0.500,1.111,0.800,10,8,2,9,10,23,19,662.217,True,False,0.000,Die Linke,0.435,0.348,0.087,0.391,0.435,186,53,35,7,55,82,0.054,0.043,0.011,0.048,0.054,0.189,0.229,0.286,0.164,0.122,Opposition,0.000,1.000,19.000,WP19,2019,1,15,0.760,2.281,6.490,0.719,1.156,0.406,6.167,7.182,7.500,5.600,7.136,32,26,6,11,2,10,22,0.188,0.344,0.062,0.312,0.688,0.282,0.846,5.008,0.240,0.374,0.232,4.767,5.182,7.000,4.489,6.336,3,-1.000,-0.536,-1.014,0.543
32,2019-01-10,2019-01-25,14,spd,15.000,15.000,0.000,0.000,0.126,0.378,1.440,0.178,0.156,0.044,1.333,3.000,0.667,1.286,1.125,15,8,3,14,16,45,32,703.111,True,False,2.000,SPD,0.333,0.178,0.067,0.311,0.356,186,53,35,7,55,82,0.081,0.043,0.016,0.075,0.086,0.283,0.229,0.429,0.255,0.195,Regierung,1.000,0.000,19.000,WP19,2019,1,15,0.760,2.281,6.490,0.719,1.156,0.406,6.167,7.182,7.500,5.600,7.136,32,26,6,11,2,10,22,0.188,0.344,0.062,0.312,0.688,0.634,1.903,5.050,0.541,1.001,0.362,4.833,4.182,6.833,4.314,6.011,4,-0.000,-0.536,-0.014,0.007
33,2019-01-25,2019-02-14,15,cdu/csu,28.000,29.000,-1.000,1.000,0.110,0.329,2.767,0.043,0.271,0.014,4.444,6.500,,3.000,1.886,18,6,0,21,44,70,58,728.886,True,False,4.000,CDU/CSU,0.257,0.086,0.000,0.300,0.629,204,63,19,7,64,122,0.088,0.029,0.000,0.103,0.216,0.286,0.316,0.000,0.328,0.361,Regierung,1.000,0.000,19.000,WP19,2019,1,20,0.716,2.147,6.523,0.735,1.206,0.206,7.833,9.000,8.000,5.769,6.429,34,32,12,5,4,13,28,0.353,0.147,0.118,0.382,0.824,0.606,1.818,3.756,0.692,0.934,0.192,3.389,2.500,,2.769,4.542,0,1.000,0.464,0.986,0.458
33,2019-01-25,2019-02-14,15,fdp,9.000,9.000,0.000,0.000,0.292,0.875,3.682,0.219,0.562,0.094,7.000,5.500,,3.500,2.474,7,4,0,8,19,32,22,580.281,True,False,3.000,FDP,0.219,0.125,0.000,0.250,0.594,204,63,19,7,64,122,0.034,0.020,0.000,0.039,0.093,0.111,0.211,0.000,0.125,0.156,Opposition,0.000,1.000,19.000,WP19,2019,1,20,0.716,2.147,6.523,0.735,1.206,0.206,7.833,9.000,8.000,5.769,6.429,34,32,12,5,4,13,28,0.353,0.147,0.118,0.382,0.824,0.424,1.272,2.842,0.517,0.643,0.112,0.833,3.500,,2.269,3.955,1,-0.000,0.464,-0.014,-0.006
33,2019-01-25,2019-02-14,15,grüne,20.000,20.000,0.000,0.000,0.333,1.000,0.975,0.214,0.786,0.000,0.400,2.000,0.000,1.636,1.111,15,1,2,11,18,28,27,618.143,True,False,1.000,Bündnis 90/Die Grünen,0.536,0.036,0.071,0.393,0.643,204,63,19,7,64,122,0.074,0.005,0.010,0.054,0.088,0.238,0.053,0.286,0.172,0.148,Opposition,0.000,1.000,19.000,WP19,2019,1,20,0.716,2.147,6.523,0.735,1.206,0.206,7.833,9.000,8.000,5.769,6.429,34,32,12,5,4,13,28,0.353,0.147,0.118,0.382,0.824,0.382,1.147,5.548,0.521,0.420,0.206,7.433,7.000,8.000,4.133,5.317,2,-0.000,0.464,-0.014,-0.006
33,2019-01-25,2019-02-14,15,linke,8.000,9.000,-1.000,1.000,0.462,1.385,1.300,0.423,0.885,0.077,0.875,3.000,0.333,0.900,1.786,8,3,3,10,14,26,20,610.808,True,False,0.000,Die Linke,0.308,0.115,0.115,0.385,0.538,204,63,19,7,64,122,0.039,0.015,0.015,0.049,0.069,0.127,0.158,0.429,0.156,0.115,Opposition,0.000,1.000,19.000,WP19,2019,1,20,0.716,2.147,6.523,0.735,1.206,0.206,7.833,9.000,8.000,5.769,6.429,34,32,12,5,4,13,28,0.353,0.147,0.118,0.382,0.824,0.254,0.762,5.223,0.312,0.321,0.129,6.958,6.000,7.667,4.869,4.643,3,1.000,0.464,0.986,0.458
33,2019-01-25,2019-02-14,15,spd,15.000,15.000,0.000,0.000,0.076,0.229,1.443,0.042,0.167,0.021,2.200,2.200,0.500,1.643,0.889,15,5,2,14,27,48,35,728.792,True,False,2.000,SPD,0.312,0.104,0.042,0.292,0.562,204,63,19,7,64,122,0.074,0.025,0.010,0.069,0.132,0.238,0.263,0.286,0.219,0.221,Regierung,1.000,0.000,19.000,WP19,2019,1,20,0.716,2.147,6.523,0.735,1.206,0.206,7.833,9.000,8.000,5.769,6.429,34,32,12,5,4,13,28,0.353,0.147,0.118,0.382,0.824,0.639,1.918,5.081,0.694,1.039,0.185,5.633,6.800,7.500,4.126,5.540,4,-0.000,0.464,-0.014,-0.006
34,2019-02-14,2019-02-22,13,cdu/csu,29.000,28.000,1.000,1.000,0.120,0.361,2.878,0.109,0.176,0.076,4.438,4.750,4.250,3.250,2.083,16,16,12,28,48,119,73,685.160,True,False,4.000,CDU/CSU,0.134,0.134,0.101,0.235,0.403,354,54,46,43,95,147,0.045,0.045,0.034,0.079,0.136,0.296,0.348,0.279,0.295,0.327,Regierung,1.000,0.000,19.000,WP19,2019,2,8,0.797,2.390,7.021,0.712,1.288,0.390,7.444,7.100,8.700,6.944,7.229,59,43,9,20,10,18,35,0.153,0.339,0.169,0.305,0.593,0.676,2.028,4.143,0.603,1.112,0.314,3.007,2.350,4.450,3.694,5.145,0,-1.000,-1.536,-1.014,1.557
34,2019-02-14,2019-02-22,13,fdp,9.000,9.000,0.000,0.000,0.298,0.893,2.373,0.214,0.643,0.036,5.143,3.833,0.750,1.385,1.550,7,6,4,13,20,56,34,560.107,True,False,3.000,FDP,0.125,0.107,0.071,0.232,0.357,354,54,46,43,95,147,0.020,0.017,0.011,0.037,0.056,0.130,0.130,0.093,0.137,0.136,Opposition,0.000,1.000,19.000,WP19,2019,2,8,0.797,2.390,7.021,0.712,1.288,0.390,7.444,7.100,8.700,6.944,7.229,59,43,9,20,10,18,35,0.153,0.339,0.169,0.305,0.593,0.499,1.497,4.649,0.498,0.645,0.354,2.302,3.267,7.950,5.560,5.679,1,-0.000,-1.536,-0.014,0.021
34,2019-02-14,2019-02-22,13,grüne,19.000,20.000,-1.000,1.000,0.287,0.860,1.079,0.200,0.580,0.080,0.750,1.125,0.818,1.250,0.680,12,8,11,16,25,50,38,603.500,True,False,1.000,Bündnis 90/Die Grünen,0.240,0.160,0.220,0.320,0.500,354,54,46,43,95,147,0.034,0.023,0.031,0.045,0.071,0.222,0.174,0.256,0.168,0.170,Opposition,0.000,1.000,19.000,WP19,2019,2,8,0.797,2.390,7.021,0.712,1.288,0.390,7.444,7.100,8.700,6.944,7.229,59,43,9,20,10,18,35,0.153,0.339,0.169,0.305,0.593,0.510,1.530,5.942,0.512,0.708,0.310,6.694,5.975,7.882,5.694,6.549,2,1.000,-1.536,0.986,-1.515
34,2019-02-14,2019-02-22,13,linke,8.000,8.000,0.000,0.000,0.496,1.489,0.902,0.556,0.911,0.022,0.143,1.000,0.333,0.947,0.923,7,7,6,19,26,45,35,601.156,True,False,0.000,Die Linke,0.156,0.156,0.133,0.422,0.578,354,54,46,43,95,147,0.020,0.020,0.017,0.054,0.073,0.130,0.152,0.140,0.200,0.177,Opposition,0.000,1.000,19.000,WP19,2019,2,8,0.797,2.390,7.021,0.712,1.288,0.390,7.444,7.100,8.700,6.944,7.229,59,43,9,20,10,18,35,0.153,0.339,0.169,0.305,0.593,0.300,0.901,6.119,0.156,0.377,0.368,7.302,6.100,8.367,5.997,6.305,3,-0.000,-1.536,-0.014,0.021
34,2019-02-14,2019-02-22,13,spd,17.000,15.000,2.000,2.000,0.190,0.571,1.359,0.214,0.310,0.048,1.500,3.000,1.700,0.737,1.143,12,9,10,19,28,84,51,649.619,True,False,2.000,SPD,0.143,0.107,0.119,0.226,0.333,354,54,46,43,95,147,0.034,0.025,0.028,0.054,0.079,0.222,0.196,0.233,0.200,0.190,Regierung,1.000,0.000,19.000,WP19,2019,2,8,0.797,2.390,7.021,0.712,1.288,0.390,7.444,7.100,8.700,6.944,7.229,59,43,9,20,10,18,35,0.153,0.339,0.169,0.305,0.593,0.606,1.818,5.662,0.498,0.979,0.342,5.944,4.100,7.000,6.208,6.086,4,-2.000,-1.536,-2.014,3.093
35,2019-02-22,2019-03-15,12,cdu/csu,30.000,29.000,1.000,1.000,0.123,0.369,2.962,0.077,0.200,0.092,3.571,4.571,1.200,3.533,2.727,14,7,5,15,22,65,40,720.338,True,False,4.000,CDU/CSU,0.215,0.108,0.077,0.231,0.338,191,44,17,16,51,73,0.073,0.037,0.026,0.079,0.115,0.318,0.412,0.312,0.294,0.301,Regierung,1.000,0.000,19.000,WP19,2019,2,21,0.938,2.812,6.895,0.750,1.500,0.562,8.667,8.889,8.333,5.643,7.348,32,27,6,9,6,14,23,0.188,0.281,0.188,0.438,0.719,0.814,2.443,3.933,0.673,1.300,0.470,5.095,4.317,7.133,2.110,4.621,0,-1.000,-2.536,-1.014,2.571
35,2019-02-22,2019-03-15,12,fdp,8.000,9.000,-1.000,1.000,0.274,0.821,3.510,0.143,0.643,0.036,6.500,7.000,1.000,3.000,2.455,4,1,1,7,11,28,16,513.893,True,False,3.000,FDP,0.143,0.036,0.036,0.250,0.393,191,44,17,16,51,73,0.021,0.005,0.005,0.037,0.058,0.091,0.059,0.062,0.137,0.151,Opposition,0.000,1.000,19.000,WP19,2019,2,21,0.938,2.812,6.895,0.750,1.500,0.562,8.667,8.889,8.333,5.643,7.348,32,27,6,9,6,14,23,0.188,0.281,0.188,0.438,0.719,0.664,1.991,3.385,0.607,0.857,0.527,2.167,1.889,7.333,2.643,4.893,1,1.000,-2.536,0.986,-2.502
35,2019-02-22,2019-03-15,12,grüne,18.000,19.000,-1.000,1.000,0.264,0.793,0.983,0.207,0.586,0.000,1.000,2.000,0.333,1.111,0.846,9,1,3,9,13,29,20,561.345,True,False,1.000,Bündnis 90/Die Grünen,0.310,0.034,0.103,0.310,0.448,191,44,17,16,51,73,0.047,0.005,0.016,0.047,0.068,0.205,0.059,0.188,0.176,0.178,Opposition,0.000,1.000,19.000,WP19,2019,2,21,0.938,2.812,6.895,0.750,1.500,0.562,8.667,8.889,8.333,5.643,7.348,32,27,6,9,6,14,23,0.188,0.281,0.188,0.438,0.719,0.673,2.019,5.912,0.543,0.914,0.562,7.667,6.889,8.000,4.532,6.502,2,1.000,-2.536,0.986,-2.502
35,2019-02-22,2019-03-15,12,linke,8.000,8.000,0.000,0.000,0.487,1.462,1.140,0.423,1.000,0.038,1.429,3.333,0.000,0.889,1.000,7,3,2,9,11,26,19,555.615,True,False,0.000,Die Linke,0.269,0.115,0.077,0.346,0.423,191,44,17,16,51,73,0.037,0.016,0.010,0.047,0.058,0.159,0.176,0.125,0.176,0.151,Opposition,0.000,1.000,19.000,WP19,2019,2,21,0.938,2.812,6.895,0.750,1.500,0.562,8.667,8.889,8.333,5.643,7.348,32,27,6,9,6,14,23,0.188,0.281,0.188,0.438,0.719,0.450,1.351,5.755,0.327,0.500,0.524,7.238,5.556,8.333,4.754,6.348,3,-0.000,-2.536,-0.014,0.035
35,2019-02-22,2019-03-15,12,spd,18.000,17.000,1.000,1.000,0.155,0.465,1.426,0.140,0.302,0.023,2.000,1.600,0.400,1.091,1.062,10,5,5,11,16,43,28,636.023,True,False,2.000,SPD,0.233,0.116,0.116,0.256,0.372,191,44,17,16,51,73,0.052,0.026,0.026,0.058,0.084,0.227,0.294,0.312,0.216,0.219,Regierung,1.000,0.000,19.000,WP19,2019,2,21,0.938,2.812,6.895,0.750,1.500,0.562,8.667,8.889,8.333,5.643,7.348,32,27,6,9,6,14,23,0.188,0.281,0.188,0.438,0.719,0.782,2.347,5.469,0.610,1.198,0.539,6.667,7.289,7.933,4.552,6.285,4,-1.000,-2.536,-1.014,2.571
36,2019-03-15,2019-03-22,13,cdu/csu,29.000,30.000,-1.000,1.000,0.107,0.321,1.337,0.103,0.205,0.013,1.500,3.000,0.875,1.353,1.135,14,6,8,17,37,78,56,711.987,True,False,4.000,CDU/CSU,0.179,0.077,0.103,0.218,0.474,221,51,18,27,50,113,0.063,0.027,0.036,0.077,0.167,0.275,0.333,0.296,0.340,0.327,Regierung,1.000,0.000,19.000,WP19,2019,3,7,0.750,2.250,6.387,0.722,1.250,0.278,8.143,8.833,8.500,5.800,6.296,36,31,7,6,4,10,27,0.194,0.167,0.111,0.278,0.750,0.643,1.929,5.050,0.620,1.045,0.265,6.643,5.833,7.625,4.447,5.161,0,1.000,-1.536,0.986,-1.515
36,2019-03-15,2019-03-22,13,fdp,8.000,8.000,0.000,0.000,0.222,0.667,1.520,0.100,0.567,0.000,3.250,3.000,0.000,1.333,1.421,4,1,4,6,19,30,25,608.700,True,False,3.000,FDP,0.133,0.033,0.133,0.200,0.633,221,51,18,27,50,113,0.018,0.005,0.018,0.027,0.086,0.078,0.056,0.148,0.120,0.168,Opposition,0.000,1.000,19.000,WP19,2019,3,7,0.750,2.250,6.387,0.722,1.250,0.278,8.143,8.833,8.500,5.800,6.296,36,31,7,6,4,10,27,0.194,0.167,0.111,0.278,0.750,0.528,1.583,4.867,0.622,0.683,0.278,4.893,5.833,8.500,4.467,4.875,1,-0.000,-1.536,-0.014,0.021
36,2019-03-15,2019-03-22,13,grüne,19.000,18.000,1.000,1.000,0.302,0.906,1.050,0.281,0.625,0.000,0.769,4.000,0.000,0.750,1.278,13,3,3,8,18,32,25,643.844,True,False,1.000,Bündnis 90/Die Grünen,0.406,0.094,0.094,0.250,0.562,221,51,18,27,50,113,0.059,0.014,0.014,0.036,0.081,0.255,0.167,0.111,0.160,0.159,Opposition,0.000,1.000,19.000,WP19,2019,3,7,0.750,2.250,6.387,0.722,1.250,0.278,8.143,8.833,8.500,5.800,6.296,36,31,7,6,4,10,27,0.194,0.167,0.111,0.278,0.750,0.448,1.344,5.337,0.441,0.625,0.278,7.374,4.833,8.500,5.050,5.019,2,-1.000,-1.536,-1.014,1.557
36,2019-03-15,2019-03-22,13,linke,9.000,8.000,1.000,1.000,0.405,1.214,1.869,0.357,0.821,0.036,1.500,6.250,1.500,1.000,1.846,6,4,6,6,13,28,21,623.071,True,False,0.000,Die Linke,0.214,0.143,0.214,0.214,0.464,221,51,18,27,50,113,0.027,0.018,0.027,0.027,0.059,0.118,0.222,0.222,0.120,0.115,Opposition,0.000,1.000,19.000,WP19,2019,3,7,0.750,2.250,6.387,0.722,1.250,0.278,8.143,8.833,8.500,5.800,6.296,36,31,7,6,4,10,27,0.194,0.167,0.111,0.278,0.750,0.345,1.036,4.518,0.365,0.429,0.242,6.643,2.583,7.000,4.800,4.450,3,-1.000,-1.536,-1.014,1.557
36,2019-03-15,2019-03-22,13,spd,17.000,18.000,-1.000,1.000,0.138,0.415,0.905,0.170,0.226,0.019,0.857,2.500,0.833,0.769,0.692,14,4,6,13,26,53,42,651.981,True,False,2.000,SPD,0.264,0.075,0.113,0.245,0.491,221,51,18,27,50,113,0.063,0.018,0.027,0.059,0.118,0.275,0.222,0.222,0.260,0.230,Regierung,1.000,0.000,19.000,WP19,2019,3,7,0.750,2.250,6.387,0.722,1.250,0.278,8.143,8.833,8.500,5.800,6.296,36,31,7,6,4,10,27,0.194,0.167,0.111,0.278,0.750,0.612,1.835,5.482,0.552,1.024,0.259,7.286,6.333,7.667,5.031,5.604,4,1.000,-1.536,0.986,-1.515
37,2019-03-22,2019-04-04,12,cdu/csu,29.000,29.000,0.000,0.000,0.206,0.619,3.441,0.143,0.286,0.190,1.500,5.800,3.100,4.909,3.750,2,5,10,11,8,21,17,825.524,True,False,4.000,CDU/CSU,0.095,0.238,0.476,0.524,0.381,66,6,10,23,39,16,0.030,0.076,0.152,0.167,0.121,0.333,0.500,0.435,0.282,0.500,Regierung,1.000,0.000,19.000,WP19,2019,3,13,0.970,2.909,6.900,0.818,1.182,0.909,5.000,8.800,7.500,6.500,9.000,11,10,1,5,6,8,4,0.091,0.455,0.545,0.727,0.364,0.763,2.290,3.459,0.675,0.896,0.719,3.500,3.000,4.400,1.591,5.250,0,-0.000,-2.536,-0.014,0.035
37,2019-03-22,2019-04-04,12,fdp,9.000,8.000,1.000,1.000,0.148,0.444,1.361,0.000,0.333,0.111,0.000,7.000,0.500,1.500,3.000,1,1,2,4,2,9,6,579.000,True,False,3.000,FDP,0.111,0.111,0.222,0.444,0.222,66,6,10,23,39,16,0.015,0.015,0.030,0.061,0.030,0.167,0.100,0.087,0.103,0.125,Opposition,0.000,1.000,19.000,WP19,2019,3,13,0.970,2.909,6.900,0.818,1.182,0.909,5.000,8.800,7.500,6.500,9.000,11,10,1,5,6,8,4,0.091,0.455,0.545,0.727,0.364,0.822,2.465,5.539,0.818,0.848,0.798,5.000,1.800,7.000,5.000,6.000,1,-1.000,-2.536,-1.014,2.571
37,2019-03-22,2019-04-04,12,grüne,19.000,19.000,0.000,0.000,0.208,0.625,0.714,0.125,0.375,0.125,1.000,,0.000,0.667,,1,0,3,6,0,8,7,683.375,True,False,1.000,Bündnis 90/Die Grünen,0.125,0.000,0.375,0.750,0.000,66,6,10,23,39,16,0.015,0.000,0.045,0.091,0.000,0.167,0.000,0.130,0.154,0.000,Opposition,0.000,1.000,19.000,WP19,2019,3,13,0.970,2.909,6.900,0.818,1.182,0.909,5.000,8.800,7.500,6.500,9.000,11,10,1,5,6,8,4,0.091,0.455,0.545,0.727,0.364,0.761,2.284,6.186,0.693,0.807,0.784,4.000,,7.500,5.833,,2,-0.000,-2.536,-0.014,0.035
37,2019-03-22,2019-04-04,12,linke,8.000,9.000,-1.000,1.000,0.333,1.000,1.156,0.000,0.778,0.222,1.000,1.750,0.000,1.167,0.333,1,4,2,6,3,9,8,580.333,True,False,0.000,Die Linke,0.111,0.444,0.222,0.667,0.333,66,6,10,23,39,16,0.015,0.061,0.030,0.091,0.045,0.167,0.400,0.087,0.154,0.188,Opposition,0.000,1.000,19.000,WP19,2019,3,13,0.970,2.909,6.900,0.818,1.182,0.909,5.000,8.800,7.500,6.500,9.000,11,10,1,5,6,8,4,0.091,0.455,0.545,0.727,0.364,0.636,1.909,5.744,0.818,0.404,0.687,4.000,7.050,7.500,5.333,8.667,3,1.000,-2.536,0.986,-2.502
37,2019-03-22,2019-04-04,12,spd,18.000,17.000,1.000,1.000,0.018,0.053,1.500,0.000,0.053,0.000,2.000,,0.500,1.917,1.667,1,0,6,12,3,19,16,616.895,True,False,2.000,SPD,0.053,0.000,0.316,0.632,0.158,66,6,10,23,39,16,0.015,0.000,0.091,0.182,0.045,0.167,0.000,0.261,0.308,0.188,Regierung,1.000,0.000,19.000,WP19,2019,3,13,0.970,2.909,6.900,0.818,1.182,0.909,5.000,8.800,7.500,6.500,9.000,11,10,1,5,6,8,4,0.091,0.455,0.545,0.727,0.364,0.952,2.856,5.400,0.818,1.129,0.909,3.000,,7.000,4.583,7.333,4,-1.000,-2.536,-1.014,2.571
38,2019-04-04,2019-04-18,12,cdu/csu,29.000,29.000,0.000,0.000,0.122,0.367,2.457,0.076,0.222,0.070,3.318,4.136,1.227,2.418,2.392,22,22,22,55,74,158,117,669.671,True,False,4.000,CDU/CSU,0.139,0.139,0.139,0.348,0.468,446,76,46,50,153,194,0.049,0.049,0.049,0.123,0.166,0.289,0.478,0.440,0.359,0.381,Regierung,1.000,0.000,19.000,WP19,2019,4,14,0.765,2.294,6.489,0.706,1.176,0.412,8.667,8.000,6.214,4.960,7.000,68,58,15,23,14,25,44,0.221,0.338,0.206,0.368,0.647,0.642,1.927,4.032,0.630,0.955,0.342,5.348,3.864,4.987,2.542,4.608,0,-0.000,-2.536,-0.014,0.035
38,2019-04-04,2019-04-18,12,fdp,9.000,9.000,0.000,0.000,0.235,0.706,2.570,0.162,0.515,0.029,4.778,4.000,1.333,1.391,2.212,9,3,3,23,33,68,50,566.118,True,False,3.000,FDP,0.132,0.044,0.044,0.338,0.485,446,76,46,50,153,194,0.020,0.007,0.007,0.052,0.074,0.118,0.065,0.060,0.150,0.170,Opposition,0.000,1.000,19.000,WP19,2019,4,14,0.765,2.294,6.489,0.706,1.176,0.412,8.667,8.000,6.214,4.960,7.000,68,58,15,23,14,25,44,0.221,0.338,0.206,0.368,0.647,0.529,1.588,3.919,0.544,0.662,0.382,3.889,4.000,4.881,3.569,4.788,1,-0.000,-2.536,-0.014,0.035
38,2019-04-04,2019-04-18,12,grüne,20.000,19.000,1.000,1.000,0.280,0.841,1.253,0.159,0.603,0.079,0.875,1.750,0.222,1.095,1.462,16,4,9,21,26,63,49,575.810,True,False,1.000,Bündnis 90/Die Grünen,0.254,0.063,0.143,0.333,0.413,446,76,46,50,153,194,0.036,0.009,0.020,0.047,0.058,0.211,0.087,0.180,0.137,0.134,Opposition,0.000,1.000,19.000,WP19,2019,4,14,0.765,2.294,6.489,0.706,1.176,0.412,8.667,8.000,6.214,4.960,7.000,68,58,15,23,14,25,44,0.221,0.338,0.206,0.368,0.647,0.484,1.453,5.236,0.547,0.573,0.332,7.792,6.250,5.992,3.865,5.538,2,-1.000,-2.536,-1.014,2.571
38,2019-04-04,2019-04-18,12,linke,8.000,8.000,0.000,0.000,0.497,1.492,1.226,0.458,0.949,0.085,0.636,2.400,0.600,1.095,1.348,11,5,5,21,23,59,45,551.254,True,False,0.000,Die Linke,0.186,0.085,0.085,0.356,0.390,446,76,46,50,153,194,0.025,0.011,0.011,0.047,0.052,0.145,0.109,0.100,0.137,0.119,Opposition,0.000,1.000,19.000,WP19,2019,4,14,0.765,2.294,6.489,0.706,1.176,0.412,8.667,8.000,6.214,4.960,7.000,68,58,15,23,14,25,44,0.221,0.338,0.206,0.368,0.647,0.268,0.803,5.263,0.248,0.227,0.327,8.030,5.600,5.614,3.865,5.652,3,-0.000,-2.536,-0.014,0.035
38,2019-04-04,2019-04-18,12,spd,17.000,18.000,-1.000,1.000,0.156,0.469,1.317,0.163,0.255,0.051,1.278,2.667,0.818,1.212,1.132,18,12,11,33,38,98,71,656.571,True,False,2.000,SPD,0.184,0.122,0.112,0.337,0.388,446,76,46,50,153,194,0.040,0.027,0.025,0.074,0.085,0.237,0.261,0.220,0.216,0.196,Regierung,1.000,0.000,19.000,WP19,2019,4,14,0.765,2.294,6.489,0.706,1.176,0.412,8.667,8.000,6.214,4.960,7.000,68,58,15,23,14,25,44,0.221,0.338,0.206,0.368,0.647,0.608,1.825,5.172,0.543,0.921,0.361,7.389,5.333,5.396,3.748,5.868,4,1.000,-2.536,0.986,-2.502
40,2019-05-02,2019-05-17,12,cdu/csu,28.000,29.000,-1.000,1.000,0.107,0.321,2.609,0.079,0.157,0.086,2.591,4.581,3.571,3.212,2.413,22,31,7,33,80,140,101,694.486,True,False,4.000,CDU/CSU,0.157,0.221,0.050,0.236,0.571,414,76,85,25,113,223,0.053,0.075,0.017,0.080,0.193,0.289,0.365,0.280,0.292,0.359,Regierung,1.000,0.000,19.000,WP19,2019,5,15,0.874,2.621,6.536,0.894,1.348,0.379,9.125,7.900,7.556,5.583,7.170,66,53,8,20,9,24,47,0.121,0.303,0.136,0.364,0.712,0.767,2.300,3.927,0.815,1.191,0.293,6.534,3.319,3.984,2.371,4.758,0,1.000,-2.536,0.986,-2.502
40,2019-05-02,2019-05-17,12,fdp,8.000,8.000,0.000,0.000,0.250,0.750,2.368,0.109,0.547,0.094,2.833,4.357,3.500,2.267,2.156,6,14,2,15,32,64,43,559.516,True,False,3.000,FDP,0.094,0.219,0.031,0.234,0.500,414,76,85,25,113,223,0.014,0.034,0.005,0.036,0.077,0.079,0.165,0.080,0.133,0.143,Opposition,0.000,1.000,19.000,WP19,2019,5,15,0.874,2.621,6.536,0.894,1.348,0.379,9.125,7.900,7.556,5.583,7.170,66,53,8,20,9,24,47,0.121,0.303,0.136,0.364,0.712,0.624,1.871,4.168,0.785,0.802,0.285,6.292,3.543,4.056,3.317,5.014,1,-0.000,-2.536,-0.014,0.035
40,2019-05-02,2019-05-17,12,grüne,20.000,21.000,-1.000,1.000,0.333,1.000,1.115,0.316,0.632,0.053,0.667,1.909,0.500,1.118,1.067,18,11,2,17,30,57,48,618.982,True,False,1.000,Bündnis 90/Die Grünen,0.316,0.193,0.035,0.298,0.526,414,76,85,25,113,223,0.043,0.027,0.005,0.041,0.072,0.237,0.129,0.080,0.150,0.135,Opposition,0.000,1.000,19.000,WP19,2019,5,15,0.874,2.621,6.536,0.894,1.348,0.379,9.125,7.900,7.556,5.583,7.170,66,53,8,20,9,24,47,0.121,0.303,0.136,0.364,0.712,0.540,1.621,5.422,0.578,0.717,0.326,8.458,5.991,7.056,4.466,6.104,2,1.000,-2.536,0.986,-2.502
40,2019-05-02,2019-05-17,12,linke,9.000,8.000,1.000,1.000,0.470,1.411,1.260,0.482,0.911,0.018,0.818,1.615,0.000,1.545,1.303,11,13,3,22,33,56,48,550.964,True,False,0.000,Die Linke,0.196,0.232,0.054,0.393,0.589,414,76,85,25,113,223,0.027,0.031,0.007,0.053,0.080,0.145,0.153,0.120,0.195,0.148,Opposition,0.000,1.000,19.000,WP19,2019,5,15,0.874,2.621,6.536,0.894,1.348,0.379,9.125,7.900,7.556,5.583,7.170,66,53,8,20,9,24,47,0.121,0.303,0.136,0.364,0.712,0.403,1.210,5.276,0.412,0.438,0.361,8.307,6.285,7.556,4.038,5.867,3,-1.000,-2.536,-1.014,2.571
40,2019-05-02,2019-05-17,12,spd,18.000,16.000,2.000,2.000,0.158,0.474,1.367,0.186,0.268,0.021,1.211,2.312,1.091,1.423,1.354,19,16,11,26,48,97,70,690.794,True,False,2.000,SPD,0.196,0.165,0.113,0.268,0.495,414,76,85,25,113,223,0.046,0.039,0.027,0.063,0.116,0.250,0.188,0.440,0.230,0.215,Regierung,1.000,0.000,19.000,WP19,2019,5,15,0.874,2.621,6.536,0.894,1.348,0.379,9.125,7.900,7.556,5.583,7.170,66,53,8,20,9,24,47,0.121,0.303,0.136,0.364,0.712,0.716,2.147,5.169,0.708,1.080,0.358,7.914,5.588,6.465,4.160,5.816,4,-2.000,-2.536,-2.014,5.107
41,2019-05-17,2019-06-06,13,cdu/csu,29.000,28.000,1.000,1.000,0.118,0.355,2.323,0.065,0.226,0.065,3.364,4.333,0.750,2.909,1.545,11,3,4,11,22,31,31,702.194,True,False,4.000,CDU/CSU,0.355,0.097,0.129,0.355,0.710,86,31,7,12,31,60,0.128,0.035,0.047,0.128,0.256,0.355,0.429,0.333,0.355,0.367,Regierung,1.000,0.000,19.000,WP19,2019,5,20,1.111,3.333,8.044,0.933,1.600,0.800,8.333,9.000,9.500,7.000,8.083,15,15,6,4,2,5,12,0.400,0.267,0.133,0.333,0.800,0.993,2.978,5.722,0.869,1.374,0.735,4.970,4.667,8.750,4.091,6.538,0,-1.000,-1.536,-1.014,1.557
41,2019-05-17,2019-06-06,13,fdp,8.000,8.000,0.000,0.000,0.231,0.692,2.474,0.000,0.615,0.077,4.000,4.500,0.000,2.500,1.583,5,2,2,4,12,13,13,609.154,True,False,3.000,FDP,0.385,0.154,0.154,0.308,0.923,86,31,7,12,31,60,0.058,0.023,0.023,0.047,0.140,0.161,0.286,0.167,0.129,0.200,Opposition,0.000,1.000,19.000,WP19,2019,5,20,1.111,3.333,8.044,0.933,1.600,0.800,8.333,9.000,9.500,7.000,8.083,15,15,6,4,2,5,12,0.400,0.267,0.133,0.333,0.800,0.880,2.641,5.570,0.933,0.985,0.723,4.333,4.500,9.500,4.500,6.500,1,-0.000,-1.536,-0.014,0.021
41,2019-05-17,2019-06-06,13,grüne,18.000,20.000,-2.000,2.000,0.238,0.714,0.962,0.143,0.500,0.071,0.833,,0.000,0.833,1.222,6,0,2,6,9,14,13,613.357,True,False,1.000,Bündnis 90/Die Grünen,0.429,0.000,0.143,0.429,0.643,86,31,7,12,31,60,0.070,0.000,0.023,0.070,0.105,0.194,0.000,0.167,0.194,0.150,Opposition,0.000,1.000,19.000,WP19,2019,5,20,1.111,3.333,8.044,0.933,1.600,0.800,8.333,9.000,9.500,7.000,8.083,15,15,6,4,2,5,12,0.400,0.267,0.133,0.333,0.800,0.873,2.619,7.083,0.790,1.100,0.729,7.500,,9.500,6.167,6.861,2,2.000,-1.536,1.986,-3.051
41,2019-05-17,2019-06-06,13,linke,8.000,9.000,-1.000,1.000,0.333,1.000,1.733,0.300,0.700,0.000,1.000,2.000,0.000,0.750,1.875,3,2,1,4,8,10,10,641.400,True,False,0.000,Die Linke,0.300,0.200,0.100,0.400,0.800,86,31,7,12,31,60,0.035,0.023,0.012,0.047,0.093,0.097,0.286,0.083,0.129,0.133,Opposition,0.000,1.000,19.000,WP19,2019,5,20,1.111,3.333,8.044,0.933,1.600,0.800,8.333,9.000,9.500,7.000,8.083,15,15,6,4,2,5,12,0.400,0.267,0.133,0.333,0.800,0.778,2.333,6.311,0.633,0.900,0.800,7.333,7.000,9.500,6.250,6.208,3,1.000,-1.536,0.986,-1.515
41,2019-05-17,2019-06-06,13,spd,17.000,18.000,-1.000,1.000,0.148,0.444,1.031,0.000,0.389,0.056,1.167,,0.333,0.667,1.111,6,0,3,6,9,18,16,822.778,True,False,2.000,SPD,0.333,0.000,0.167,0.333,0.500,86,31,7,12,31,60,0.070,0.000,0.035,0.070,0.105,0.194,0.000,0.250,0.194,0.150,Regierung,1.000,0.000,19.000,WP19,2019,5,20,1.111,3.333,8.044,0.933,1.600,0.800,8.333,9.000,9.500,7.000,8.083,15,15,6,4,2,5,12,0.400,0.267,0.133,0.333,0.800,0.963,2.889,7.013,0.933,1.211,0.744,7.167,,9.167,6.333,6.972,4,1.000,-1.536,0.986,-1.515
42,2019-06-06,2019-06-28,13,cdu/csu,25.000,29.000,-4.000,4.000,0.140,0.421,2.591,0.092,0.197,0.132,2.714,4.440,3.071,3.056,2.460,21,25,14,54,63,152,103,675.191,True,False,4.000,CDU/CSU,0.138,0.164,0.092,0.355,0.414,450,67,92,56,176,170,0.047,0.056,0.031,0.120,0.140,0.313,0.272,0.250,0.307,0.371,Regierung,1.000,0.000,19.000,WP19,2019,6,22,0.945,2.836,7.156,0.904,1.356,0.575,8.545,8.185,8.176,6.267,7.614,73,52,11,27,17,30,44,0.151,0.370,0.233,0.411,0.603,0.805,2.415,4.565,0.812,1.159,0.444,5.831,3.745,5.105,3.211,5.153,0,4.000,-1.536,3.986,-6.124
42,2019-06-06,2019-06-28,13,fdp,8.000,8.000,0.000,0.000,0.262,0.786,2.200,0.186,0.471,0.129,3.429,3.929,0.800,1.808,2.238,7,14,5,26,21,70,42,598.457,True,False,3.000,FDP,0.100,0.200,0.071,0.371,0.300,450,67,92,56,176,170,0.016,0.031,0.011,0.058,0.047,0.104,0.152,0.089,0.148,0.124,Opposition,0.000,1.000,19.000,WP19,2019,6,22,0.945,2.836,7.156,0.904,1.356,0.575,8.545,8.185,8.176,6.267,7.614,73,52,11,27,17,30,44,0.151,0.370,0.233,0.411,0.603,0.683,2.050,4.956,0.718,0.885,0.447,5.117,4.257,7.376,4.459,5.376,1,-0.000,-1.536,-0.014,0.021
42,2019-06-06,2019-06-28,13,grüne,26.000,18.000,8.000,8.000,0.271,0.814,1.314,0.186,0.492,0.136,1.462,2.500,0.167,1.400,1.292,13,14,12,25,24,59,47,605.610,True,False,1.000,Bündnis 90/Die Grünen,0.220,0.237,0.203,0.424,0.407,450,67,92,56,176,170,0.029,0.031,0.027,0.056,0.053,0.194,0.152,0.214,0.142,0.141,Opposition,0.000,1.000,19.000,WP19,2019,6,22,0.945,2.836,7.156,0.904,1.356,0.575,8.545,8.185,8.176,6.267,7.614,73,52,11,27,17,30,44,0.151,0.370,0.233,0.411,0.603,0.674,2.022,5.842,0.718,0.865,0.440,7.084,5.685,8.010,4.867,6.322,2,-8.000,-1.536,-8.014,12.310
42,2019-06-06,2019-06-28,13,linke,7.000,8.000,-1.000,1.000,0.492,1.475,1.023,0.443,0.836,0.197,1.333,1.583,0.500,1.034,0.900,9,12,12,29,20,61,43,564.410,True,False,0.000,Die Linke,0.148,0.197,0.197,0.475,0.328,450,67,92,56,176,170,0.020,0.027,0.027,0.064,0.044,0.134,0.130,0.214,0.165,0.118,Opposition,0.000,1.000,19.000,WP19,2019,6,22,0.945,2.836,7.156,0.904,1.356,0.575,8.545,8.185,8.176,6.267,7.614,73,52,11,27,17,30,44,0.151,0.370,0.233,0.411,0.603,0.453,1.360,6.133,0.461,0.520,0.379,7.212,6.602,7.676,5.232,6.714,3,1.000,-1.536,0.986,-1.515
42,2019-06-06,2019-06-28,13,spd,12.000,17.000,-5.000,5.000,0.188,0.565,1.647,0.148,0.278,0.139,1.294,2.815,0.923,1.810,1.571,17,27,13,42,42,108,72,639.769,True,False,2.000,SPD,0.157,0.250,0.120,0.389,0.389,450,67,92,56,176,170,0.038,0.060,0.029,0.093,0.093,0.254,0.293,0.232,0.239,0.247,Regierung,1.000,0.000,19.000,WP19,2019,6,22,0.945,2.836,7.156,0.904,1.356,0.575,8.545,8.185,8.176,6.267,7.614,73,52,11,27,17,30,44,0.151,0.370,0.233,0.411,0.603,0.757,2.271,5.509,0.756,1.078,0.436,7.251,5.370,7.253,4.457,6.042,4,5.000,-1.536,4.986,-7.660
43,2019-06-28,2019-07-04,12,cdu/csu,26.000,25.000,1.000,1.000,0.040,0.120,1.583,0.040,0.080,0.000,2.600,2.000,,0.000,1.286,5,1,0,2,7,25,12,751.880,True,False,4.000,CDU/CSU,0.200,0.040,0.000,0.080,0.280,75,19,7,4,10,20,0.067,0.013,0.000,0.027,0.093,0.263,0.143,0.000,0.200,0.350,Regierung,1.000,0.000,19.000,WP19,2019,6,6,0.611,1.833,6.800,0.667,0.750,0.417,7.600,9.500,8.000,2.000,7.500,12,10,5,2,1,2,6,0.417,0.167,0.083,0.167,0.500,0.571,1.713,5.217,0.627,0.670,0.417,5.000,7.500,,2.000,6.214,0,-1.000,-2.536,-1.014,2.571
43,2019-06-28,2019-07-04,12,fdp,9.000,8.000,1.000,1.000,0.121,0.364,1.786,0.091,0.273,0.000,4.000,3.000,0.000,0.667,3.000,2,1,1,3,2,11,7,542.364,True,False,3.000,FDP,0.182,0.091,0.091,0.273,0.182,75,19,7,4,10,20,0.027,0.013,0.013,0.040,0.027,0.105,0.143,0.250,0.300,0.100,Opposition,0.000,1.000,19.000,WP19,2019,6,6,0.611,1.833,6.800,0.667,0.750,0.417,7.600,9.500,8.000,2.000,7.500,12,10,5,2,1,2,6,0.417,0.167,0.083,0.167,0.500,0.490,1.470,5.014,0.576,0.477,0.417,3.600,6.500,8.000,1.333,4.500,1,-1.000,-2.536,-1.014,2.571
43,2019-06-28,2019-07-04,12,grüne,25.000,26.000,-1.000,1.000,0.303,0.909,1.188,0.364,0.455,0.091,1.000,1.500,0.000,0.000,1.750,6,2,2,1,4,11,8,588.182,True,False,1.000,Bündnis 90/Die Grünen,0.545,0.182,0.182,0.091,0.364,75,19,7,4,10,20,0.080,0.027,0.027,0.013,0.053,0.316,0.286,0.500,0.100,0.200,Opposition,0.000,1.000,19.000,WP19,2019,6,6,0.611,1.833,6.800,0.667,0.750,0.417,7.600,9.500,8.000,2.000,7.500,12,10,5,2,1,2,6,0.417,0.167,0.083,0.167,0.500,0.308,0.924,5.612,0.303,0.295,0.326,6.600,8.000,8.000,2.000,5.750,2,1.000,-2.536,0.986,-2.502
43,2019-06-28,2019-07-04,12,linke,7.000,7.000,0.000,0.000,0.481,1.444,3.067,0.556,0.667,0.222,0.000,5.000,,2.000,5.000,1,2,0,2,2,9,5,605.000,True,False,0.000,Die Linke,0.111,0.222,0.000,0.222,0.222,75,19,7,4,10,20,0.013,0.027,0.000,0.027,0.027,0.053,0.286,0.000,0.200,0.100,Opposition,0.000,1.000,19.000,WP19,2019,6,6,0.611,1.833,6.800,0.667,0.750,0.417,7.600,9.500,8.000,2.000,7.500,12,10,5,2,1,2,6,0.417,0.167,0.083,0.167,0.500,0.130,0.389,3.733,0.111,0.083,0.194,7.600,4.500,,0.000,2.500,3,-0.000,-2.536,-0.014,0.035
43,2019-06-28,2019-07-04,12,spd,13.000,12.000,1.000,1.000,0.088,0.263,0.955,0.000,0.263,0.000,1.400,0.000,0.000,0.000,1.000,5,1,1,2,5,19,11,705.368,True,False,2.000,SPD,0.263,0.053,0.053,0.105,0.263,75,19,7,4,10,20,0.067,0.013,0.013,0.027,0.067,0.263,0.143,0.250,0.200,0.250,Regierung,1.000,0.000,19.000,WP19,2019,6,6,0.611,1.833,6.800,0.667,0.750,0.417,7.600,9.500,8.000,2.000,7.500,12,10,5,2,1,2,6,0.417,0.167,0.083,0.167,0.500,0.523,1.570,5.845,0.667,0.487,0.417,6.200,9.500,8.000,2.000,6.500,4,-1.000,-2.536,-1.014,2.571
44,2019-07-04,2019-07-26,13,cdu/csu,25.000,26.000,-1.000,1.000,0.000,0.000,2.250,0.000,0.000,0.000,,,,2.000,2.500,0,0,0,1,2,3,2,962.000,True,False,4.000,CDU/CSU,0.000,0.000,0.000,0.333,0.667,9,1,0,0,2,6,0.000,0.000,0.000,0.111,0.222,0.000,,,0.500,0.333,Regierung,1.000,0.000,19.000,WP19,2019,7,22,1.000,3.000,,1.000,2.000,0.000,,,,,,1,0,0,0,0,0,0,0.000,0.000,0.000,0.000,0.000,1.000,3.000,,1.000,2.000,0.000,,,,,,0,1.000,-1.536,0.986,-1.515
44,2019-07-04,2019-07-26,13,fdp,8.000,9.000,-1.000,1.000,0.167,0.500,3.000,0.000,0.500,0.000,,,,,3.000,0,0,0,0,1,2,1,525.500,True,False,3.000,FDP,0.000,0.000,0.000,0.000,0.500,9,1,0,0,2,6,0.000,0.000,0.000,0.000,0.111,0.000,,,0.000,0.167,Opposition,0.000,1.000,19.000,WP19,2019,7,22,1.000,3.000,,1.000,2.000,0.000,,,,,,1,0,0,0,0,0,0,0.000,0.000,0.000,0.000,0.000,0.833,2.500,,1.000,1.500,0.000,,,,,,1,1.000,-1.536,0.986,-1.515
44,2019-07-04,2019-07-26,13,grüne,26.000,25.000,1.000,1.000,0.333,1.000,1.000,0.000,1.000,0.000,0.000,,,2.000,1.000,1,0,0,1,1,1,1,906.000,True,False,1.000,Bündnis 90/Die Grünen,1.000,0.000,0.000,1.000,1.000,9,1,0,0,2,6,0.111,0.000,0.000,0.111,0.111,1.000,,,0.500,0.167,Opposition,0.000,1.000,19.000,WP19,2019,7,22,1.000,3.000,,1.000,2.000,0.000,,,,,,1,0,0,0,0,0,0,0.000,0.000,0.000,0.000,0.000,0.667,2.000,,1.000,1.000,0.000,,,,,,2,-1.000,-1.536,-1.014,1.557
44,2019-07-04,2019-07-26,13,linke,8.000,7.000,1.000,1.000,0.333,1.000,3.000,0.000,1.000,0.000,,,,,3.000,0,0,0,0,1,1,1,776.000,True,False,0.000,Die Linke,0.000,0.000,0.000,0.000,1.000,9,1,0,0,2,6,0.000,0.000,0.000,0.000,0.111,0.000,,,0.000,0.167,Opposition,0.000,1.000,19.000,WP19,2019,7,22,1.000,3.000,,1.000,2.000,0.000,,,,,,1,0,0,0,0,0,0,0.000,0.000,0.000,0.000,0.000,0.667,2.000,,1.000,1.000,0.000,,,,,,3,-1.000,-1.536,-1.014,1.557
44,2019-07-04,2019-07-26,13,spd,13.000,13.000,0.000,0.000,0.000,0.000,2.000,0.000,0.000,0.000,,,,,2.000,0,0,0,0,1,2,1,744.000,True,False,2.000,SPD,0.000,0.000,0.000,0.000,0.500,9,1,0,0,2,6,0.000,0.000,0.000,0.000,0.111,0.000,,,0.000,0.167,Regierung,1.000,0.000,19.000,WP19,2019,7,22,1.000,3.000,,1.000,2.000,0.000,,,,,,1,0,0,0,0,0,0,0.000,0.000,0.000,0.000,0.000,1.000,3.000,,1.000,2.000,0.000,,,,,,4,-0.000,-1.536,-0.014,0.021
48,2019-09-05,2019-09-20,15,cdu/csu,27.000,26.000,1.000,1.000,0.087,0.262,2.654,0.108,0.123,0.031,3.065,3.750,2.167,2.667,1.967,31,8,6,12,30,65,51,894.815,True,False,4.000,CDU/CSU,0.477,0.123,0.092,0.185,0.462,214,104,18,23,43,83,0.145,0.037,0.028,0.056,0.140,0.298,0.444,0.261,0.279,0.361,Regierung,1.000,0.000,19.000,WP19,2019,9,15,1.035,3.105,7.589,0.974,1.526,0.605,7.500,8.118,8.375,7.308,7.724,38,35,20,17,8,13,29,0.526,0.447,0.211,0.342,0.763,0.948,2.844,4.935,0.866,1.403,0.574,4.435,4.368,6.208,4.641,5.757,0,-1.000,0.464,-1.014,-0.470
48,2019-09-05,2019-09-20,15,fdp,7.000,7.000,0.000,0.000,0.260,0.781,2.816,0.094,0.688,0.000,3.700,4.500,,1.333,1.625,10,2,0,6,8,32,19,791.375,True,False,3.000,FDP,0.312,0.062,0.000,0.188,0.250,214,104,18,23,43,83,0.047,0.009,0.000,0.028,0.037,0.096,0.111,0.000,0.140,0.096,Opposition,0.000,1.000,19.000,WP19,2019,9,15,1.035,3.105,7.589,0.974,1.526,0.605,7.500,8.118,8.375,7.308,7.724,38,35,20,17,8,13,29,0.526,0.447,0.211,0.342,0.763,0.775,2.324,4.773,0.880,0.839,0.605,3.800,3.618,,5.974,6.099,1,-0.000,0.464,-0.014,-0.006
48,2019-09-05,2019-09-20,15,grüne,23.000,25.000,-2.000,2.000,0.427,1.281,1.160,0.281,0.969,0.031,1.143,3.000,0.250,1.286,0.846,21,1,4,7,13,32,27,735.031,True,False,1.000,Bündnis 90/Die Grünen,0.656,0.031,0.125,0.219,0.406,214,104,18,23,43,83,0.098,0.005,0.019,0.033,0.061,0.202,0.056,0.174,0.163,0.157,Opposition,0.000,1.000,19.000,WP19,2019,9,15,1.035,3.105,7.589,0.974,1.526,0.605,7.500,8.118,8.375,7.308,7.724,38,35,20,17,8,13,29,0.526,0.447,0.211,0.342,0.763,0.608,1.824,6.428,0.692,0.558,0.574,6.357,5.118,8.125,6.022,6.878,2,2.000,0.464,1.986,0.921
48,2019-09-05,2019-09-20,15,linke,7.000,7.000,0.000,0.000,0.616,1.848,0.975,0.606,1.152,0.091,1.176,2.000,0.500,0.400,1.182,17,2,6,10,11,33,27,685.455,True,False,0.000,Die Linke,0.515,0.061,0.182,0.303,0.333,214,104,18,23,43,83,0.079,0.009,0.028,0.047,0.051,0.163,0.111,0.261,0.233,0.133,Opposition,0.000,1.000,19.000,WP19,2019,9,15,1.035,3.105,7.589,0.974,1.526,0.605,7.500,8.118,8.375,7.308,7.724,38,35,20,17,8,13,29,0.526,0.447,0.211,0.342,0.763,0.419,1.257,6.613,0.368,0.375,0.514,6.324,6.118,7.875,6.908,6.542,3,-0.000,0.464,-0.014,-0.006
48,2019-09-05,2019-09-20,15,spd,14.000,14.000,0.000,0.000,0.141,0.423,1.474,0.173,0.231,0.019,1.480,1.800,0.429,2.250,1.190,25,5,7,8,21,52,38,758.462,True,False,2.000,SPD,0.481,0.096,0.135,0.154,0.404,214,104,18,23,43,83,0.117,0.023,0.033,0.037,0.098,0.240,0.278,0.304,0.186,0.253,Regierung,1.000,0.000,19.000,WP19,2019,9,15,1.035,3.105,7.589,0.974,1.526,0.605,7.500,8.118,8.375,7.308,7.724,38,35,20,17,8,13,29,0.526,0.447,0.211,0.342,0.763,0.894,2.682,6.115,0.801,1.296,0.586,6.020,6.318,7.946,5.058,6.534,4,-0.000,0.464,-0.014,-0.006
49,2019-09-20,2019-10-11,14,cdu/csu,27.000,27.000,0.000,0.000,0.132,0.395,1.963,0.128,0.209,0.058,2.381,3.667,1.000,2.083,1.652,21,6,2,12,23,86,49,654.791,True,False,4.000,CDU/CSU,0.244,0.070,0.023,0.140,0.267,261,62,25,18,40,70,0.080,0.023,0.008,0.046,0.088,0.339,0.240,0.111,0.300,0.329,Regierung,1.000,0.000,19.000,WP19,2019,9,21,0.833,2.500,6.645,0.905,1.262,0.333,8.143,7.091,6.000,5.700,7.174,42,31,14,11,4,10,23,0.333,0.262,0.095,0.238,0.548,0.702,2.105,4.683,0.777,1.053,0.275,5.762,3.424,5.000,3.617,5.522,0,-0.000,-0.536,-0.014,0.007
49,2019-09-20,2019-10-11,14,fdp,8.000,7.000,1.000,1.000,0.270,0.810,2.270,0.143,0.619,0.048,3.143,4.200,,1.167,1.750,7,5,0,6,12,42,21,527.381,True,False,3.000,FDP,0.167,0.119,0.000,0.143,0.286,261,62,25,18,40,70,0.027,0.019,0.000,0.023,0.046,0.113,0.200,0.000,0.150,0.171,Opposition,0.000,1.000,19.000,WP19,2019,9,21,0.833,2.500,6.645,0.905,1.262,0.333,8.143,7.091,6.000,5.700,7.174,42,31,14,11,4,10,23,0.333,0.262,0.095,0.238,0.548,0.563,1.690,4.375,0.762,0.643,0.286,5.000,2.891,,4.533,5.424,1,-1.000,-0.536,-1.014,0.543
49,2019-09-20,2019-10-11,14,grüne,23.000,23.000,0.000,0.000,0.288,0.865,1.123,0.216,0.541,0.108,1.100,2.500,0.571,0.429,1.100,10,6,7,7,10,37,23,557.973,True,False,1.000,Bündnis 90/Die Grünen,0.270,0.162,0.189,0.189,0.270,261,62,25,18,40,70,0.038,0.023,0.027,0.027,0.038,0.161,0.240,0.389,0.175,0.143,Opposition,0.000,1.000,19.000,WP19,2019,9,21,0.833,2.500,6.645,0.905,1.262,0.333,8.143,7.091,6.000,5.700,7.174,42,31,14,11,4,10,23,0.333,0.262,0.095,0.238,0.548,0.545,1.635,5.522,0.689,0.721,0.225,7.043,4.591,5.429,5.271,6.074,2,-0.000,-0.536,-0.014,0.007
49,2019-09-20,2019-10-11,14,linke,8.000,7.000,1.000,1.000,0.398,1.194,1.204,0.417,0.694,0.083,0.750,2.000,1.000,1.000,1.250,8,2,3,6,8,36,18,522.861,True,False,0.000,Die Linke,0.222,0.056,0.083,0.167,0.222,261,62,25,18,40,70,0.031,0.008,0.011,0.023,0.031,0.129,0.080,0.167,0.150,0.114,Opposition,0.000,1.000,19.000,WP19,2019,9,21,0.833,2.500,6.645,0.905,1.262,0.333,8.143,7.091,6.000,5.700,7.174,42,31,14,11,4,10,23,0.333,0.262,0.095,0.238,0.548,0.435,1.306,5.441,0.488,0.567,0.250,7.393,5.091,5.000,4.700,5.924,3,-1.000,-0.536,-1.014,0.543
49,2019-09-20,2019-10-11,14,spd,14.000,14.000,0.000,0.000,0.183,0.550,1.157,0.200,0.283,0.067,0.812,3.333,0.500,0.556,1.118,16,6,6,9,17,60,34,613.350,True,False,2.000,SPD,0.267,0.100,0.100,0.150,0.283,261,62,25,18,40,70,0.061,0.023,0.023,0.034,0.065,0.258,0.240,0.333,0.225,0.243,Regierung,1.000,0.000,19.000,WP19,2019,9,21,0.833,2.500,6.645,0.905,1.262,0.333,8.143,7.091,6.000,5.700,7.174,42,31,14,11,4,10,23,0.333,0.262,0.095,0.238,0.548,0.650,1.950,5.488,0.705,0.979,0.267,7.330,3.758,5.500,5.144,6.056,4,-0.000,-0.536,-0.014,0.007
50,2019-10-11,2019-10-18,14,cdu/csu,28.000,27.000,1.000,1.000,0.092,0.277,2.252,0.046,0.169,0.062,2.333,3.625,0.500,2.250,1.522,12,8,6,20,23,65,41,640.523,True,False,4.000,CDU/CSU,0.185,0.123,0.092,0.308,0.354,185,44,17,13,59,58,0.065,0.043,0.032,0.108,0.124,0.273,0.471,0.462,0.339,0.397,Regierung,1.000,0.000,19.000,WP19,2019,10,7,0.929,2.786,6.481,0.929,1.321,0.536,8.333,7.250,6.000,5.500,7.222,28,22,6,12,5,12,18,0.214,0.429,0.179,0.429,0.643,0.836,2.509,4.229,0.882,1.152,0.474,6.000,3.625,5.500,3.250,5.700,0,-1.000,-0.536,-1.014,0.543
50,2019-10-11,2019-10-18,14,fdp,7.000,8.000,-1.000,1.000,0.205,0.615,2.740,0.115,0.500,0.000,4.667,4.500,,2.375,2.000,6,2,0,8,8,26,16,575.269,True,False,3.000,FDP,0.231,0.077,0.000,0.308,0.308,185,44,17,13,59,58,0.032,0.011,0.000,0.043,0.043,0.136,0.118,0.000,0.136,0.138,Opposition,0.000,1.000,19.000,WP19,2019,10,7,0.929,2.786,6.481,0.929,1.321,0.536,8.333,7.250,6.000,5.500,7.222,28,22,6,12,5,12,18,0.214,0.429,0.179,0.429,0.643,0.723,2.170,3.741,0.813,0.821,0.536,3.667,2.750,,3.125,5.222,1,1.000,-0.536,0.986,-0.529
50,2019-10-11,2019-10-18,14,grüne,24.000,23.000,1.000,1.000,0.272,0.815,1.317,0.074,0.593,0.148,1.000,0.500,,2.000,0.900,9,2,0,10,10,27,20,540.333,True,False,1.000,Bündnis 90/Die Grünen,0.333,0.074,0.000,0.370,0.370,185,44,17,13,59,58,0.049,0.011,0.000,0.054,0.054,0.205,0.118,0.000,0.169,0.172,Opposition,0.000,1.000,19.000,WP19,2019,10,7,0.929,2.786,6.481,0.929,1.321,0.536,8.333,7.250,6.000,5.500,7.222,28,22,6,12,5,12,18,0.214,0.429,0.179,0.429,0.643,0.657,1.971,5.164,0.854,0.729,0.388,7.333,6.750,,3.500,6.322,2,-1.000,-0.536,-1.014,0.543
50,2019-10-11,2019-10-18,14,linke,8.000,8.000,0.000,0.000,0.457,1.370,1.242,0.444,0.741,0.185,1.000,1.250,1.000,1.182,1.429,7,4,2,11,7,27,20,563.296,True,False,0.000,Die Linke,0.259,0.148,0.074,0.407,0.259,185,44,17,13,59,58,0.038,0.022,0.011,0.059,0.038,0.159,0.235,0.154,0.186,0.121,Opposition,0.000,1.000,19.000,WP19,2019,10,7,0.929,2.786,6.481,0.929,1.321,0.536,8.333,7.250,6.000,5.500,7.222,28,22,6,12,5,12,18,0.214,0.429,0.179,0.429,0.643,0.472,1.415,5.239,0.484,0.581,0.351,7.333,6.000,5.000,4.318,5.794,3,-0.000,-0.536,-0.014,0.007
50,2019-10-11,2019-10-18,14,spd,13.000,14.000,-1.000,1.000,0.150,0.450,0.903,0.075,0.250,0.125,0.800,2.000,0.200,1.200,0.500,10,1,5,10,10,40,24,601.425,True,False,2.000,SPD,0.250,0.025,0.125,0.250,0.250,185,44,17,13,59,58,0.054,0.005,0.027,0.054,0.054,0.227,0.059,0.385,0.169,0.172,Regierung,1.000,0.000,19.000,WP19,2019,10,7,0.929,2.786,6.481,0.929,1.321,0.536,8.333,7.250,6.000,5.500,7.222,28,22,6,12,5,12,18,0.214,0.429,0.179,0.429,0.643,0.779,2.336,5.578,0.854,1.071,0.411,7.533,5.250,5.800,4.300,6.722,4,1.000,-0.536,0.986,-0.529
51,2019-10-18,2019-11-07,14,cdu/csu,28.000,28.000,0.000,0.000,0.106,0.317,2.412,0.058,0.202,0.058,2.810,4.429,1.000,2.348,1.920,21,7,1,23,25,104,57,705.125,True,False,4.000,CDU/CSU,0.202,0.067,0.010,0.221,0.240,314,63,25,12,68,78,0.067,0.022,0.003,0.073,0.080,0.333,0.280,0.083,0.338,0.321,Regierung,1.000,0.000,19.000,WP19,2019,10,20,0.887,2.660,7.286,0.925,1.321,0.415,7.667,7.929,8.091,7.500,7.364,53,42,12,14,11,20,33,0.226,0.264,0.208,0.377,0.623,0.781,2.343,4.873,0.867,1.119,0.357,4.857,3.500,7.091,5.152,5.444,0,-0.000,-0.536,-0.014,0.007
51,2019-10-18,2019-11-07,14,fdp,7.000,7.000,0.000,0.000,0.313,0.940,2.764,0.280,0.600,0.060,5.000,3.250,,1.889,1.875,7,4,0,9,16,50,24,576.440,True,False,3.000,FDP,0.140,0.080,0.000,0.180,0.320,314,63,25,12,68,78,0.022,0.013,0.000,0.029,0.051,0.111,0.160,0.000,0.132,0.205,Opposition,0.000,1.000,19.000,WP19,2019,10,20,0.887,2.660,7.286,0.925,1.321,0.415,7.667,7.929,8.091,7.500,7.364,53,42,12,14,11,20,33,0.226,0.264,0.208,0.377,0.623,0.573,1.720,4.522,0.645,0.721,0.355,2.667,4.679,,5.611,5.489,1,-0.000,-0.536,-0.014,0.007
51,2019-10-18,2019-11-07,14,grüne,22.000,24.000,-2.000,2.000,0.318,0.955,0.965,0.295,0.591,0.068,0.583,1.250,1.000,1.500,0.875,12,4,2,8,8,44,24,581.750,True,False,1.000,Bündnis 90/Die Grünen,0.273,0.091,0.045,0.182,0.182,314,63,25,12,68,78,0.038,0.013,0.006,0.025,0.025,0.190,0.160,0.167,0.118,0.103,Opposition,0.000,1.000,19.000,WP19,2019,10,20,0.887,2.660,7.286,0.925,1.321,0.415,7.667,7.929,8.091,7.500,7.364,53,42,12,14,11,20,33,0.226,0.264,0.208,0.377,0.623,0.569,1.706,6.320,0.629,0.730,0.347,7.083,6.679,7.091,6.000,6.489,2,2.000,-0.536,1.986,-1.065
51,2019-10-18,2019-11-07,14,linke,8.000,8.000,0.000,0.000,0.465,1.395,1.256,0.442,0.791,0.163,0.556,1.500,0.250,1.182,1.455,9,4,4,11,11,43,26,578.279,True,False,0.000,Die Linke,0.209,0.093,0.093,0.256,0.256,314,63,25,12,68,78,0.029,0.013,0.013,0.035,0.035,0.143,0.160,0.333,0.162,0.141,Opposition,0.000,1.000,19.000,WP19,2019,10,20,0.887,2.660,7.286,0.925,1.321,0.415,7.667,7.929,8.091,7.500,7.364,53,42,12,14,11,20,33,0.226,0.264,0.208,0.377,0.623,0.422,1.265,6.029,0.483,0.530,0.252,7.111,6.429,7.841,6.318,5.909,3,-0.000,-0.536,-0.014,0.007
51,2019-10-18,2019-11-07,14,spd,14.000,13.000,1.000,1.000,0.164,0.493,1.390,0.151,0.260,0.082,1.286,2.833,0.400,1.353,1.444,14,6,5,17,18,73,40,614.342,True,False,2.000,SPD,0.192,0.082,0.068,0.233,0.247,314,63,25,12,68,78,0.045,0.019,0.016,0.054,0.057,0.222,0.240,0.417,0.250,0.231,Regierung,1.000,0.000,19.000,WP19,2019,10,20,0.887,2.660,7.286,0.925,1.321,0.415,7.667,7.929,8.091,7.500,7.364,53,42,12,14,11,20,33,0.226,0.264,0.208,0.377,0.623,0.722,2.167,5.896,0.774,1.060,0.333,6.381,5.095,7.691,6.147,5.919,4,-1.000,-0.536,-1.014,0.543
52,2019-11-07,2019-11-15,14,cdu/csu,26.000,28.000,-2.000,2.000,0.108,0.324,2.863,0.094,0.173,0.058,3.385,6.286,0.625,3.364,2.250,26,7,8,44,52,139,89,685.597,True,False,4.000,CDU/CSU,0.187,0.050,0.058,0.317,0.374,427,98,43,45,147,159,0.061,0.016,0.019,0.103,0.122,0.265,0.163,0.178,0.299,0.327,Regierung,1.000,0.000,19.000,WP19,2019,11,8,0.817,2.452,6.613,0.822,1.205,0.425,7.421,7.952,7.400,6.000,7.163,73,54,19,21,15,29,43,0.260,0.288,0.205,0.397,0.589,0.709,2.128,3.750,0.728,1.033,0.367,4.036,1.667,6.775,2.636,4.913,0,2.000,-0.536,1.986,-1.065
52,2019-11-07,2019-11-15,14,fdp,8.000,7.000,1.000,1.000,0.192,0.576,2.807,0.136,0.409,0.030,5.077,4.167,0.250,1.739,2.118,13,6,4,23,17,66,44,549.045,True,False,3.000,FDP,0.197,0.091,0.061,0.348,0.258,427,98,43,45,147,159,0.030,0.014,0.009,0.054,0.040,0.133,0.140,0.089,0.156,0.107,Opposition,0.000,1.000,19.000,WP19,2019,11,8,0.817,2.452,6.613,0.822,1.205,0.425,7.421,7.952,7.400,6.000,7.163,73,54,19,21,15,29,43,0.260,0.288,0.205,0.397,0.589,0.625,1.876,3.806,0.686,0.796,0.394,2.344,3.786,7.150,4.261,5.045,1,-1.000,-0.536,-1.014,0.543
52,2019-11-07,2019-11-15,14,grüne,22.000,22.000,0.000,0.000,0.261,0.783,1.398,0.150,0.533,0.100,1.292,2.000,0.455,1.375,1.045,24,10,11,24,22,60,50,573.550,True,False,1.000,Bündnis 90/Die Grünen,0.400,0.167,0.183,0.400,0.367,427,98,43,45,147,159,0.056,0.023,0.026,0.056,0.052,0.245,0.233,0.244,0.163,0.138,Opposition,0.000,1.000,19.000,WP19,2019,11,8,0.817,2.452,6.613,0.822,1.205,0.425,7.421,7.952,7.400,6.000,7.163,73,54,19,21,15,29,43,0.260,0.288,0.205,0.397,0.589,0.556,1.669,5.215,0.672,0.672,0.325,6.129,5.952,6.945,4.625,6.117,2,-0.000,-0.536,-0.014,0.007
52,2019-11-07,2019-11-15,14,linke,9.000,8.000,1.000,1.000,0.427,1.281,1.348,0.333,0.825,0.123,1.000,2.000,0.286,0.895,1.615,14,9,7,19,26,57,40,577.947,True,False,0.000,Die Linke,0.246,0.158,0.123,0.333,0.456,427,98,43,45,147,159,0.033,0.021,0.016,0.044,0.061,0.143,0.209,0.156,0.129,0.164,Opposition,0.000,1.000,19.000,WP19,2019,11,8,0.817,2.452,6.613,0.822,1.205,0.425,7.421,7.952,7.400,6.000,7.163,73,54,19,21,15,29,43,0.260,0.288,0.205,0.397,0.589,0.390,1.171,5.265,0.489,0.381,0.302,6.421,5.952,7.114,5.105,5.547,3,-1.000,-0.536,-1.014,0.543
52,2019-11-07,2019-11-15,14,spd,14.000,14.000,0.000,0.000,0.152,0.457,1.475,0.133,0.267,0.057,1.429,3.273,0.533,1.622,0.976,21,11,15,37,42,105,73,620.267,True,False,2.000,SPD,0.200,0.105,0.143,0.352,0.400,427,98,43,45,147,159,0.049,0.026,0.035,0.087,0.098,0.214,0.256,0.333,0.252,0.264,Regierung,1.000,0.000,19.000,WP19,2019,11,8,0.817,2.452,6.613,0.822,1.205,0.425,7.421,7.952,7.400,6.000,7.163,73,54,19,21,15,29,43,0.260,0.288,0.205,0.397,0.589,0.665,1.995,5.138,0.689,0.939,0.368,5.992,4.680,6.867,4.378,6.187,4,-0.000,-0.536,-0.014,0.007
53,2019-11-15,2019-12-05,14,cdu/csu,25.000,26.000,-1.000,1.000,0.086,0.258,2.557,0.090,0.124,0.045,2.814,2.917,0.667,2.882,1.750,43,12,3,17,44,89,66,859.303,True,False,4.000,CDU/CSU,0.483,0.135,0.034,0.191,0.494,293,133,29,20,66,120,0.147,0.041,0.010,0.058,0.150,0.323,0.414,0.150,0.258,0.367,Regierung,1.000,0.000,19.000,WP19,2019,11,20,0.975,2.926,6.778,0.926,1.519,0.481,7.615,8.050,7.750,5.312,6.974,54,51,26,20,8,16,39,0.481,0.370,0.148,0.296,0.722,0.889,2.667,4.221,0.836,1.395,0.437,4.801,5.133,7.083,2.430,5.224,0,1.000,-0.536,0.986,-0.529
53,2019-11-15,2019-12-05,14,fdp,7.000,8.000,-1.000,1.000,0.320,0.959,3.078,0.184,0.755,0.020,4.125,3.500,4.000,2.923,2.389,16,4,3,13,18,49,34,671.714,True,False,3.000,FDP,0.327,0.082,0.061,0.265,0.367,293,133,29,20,66,120,0.055,0.014,0.010,0.044,0.061,0.120,0.138,0.150,0.197,0.150,Opposition,0.000,1.000,19.000,WP19,2019,11,20,0.975,2.926,6.778,0.926,1.519,0.481,7.615,8.050,7.750,5.312,6.974,54,51,26,20,8,16,39,0.481,0.370,0.148,0.296,0.722,0.656,1.967,3.699,0.742,0.763,0.461,3.490,4.550,3.750,2.389,4.585,1,1.000,-0.536,0.986,-0.529
53,2019-11-15,2019-12-05,14,grüne,22.000,22.000,0.000,0.000,0.273,0.818,1.310,0.114,0.705,0.000,1.000,3.000,0.000,1.700,1.769,24,3,2,10,13,44,36,687.250,True,False,1.000,Bündnis 90/Die Grünen,0.545,0.068,0.045,0.227,0.295,293,133,29,20,66,120,0.082,0.010,0.007,0.034,0.044,0.180,0.103,0.100,0.152,0.108,Opposition,0.000,1.000,19.000,WP19,2019,11,20,0.975,2.926,6.778,0.926,1.519,0.481,7.615,8.050,7.750,5.312,6.974,54,51,26,20,8,16,39,0.481,0.370,0.148,0.296,0.722,0.703,2.108,5.468,0.812,0.814,0.481,6.615,5.050,7.750,3.612,5.205,2,-0.000,-0.536,-0.014,0.007
53,2019-11-15,2019-12-05,14,linke,9.000,9.000,0.000,0.000,0.524,1.571,1.284,0.524,0.976,0.071,1.353,1.333,0.800,1.077,1.133,17,3,5,13,15,42,32,650.881,True,False,0.000,Die Linke,0.405,0.071,0.119,0.310,0.357,293,133,29,20,66,120,0.058,0.010,0.017,0.044,0.051,0.128,0.103,0.250,0.197,0.125,Opposition,0.000,1.000,19.000,WP19,2019,11,20,0.975,2.926,6.778,0.926,1.519,0.481,7.615,8.050,7.750,5.312,6.974,54,51,26,20,8,16,39,0.481,0.370,0.148,0.296,0.722,0.451,1.354,5.494,0.402,0.542,0.410,6.262,6.717,6.950,4.236,5.841,3,-0.000,-0.536,-0.014,0.007
53,2019-11-15,2019-12-05,14,spd,15.000,14.000,1.000,1.000,0.106,0.319,1.482,0.087,0.188,0.043,1.515,1.857,0.857,1.846,1.200,33,7,7,13,30,69,51,765.696,True,False,2.000,SPD,0.478,0.101,0.101,0.188,0.435,293,133,29,20,66,120,0.113,0.024,0.024,0.044,0.102,0.248,0.241,0.350,0.197,0.250,Regierung,1.000,0.000,19.000,WP19,2019,11,20,0.975,2.926,6.778,0.926,1.519,0.481,7.615,8.050,7.750,5.312,6.974,54,51,26,20,8,16,39,0.481,0.370,0.148,0.296,0.722,0.869,2.607,5.296,0.839,1.330,0.438,6.100,6.193,6.893,3.466,5.774,4,-1.000,-0.536,-1.014,0.543
54,2019-12-05,2019-12-13,15,cdu/csu,25.000,25.000,0.000,0.000,0.118,0.354,2.097,0.062,0.229,0.062,4.750,1.500,2.167,1.286,1.357,4,4,6,14,14,48,24,670.771,True,False,4.000,CDU/CSU,0.083,0.083,0.125,0.292,0.292,150,17,16,26,49,46,0.027,0.027,0.040,0.093,0.093,0.235,0.250,0.231,0.286,0.304,Regierung,1.000,0.000,19.000,WP19,2019,12,8,0.667,2.000,5.574,0.680,1.120,0.200,5.750,7.400,6.333,3.714,6.200,25,18,4,5,3,7,15,0.160,0.200,0.120,0.280,0.600,0.549,1.646,3.477,0.618,0.891,0.138,1.000,5.900,4.167,2.429,4.843,0,-0.000,0.464,-0.014,-0.006
54,2019-12-05,2019-12-13,15,fdp,9.000,7.000,2.000,2.000,0.222,0.667,1.458,0.190,0.476,0.000,3.000,2.000,0.000,1.000,1.333,3,1,2,7,6,21,12,539.333,True,False,3.000,FDP,0.143,0.048,0.095,0.333,0.286,150,17,16,26,49,46,0.020,0.007,0.013,0.047,0.040,0.176,0.062,0.077,0.143,0.130,Opposition,0.000,1.000,19.000,WP19,2019,12,8,0.667,2.000,5.574,0.680,1.120,0.200,5.750,7.400,6.333,3.714,6.200,25,18,4,5,3,7,15,0.160,0.200,0.120,0.280,0.600,0.444,1.333,4.116,0.490,0.644,0.200,2.750,5.400,6.333,2.714,4.867,1,-2.000,0.464,-2.014,-0.934
54,2019-12-05,2019-12-13,15,grüne,23.000,22.000,1.000,1.000,0.238,0.714,0.531,0.095,0.476,0.143,0.500,0.000,0.167,0.600,0.125,4,4,6,10,8,21,13,520.571,True,False,1.000,Bündnis 90/Die Grünen,0.190,0.190,0.286,0.476,0.381,150,17,16,26,49,46,0.027,0.027,0.040,0.067,0.053,0.235,0.250,0.231,0.204,0.174,Opposition,0.000,1.000,19.000,WP19,2019,12,8,0.667,2.000,5.574,0.680,1.120,0.200,5.750,7.400,6.333,3.714,6.200,25,18,4,5,3,7,15,0.160,0.200,0.120,0.280,0.600,0.429,1.286,5.043,0.585,0.644,0.057,5.250,7.400,6.167,3.114,6.075,2,-1.000,0.464,-1.014,-0.470
54,2019-12-05,2019-12-13,15,linke,8.000,9.000,-1.000,1.000,0.500,1.500,1.385,0.545,0.864,0.091,0.250,0.667,1.333,1.000,0.778,4,3,6,7,9,22,13,511.227,True,False,0.000,Die Linke,0.182,0.136,0.273,0.318,0.409,150,17,16,26,49,46,0.027,0.020,0.040,0.047,0.060,0.235,0.188,0.231,0.143,0.196,Opposition,0.000,1.000,19.000,WP19,2019,12,8,0.667,2.000,5.574,0.680,1.120,0.200,5.750,7.400,6.333,3.714,6.200,25,18,4,5,3,7,15,0.160,0.200,0.120,0.280,0.600,0.167,0.500,4.189,0.135,0.256,0.109,5.500,6.733,5.000,2.714,5.422,3,1.000,0.464,0.986,0.458
54,2019-12-05,2019-12-13,15,spd,13.000,15.000,-2.000,2.000,0.202,0.605,1.083,0.237,0.289,0.079,2.000,0.500,0.500,0.909,0.556,2,4,6,11,9,38,18,600.816,True,False,2.000,SPD,0.053,0.105,0.158,0.289,0.237,150,17,16,26,49,46,0.013,0.027,0.040,0.073,0.060,0.118,0.250,0.231,0.224,0.196,Regierung,1.000,0.000,19.000,WP19,2019,12,8,0.667,2.000,5.574,0.680,1.120,0.200,5.750,7.400,6.333,3.714,6.200,25,18,4,5,3,7,15,0.160,0.200,0.120,0.280,0.600,0.465,1.395,4.491,0.443,0.831,0.121,3.750,6.900,5.833,2.805,5.644,4,2.000,0.464,1.986,0.921
55,2019-12-13,2020-01-09,15,cdu/csu,27.000,25.000,2.000,2.000,0.151,0.454,3.022,0.120,0.241,0.093,3.080,2.800,1.500,4.367,1.947,25,10,6,30,38,108,71,671.972,True,False,4.000,CDU/CSU,0.231,0.093,0.056,0.278,0.352,310,78,32,21,99,108,0.081,0.032,0.019,0.097,0.123,0.321,0.312,0.286,0.303,0.352,Regierung,1.000,0.000,19.000,WP19,2019,12,27,0.941,2.824,7.061,0.863,1.314,0.647,7.882,8.450,7.857,6.000,7.800,51,44,17,20,7,21,35,0.333,0.392,0.137,0.412,0.686,0.790,2.370,4.038,0.742,1.073,0.554,4.802,5.650,6.357,1.633,5.853,0,-2.000,0.464,-2.014,-0.934
55,2019-12-13,2020-01-09,15,fdp,8.000,9.000,-1.000,1.000,0.267,0.800,3.172,0.120,0.600,0.080,5.000,1.500,,2.500,2.400,12,2,0,16,15,50,32,513.600,True,False,3.000,FDP,0.240,0.040,0.000,0.320,0.300,310,78,32,21,99,108,0.039,0.006,0.000,0.052,0.048,0.154,0.062,0.000,0.162,0.139,Opposition,0.000,1.000,19.000,WP19,2019,12,27,0.941,2.824,7.061,0.863,1.314,0.647,7.882,8.450,7.857,6.000,7.800,51,44,17,20,7,21,35,0.333,0.392,0.137,0.412,0.686,0.675,2.024,3.889,0.743,0.714,0.567,2.882,6.950,,3.500,5.400,1,1.000,0.464,0.986,0.458
55,2019-12-13,2020-01-09,15,grüne,21.000,23.000,-2.000,2.000,0.302,0.907,1.469,0.256,0.535,0.116,1.133,1.250,0.200,1.812,1.000,15,4,5,16,16,43,32,501.419,True,False,1.000,Bündnis 90/Die Grünen,0.349,0.093,0.116,0.372,0.372,310,78,32,21,99,108,0.048,0.013,0.016,0.052,0.052,0.192,0.125,0.238,0.162,0.148,Opposition,0.000,1.000,19.000,WP19,2019,12,27,0.941,2.824,7.061,0.863,1.314,0.647,7.882,8.450,7.857,6.000,7.800,51,44,17,20,7,21,35,0.333,0.392,0.137,0.412,0.686,0.639,1.917,5.592,0.607,0.779,0.531,6.749,7.200,7.657,4.188,6.800,2,2.000,0.464,1.986,0.921
55,2019-12-13,2020-01-09,15,linke,8.000,8.000,0.000,0.000,0.447,1.341,1.099,0.415,0.805,0.122,0.800,1.200,0.750,1.118,0.750,10,5,4,17,12,41,26,506.537,True,False,0.000,Die Linke,0.244,0.122,0.098,0.415,0.293,310,78,32,21,99,108,0.032,0.016,0.013,0.055,0.039,0.128,0.156,0.190,0.172,0.111,Opposition,0.000,1.000,19.000,WP19,2019,12,27,0.941,2.824,7.061,0.863,1.314,0.647,7.882,8.450,7.857,6.000,7.800,51,44,17,20,7,21,35,0.333,0.392,0.137,0.412,0.686,0.494,1.482,5.961,0.448,0.509,0.525,7.082,7.250,7.107,4.882,7.050,3,-0.000,0.464,-0.014,-0.006
55,2019-12-13,2020-01-09,15,spd,14.000,13.000,1.000,1.000,0.132,0.397,1.781,0.059,0.250,0.088,1.438,1.909,0.167,2.100,1.148,16,11,6,20,27,68,45,704.735,True,False,2.000,SPD,0.235,0.162,0.088,0.294,0.397,310,78,32,21,99,108,0.052,0.035,0.019,0.065,0.087,0.205,0.344,0.286,0.202,0.250,Regierung,1.000,0.000,19.000,WP19,2019,12,27,0.941,2.824,7.061,0.863,1.314,0.647,7.882,8.450,7.857,6.000,7.800,51,44,17,20,7,21,35,0.333,0.392,0.137,0.412,0.686,0.809,2.426,5.279,0.804,1.064,0.559,6.445,6.541,7.690,3.900,6.652,4,-1.000,0.464,-1.014,-0.470
56,2020-01-09,2020-01-24,14,cdu/csu,27.000,27.000,0.000,0.000,0.070,0.209,2.455,0.055,0.110,0.044,3.296,3.833,1.000,2.543,2.281,27,6,11,46,32,91,83,645.923,True,False,4.000,CDU/CSU,0.297,0.066,0.121,0.505,0.352,241,77,19,26,117,89,0.112,0.025,0.046,0.191,0.133,0.351,0.316,0.423,0.393,0.360,Regierung,1.000,0.000,19.000,WP19,2020,1,15,0.807,2.421,6.308,0.763,1.368,0.289,8.571,9.333,6.500,4.950,7.375,38,36,14,6,4,20,24,0.368,0.158,0.105,0.526,0.632,0.737,2.212,3.853,0.708,1.259,0.246,5.275,5.500,5.500,2.407,5.094,0,-0.000,-0.536,-0.014,0.007
56,2020-01-09,2020-01-24,14,fdp,9.000,8.000,1.000,1.000,0.139,0.417,2.680,0.111,0.306,0.000,4.500,5.667,1.000,1.643,2.000,12,3,1,14,15,36,32,552.389,True,False,3.000,FDP,0.333,0.083,0.028,0.389,0.417,241,77,19,26,117,89,0.050,0.012,0.004,0.058,0.062,0.156,0.158,0.038,0.120,0.169,Opposition,0.000,1.000,19.000,WP19,2020,1,15,0.807,2.421,6.308,0.763,1.368,0.289,8.571,9.333,6.500,4.950,7.375,38,36,14,6,4,20,24,0.368,0.158,0.105,0.526,0.632,0.668,2.004,3.628,0.652,1.063,0.289,4.071,3.667,5.500,3.307,5.375,1,-1.000,-0.536,-1.014,0.543
56,2020-01-09,2020-01-24,14,grüne,23.000,21.000,2.000,2.000,0.208,0.625,1.241,0.125,0.469,0.031,1.273,2.250,0.250,1.235,0.800,11,4,4,17,10,32,29,594.500,True,False,1.000,Bündnis 90/Die Grünen,0.344,0.125,0.125,0.531,0.312,241,77,19,26,117,89,0.046,0.017,0.017,0.071,0.041,0.143,0.211,0.154,0.145,0.112,Opposition,0.000,1.000,19.000,WP19,2020,1,15,0.807,2.421,6.308,0.763,1.368,0.289,8.571,9.333,6.500,4.950,7.375,38,36,14,6,4,20,24,0.368,0.158,0.105,0.526,0.632,0.599,1.796,5.066,0.638,0.900,0.258,7.299,7.083,6.250,3.715,6.575,2,-2.000,-0.536,-2.014,1.080
56,2020-01-09,2020-01-24,14,linke,8.000,8.000,0.000,0.000,0.369,1.107,1.127,0.321,0.714,0.071,0.889,1.000,0.750,1.286,1.273,9,2,4,14,11,28,25,545.036,True,False,0.000,Die Linke,0.321,0.071,0.143,0.500,0.393,241,77,19,26,117,89,0.037,0.008,0.017,0.058,0.046,0.117,0.105,0.154,0.120,0.124,Opposition,0.000,1.000,19.000,WP19,2020,1,15,0.807,2.421,6.308,0.763,1.368,0.289,8.571,9.333,6.500,4.950,7.375,38,36,14,6,4,20,24,0.368,0.158,0.105,0.526,0.632,0.438,1.314,5.181,0.442,0.654,0.218,7.683,8.333,5.750,3.664,6.102,3,-0.000,-0.536,-0.014,0.007
56,2020-01-09,2020-01-24,14,spd,13.000,14.000,-1.000,1.000,0.086,0.259,1.618,0.074,0.130,0.056,1.722,3.000,0.333,2.038,1.048,18,4,6,26,21,54,48,620.759,True,False,2.000,SPD,0.333,0.074,0.111,0.481,0.389,241,77,19,26,117,89,0.075,0.017,0.025,0.108,0.087,0.234,0.211,0.231,0.222,0.236,Regierung,1.000,0.000,19.000,WP19,2020,1,15,0.807,2.421,6.308,0.763,1.368,0.289,8.571,9.333,6.500,4.950,7.375,38,36,14,6,4,20,24,0.368,0.158,0.105,0.526,0.632,0.721,2.162,4.690,0.689,1.239,0.234,6.849,6.333,6.167,2.912,6.327,4,1.000,-0.536,0.986,-0.529
57,2020-01-24,2020-02-06,14,cdu/csu,26.000,27.000,-1.000,1.000,0.094,0.281,2.473,0.062,0.203,0.016,2.846,2.857,0.500,3.095,2.038,13,7,4,21,26,64,41,673.234,True,False,4.000,CDU/CSU,0.203,0.109,0.062,0.328,0.406,194,56,18,19,58,66,0.067,0.036,0.021,0.108,0.134,0.232,0.389,0.211,0.362,0.394,Regierung,1.000,0.000,19.000,WP19,2020,1,13,0.621,1.862,7.619,0.448,1.172,0.241,8.625,6.750,7.667,7.250,7.688,29,21,8,4,6,8,16,0.276,0.138,0.207,0.276,0.552,0.527,1.581,5.146,0.386,0.969,0.226,5.779,3.893,7.167,4.155,5.649,0,1.000,-0.536,0.986,-0.529
57,2020-01-24,2020-02-06,14,fdp,8.000,9.000,-1.000,1.000,0.292,0.875,2.421,0.250,0.594,0.031,3.571,2.333,0.333,0.571,1.727,7,3,3,7,11,32,19,507.656,True,False,3.000,FDP,0.219,0.094,0.094,0.219,0.344,194,56,18,19,58,66,0.036,0.015,0.015,0.036,0.057,0.125,0.167,0.158,0.121,0.167,Opposition,0.000,1.000,19.000,WP19,2020,1,13,0.621,1.862,7.619,0.448,1.172,0.241,8.625,6.750,7.667,7.250,7.688,29,21,8,4,6,8,16,0.276,0.138,0.207,0.276,0.552,0.329,0.987,5.198,0.198,0.579,0.210,5.054,4.417,7.333,6.679,5.960,1,1.000,-0.536,0.986,-0.529
57,2020-01-24,2020-02-06,14,grüne,24.000,23.000,1.000,1.000,0.346,1.038,1.114,0.231,0.731,0.077,0.900,0.500,0.500,1.111,1.100,10,2,2,9,10,26,19,560.615,True,False,1.000,Bündnis 90/Die Grünen,0.385,0.077,0.077,0.346,0.385,194,56,18,19,58,66,0.052,0.010,0.010,0.046,0.052,0.179,0.111,0.105,0.155,0.152,Opposition,0.000,1.000,19.000,WP19,2020,1,13,0.621,1.862,7.619,0.448,1.172,0.241,8.625,6.750,7.667,7.250,7.688,29,21,8,4,6,8,16,0.276,0.138,0.207,0.276,0.552,0.275,0.824,6.505,0.218,0.442,0.164,7.725,6.250,7.167,6.139,6.588,2,-1.000,-0.536,-1.014,0.543
57,2020-01-24,2020-02-06,14,linke,8.000,8.000,0.000,0.000,0.410,1.231,1.056,0.385,0.846,0.000,1.286,0.000,0.600,0.500,1.556,7,1,5,8,9,26,18,502.115,True,False,0.000,Die Linke,0.269,0.038,0.192,0.308,0.346,194,56,18,19,58,66,0.036,0.005,0.026,0.041,0.046,0.125,0.056,0.263,0.138,0.136,Opposition,0.000,1.000,19.000,WP19,2020,1,13,0.621,1.862,7.619,0.448,1.172,0.241,8.625,6.750,7.667,7.250,7.688,29,21,8,4,6,8,16,0.276,0.138,0.207,0.276,0.552,0.210,0.631,6.563,0.064,0.326,0.241,7.339,6.750,7.067,6.750,6.132,3,-0.000,-0.536,-0.014,0.007
57,2020-01-24,2020-02-06,14,spd,14.000,13.000,1.000,1.000,0.130,0.391,1.508,0.152,0.196,0.043,1.579,0.800,0.600,1.231,0.500,19,5,5,13,10,46,32,616.196,True,False,2.000,SPD,0.413,0.109,0.109,0.283,0.217,194,56,18,19,58,66,0.098,0.026,0.026,0.067,0.052,0.339,0.278,0.263,0.224,0.152,Regierung,1.000,0.000,19.000,WP19,2020,1,13,0.621,1.862,7.619,0.448,1.172,0.241,8.625,6.750,7.667,7.250,7.688,29,21,8,4,6,8,16,0.276,0.138,0.207,0.276,0.552,0.490,1.471,6.111,0.296,0.977,0.198,7.046,5.950,7.067,6.019,7.188,4,-1.000,-0.536,-1.014,0.543
58,2020-02-06,2020-02-13,14,cdu/csu,27.000,26.000,1.000,1.000,0.000,0.000,1.100,0.000,0.000,0.000,1.000,,,2.000,1.000,2,0,0,1,10,13,10,622.692,True,False,4.000,CDU/CSU,0.154,0.000,0.000,0.077,0.769,40,7,4,1,6,29,0.050,0.000,0.000,0.025,0.250,0.286,0.000,0.000,0.167,0.345,Regierung,1.000,0.000,19.000,WP19,2020,2,7,0.524,1.571,4.310,0.429,0.857,0.286,,9.000,,4.667,4.286,7,7,0,1,0,3,7,0.000,0.143,0.000,0.429,1.000,0.524,1.571,3.210,0.429,0.857,0.286,,,,2.667,3.286,0,-1.000,-0.536,-1.014,0.543
58,2020-02-06,2020-02-13,14,fdp,8.000,8.000,0.000,0.000,0.190,0.571,0.867,0.143,0.286,0.143,,0.000,,0.000,1.000,0,1,0,2,5,7,5,484.143,True,False,3.000,FDP,0.000,0.143,0.000,0.286,0.714,40,7,4,1,6,29,0.000,0.025,0.000,0.050,0.125,0.000,0.250,0.000,0.333,0.172,Opposition,0.000,1.000,19.000,WP19,2020,2,7,0.524,1.571,4.310,0.429,0.857,0.286,,9.000,,4.667,4.286,7,7,0,1,0,3,7,0.000,0.143,0.000,0.429,1.000,0.333,1.000,3.443,0.286,0.571,0.143,,9.000,,4.667,3.286,1,-0.000,-0.536,-0.014,0.007
58,2020-02-06,2020-02-13,14,grüne,22.000,24.000,-2.000,2.000,0.200,0.600,1.200,0.000,0.400,0.200,1.500,,,,1.000,2,0,0,0,4,5,5,545.800,True,False,1.000,Bündnis 90/Die Grünen,0.400,0.000,0.000,0.000,0.800,40,7,4,1,6,29,0.050,0.000,0.000,0.000,0.100,0.286,0.000,0.000,0.000,0.138,Opposition,0.000,1.000,19.000,WP19,2020,2,7,0.524,1.571,4.310,0.429,0.857,0.286,,9.000,,4.667,4.286,7,7,0,1,0,3,7,0.000,0.143,0.000,0.429,1.000,0.324,0.971,3.110,0.429,0.457,0.086,,,,,3.286,2,2.000,-0.536,1.986,-1.065
58,2020-02-06,2020-02-13,14,linke,9.000,8.000,1.000,1.000,0.278,0.833,1.625,0.333,0.500,0.000,,3.000,,0.000,2.000,0,1,0,1,3,6,4,412.000,True,False,0.000,Die Linke,0.000,0.167,0.000,0.167,0.500,40,7,4,1,6,29,0.000,0.025,0.000,0.025,0.075,0.000,0.250,0.000,0.167,0.103,Opposition,0.000,1.000,19.000,WP19,2020,2,7,0.524,1.571,4.310,0.429,0.857,0.286,,9.000,,4.667,4.286,7,7,0,1,0,3,7,0.000,0.143,0.000,0.429,1.000,0.246,0.738,2.685,0.095,0.357,0.286,,6.000,,4.667,2.286,3,-1.000,-0.536,-1.014,0.543
58,2020-02-06,2020-02-13,14,spd,14.000,14.000,0.000,0.000,0.259,0.778,0.571,0.333,0.333,0.111,0.667,0.500,0.000,0.000,0.571,3,2,1,2,7,9,7,579.889,True,False,2.000,SPD,0.333,0.222,0.111,0.222,0.778,40,7,4,1,6,29,0.075,0.050,0.025,0.050,0.175,0.429,0.500,1.000,0.333,0.241,Regierung,1.000,0.000,19.000,WP19,2020,2,7,0.524,1.571,4.310,0.429,0.857,0.286,,9.000,,4.667,4.286,7,7,0,1,0,3,7,0.000,0.143,0.000,0.429,1.000,0.265,0.794,3.738,0.095,0.524,0.175,,8.500,,4.667,3.714,4,-0.000,-0.536,-0.014,0.007
59,2020-02-13,2020-03-05,14,cdu/csu,26.000,27.000,-1.000,1.000,0.135,0.405,2.797,0.081,0.203,0.122,3.818,5.333,4.000,2.562,2.450,11,12,5,16,40,74,50,685.514,True,False,4.000,CDU/CSU,0.149,0.162,0.068,0.216,0.541,222,45,36,18,57,98,0.050,0.054,0.023,0.072,0.180,0.244,0.333,0.278,0.281,0.408,Regierung,1.000,0.000,19.000,WP19,2020,2,21,0.879,2.636,6.872,0.758,1.303,0.576,7.000,7.167,6.625,6.750,6.850,33,27,9,12,8,12,20,0.273,0.364,0.242,0.364,0.606,0.744,2.231,4.076,0.676,1.100,0.454,3.182,1.833,2.625,4.188,4.400,0,1.000,-0.536,0.986,-0.529
59,2020-02-13,2020-03-05,14,fdp,7.000,8.000,-1.000,1.000,0.157,0.472,2.371,0.083,0.333,0.056,4.000,3.667,2.000,1.900,2.000,6,3,1,10,15,36,22,473.083,True,False,3.000,FDP,0.167,0.083,0.028,0.278,0.417,222,45,36,18,57,98,0.027,0.014,0.005,0.045,0.068,0.133,0.083,0.056,0.175,0.153,Opposition,0.000,1.000,19.000,WP19,2020,2,21,0.879,2.636,6.872,0.758,1.303,0.576,7.000,7.167,6.625,6.750,6.850,33,27,9,12,8,12,20,0.273,0.364,0.242,0.364,0.606,0.721,2.164,4.501,0.674,0.970,0.520,3.000,3.500,4.625,4.850,4.850,1,1.000,-0.536,0.986,-0.529
59,2020-02-13,2020-03-05,14,grüne,22.000,22.000,0.000,0.000,0.240,0.719,0.958,0.188,0.469,0.062,1.000,2.000,0.500,0.667,0.833,11,5,4,9,12,32,24,525.031,True,False,1.000,Bündnis 90/Die Grünen,0.344,0.156,0.125,0.281,0.375,222,45,36,18,57,98,0.050,0.023,0.018,0.041,0.054,0.244,0.139,0.222,0.158,0.122,Opposition,0.000,1.000,19.000,WP19,2020,2,21,0.879,2.636,6.872,0.758,1.303,0.576,7.000,7.167,6.625,6.750,6.850,33,27,9,12,8,12,20,0.273,0.364,0.242,0.364,0.606,0.639,1.918,5.914,0.570,0.834,0.513,6.000,5.167,6.125,6.083,6.017,2,-0.000,-0.536,-0.014,0.007
59,2020-02-13,2020-03-05,14,linke,9.000,9.000,0.000,0.000,0.429,1.286,0.905,0.393,0.786,0.107,0.750,1.857,0.333,0.417,0.833,8,7,3,12,12,28,22,538.357,True,False,0.000,Die Linke,0.286,0.250,0.107,0.429,0.429,222,45,36,18,57,98,0.036,0.032,0.014,0.054,0.054,0.178,0.194,0.167,0.211,0.122,Opposition,0.000,1.000,19.000,WP19,2020,2,21,0.879,2.636,6.872,0.758,1.303,0.576,7.000,7.167,6.625,6.750,6.850,33,27,9,12,8,12,20,0.273,0.364,0.242,0.364,0.606,0.450,1.351,5.967,0.365,0.517,0.469,6.250,5.310,6.292,6.333,6.017,3,-0.000,-0.536,-0.014,0.007
59,2020-02-13,2020-03-05,14,spd,16.000,14.000,2.000,2.000,0.192,0.577,1.320,0.173,0.269,0.135,1.667,1.333,0.800,1.000,1.053,9,9,5,10,19,52,32,597.250,True,False,2.000,SPD,0.173,0.173,0.096,0.192,0.365,222,45,36,18,57,98,0.041,0.041,0.023,0.045,0.086,0.200,0.250,0.278,0.175,0.194,Regierung,1.000,0.000,19.000,WP19,2020,2,21,0.879,2.636,6.872,0.758,1.303,0.576,7.000,7.167,6.625,6.750,6.850,33,27,9,12,8,12,20,0.273,0.364,0.242,0.364,0.606,0.686,2.059,5.552,0.584,1.034,0.441,5.333,5.833,5.825,5.750,5.797,4,-2.000,-0.536,-2.014,1.080
60,2020-03-05,2020-03-20,12,cdu/csu,27.000,26.000,1.000,1.000,0.147,0.442,2.428,0.075,0.275,0.092,2.312,3.913,0.909,3.148,1.796,16,23,11,27,49,120,75,677.300,True,False,4.000,CDU/CSU,0.133,0.192,0.092,0.225,0.408,372,67,71,49,102,152,0.043,0.062,0.030,0.073,0.132,0.239,0.324,0.224,0.265,0.322,Regierung,1.000,0.000,19.000,WP19,2020,3,15,0.757,2.271,6.527,0.695,1.153,0.424,7.364,7.474,8.400,6.450,6.545,59,44,11,19,5,20,33,0.186,0.322,0.085,0.339,0.559,0.610,1.830,4.099,0.620,0.878,0.332,5.051,3.561,7.491,3.302,4.750,0,-1.000,-2.536,-1.014,2.571
60,2020-03-05,2020-03-20,12,fdp,6.000,7.000,-1.000,1.000,0.222,0.667,2.236,0.100,0.433,0.133,4.100,3.083,0.333,1.706,1.960,10,12,6,17,25,60,43,507.467,True,False,3.000,FDP,0.167,0.200,0.100,0.283,0.417,372,67,71,49,102,152,0.027,0.032,0.016,0.046,0.067,0.149,0.169,0.122,0.167,0.164,Opposition,0.000,1.000,19.000,WP19,2020,3,15,0.757,2.271,6.527,0.695,1.153,0.424,7.364,7.474,8.400,6.450,6.545,59,44,11,19,5,20,33,0.186,0.322,0.085,0.339,0.559,0.535,1.605,4.290,0.595,0.719,0.290,3.264,4.390,8.067,4.744,4.585,1,1.000,-2.536,0.986,-2.502
60,2020-03-05,2020-03-20,12,grüne,23.000,22.000,1.000,1.000,0.259,0.776,1.192,0.172,0.534,0.069,1.125,1.583,0.429,1.067,0.864,16,12,7,15,22,58,42,518.862,True,False,1.000,Bündnis 90/Die Grünen,0.276,0.207,0.121,0.259,0.379,372,67,71,49,102,152,0.043,0.032,0.019,0.040,0.059,0.239,0.169,0.143,0.147,0.145,Opposition,0.000,1.000,19.000,WP19,2020,3,15,0.757,2.271,6.527,0.695,1.153,0.424,7.364,7.474,8.400,6.450,6.545,59,44,11,19,5,20,33,0.186,0.322,0.085,0.339,0.559,0.498,1.495,5.334,0.523,0.618,0.355,6.239,5.890,7.971,5.383,5.682,2,-1.000,-2.536,-1.014,2.571
60,2020-03-05,2020-03-20,12,linke,9.000,9.000,0.000,0.000,0.407,1.220,0.859,0.400,0.720,0.100,0.875,1.000,0.250,0.647,0.905,8,12,8,17,21,50,36,525.620,True,False,0.000,Die Linke,0.160,0.240,0.160,0.340,0.420,372,67,71,49,102,152,0.022,0.032,0.022,0.046,0.056,0.119,0.169,0.163,0.167,0.138,Opposition,0.000,1.000,19.000,WP19,2020,3,15,0.757,2.271,6.527,0.695,1.153,0.424,7.364,7.474,8.400,6.450,6.545,59,44,11,19,5,20,33,0.186,0.322,0.085,0.339,0.559,0.350,1.051,5.668,0.295,0.433,0.324,6.489,6.474,8.150,5.803,5.641,3,-0.000,-2.536,-0.014,0.035
60,2020-03-05,2020-03-20,12,spd,16.000,16.000,0.000,0.000,0.131,0.393,1.172,0.071,0.250,0.071,1.059,1.417,0.529,1.385,0.829,17,12,17,26,35,84,58,612.643,True,False,2.000,SPD,0.202,0.143,0.202,0.310,0.417,372,67,71,49,102,152,0.046,0.032,0.046,0.070,0.094,0.254,0.169,0.347,0.255,0.230,Regierung,1.000,0.000,19.000,WP19,2020,3,15,0.757,2.271,6.527,0.695,1.153,0.424,7.364,7.474,8.400,6.450,6.545,59,44,11,19,5,20,33,0.186,0.322,0.085,0.339,0.559,0.626,1.878,5.354,0.623,0.903,0.352,6.305,6.057,7.871,5.065,5.717,4,-0.000,-2.536,-0.014,0.035
61,2020-03-20,2020-04-02,10,cdu/csu,30.000,27.000,3.000,3.000,0.105,0.316,2.050,0.211,0.053,0.053,,6.000,,2.000,1.800,0,1,0,8,5,19,10,588.947,True,False,4.000,CDU/CSU,0.000,0.053,0.000,0.421,0.263,47,2,2,1,23,18,0.000,0.021,0.000,0.170,0.106,0.000,0.500,0.000,0.348,0.278,Regierung,1.000,0.000,19.000,WP19,2020,3,13,0.381,1.143,4.545,0.429,0.571,0.143,,10.000,10.000,3.111,7.400,14,11,0,1,1,9,5,0.000,0.071,0.071,0.643,0.357,0.276,0.827,2.495,0.218,0.519,0.090,,4.000,,1.111,5.600,0,-3.000,-4.536,-3.014,13.670
61,2020-03-20,2020-04-02,10,fdp,7.000,6.000,1.000,1.000,0.042,0.125,1.600,0.000,0.125,0.000,,,,1.600,1.667,0,0,0,5,3,8,5,575.875,True,False,3.000,FDP,0.000,0.000,0.000,0.625,0.375,47,2,2,1,23,18,0.000,0.000,0.000,0.106,0.064,0.000,0.000,0.000,0.217,0.167,Opposition,0.000,1.000,19.000,WP19,2020,3,13,0.381,1.143,4.545,0.429,0.571,0.143,,10.000,10.000,3.111,7.400,14,11,0,1,1,9,5,0.000,0.071,0.071,0.643,0.357,0.339,1.018,2.945,0.429,0.446,0.143,,,,1.511,5.733,1,-1.000,-4.536,-1.014,4.598
61,2020-03-20,2020-04-02,10,grüne,23.000,23.000,0.000,0.000,0.048,0.143,1.524,0.000,0.143,0.000,1.000,,,1.667,1.250,2,0,0,6,4,7,7,754.571,True,False,1.000,Bündnis 90/Die Grünen,0.286,0.000,0.000,0.857,0.571,47,2,2,1,23,18,0.043,0.000,0.000,0.128,0.085,1.000,0.000,0.000,0.261,0.222,Opposition,0.000,1.000,19.000,WP19,2020,3,13,0.381,1.143,4.545,0.429,0.571,0.143,,10.000,10.000,3.111,7.400,14,11,0,1,1,9,5,0.000,0.071,0.071,0.643,0.357,0.333,1.000,3.022,0.429,0.429,0.143,,,,1.444,6.150,2,-0.000,-4.536,-0.014,0.062
61,2020-03-20,2020-04-02,10,linke,9.000,9.000,0.000,0.000,0.533,1.600,1.350,0.800,0.600,0.200,,2.000,0.000,1.667,0.667,0,1,1,3,3,5,5,869.200,True,False,0.000,Die Linke,0.000,0.200,0.200,0.600,0.600,47,2,2,1,23,18,0.000,0.021,0.021,0.064,0.064,0.000,0.500,1.000,0.130,0.167,Opposition,0.000,1.000,19.000,WP19,2020,3,13,0.381,1.143,4.545,0.429,0.571,0.143,,10.000,10.000,3.111,7.400,14,11,0,1,1,9,5,0.000,0.071,0.071,0.643,0.357,0.152,0.457,3.195,0.371,0.029,0.057,,8.000,10.000,1.444,6.733,3,-0.000,-4.536,-0.014,0.062
61,2020-03-20,2020-04-02,10,spd,14.000,16.000,-2.000,2.000,0.042,0.125,0.500,0.125,0.000,0.000,,,,0.000,0.667,0,0,0,1,3,8,4,614.375,True,False,2.000,SPD,0.000,0.000,0.000,0.125,0.375,47,2,2,1,23,18,0.000,0.000,0.000,0.021,0.064,0.000,0.000,0.000,0.043,0.167,Regierung,1.000,0.000,19.000,WP19,2020,3,13,0.381,1.143,4.545,0.429,0.571,0.143,,10.000,10.000,3.111,7.400,14,11,0,1,1,9,5,0.000,0.071,0.071,0.643,0.357,0.339,1.018,4.045,0.304,0.571,0.143,,,,3.111,6.733,4,2.000,-4.536,1.986,-9.010
63,2020-04-17,2020-05-07,9,cdu/csu,38.000,34.000,4.000,4.000,0.047,0.140,2.538,0.035,0.105,0.000,2.000,4.800,1.500,2.538,2.810,11,5,2,13,21,57,35,701.965,True,False,4.000,CDU/CSU,0.193,0.088,0.035,0.228,0.368,167,32,16,10,44,55,0.066,0.030,0.012,0.078,0.126,0.344,0.312,0.200,0.295,0.382,Regierung,1.000,0.000,19.000,WP19,2020,4,20,0.859,2.577,7.133,0.923,1.423,0.231,8.000,8.833,7.667,5.700,7.583,26,22,6,6,3,10,12,0.231,0.231,0.115,0.385,0.462,0.812,2.437,4.594,0.888,1.318,0.231,6.000,4.033,6.167,3.162,4.774,0,-4.000,-5.536,-4.014,22.220
63,2020-04-17,2020-05-07,9,fdp,5.000,5.000,0.000,0.000,0.167,0.500,2.147,0.083,0.417,0.000,5.000,2.000,0.000,1.667,1.429,3,1,2,9,7,24,17,537.958,True,False,3.000,FDP,0.125,0.042,0.083,0.375,0.292,167,32,16,10,44,55,0.018,0.006,0.012,0.054,0.042,0.094,0.062,0.200,0.205,0.127,Opposition,0.000,1.000,19.000,WP19,2020,4,20,0.859,2.577,7.133,0.923,1.423,0.231,8.000,8.833,7.667,5.700,7.583,26,22,6,6,3,10,12,0.231,0.231,0.115,0.385,0.462,0.692,2.077,4.986,0.840,1.006,0.231,3.000,6.833,7.667,4.033,6.155,1,-0.000,-5.536,-0.014,0.076
63,2020-04-17,2020-05-07,9,grüne,19.000,22.000,-3.000,3.000,0.280,0.840,1.275,0.280,0.520,0.040,0.625,4.500,1.000,2.200,1.286,8,2,2,5,7,25,17,530.240,True,False,1.000,Bündnis 90/Die Grünen,0.320,0.080,0.080,0.200,0.280,167,32,16,10,44,55,0.048,0.012,0.012,0.030,0.042,0.250,0.125,0.200,0.114,0.127,Opposition,0.000,1.000,19.000,WP19,2020,4,20,0.859,2.577,7.133,0.923,1.423,0.231,8.000,8.833,7.667,5.700,7.583,26,22,6,6,3,10,12,0.231,0.231,0.115,0.385,0.462,0.579,1.737,5.858,0.643,0.903,0.191,7.375,4.333,6.667,3.500,6.298,2,3.000,-5.536,2.986,-16.533
63,2020-04-17,2020-05-07,9,linke,7.000,7.000,0.000,0.000,0.486,1.458,1.289,0.583,0.750,0.125,0.750,3.000,0.500,1.500,1.125,4,5,2,6,8,24,15,497.333,True,False,0.000,Die Linke,0.167,0.208,0.083,0.250,0.333,167,32,16,10,44,55,0.024,0.030,0.012,0.036,0.048,0.125,0.312,0.200,0.136,0.145,Opposition,0.000,1.000,19.000,WP19,2020,4,20,0.859,2.577,7.133,0.923,1.423,0.231,8.000,8.833,7.667,5.700,7.583,26,22,6,6,3,10,12,0.231,0.231,0.115,0.385,0.462,0.373,1.119,5.844,0.340,0.673,0.106,7.250,5.833,7.167,4.200,6.458,3,-0.000,-5.536,-0.014,0.076
63,2020-04-17,2020-05-07,9,spd,17.000,16.000,1.000,1.000,0.126,0.378,1.273,0.135,0.243,0.000,1.000,1.667,1.500,2.091,0.833,6,3,2,11,12,37,22,581.216,True,False,2.000,SPD,0.162,0.081,0.054,0.297,0.324,167,32,16,10,44,55,0.036,0.018,0.012,0.066,0.072,0.188,0.188,0.200,0.250,0.218,Regierung,1.000,0.000,19.000,WP19,2020,4,20,0.859,2.577,7.133,0.923,1.423,0.231,8.000,8.833,7.667,5.700,7.583,26,22,6,6,3,10,12,0.231,0.231,0.115,0.385,0.462,0.733,2.199,5.860,0.788,1.180,0.231,7.000,7.167,6.167,3.609,6.750,4,-1.000,-5.536,-1.014,5.612
64,2020-05-07,2020-05-15,9,cdu/csu,39.000,38.000,1.000,1.000,0.074,0.221,1.911,0.038,0.154,0.029,1.818,3.500,1.250,1.833,1.780,11,8,4,30,41,104,62,648.615,True,False,4.000,CDU/CSU,0.106,0.077,0.038,0.288,0.394,304,43,28,18,89,110,0.036,0.026,0.013,0.099,0.135,0.256,0.286,0.222,0.337,0.373,Regierung,1.000,0.000,19.000,WP19,2020,5,8,0.859,2.578,6.895,0.844,1.444,0.289,8.286,8.200,8.250,6.167,7.300,45,41,7,10,8,24,30,0.156,0.222,0.178,0.533,0.667,0.786,2.357,4.983,0.806,1.291,0.260,6.468,4.700,7.000,4.333,5.520,0,-1.000,-5.536,-1.014,5.612
64,2020-05-07,2020-05-15,9,fdp,5.000,5.000,0.000,0.000,0.203,0.609,2.072,0.152,0.435,0.022,4.400,3.000,1.000,1.429,2.056,5,4,1,14,18,46,30,514.565,True,False,3.000,FDP,0.109,0.087,0.022,0.304,0.391,304,43,28,18,89,110,0.016,0.013,0.003,0.046,0.059,0.116,0.143,0.056,0.157,0.164,Opposition,0.000,1.000,19.000,WP19,2020,5,8,0.859,2.578,6.895,0.844,1.444,0.289,8.286,8.200,8.250,6.167,7.300,45,41,7,10,8,24,30,0.156,0.222,0.178,0.533,0.667,0.656,1.969,4.822,0.692,1.010,0.267,3.886,5.200,7.250,4.738,5.244,1,-0.000,-5.536,-0.014,0.076
64,2020-05-07,2020-05-15,9,grüne,18.000,19.000,-1.000,1.000,0.262,0.786,1.481,0.238,0.476,0.071,0.625,3.000,0.000,2.286,1.200,8,2,2,14,15,42,26,564.000,True,False,1.000,Bündnis 90/Die Grünen,0.190,0.048,0.048,0.333,0.357,304,43,28,18,89,110,0.026,0.007,0.007,0.046,0.049,0.186,0.071,0.111,0.157,0.136,Opposition,0.000,1.000,19.000,WP19,2020,5,8,0.859,2.578,6.895,0.844,1.444,0.289,8.286,8.200,8.250,6.167,7.300,45,41,7,10,8,24,30,0.156,0.222,0.178,0.533,0.667,0.597,1.792,5.414,0.606,0.968,0.217,7.661,5.200,8.250,3.881,6.100,2,1.000,-5.536,0.986,-5.461
64,2020-05-07,2020-05-15,9,linke,8.000,7.000,1.000,1.000,0.417,1.250,1.580,0.455,0.727,0.068,0.833,2.667,0.833,1.500,1.692,6,6,6,12,13,44,29,488.000,True,False,0.000,Die Linke,0.136,0.136,0.136,0.273,0.295,304,43,28,18,89,110,0.020,0.020,0.020,0.039,0.043,0.140,0.214,0.333,0.135,0.118,Opposition,0.000,1.000,19.000,WP19,2020,5,8,0.859,2.578,6.895,0.844,1.444,0.289,8.286,8.200,8.250,6.167,7.300,45,41,7,10,8,24,30,0.156,0.222,0.178,0.533,0.667,0.443,1.328,5.314,0.390,0.717,0.221,7.452,5.533,7.417,4.667,5.608,3,-1.000,-5.536,-1.014,5.612
64,2020-05-07,2020-05-15,9,spd,16.000,17.000,-1.000,1.000,0.123,0.368,1.433,0.103,0.235,0.029,1.231,2.750,0.600,1.263,1.217,13,8,5,19,23,68,47,600.618,True,False,2.000,SPD,0.191,0.118,0.074,0.279,0.338,304,43,28,18,89,110,0.043,0.026,0.016,0.062,0.076,0.302,0.286,0.278,0.213,0.209,Regierung,1.000,0.000,19.000,WP19,2020,5,8,0.859,2.578,6.895,0.844,1.444,0.289,8.286,8.200,8.250,6.167,7.300,45,41,7,10,8,24,30,0.156,0.222,0.178,0.533,0.667,0.737,2.210,5.462,0.742,1.209,0.259,7.055,5.450,7.650,4.904,6.083,4,1.000,-5.536,0.986,-5.461
65,2020-05-15,2020-06-04,10,cdu/csu,38.000,39.000,-1.000,1.000,0.081,0.244,2.289,0.042,0.143,0.059,2.579,4.750,2.154,2.576,1.500,19,8,13,33,50,119,75,674.235,True,False,4.000,CDU/CSU,0.160,0.067,0.109,0.277,0.420,331,64,30,51,104,145,0.057,0.024,0.039,0.100,0.151,0.297,0.267,0.255,0.317,0.345,Regierung,1.000,0.000,19.000,WP19,2020,5,20,0.750,2.250,6.520,0.696,1.286,0.268,7.583,8.125,6.714,5.667,7.207,56,45,12,8,7,21,29,0.214,0.143,0.125,0.375,0.518,0.669,2.006,4.231,0.654,1.143,0.209,5.004,3.375,4.560,3.091,5.707,0,1.000,-4.536,0.986,-4.474
65,2020-05-15,2020-06-04,10,fdp,6.000,5.000,1.000,1.000,0.200,0.600,1.775,0.100,0.460,0.040,4.429,2.000,1.000,1.000,1.042,7,5,6,16,24,50,34,551.280,True,False,3.000,FDP,0.140,0.100,0.120,0.320,0.480,331,64,30,51,104,145,0.021,0.015,0.018,0.048,0.073,0.109,0.167,0.118,0.154,0.166,Opposition,0.000,1.000,19.000,WP19,2020,5,20,0.750,2.250,6.520,0.696,1.286,0.268,7.583,8.125,6.714,5.667,7.207,56,45,12,8,7,21,29,0.214,0.143,0.125,0.375,0.518,0.550,1.650,4.745,0.596,0.826,0.228,3.155,6.125,5.714,4.667,6.165,1,-1.000,-4.536,-1.014,4.598
65,2020-05-15,2020-06-04,10,grüne,18.000,18.000,0.000,0.000,0.227,0.682,1.014,0.136,0.477,0.068,0.667,2.800,0.455,1.000,0.647,12,5,11,16,17,44,37,547.045,True,False,1.000,Bündnis 90/Die Grünen,0.273,0.114,0.250,0.364,0.386,331,64,30,51,104,145,0.036,0.015,0.033,0.048,0.051,0.188,0.167,0.216,0.154,0.117,Opposition,0.000,1.000,19.000,WP19,2020,5,20,0.750,2.250,6.520,0.696,1.286,0.268,7.583,8.125,6.714,5.667,7.207,56,45,12,8,7,21,29,0.214,0.143,0.125,0.375,0.518,0.523,1.568,5.505,0.560,0.808,0.200,6.917,5.325,6.260,4.667,6.560,2,-0.000,-4.536,-0.014,0.062
65,2020-05-15,2020-06-04,10,linke,7.000,8.000,-1.000,1.000,0.403,1.209,0.930,0.419,0.767,0.023,1.833,1.000,0.250,0.889,0.526,6,5,8,18,19,43,31,562.140,True,False,0.000,Die Linke,0.140,0.116,0.186,0.419,0.442,331,64,30,51,104,145,0.018,0.015,0.024,0.054,0.057,0.094,0.167,0.157,0.173,0.131,Opposition,0.000,1.000,19.000,WP19,2020,5,20,0.750,2.250,6.520,0.696,1.286,0.268,7.583,8.125,6.714,5.667,7.207,56,45,12,8,7,21,29,0.214,0.143,0.125,0.375,0.518,0.347,1.041,5.590,0.278,0.518,0.245,5.750,7.125,6.464,4.778,6.681,3,1.000,-4.536,0.986,-4.474
65,2020-05-15,2020-06-04,10,spd,15.000,16.000,-1.000,1.000,0.124,0.373,0.973,0.133,0.187,0.053,1.050,1.429,0.615,0.905,0.657,20,7,13,21,35,75,55,617.307,True,False,2.000,SPD,0.267,0.093,0.173,0.280,0.467,331,64,30,51,104,145,0.060,0.021,0.039,0.063,0.106,0.312,0.233,0.255,0.202,0.241,Regierung,1.000,0.000,19.000,WP19,2020,5,20,0.750,2.250,6.520,0.696,1.286,0.268,7.583,8.125,6.714,5.667,7.207,56,45,12,8,7,21,29,0.214,0.143,0.125,0.375,0.518,0.626,1.877,5.547,0.563,1.099,0.215,6.533,6.696,6.099,4.762,6.550,4,1.000,-4.536,0.986,-4.474
66,2020-06-04,2020-06-26,9,cdu/csu,38.000,38.000,0.000,0.000,0.137,0.412,2.699,0.072,0.258,0.082,2.421,3.286,2.222,3.182,2.500,19,7,9,33,46,97,78,663.598,True,False,4.000,CDU/CSU,0.196,0.072,0.093,0.340,0.474,274,54,22,35,89,105,0.069,0.026,0.033,0.120,0.168,0.352,0.318,0.257,0.371,0.438,Regierung,1.000,0.000,19.000,WP19,2020,6,22,0.873,2.619,7.730,0.762,1.381,0.476,8.875,7.833,8.727,7.706,7.750,42,33,8,6,11,17,20,0.190,0.143,0.262,0.405,0.476,0.736,2.207,5.031,0.690,1.123,0.394,6.454,4.548,6.505,4.524,5.250,0,-0.000,-5.536,-0.014,0.076
66,2020-06-04,2020-06-26,9,fdp,6.000,6.000,0.000,0.000,0.154,0.463,2.250,0.098,0.341,0.024,3.286,4.333,0.667,1.583,1.714,7,3,3,12,14,41,28,543.854,True,False,3.000,FDP,0.171,0.073,0.073,0.293,0.341,274,54,22,35,89,105,0.026,0.011,0.011,0.044,0.051,0.130,0.136,0.086,0.135,0.133,Opposition,0.000,1.000,19.000,WP19,2020,6,22,0.873,2.619,7.730,0.762,1.381,0.476,8.875,7.833,8.727,7.706,7.750,42,33,8,6,11,17,20,0.190,0.143,0.262,0.405,0.476,0.719,2.156,5.480,0.664,1.039,0.452,5.589,3.500,8.061,6.123,6.036,1,-0.000,-5.536,-0.014,0.076
66,2020-06-04,2020-06-26,9,grüne,19.000,18.000,1.000,1.000,0.204,0.611,1.111,0.139,0.444,0.028,1.100,0.000,0.000,1.100,1.000,10,1,6,10,9,36,24,562.528,True,False,1.000,Bündnis 90/Die Grünen,0.278,0.028,0.167,0.278,0.250,274,54,22,35,89,105,0.036,0.004,0.022,0.036,0.033,0.185,0.045,0.171,0.112,0.086,Opposition,0.000,1.000,19.000,WP19,2020,6,22,0.873,2.619,7.730,0.762,1.381,0.476,8.875,7.833,8.727,7.706,7.750,42,33,8,6,11,17,20,0.190,0.143,0.262,0.405,0.476,0.669,2.008,6.619,0.623,0.937,0.448,7.775,7.833,8.727,6.606,6.750,2,-1.000,-5.536,-1.014,5.612
66,2020-06-04,2020-06-26,9,linke,8.000,7.000,1.000,1.000,0.472,1.417,1.363,0.500,0.833,0.083,1.429,0.571,0.500,1.000,1.643,7,7,8,11,14,36,25,544.083,True,False,0.000,Die Linke,0.194,0.194,0.222,0.306,0.389,274,54,22,35,89,105,0.026,0.026,0.029,0.040,0.051,0.130,0.318,0.229,0.124,0.133,Opposition,0.000,1.000,19.000,WP19,2020,6,22,0.873,2.619,7.730,0.762,1.381,0.476,8.875,7.833,8.727,7.706,7.750,42,33,8,6,11,17,20,0.190,0.143,0.262,0.405,0.476,0.401,1.202,6.366,0.262,0.548,0.393,7.446,7.262,8.227,6.706,6.107,3,-1.000,-5.536,-1.014,5.612
66,2020-06-04,2020-06-26,9,spd,15.000,15.000,0.000,0.000,0.130,0.391,1.306,0.125,0.203,0.062,0.909,3.000,0.444,1.696,1.091,11,4,9,23,22,64,48,619.688,True,False,2.000,SPD,0.172,0.062,0.141,0.359,0.344,274,54,22,35,89,105,0.040,0.015,0.033,0.084,0.080,0.204,0.182,0.257,0.258,0.210,Regierung,1.000,0.000,19.000,WP19,2020,6,22,0.873,2.619,7.730,0.762,1.381,0.476,8.875,7.833,8.727,7.706,7.750,42,33,8,6,11,17,20,0.190,0.143,0.262,0.405,0.476,0.743,2.228,6.424,0.637,1.178,0.414,7.966,4.833,8.283,6.010,6.659,4,-0.000,-5.536,-0.014,0.076
67,2020-06-26,2020-07-02,10,cdu/csu,37.000,38.000,-1.000,1.000,0.016,0.048,1.264,0.000,0.048,0.000,2.000,6.000,,1.333,1.000,4,1,0,3,11,21,12,668.810,True,False,4.000,CDU/CSU,0.190,0.048,0.000,0.143,0.524,55,9,2,0,7,27,0.073,0.018,0.000,0.055,0.200,0.444,0.500,,0.429,0.407,Regierung,1.000,0.000,19.000,WP19,2020,6,6,0.917,2.750,7.986,0.750,1.375,0.625,8.333,8.000,9.000,8.000,8.143,8,7,3,2,2,1,7,0.375,0.250,0.250,0.125,0.875,0.901,2.702,6.722,0.750,1.327,0.625,6.333,2.000,,6.667,7.143,0,1.000,-4.536,0.986,-4.474
67,2020-06-26,2020-07-02,10,fdp,5.000,6.000,-1.000,1.000,0.148,0.444,1.250,0.000,0.444,0.000,,,,0.000,1.500,0,0,0,1,4,9,4,564.778,True,False,3.000,FDP,0.000,0.000,0.000,0.111,0.444,55,9,2,0,7,27,0.000,0.000,0.000,0.018,0.073,0.000,0.000,,0.143,0.148,Opposition,0.000,1.000,19.000,WP19,2020,6,6,0.917,2.750,7.986,0.750,1.375,0.625,8.333,8.000,9.000,8.000,8.143,8,7,3,2,2,1,7,0.375,0.250,0.250,0.125,0.875,0.769,2.306,6.736,0.750,0.931,0.625,,,,8.000,6.643,1,1.000,-4.536,0.986,-4.474
67,2020-06-26,2020-07-02,10,grüne,20.000,19.000,1.000,1.000,0.167,0.500,1.633,0.000,0.500,0.000,2.000,,,0.000,1.600,3,0,0,1,5,8,5,561.125,True,False,1.000,Bündnis 90/Die Grünen,0.375,0.000,0.000,0.125,0.625,55,9,2,0,7,27,0.055,0.000,0.000,0.018,0.091,0.333,0.000,,0.143,0.185,Opposition,0.000,1.000,19.000,WP19,2020,6,6,0.917,2.750,7.986,0.750,1.375,0.625,8.333,8.000,9.000,8.000,8.143,8,7,3,2,2,1,7,0.375,0.250,0.250,0.125,0.875,0.750,2.250,6.352,0.750,0.875,0.625,6.333,,,8.000,6.543,2,-1.000,-4.536,-1.014,4.598
67,2020-06-26,2020-07-02,10,linke,7.000,8.000,-1.000,1.000,0.370,1.111,1.250,0.444,0.667,0.000,,5.000,,0.000,1.200,0,1,0,1,5,9,6,478.667,True,False,0.000,Die Linke,0.000,0.111,0.000,0.111,0.556,55,9,2,0,7,27,0.000,0.018,0.000,0.018,0.091,0.000,0.500,,0.143,0.185,Opposition,0.000,1.000,19.000,WP19,2020,6,6,0.917,2.750,7.986,0.750,1.375,0.625,8.333,8.000,9.000,8.000,8.143,8,7,3,2,2,1,7,0.375,0.250,0.250,0.125,0.875,0.546,1.639,6.736,0.306,0.708,0.625,,3.000,,8.000,6.943,3,1.000,-4.536,0.986,-4.474
67,2020-06-26,2020-07-02,10,spd,16.000,15.000,1.000,1.000,0.000,0.000,1.083,0.000,0.000,0.000,2.000,,,0.000,0.500,2,0,0,1,2,8,2,868.625,True,False,2.000,SPD,0.250,0.000,0.000,0.125,0.250,55,9,2,0,7,27,0.036,0.000,0.000,0.018,0.036,0.222,0.000,,0.143,0.074,Regierung,1.000,0.000,19.000,WP19,2020,6,6,0.917,2.750,7.986,0.750,1.375,0.625,8.333,8.000,9.000,8.000,8.143,8,7,3,2,2,1,7,0.375,0.250,0.250,0.125,0.875,0.917,2.750,6.902,0.750,1.375,0.625,6.333,,,8.000,7.643,4,-1.000,-4.536,-1.014,4.598
68,2020-07-02,2020-07-24,10,cdu/csu,37.000,37.000,0.000,0.000,0.103,0.308,2.890,0.038,0.231,0.038,3.312,5.333,4.000,2.850,1.500,16,3,2,20,22,78,38,699.731,True,False,4.000,CDU/CSU,0.205,0.038,0.026,0.256,0.282,228,50,14,13,57,56,0.070,0.013,0.009,0.088,0.096,0.320,0.214,0.154,0.351,0.393,Regierung,1.000,0.000,19.000,WP19,2020,7,22,0.757,2.270,6.500,0.757,1.270,0.243,7.889,8.429,7.000,5.846,7.421,37,25,9,7,5,13,19,0.243,0.189,0.135,0.351,0.514,0.654,1.963,3.610,0.718,1.040,0.205,4.576,3.095,3.000,2.996,5.921,0,-0.000,-4.536,-0.014,0.062
68,2020-07-02,2020-07-24,10,fdp,5.000,5.000,0.000,0.000,0.333,1.000,3.363,0.235,0.706,0.059,5.000,5.000,,2.667,2.857,6,3,0,9,7,34,17,554.471,True,False,3.000,FDP,0.176,0.088,0.000,0.265,0.206,228,50,14,13,57,56,0.026,0.013,0.000,0.039,0.031,0.120,0.214,0.000,0.158,0.125,Opposition,0.000,1.000,19.000,WP19,2020,7,22,0.757,2.270,6.500,0.757,1.270,0.243,7.889,8.429,7.000,5.846,7.421,37,25,9,7,5,13,19,0.243,0.189,0.135,0.351,0.514,0.423,1.270,3.137,0.521,0.564,0.184,2.889,3.429,,3.179,4.564,1,-0.000,-4.536,-0.014,0.062
68,2020-07-02,2020-07-24,10,grüne,20.000,20.000,0.000,0.000,0.301,0.903,1.190,0.226,0.613,0.065,0.900,2.500,1.500,1.500,1.143,10,2,2,8,7,31,21,579.226,True,False,1.000,Bündnis 90/Die Grünen,0.323,0.065,0.065,0.258,0.226,228,50,14,13,57,56,0.044,0.009,0.009,0.035,0.031,0.200,0.143,0.154,0.140,0.125,Opposition,0.000,1.000,19.000,WP19,2020,7,22,0.757,2.270,6.500,0.757,1.270,0.243,7.889,8.429,7.000,5.846,7.421,37,25,9,7,5,13,19,0.243,0.189,0.135,0.351,0.514,0.456,1.367,5.310,0.531,0.657,0.179,6.989,5.929,5.500,4.346,6.278,2,-0.000,-4.536,-0.014,0.062
68,2020-07-02,2020-07-24,10,linke,7.000,7.000,0.000,0.000,0.500,1.500,1.029,0.467,0.967,0.067,0.571,0.667,0.250,1.778,1.111,7,3,4,9,9,30,17,553.767,True,False,0.000,Die Linke,0.233,0.100,0.133,0.300,0.300,228,50,14,13,57,56,0.031,0.013,0.018,0.039,0.039,0.140,0.214,0.308,0.158,0.161,Opposition,0.000,1.000,19.000,WP19,2020,7,22,0.757,2.270,6.500,0.757,1.270,0.243,7.889,8.429,7.000,5.846,7.421,37,25,9,7,5,13,19,0.243,0.189,0.135,0.351,0.514,0.257,0.770,5.471,0.290,0.304,0.177,7.317,7.762,6.750,4.068,6.310,3,-0.000,-4.536,-0.014,0.062
68,2020-07-02,2020-07-24,10,spd,16.000,16.000,0.000,0.000,0.182,0.545,1.621,0.182,0.309,0.055,1.364,6.000,1.200,1.909,1.182,11,3,5,11,11,55,29,622.218,True,False,2.000,SPD,0.200,0.055,0.091,0.200,0.200,228,50,14,13,57,56,0.048,0.013,0.022,0.048,0.048,0.220,0.214,0.385,0.193,0.196,Regierung,1.000,0.000,19.000,WP19,2020,7,22,0.757,2.270,6.500,0.757,1.270,0.243,7.889,8.429,7.000,5.846,7.421,37,25,9,7,5,13,19,0.243,0.189,0.135,0.351,0.514,0.575,1.725,4.879,0.575,0.961,0.189,6.525,2.429,5.800,3.937,6.239,4,-0.000,-4.536,-0.014,0.062
72,2020-09-03,2020-09-18,10,cdu/csu,36.000,37.000,-1.000,1.000,0.130,0.389,2.236,0.076,0.257,0.056,1.810,4.182,1.400,2.919,1.623,42,11,5,37,53,144,97,677.965,True,False,4.000,CDU/CSU,0.292,0.076,0.035,0.257,0.368,444,156,36,15,112,130,0.095,0.025,0.011,0.083,0.119,0.269,0.306,0.333,0.330,0.408,Regierung,1.000,0.000,19.000,WP19,2020,9,15,0.934,2.803,6.648,0.944,1.394,0.465,7.423,8.474,8.385,6.000,7.020,71,59,26,19,13,27,50,0.366,0.268,0.183,0.380,0.704,0.805,2.414,4.411,0.867,1.137,0.409,5.614,4.292,6.985,3.081,5.397,0,1.000,-4.536,0.986,-4.474
72,2020-09-03,2020-09-18,10,fdp,6.000,6.000,0.000,0.000,0.221,0.662,2.950,0.059,0.574,0.029,3.545,3.333,2.000,2.154,2.071,22,3,1,13,14,68,40,534.471,True,False,3.000,FDP,0.324,0.044,0.015,0.191,0.206,444,156,36,15,112,130,0.050,0.007,0.002,0.029,0.032,0.141,0.083,0.067,0.116,0.108,Opposition,0.000,1.000,19.000,WP19,2020,9,15,0.934,2.803,6.648,0.944,1.394,0.465,7.423,8.474,8.385,6.000,7.020,71,59,26,19,13,27,50,0.366,0.268,0.183,0.380,0.704,0.714,2.141,3.698,0.885,0.821,0.435,3.878,5.140,6.385,3.846,4.949,1,-0.000,-4.536,-0.014,0.062
72,2020-09-03,2020-09-18,10,grüne,19.000,17.000,2.000,2.000,0.250,0.750,1.256,0.221,0.471,0.059,0.971,1.857,0.000,1.500,0.882,34,7,1,20,17,68,55,482.500,True,False,1.000,Bündnis 90/Die Grünen,0.500,0.103,0.015,0.294,0.250,444,156,36,15,112,130,0.077,0.016,0.002,0.045,0.038,0.218,0.194,0.067,0.179,0.131,Opposition,0.000,1.000,19.000,WP19,2020,9,15,0.934,2.803,6.648,0.944,1.394,0.465,7.423,8.474,8.385,6.000,7.020,71,59,26,19,13,27,50,0.366,0.268,0.183,0.380,0.704,0.684,2.053,5.392,0.723,0.924,0.406,6.452,6.617,8.385,4.500,6.138,2,-2.000,-4.536,-2.014,9.134
72,2020-09-03,2020-09-18,10,linke,7.000,8.000,-1.000,1.000,0.454,1.361,0.995,0.459,0.869,0.033,0.708,1.000,,1.214,1.000,24,4,0,14,18,61,37,522.098,True,False,0.000,Die Linke,0.393,0.066,0.000,0.230,0.295,444,156,36,15,112,130,0.054,0.009,0.000,0.032,0.041,0.154,0.111,0.000,0.125,0.138,Opposition,0.000,1.000,19.000,WP19,2020,9,15,0.934,2.803,6.648,0.944,1.394,0.465,7.423,8.474,8.385,6.000,7.020,71,59,26,19,13,27,50,0.366,0.268,0.183,0.380,0.704,0.481,1.442,5.652,0.485,0.526,0.432,6.715,7.474,,4.786,6.020,3,1.000,-4.536,0.986,-4.474
72,2020-09-03,2020-09-18,10,spd,17.000,16.000,1.000,1.000,0.146,0.437,1.244,0.126,0.243,0.068,1.029,3.455,1.250,1.393,0.929,34,11,8,28,28,103,72,600.350,True,False,2.000,SPD,0.330,0.107,0.078,0.272,0.272,444,156,36,15,112,130,0.077,0.025,0.018,0.063,0.063,0.218,0.306,0.533,0.250,0.215,Regierung,1.000,0.000,19.000,WP19,2020,9,15,0.934,2.803,6.648,0.944,1.394,0.465,7.423,8.474,8.385,6.000,7.020,71,59,26,19,13,27,50,0.366,0.268,0.183,0.380,0.704,0.789,2.366,5.404,0.817,1.152,0.397,6.394,5.019,7.135,4.607,6.091,4,-1.000,-4.536,-1.014,4.598
73,2020-09-18,2020-10-01,10,cdu/csu,36.000,36.000,0.000,0.000,0.127,0.381,2.178,0.079,0.270,0.032,3.045,2.800,1.500,2.000,1.935,22,5,4,12,31,63,45,804.921,True,False,4.000,CDU/CSU,0.349,0.079,0.063,0.190,0.492,234,65,54,14,39,126,0.094,0.021,0.017,0.051,0.132,0.338,0.093,0.286,0.308,0.246,Regierung,1.000,0.000,19.000,WP19,2020,9,13,0.990,2.971,7.218,0.914,1.600,0.457,7.462,8.583,8.000,6.900,7.167,35,29,13,12,4,10,24,0.371,0.343,0.114,0.286,0.686,0.863,2.590,5.041,0.835,1.330,0.425,4.416,5.783,6.500,4.900,5.231,0,-0.000,-4.536,-0.014,0.062
73,2020-09-18,2020-10-01,10,fdp,5.000,6.000,-1.000,1.000,0.289,0.867,2.504,0.233,0.633,0.000,3.750,4.500,1.000,2.000,2.133,8,2,1,6,15,30,20,687.667,True,False,3.000,FDP,0.267,0.067,0.033,0.200,0.500,234,65,54,14,39,126,0.034,0.009,0.004,0.026,0.064,0.123,0.037,0.071,0.154,0.119,Opposition,0.000,1.000,19.000,WP19,2020,9,13,0.990,2.971,7.218,0.914,1.600,0.457,7.462,8.583,8.000,6.900,7.167,35,29,13,12,4,10,24,0.371,0.343,0.114,0.286,0.686,0.702,2.105,4.714,0.681,0.967,0.457,3.712,4.083,7.000,4.900,5.033,1,1.000,-4.536,0.986,-4.474
73,2020-09-18,2020-10-01,10,grüne,20.000,19.000,1.000,1.000,0.344,1.033,1.178,0.233,0.733,0.067,1.417,1.000,0.000,0.500,1.182,12,4,4,4,11,30,22,643.067,True,False,1.000,Bündnis 90/Die Grünen,0.400,0.133,0.133,0.133,0.367,234,65,54,14,39,126,0.051,0.017,0.017,0.017,0.047,0.185,0.074,0.286,0.103,0.087,Opposition,0.000,1.000,19.000,WP19,2020,9,13,0.990,2.971,7.218,0.914,1.600,0.457,7.462,8.583,8.000,6.900,7.167,35,29,13,12,4,10,24,0.371,0.343,0.114,0.286,0.686,0.646,1.938,6.040,0.681,0.867,0.390,6.045,7.583,8.000,6.400,5.985,2,-1.000,-4.536,-1.014,4.598
73,2020-09-18,2020-10-01,10,linke,8.000,7.000,1.000,1.000,0.389,1.167,1.308,0.367,0.800,0.000,1.545,0.667,1.000,1.000,1.583,11,3,1,6,12,30,20,619.300,True,False,0.000,Die Linke,0.367,0.100,0.033,0.200,0.400,234,65,54,14,39,126,0.047,0.013,0.004,0.026,0.051,0.169,0.056,0.071,0.154,0.095,Opposition,0.000,1.000,19.000,WP19,2020,9,13,0.990,2.971,7.218,0.914,1.600,0.457,7.462,8.583,8.000,6.900,7.167,35,29,13,12,4,10,24,0.371,0.343,0.114,0.286,0.686,0.602,1.805,5.910,0.548,0.800,0.457,5.916,7.917,7.000,5.900,5.583,3,-1.000,-4.536,-1.014,4.598
73,2020-09-18,2020-10-01,10,spd,16.000,17.000,-1.000,1.000,0.119,0.358,1.069,0.123,0.222,0.012,1.917,1.075,0.250,0.818,0.965,12,40,4,11,57,81,66,769.815,True,False,2.000,SPD,0.148,0.494,0.049,0.136,0.704,234,65,54,14,39,126,0.051,0.171,0.017,0.047,0.244,0.185,0.741,0.286,0.282,0.452,Regierung,1.000,0.000,19.000,WP19,2020,9,13,0.990,2.971,7.218,0.914,1.600,0.457,7.462,8.583,8.000,6.900,7.167,35,29,13,12,4,10,24,0.371,0.343,0.114,0.286,0.686,0.871,2.613,6.149,0.791,1.378,0.445,5.545,7.508,7.750,6.082,6.202,4,1.000,-4.536,0.986,-4.474
74,2020-10-01,2020-10-16,10,cdu/csu,35.000,36.000,-1.000,1.000,0.137,0.410,2.282,0.115,0.230,0.066,3.222,3.133,0.692,2.500,1.421,18,15,13,24,38,122,71,752.500,True,False,4.000,CDU/CSU,0.148,0.123,0.107,0.197,0.311,384,69,42,45,88,115,0.047,0.039,0.034,0.062,0.099,0.261,0.357,0.289,0.273,0.330,Regierung,1.000,0.000,19.000,WP19,2020,10,15,0.936,2.809,6.989,0.941,1.382,0.485,8.111,8.458,7.706,5.929,7.432,68,58,18,24,17,28,44,0.265,0.353,0.250,0.412,0.647,0.800,2.399,4.708,0.826,1.153,0.420,4.889,5.325,7.014,3.429,6.011,0,1.000,-4.536,0.986,-4.474
74,2020-10-01,2020-10-16,10,fdp,6.000,5.000,1.000,1.000,0.283,0.850,2.644,0.250,0.567,0.033,4.875,4.000,1.000,2.200,2.000,8,5,3,15,17,60,30,582.867,True,False,3.000,FDP,0.133,0.083,0.050,0.250,0.283,384,69,42,45,88,115,0.021,0.013,0.008,0.039,0.044,0.116,0.119,0.067,0.170,0.148,Opposition,0.000,1.000,19.000,WP19,2020,10,15,0.936,2.809,6.989,0.941,1.382,0.485,8.111,8.458,7.706,5.929,7.432,68,58,18,24,17,28,44,0.265,0.353,0.250,0.412,0.647,0.653,1.959,4.345,0.691,0.816,0.452,3.236,4.458,6.706,3.729,5.432,1,-1.000,-4.536,-1.014,4.598
74,2020-10-01,2020-10-16,10,grüne,21.000,20.000,1.000,1.000,0.327,0.982,0.990,0.339,0.625,0.018,1.059,2.250,0.364,1.000,0.800,17,8,11,15,20,56,42,562.786,True,False,1.000,Bündnis 90/Die Grünen,0.304,0.143,0.196,0.268,0.357,384,69,42,45,88,115,0.044,0.021,0.029,0.039,0.052,0.246,0.190,0.244,0.170,0.174,Opposition,0.000,1.000,19.000,WP19,2020,10,15,0.936,2.809,6.989,0.941,1.382,0.485,8.111,8.458,7.706,5.929,7.432,68,58,18,24,17,28,44,0.265,0.353,0.250,0.412,0.647,0.609,1.827,5.999,0.602,0.757,0.467,7.052,6.208,7.342,4.929,6.632,2,-1.000,-4.536,-1.014,4.598
74,2020-10-01,2020-10-16,10,linke,8.000,8.000,0.000,0.000,0.532,1.596,1.156,0.614,0.947,0.035,1.222,1.400,0.333,1.133,0.917,9,5,6,15,12,57,32,544.298,True,False,0.000,Die Linke,0.158,0.088,0.105,0.263,0.211,384,69,42,45,88,115,0.023,0.013,0.016,0.039,0.031,0.130,0.119,0.133,0.170,0.104,Opposition,0.000,1.000,19.000,WP19,2020,10,15,0.936,2.809,6.989,0.941,1.382,0.485,8.111,8.458,7.706,5.929,7.432,68,58,18,24,17,28,44,0.265,0.353,0.250,0.412,0.647,0.404,1.212,5.833,0.327,0.435,0.450,6.889,7.058,7.373,4.795,6.515,3,-0.000,-4.536,-0.014,0.062
74,2020-10-01,2020-10-16,10,spd,15.000,16.000,-1.000,1.000,0.154,0.461,1.399,0.146,0.270,0.045,1.882,1.778,0.500,1.316,0.893,17,9,12,19,28,89,49,655.607,True,False,2.000,SPD,0.191,0.101,0.135,0.213,0.315,384,69,42,45,88,115,0.044,0.023,0.031,0.049,0.073,0.246,0.214,0.267,0.216,0.243,Regierung,1.000,0.000,19.000,WP19,2020,10,15,0.936,2.809,6.989,0.941,1.382,0.485,8.111,8.458,7.706,5.929,7.432,68,58,18,24,17,28,44,0.265,0.353,0.250,0.412,0.647,0.783,2.348,5.590,0.795,1.113,0.440,6.229,6.681,7.206,4.613,6.539,4,1.000,-4.536,0.986,-4.474
75,2020-10-16,2020-11-12,11,cdu/csu,35.000,35.000,0.000,0.000,0.114,0.343,2.968,0.047,0.180,0.116,1.955,6.000,4.000,3.892,1.938,22,23,12,65,65,172,109,662.587,True,False,4.000,CDU/CSU,0.128,0.134,0.070,0.378,0.378,493,75,56,46,199,176,0.045,0.047,0.024,0.132,0.132,0.293,0.411,0.261,0.327,0.369,Regierung,1.000,0.000,19.000,WP19,2020,10,27,0.885,2.654,6.853,0.864,1.284,0.506,8.615,8.120,7.375,6.455,7.064,81,65,13,25,16,44,47,0.160,0.309,0.198,0.543,0.580,0.770,2.311,3.885,0.818,1.104,0.390,6.661,2.120,3.375,2.562,5.125,0,-0.000,-3.536,-0.014,0.048
75,2020-10-16,2020-11-12,11,fdp,6.000,6.000,0.000,0.000,0.234,0.703,2.277,0.135,0.500,0.068,4.000,5.167,2.429,2.207,1.893,9,6,7,29,28,74,50,502.338,True,False,3.000,FDP,0.122,0.081,0.095,0.392,0.378,493,75,56,46,199,176,0.018,0.012,0.014,0.059,0.057,0.120,0.107,0.152,0.146,0.159,Opposition,0.000,1.000,19.000,WP19,2020,10,27,0.885,2.654,6.853,0.864,1.284,0.506,8.615,8.120,7.375,6.455,7.064,81,65,13,25,16,44,47,0.160,0.309,0.198,0.543,0.580,0.651,1.952,4.576,0.729,0.784,0.439,4.615,2.953,4.946,4.248,5.171,1,-0.000,-3.536,-0.014,0.048
75,2020-10-16,2020-11-12,11,grüne,20.000,21.000,-1.000,1.000,0.227,0.681,1.369,0.101,0.493,0.087,0.882,3.667,0.429,1.759,1.000,17,6,7,29,26,69,51,535.652,True,False,1.000,Bündnis 90/Die Grünen,0.246,0.087,0.101,0.420,0.377,493,75,56,46,199,176,0.034,0.012,0.014,0.059,0.053,0.227,0.107,0.152,0.146,0.148,Opposition,0.000,1.000,19.000,WP19,2020,10,27,0.885,2.654,6.853,0.864,1.284,0.506,8.615,8.120,7.375,6.455,7.064,81,65,13,25,16,44,47,0.160,0.309,0.198,0.543,0.580,0.658,1.973,5.483,0.763,0.791,0.419,7.733,4.453,6.946,4.696,6.064,2,1.000,-3.536,0.986,-3.488
75,2020-10-16,2020-11-12,11,linke,7.000,8.000,-1.000,1.000,0.478,1.433,1.724,0.448,0.806,0.179,1.091,4.400,0.636,1.429,1.150,11,10,11,28,20,67,45,519.015,True,False,0.000,Die Linke,0.164,0.149,0.164,0.418,0.299,493,75,56,46,199,176,0.022,0.020,0.022,0.057,0.041,0.147,0.179,0.239,0.141,0.114,Opposition,0.000,1.000,19.000,WP19,2020,10,27,0.885,2.654,6.853,0.864,1.284,0.506,8.615,8.120,7.375,6.455,7.064,81,65,13,25,16,44,47,0.160,0.309,0.198,0.543,0.580,0.407,1.221,5.128,0.416,0.478,0.327,7.524,3.720,6.739,5.026,5.914,3,1.000,-3.536,0.986,-3.488
75,2020-10-16,2020-11-12,11,spd,15.000,15.000,0.000,0.000,0.108,0.324,1.582,0.072,0.162,0.090,1.312,3.000,0.667,1.750,0.784,16,11,9,48,37,111,72,630.766,True,False,2.000,SPD,0.144,0.099,0.081,0.432,0.333,493,75,56,46,199,176,0.032,0.022,0.018,0.097,0.075,0.213,0.196,0.196,0.241,0.210,Regierung,1.000,0.000,19.000,WP19,2020,10,27,0.885,2.654,6.853,0.864,1.284,0.506,8.615,8.120,7.375,6.455,7.064,81,65,13,25,16,44,47,0.160,0.309,0.198,0.543,0.580,0.777,2.330,5.271,0.792,1.122,0.416,7.303,5.120,6.708,4.705,6.280,4,-0.000,-3.536,-0.014,0.048
76,2020-11-12,2020-11-27,10,cdu/csu,36.000,35.000,1.000,1.000,0.104,0.312,2.147,0.058,0.210,0.043,2.688,4.600,1.333,2.479,1.489,16,5,6,48,47,138,85,673.659,True,False,4.000,CDU/CSU,0.116,0.036,0.043,0.348,0.341,402,64,25,41,148,127,0.040,0.012,0.015,0.119,0.117,0.250,0.200,0.146,0.324,0.370,Regierung,1.000,0.000,19.000,WP19,2020,11,15,0.797,2.391,6.557,0.797,1.281,0.312,7.538,8.071,7.222,6.094,7.441,64,53,13,14,9,32,34,0.203,0.219,0.141,0.500,0.531,0.693,2.079,4.410,0.739,1.071,0.269,4.851,3.471,5.889,3.615,5.952,0,-1.000,-4.536,-1.014,4.598
76,2020-11-12,2020-11-27,10,fdp,6.000,6.000,0.000,0.000,0.192,0.576,2.160,0.091,0.455,0.030,4.857,2.250,1.667,1.577,1.389,7,4,6,26,18,66,47,501.591,True,False,3.000,FDP,0.106,0.061,0.091,0.394,0.273,402,64,25,41,148,127,0.017,0.010,0.015,0.065,0.045,0.109,0.160,0.146,0.176,0.142,Opposition,0.000,1.000,19.000,WP19,2020,11,15,0.797,2.391,6.557,0.797,1.281,0.312,7.538,8.071,7.222,6.094,7.441,64,53,13,14,9,32,34,0.203,0.219,0.141,0.500,0.531,0.605,1.815,4.397,0.706,0.827,0.282,2.681,5.821,5.556,4.517,6.052,1,-0.000,-4.536,-0.014,0.062
76,2020-11-12,2020-11-27,10,grüne,20.000,20.000,0.000,0.000,0.224,0.673,1.304,0.109,0.473,0.091,1.385,2.750,0.625,1.217,0.944,13,4,8,23,18,55,43,541.182,True,False,1.000,Bündnis 90/Die Grünen,0.236,0.073,0.145,0.418,0.327,402,64,25,41,148,127,0.032,0.010,0.020,0.057,0.045,0.203,0.160,0.195,0.155,0.142,Opposition,0.000,1.000,19.000,WP19,2020,11,15,0.797,2.391,6.557,0.797,1.281,0.312,7.538,8.071,7.222,6.094,7.441,64,53,13,14,9,32,34,0.203,0.219,0.141,0.500,0.531,0.573,1.718,5.252,0.688,0.809,0.222,6.154,5.321,6.597,4.876,6.497,2,-0.000,-4.536,-0.014,0.062
76,2020-11-12,2020-11-27,10,linke,7.000,7.000,0.000,0.000,0.509,1.528,1.774,0.491,0.887,0.151,1.500,5.000,1.667,1.833,1.947,12,4,6,18,19,53,39,549.075,True,False,0.000,Die Linke,0.226,0.075,0.113,0.340,0.358,402,64,25,41,148,127,0.030,0.010,0.015,0.045,0.047,0.188,0.160,0.146,0.122,0.150,Opposition,0.000,1.000,19.000,WP19,2020,11,15,0.797,2.391,6.557,0.797,1.281,0.312,7.538,8.071,7.222,6.094,7.441,64,53,13,14,9,32,34,0.203,0.219,0.141,0.500,0.531,0.287,0.862,4.783,0.306,0.394,0.162,6.038,3.071,5.556,4.260,5.494,3,-0.000,-4.536,-0.014,0.062
76,2020-11-12,2020-11-27,10,spd,15.000,15.000,0.000,0.000,0.148,0.444,1.441,0.133,0.222,0.089,1.500,2.000,0.933,1.455,1.040,16,8,15,33,25,90,54,614.056,True,False,2.000,SPD,0.178,0.089,0.167,0.367,0.278,402,64,25,41,148,127,0.040,0.020,0.037,0.082,0.062,0.250,0.320,0.366,0.223,0.197,Regierung,1.000,0.000,19.000,WP19,2020,11,15,0.797,2.391,6.557,0.797,1.281,0.312,7.538,8.071,7.222,6.094,7.441,64,53,13,14,9,32,34,0.203,0.219,0.141,0.500,0.531,0.649,1.946,5.115,0.664,1.059,0.224,6.038,6.071,6.289,4.639,6.401,4,-0.000,-4.536,-0.014,0.062
77,2020-11-27,2020-12-03,11,cdu/csu,35.000,36.000,-1.000,1.000,0.030,0.091,0.970,0.000,0.091,0.000,2.000,,0.833,0.625,0.400,1,0,6,8,5,22,11,720.000,True,False,4.000,CDU/CSU,0.045,0.000,0.273,0.364,0.227,66,2,5,22,22,14,0.015,0.000,0.091,0.121,0.076,0.500,0.000,0.273,0.364,0.357,Regierung,1.000,0.000,19.000,WP19,2020,11,6,1.212,3.636,7.429,1.364,1.636,0.636,,9.000,6.667,8.400,8.333,11,7,0,3,3,5,6,0.000,0.273,0.273,0.455,0.545,1.182,3.545,6.459,1.364,1.545,0.636,,,5.833,7.775,7.933,0,1.000,-3.536,0.986,-3.488
77,2020-11-27,2020-12-03,11,fdp,7.000,6.000,1.000,1.000,0.152,0.455,0.722,0.091,0.364,0.000,,1.000,0.600,0.500,0.000,0,1,5,4,2,11,6,522.818,True,False,3.000,FDP,0.000,0.091,0.455,0.364,0.182,66,2,5,22,22,14,0.000,0.015,0.076,0.061,0.030,0.000,0.200,0.227,0.182,0.143,Opposition,0.000,1.000,19.000,WP19,2020,11,6,1.212,3.636,7.429,1.364,1.636,0.636,,9.000,6.667,8.400,8.333,11,7,0,3,3,5,6,0.000,0.273,0.273,0.455,0.545,1.061,3.182,6.706,1.273,1.273,0.636,,8.000,6.067,7.900,8.333,1,-1.000,-3.536,-1.014,3.584
77,2020-11-27,2020-12-03,11,grüne,21.000,20.000,1.000,1.000,0.125,0.375,1.000,0.125,0.250,0.000,2.000,0.000,0.333,0.667,0.000,1,1,3,3,2,8,5,617.875,True,False,1.000,Bündnis 90/Die Grünen,0.125,0.125,0.375,0.375,0.250,66,2,5,22,22,14,0.015,0.015,0.045,0.045,0.030,0.500,0.200,0.136,0.136,0.143,Opposition,0.000,1.000,19.000,WP19,2020,11,6,1.212,3.636,7.429,1.364,1.636,0.636,,9.000,6.667,8.400,8.333,11,7,0,3,3,5,6,0.000,0.273,0.273,0.455,0.545,1.087,3.261,6.429,1.239,1.386,0.636,,9.000,6.333,7.733,8.333,2,-1.000,-3.536,-1.014,3.584
77,2020-11-27,2020-12-03,11,linke,7.000,7.000,0.000,0.000,0.370,1.111,0.167,0.556,0.556,0.000,,0.000,0.333,0.000,0.000,0,1,3,2,2,9,3,552.556,True,False,0.000,Die Linke,0.000,0.111,0.333,0.222,0.222,66,2,5,22,22,14,0.000,0.015,0.045,0.030,0.030,0.000,0.200,0.136,0.091,0.143,Opposition,0.000,1.000,19.000,WP19,2020,11,6,1.212,3.636,7.429,1.364,1.636,0.636,,9.000,6.667,8.400,8.333,11,7,0,3,3,5,6,0.000,0.273,0.273,0.455,0.545,0.842,2.525,7.262,0.808,1.081,0.636,,9.000,6.333,8.400,8.333,3,-0.000,-3.536,-0.014,0.048
77,2020-11-27,2020-12-03,11,spd,15.000,15.000,0.000,0.000,0.104,0.312,0.208,0.062,0.250,0.000,,0.500,0.200,0.000,0.000,0,2,5,5,3,16,6,630.750,True,False,2.000,SPD,0.000,0.125,0.312,0.312,0.188,66,2,5,22,22,14,0.000,0.030,0.076,0.076,0.045,0.000,0.400,0.227,0.227,0.214,Regierung,1.000,0.000,19.000,WP19,2020,11,6,1.212,3.636,7.429,1.364,1.636,0.636,,9.000,6.667,8.400,8.333,11,7,0,3,3,5,6,0.000,0.273,0.273,0.455,0.545,1.108,3.324,7.220,1.301,1.386,0.636,,8.500,6.467,8.400,8.333,4,-0.000,-3.536,-0.014,0.048
78,2020-12-03,2020-12-11,10,cdu/csu,36.000,35.000,1.000,1.000,0.102,0.305,2.072,0.085,0.169,0.051,2.360,5.500,1.750,2.000,1.577,25,4,4,11,26,59,38,922.881,True,False,4.000,CDU/CSU,0.424,0.068,0.068,0.186,0.441,198,73,12,24,42,75,0.126,0.020,0.020,0.056,0.131,0.342,0.333,0.167,0.262,0.347,Regierung,1.000,0.000,19.000,WP19,2020,12,8,1.056,3.167,7.701,1.028,1.639,0.500,8.154,8.778,8.333,7.263,8.120,36,31,13,9,9,19,25,0.361,0.250,0.250,0.528,0.694,0.954,2.862,5.628,0.943,1.469,0.449,5.794,3.278,6.583,5.263,6.543,0,-1.000,-4.536,-1.014,4.598
78,2020-12-03,2020-12-11,10,fdp,6.000,7.000,-1.000,1.000,0.238,0.714,2.667,0.071,0.607,0.036,4.750,4.000,1.000,1.714,2.556,4,2,3,7,9,28,14,789.179,True,False,3.000,FDP,0.143,0.071,0.107,0.250,0.321,198,73,12,24,42,75,0.020,0.010,0.015,0.035,0.045,0.055,0.167,0.125,0.167,0.120,Opposition,0.000,1.000,19.000,WP19,2020,12,8,1.056,3.167,7.701,1.028,1.639,0.500,8.154,8.778,8.333,7.263,8.120,36,31,13,9,9,19,25,0.361,0.250,0.250,0.528,0.694,0.817,2.452,5.034,0.956,1.032,0.464,3.404,4.778,7.333,5.549,5.564,1,1.000,-4.536,0.986,-4.474
78,2020-12-03,2020-12-11,10,grüne,21.000,21.000,0.000,0.000,0.237,0.710,0.928,0.129,0.581,0.000,1.125,2.000,0.833,0.500,0.545,16,1,6,6,11,31,22,714.323,True,False,1.000,Bündnis 90/Die Grünen,0.516,0.032,0.194,0.194,0.355,198,73,12,24,42,75,0.081,0.005,0.030,0.030,0.056,0.219,0.083,0.250,0.143,0.147,Opposition,0.000,1.000,19.000,WP19,2020,12,8,1.056,3.167,7.701,1.028,1.639,0.500,8.154,8.778,8.333,7.263,8.120,36,31,13,9,9,19,25,0.361,0.250,0.250,0.528,0.694,0.819,2.457,6.773,0.899,1.058,0.500,7.029,6.778,7.500,6.763,7.575,2,-0.000,-4.536,-0.014,0.062
78,2020-12-03,2020-12-11,10,linke,7.000,7.000,0.000,0.000,0.500,1.500,1.214,0.531,0.938,0.031,1.273,2.333,0.000,0.400,1.333,11,3,4,5,9,32,21,632.844,True,False,0.000,Die Linke,0.344,0.094,0.125,0.156,0.281,198,73,12,24,42,75,0.056,0.015,0.020,0.025,0.045,0.151,0.250,0.167,0.119,0.120,Opposition,0.000,1.000,19.000,WP19,2020,12,8,1.056,3.167,7.701,1.028,1.639,0.500,8.154,8.778,8.333,7.263,8.120,36,31,13,9,9,19,25,0.361,0.250,0.250,0.528,0.694,0.556,1.667,6.486,0.497,0.701,0.469,6.881,6.444,8.333,6.863,6.787,3,-0.000,-4.536,-0.014,0.062
78,2020-12-03,2020-12-11,10,spd,15.000,15.000,0.000,0.000,0.083,0.250,1.319,0.083,0.146,0.021,1.647,0.000,0.714,1.923,0.600,17,2,7,13,20,48,34,802.979,True,False,2.000,SPD,0.354,0.042,0.146,0.271,0.417,198,73,12,24,42,75,0.086,0.010,0.035,0.066,0.101,0.233,0.167,0.292,0.310,0.267,Regierung,1.000,0.000,19.000,WP19,2020,12,8,1.056,3.167,7.701,1.028,1.639,0.500,8.154,8.778,8.333,7.263,8.120,36,31,13,9,9,19,25,0.361,0.250,0.250,0.528,0.694,0.972,2.917,6.382,0.944,1.493,0.479,6.507,8.778,7.619,5.340,7.520,4,-0.000,-4.536,-0.014,0.062
79,2020-12-11,2021-01-07,9,cdu/csu,36.000,36.000,0.000,0.000,0.128,0.384,2.696,0.093,0.233,0.058,3.000,5.167,2.000,2.517,2.842,7,6,5,29,19,86,40,757.326,True,False,4.000,CDU/CSU,0.081,0.070,0.058,0.337,0.221,213,21,23,23,67,46,0.033,0.028,0.023,0.136,0.089,0.333,0.261,0.217,0.433,0.413,Regierung,1.000,0.000,19.000,WP19,2020,12,27,0.989,2.968,7.232,0.968,1.516,0.484,9.750,8.600,7.500,6.000,8.118,31,23,4,10,6,17,17,0.129,0.323,0.194,0.548,0.548,0.861,2.584,4.536,0.875,1.284,0.426,6.750,3.433,5.500,3.483,5.276,0,-0.000,-5.536,-0.014,0.076
79,2020-12-11,2021-01-07,9,fdp,6.000,6.000,0.000,0.000,0.218,0.655,2.256,0.138,0.483,0.034,7.000,4.500,1.333,1.700,2.200,1,2,3,10,5,29,13,529.931,True,False,3.000,FDP,0.034,0.069,0.103,0.345,0.172,213,21,23,23,67,46,0.005,0.009,0.014,0.047,0.023,0.048,0.087,0.130,0.149,0.109,Opposition,0.000,1.000,19.000,WP19,2020,12,27,0.989,2.968,7.232,0.968,1.516,0.484,9.750,8.600,7.500,6.000,8.118,31,23,4,10,6,17,17,0.129,0.323,0.194,0.548,0.548,0.771,2.313,4.975,0.830,1.033,0.449,2.750,4.100,6.167,4.300,5.918,1,-0.000,-5.536,-0.014,0.076
79,2020-12-11,2021-01-07,9,grüne,20.000,21.000,-1.000,1.000,0.368,1.103,1.096,0.310,0.586,0.207,0.857,1.750,0.500,1.300,0.857,7,4,4,10,7,29,19,524.069,True,False,1.000,Bündnis 90/Die Grünen,0.241,0.138,0.138,0.345,0.241,213,21,23,23,67,46,0.033,0.019,0.019,0.047,0.033,0.333,0.174,0.174,0.149,0.152,Opposition,0.000,1.000,19.000,WP19,2020,12,27,0.989,2.968,7.232,0.968,1.516,0.484,9.750,8.600,7.500,6.000,8.118,31,23,4,10,6,17,17,0.129,0.323,0.194,0.548,0.548,0.621,1.864,6.135,0.657,0.930,0.277,8.893,6.850,7.000,4.700,7.261,2,1.000,-5.536,0.986,-5.461
79,2020-12-11,2021-01-07,9,linke,7.000,7.000,0.000,0.000,0.568,1.704,0.940,0.556,1.037,0.111,1.500,1.000,0.600,0.889,0.800,2,4,5,9,5,27,14,526.778,True,False,0.000,Die Linke,0.074,0.148,0.185,0.333,0.185,213,21,23,23,67,46,0.009,0.019,0.023,0.042,0.023,0.095,0.174,0.217,0.134,0.109,Opposition,0.000,1.000,19.000,WP19,2020,12,27,0.989,2.968,7.232,0.968,1.516,0.484,9.750,8.600,7.500,6.000,8.118,31,23,4,10,6,17,17,0.129,0.323,0.194,0.548,0.548,0.421,1.264,6.291,0.412,0.479,0.373,8.250,7.600,6.900,5.111,7.318,3,-0.000,-5.536,-0.014,0.076
79,2020-12-11,2021-01-07,9,spd,16.000,15.000,1.000,1.000,0.127,0.381,1.015,0.119,0.238,0.024,1.250,2.143,1.167,0.889,1.500,4,7,6,9,10,42,17,586.738,True,False,2.000,SPD,0.095,0.167,0.143,0.214,0.238,213,21,23,23,67,46,0.019,0.033,0.028,0.042,0.047,0.190,0.304,0.261,0.134,0.217,Regierung,1.000,0.000,19.000,WP19,2020,12,27,0.989,2.968,7.232,0.968,1.516,0.484,9.750,8.600,7.500,6.000,8.118,31,23,4,10,6,17,17,0.129,0.323,0.194,0.548,0.548,0.862,2.587,6.217,0.849,1.278,0.460,8.500,6.457,6.333,5.111,6.618,4,-1.000,-5.536,-1.014,5.612
80,2021-01-07,2021-01-22,10,cdu/csu,35.000,36.000,-1.000,1.000,0.179,0.537,2.400,0.074,0.315,0.148,1.500,5.500,3.500,3.875,1.960,10,6,2,16,25,54,36,671.556,True,False,4.000,CDU/CSU,0.185,0.111,0.037,0.296,0.463,159,36,18,13,47,63,0.063,0.038,0.013,0.101,0.157,0.278,0.333,0.154,0.340,0.397,Regierung,1.000,0.000,19.000,WP19,2021,1,15,0.774,2.321,6.615,0.643,1.357,0.321,7.000,8.667,7.500,6.364,6.667,28,21,5,3,2,11,18,0.179,0.107,0.071,0.393,0.643,0.595,1.784,4.215,0.569,1.042,0.173,5.500,3.167,4.000,2.489,4.707,0,1.000,-4.536,0.986,-4.474
80,2021-01-07,2021-01-22,10,fdp,7.000,6.000,1.000,1.000,0.348,1.043,2.662,0.217,0.696,0.130,3.857,3.000,0.500,1.571,1.556,7,4,2,7,9,23,17,544.565,True,False,3.000,FDP,0.304,0.174,0.087,0.304,0.391,159,36,18,13,47,63,0.044,0.025,0.013,0.044,0.057,0.194,0.222,0.154,0.149,0.143,Opposition,0.000,1.000,19.000,WP19,2021,1,15,0.774,2.321,6.615,0.643,1.357,0.321,7.000,8.667,7.500,6.364,6.667,28,21,5,3,2,11,18,0.179,0.107,0.071,0.393,0.643,0.426,1.278,3.953,0.425,0.661,0.191,3.143,5.667,7.000,4.792,5.111,1,-1.000,-4.536,-1.014,4.598
80,2021-01-07,2021-01-22,10,grüne,21.000,20.000,1.000,1.000,0.440,1.320,0.792,0.440,0.800,0.080,0.625,1.000,0.000,1.375,0.100,8,2,2,8,10,25,18,529.120,True,False,1.000,Bündnis 90/Die Grünen,0.320,0.080,0.080,0.320,0.400,159,36,18,13,47,63,0.050,0.013,0.013,0.050,0.063,0.222,0.111,0.154,0.170,0.159,Opposition,0.000,1.000,19.000,WP19,2021,1,15,0.774,2.321,6.615,0.643,1.357,0.321,7.000,8.667,7.500,6.364,6.667,28,21,5,3,2,11,18,0.179,0.107,0.071,0.393,0.643,0.334,1.001,5.823,0.203,0.557,0.241,6.375,7.667,7.500,4.989,6.567,2,-1.000,-4.536,-1.014,4.598
80,2021-01-07,2021-01-22,10,linke,7.000,7.000,0.000,0.000,0.528,1.583,1.255,0.583,0.875,0.125,1.500,1.000,0.667,1.286,0.889,4,2,3,7,9,24,17,474.167,True,False,0.000,Die Linke,0.167,0.083,0.125,0.292,0.375,159,36,18,13,47,63,0.025,0.013,0.019,0.044,0.057,0.111,0.111,0.231,0.149,0.143,Opposition,0.000,1.000,19.000,WP19,2021,1,15,0.774,2.321,6.615,0.643,1.357,0.321,7.000,8.667,7.500,6.364,6.667,28,21,5,3,2,11,18,0.179,0.107,0.071,0.393,0.643,0.246,0.738,5.360,0.060,0.482,0.196,5.500,7.667,6.833,5.078,5.778,3,-0.000,-4.536,-0.014,0.062
80,2021-01-07,2021-01-22,10,spd,14.000,16.000,-2.000,2.000,0.192,0.576,1.283,0.152,0.303,0.121,1.000,2.500,0.250,2.111,1.700,7,4,4,9,10,33,20,703.636,True,False,2.000,SPD,0.212,0.121,0.121,0.273,0.303,159,36,18,13,47,63,0.044,0.025,0.025,0.057,0.063,0.194,0.222,0.308,0.191,0.159,Regierung,1.000,0.000,19.000,WP19,2021,1,15,0.774,2.321,6.615,0.643,1.357,0.321,7.000,8.667,7.500,6.364,6.667,28,21,5,3,2,11,18,0.179,0.107,0.071,0.393,0.643,0.582,1.746,5.332,0.491,1.054,0.200,6.000,6.167,7.250,4.253,4.967,4,2.000,-4.536,1.986,-9.010
81,2021-01-22,2021-02-04,10,cdu/csu,34.000,35.000,-1.000,1.000,0.088,0.264,2.789,0.034,0.207,0.023,2.846,3.667,1.250,3.071,2.231,13,3,4,28,26,87,49,631.632,True,False,4.000,CDU/CSU,0.149,0.034,0.046,0.322,0.299,262,47,8,17,97,70,0.050,0.011,0.015,0.107,0.099,0.277,0.375,0.235,0.289,0.371,Regierung,1.000,0.000,19.000,WP19,2021,1,13,0.783,2.350,5.851,0.775,1.375,0.200,7.571,7.500,8.333,5.235,6.650,40,29,7,2,3,17,20,0.175,0.050,0.075,0.425,0.500,0.695,2.086,3.061,0.741,1.168,0.177,4.725,3.833,7.083,2.164,4.419,0,1.000,-4.536,0.986,-4.474
81,2021-01-22,2021-02-04,10,fdp,7.000,7.000,0.000,0.000,0.270,0.811,1.826,0.108,0.649,0.054,3.167,2.000,,1.462,1.500,6,1,0,13,8,37,23,568.324,True,False,3.000,FDP,0.162,0.027,0.000,0.351,0.216,262,47,8,17,97,70,0.023,0.004,0.000,0.050,0.031,0.128,0.125,0.000,0.134,0.114,Opposition,0.000,1.000,19.000,WP19,2021,1,13,0.783,2.350,5.851,0.775,1.375,0.200,7.571,7.500,8.333,5.235,6.650,40,29,7,2,3,17,20,0.175,0.050,0.075,0.425,0.500,0.513,1.539,4.024,0.667,0.726,0.146,4.405,5.500,,3.774,5.150,1,-0.000,-4.536,-0.014,0.062
81,2021-01-22,2021-02-04,10,grüne,21.000,21.000,0.000,0.000,0.287,0.861,0.948,0.167,0.639,0.056,0.500,2.000,1.500,1.154,0.667,8,1,2,13,9,36,24,502.722,True,False,1.000,Bündnis 90/Die Grünen,0.222,0.028,0.056,0.361,0.250,262,47,8,17,97,70,0.031,0.004,0.008,0.050,0.034,0.170,0.125,0.118,0.134,0.129,Opposition,0.000,1.000,19.000,WP19,2021,1,13,0.783,2.350,5.851,0.775,1.375,0.200,7.571,7.500,8.333,5.235,6.650,40,29,7,2,3,17,20,0.175,0.050,0.075,0.425,0.500,0.496,1.489,4.903,0.608,0.736,0.144,7.071,5.500,6.833,4.081,5.983,2,-0.000,-4.536,-0.014,0.062
81,2021-01-22,2021-02-04,10,linke,6.000,7.000,-1.000,1.000,0.505,1.514,1.408,0.432,0.973,0.108,1.429,2.000,0.833,1.467,1.083,7,1,6,15,12,37,28,508.946,True,False,0.000,Die Linke,0.189,0.027,0.162,0.405,0.324,262,47,8,17,97,70,0.027,0.004,0.023,0.057,0.046,0.149,0.125,0.353,0.155,0.171,Opposition,0.000,1.000,19.000,WP19,2021,1,13,0.783,2.350,5.851,0.775,1.375,0.200,7.571,7.500,8.333,5.235,6.650,40,29,7,2,3,17,20,0.175,0.050,0.075,0.425,0.500,0.279,0.836,4.443,0.343,0.402,0.092,6.143,5.500,7.500,3.769,5.567,3,1.000,-4.536,0.986,-4.474
81,2021-01-22,2021-02-04,10,spd,15.000,14.000,1.000,1.000,0.082,0.246,1.233,0.046,0.138,0.062,1.231,4.500,1.000,1.321,0.933,13,2,5,28,15,65,45,592.662,True,False,2.000,SPD,0.200,0.031,0.077,0.431,0.231,262,47,8,17,97,70,0.050,0.008,0.019,0.107,0.057,0.277,0.250,0.294,0.289,0.214,Regierung,1.000,0.000,19.000,WP19,2021,1,13,0.783,2.350,5.851,0.775,1.375,0.200,7.571,7.500,8.333,5.235,6.650,40,29,7,2,3,17,20,0.175,0.050,0.075,0.425,0.500,0.701,2.104,4.617,0.729,1.237,0.138,6.341,3.000,7.333,3.914,5.717,4,-1.000,-4.536,-1.014,4.598
82,2021-02-04,2021-02-19,10,cdu/csu,34.000,34.000,0.000,0.000,0.135,0.405,2.264,0.051,0.253,0.101,2.750,3.600,0.000,2.556,1.767,4,5,1,27,30,79,46,730.215,True,False,4.000,CDU/CSU,0.051,0.063,0.013,0.342,0.380,220,24,21,12,83,82,0.018,0.023,0.005,0.123,0.136,0.167,0.238,0.083,0.325,0.366,Regierung,1.000,0.000,19.000,WP19,2021,2,15,0.778,2.333,5.972,0.818,1.333,0.182,7.500,7.000,5.500,5.941,5.958,33,30,6,3,2,17,24,0.182,0.091,0.061,0.515,0.727,0.643,1.928,3.708,0.768,1.080,0.081,4.750,3.400,5.500,3.386,4.192,0,-0.000,-4.536,-0.014,0.062
82,2021-02-04,2021-02-19,10,fdp,8.000,7.000,1.000,1.000,0.242,0.727,1.750,0.152,0.545,0.030,4.333,2.500,1.500,1.545,1.556,3,2,2,11,9,33,19,557.455,True,False,3.000,FDP,0.091,0.061,0.061,0.333,0.273,220,24,21,12,83,82,0.014,0.009,0.009,0.050,0.041,0.125,0.095,0.167,0.133,0.110,Opposition,0.000,1.000,19.000,WP19,2021,2,15,0.778,2.333,5.972,0.818,1.333,0.182,7.500,7.000,5.500,5.941,5.958,33,30,6,3,2,17,24,0.182,0.091,0.061,0.515,0.727,0.535,1.606,4.222,0.667,0.788,0.152,3.167,4.500,4.000,4.396,4.403,1,-1.000,-4.536,-1.014,4.598
82,2021-02-04,2021-02-19,10,grüne,21.000,21.000,0.000,0.000,0.367,1.100,1.323,0.300,0.733,0.067,0.625,0.333,0.000,1.769,0.818,8,3,2,13,11,30,24,566.300,True,False,1.000,Bündnis 90/Die Grünen,0.267,0.100,0.067,0.433,0.367,220,24,21,12,83,82,0.036,0.014,0.009,0.059,0.050,0.333,0.143,0.167,0.157,0.134,Opposition,0.000,1.000,19.000,WP19,2021,2,15,0.778,2.333,5.972,0.818,1.333,0.182,7.500,7.000,5.500,5.941,5.958,33,30,6,3,2,17,24,0.182,0.091,0.061,0.515,0.727,0.411,1.233,4.649,0.518,0.600,0.115,6.875,6.667,5.500,4.172,5.140,2,-0.000,-4.536,-0.014,0.062
82,2021-02-04,2021-02-19,10,linke,6.000,6.000,0.000,0.000,0.483,1.448,0.984,0.517,0.828,0.103,0.750,1.200,0.250,1.500,0.727,4,5,4,10,11,29,21,541.621,True,False,0.000,Die Linke,0.138,0.172,0.138,0.345,0.379,220,24,21,12,83,82,0.018,0.023,0.018,0.045,0.050,0.167,0.238,0.333,0.120,0.134,Opposition,0.000,1.000,19.000,WP19,2021,2,15,0.778,2.333,5.972,0.818,1.333,0.182,7.500,7.000,5.500,5.941,5.958,33,30,6,3,2,17,24,0.182,0.091,0.061,0.515,0.727,0.295,0.885,4.988,0.301,0.506,0.078,6.750,5.800,5.250,4.441,5.231,3,-0.000,-4.536,-0.014,0.062
82,2021-02-04,2021-02-19,10,spd,15.000,15.000,0.000,0.000,0.102,0.306,1.402,0.102,0.184,0.020,1.400,1.833,1.000,1.545,0.952,5,6,3,22,21,49,35,689.531,True,False,2.000,SPD,0.102,0.122,0.061,0.449,0.429,220,24,21,12,83,82,0.023,0.027,0.014,0.100,0.095,0.208,0.286,0.250,0.265,0.256,Regierung,1.000,0.000,19.000,WP19,2021,2,15,0.778,2.333,5.972,0.818,1.333,0.182,7.500,7.000,5.500,5.941,5.958,33,30,6,3,2,17,24,0.182,0.091,0.061,0.515,0.727,0.676,2.027,4.570,0.716,1.150,0.161,6.100,5.167,4.500,4.396,5.006,4,-0.000,-4.536,-0.014,0.062
83,2021-02-19,2021-03-04,11,cdu/csu,33.000,34.000,-1.000,1.000,0.114,0.341,2.247,0.049,0.220,0.073,3.667,3.571,1.818,3.000,1.531,9,7,11,19,32,82,52,686.000,True,False,4.000,CDU/CSU,0.110,0.085,0.134,0.232,0.390,245,33,13,32,74,91,0.037,0.029,0.045,0.078,0.131,0.273,0.538,0.344,0.257,0.352,Regierung,1.000,0.000,19.000,WP19,2021,2,13,0.803,2.410,6.409,0.795,1.359,0.256,7.000,8.143,8.833,5.708,7.524,39,32,7,7,6,24,21,0.179,0.179,0.154,0.615,0.538,0.690,2.069,4.162,0.746,1.139,0.183,3.333,4.571,7.015,2.708,5.993,0,1.000,-3.536,0.986,-3.488
83,2021-02-19,2021-03-04,11,fdp,8.000,8.000,0.000,0.000,0.254,0.762,2.032,0.238,0.476,0.048,4.000,1.000,1.250,1.786,1.188,6,1,4,14,16,42,31,523.214,True,False,3.000,FDP,0.143,0.024,0.095,0.333,0.381,245,33,13,32,74,91,0.024,0.004,0.016,0.057,0.065,0.182,0.077,0.125,0.189,0.176,Opposition,0.000,1.000,19.000,WP19,2021,2,13,0.803,2.410,6.409,0.795,1.359,0.256,7.000,8.143,8.833,5.708,7.524,39,32,7,7,6,24,21,0.179,0.179,0.154,0.615,0.538,0.549,1.648,4.377,0.557,0.883,0.209,3.000,7.143,7.583,3.923,6.336,1,-0.000,-3.536,-0.014,0.048
83,2021-02-19,2021-03-04,11,grüne,20.000,21.000,-1.000,1.000,0.265,0.794,1.427,0.206,0.529,0.059,1.286,1.000,0.200,2.000,0.917,7,1,5,14,12,34,25,547.765,True,False,1.000,Bündnis 90/Die Grünen,0.206,0.029,0.147,0.412,0.353,245,33,13,32,74,91,0.029,0.004,0.020,0.057,0.049,0.212,0.077,0.156,0.189,0.132,Opposition,0.000,1.000,19.000,WP19,2021,2,13,0.803,2.410,6.409,0.795,1.359,0.256,7.000,8.143,8.833,5.708,7.524,39,32,7,7,6,24,21,0.179,0.179,0.154,0.615,0.538,0.539,1.616,4.982,0.589,0.830,0.198,5.714,7.143,8.633,3.708,6.607,2,1.000,-3.536,0.986,-3.488
83,2021-02-19,2021-03-04,11,linke,6.000,6.000,0.000,0.000,0.569,1.706,1.526,0.588,1.059,0.059,0.250,5.000,0.600,1.455,1.733,4,2,5,11,15,34,26,506.794,True,False,0.000,Die Linke,0.118,0.059,0.147,0.324,0.441,245,33,13,32,74,91,0.016,0.008,0.020,0.045,0.061,0.121,0.154,0.156,0.149,0.165,Opposition,0.000,1.000,19.000,WP19,2021,2,13,0.803,2.410,6.409,0.795,1.359,0.256,7.000,8.143,8.833,5.708,7.524,39,32,7,7,6,24,21,0.179,0.179,0.154,0.615,0.538,0.235,0.704,4.883,0.207,0.300,0.198,6.750,3.143,8.233,4.254,5.790,3,-0.000,-3.536,-0.014,0.048
83,2021-02-19,2021-03-04,11,spd,16.000,15.000,1.000,1.000,0.157,0.472,0.814,0.170,0.283,0.019,1.000,0.000,0.714,1.062,0.562,7,2,7,16,16,53,34,640.792,True,False,2.000,SPD,0.132,0.038,0.132,0.302,0.302,245,33,13,32,74,91,0.029,0.008,0.029,0.065,0.065,0.212,0.154,0.219,0.216,0.176,Regierung,1.000,0.000,19.000,WP19,2021,2,13,0.803,2.410,6.409,0.795,1.359,0.256,7.000,8.143,8.833,5.708,7.524,39,32,7,7,6,24,21,0.179,0.179,0.154,0.615,0.538,0.646,1.939,5.595,0.625,1.076,0.238,6.000,8.143,8.119,4.646,6.961,4,-1.000,-3.536,-1.014,3.584
84,2021-03-04,2021-03-19,11,cdu/csu,33.000,33.000,0.000,0.000,0.140,0.420,2.634,0.086,0.296,0.037,2.750,5.250,2.400,2.630,1.389,12,4,10,27,18,81,46,663.901,True,False,4.000,CDU/CSU,0.148,0.049,0.123,0.333,0.222,231,43,14,29,79,54,0.052,0.017,0.043,0.117,0.078,0.279,0.286,0.345,0.342,0.333,Regierung,1.000,0.000,19.000,WP19,2021,3,15,1.019,3.057,6.687,1.057,1.514,0.486,9.200,8.625,7.750,6.158,7.200,35,29,5,8,8,19,20,0.143,0.229,0.229,0.543,0.571,0.879,2.637,4.053,0.971,1.218,0.449,6.450,3.375,5.350,3.528,5.811,0,-0.000,-3.536,-0.014,0.048
84,2021-03-04,2021-03-19,11,fdp,7.000,8.000,-1.000,1.000,0.380,1.139,2.417,0.278,0.722,0.139,4.600,1.000,1.250,2.071,1.800,5,2,4,14,10,36,24,483.333,True,False,3.000,FDP,0.139,0.056,0.111,0.389,0.278,231,43,14,29,79,54,0.022,0.009,0.017,0.061,0.043,0.116,0.143,0.138,0.177,0.185,Opposition,0.000,1.000,19.000,WP19,2021,3,15,1.019,3.057,6.687,1.057,1.514,0.486,9.200,8.625,7.750,6.158,7.200,35,29,5,8,8,19,20,0.143,0.229,0.229,0.543,0.571,0.639,1.918,4.270,0.779,0.792,0.347,4.600,7.625,6.500,4.086,5.400,1,1.000,-3.536,0.986,-3.488
84,2021-03-04,2021-03-19,11,grüne,20.000,20.000,0.000,0.000,0.263,0.788,1.444,0.182,0.606,0.000,0.600,2.667,0.667,1.727,0.857,10,3,3,11,7,33,24,559.697,True,False,1.000,Bündnis 90/Die Grünen,0.303,0.091,0.091,0.333,0.212,231,43,14,29,79,54,0.043,0.013,0.013,0.048,0.030,0.233,0.214,0.103,0.139,0.130,Opposition,0.000,1.000,19.000,WP19,2021,3,15,1.019,3.057,6.687,1.057,1.514,0.486,9.200,8.625,7.750,6.158,7.200,35,29,5,8,8,19,20,0.143,0.229,0.229,0.543,0.571,0.756,2.269,5.242,0.875,0.908,0.486,8.600,5.958,7.083,4.431,6.343,2,-0.000,-3.536,-0.014,0.048
84,2021-03-04,2021-03-19,11,linke,7.000,6.000,1.000,1.000,0.448,1.344,1.542,0.406,0.812,0.125,1.429,10.000,0.167,1.364,2.500,7,1,6,11,8,32,24,483.906,True,False,0.000,Die Linke,0.219,0.031,0.188,0.344,0.250,231,43,14,29,79,54,0.030,0.004,0.026,0.048,0.035,0.163,0.071,0.207,0.139,0.148,Opposition,0.000,1.000,19.000,WP19,2021,3,15,1.019,3.057,6.687,1.057,1.514,0.486,9.200,8.625,7.750,6.158,7.200,35,29,5,8,8,19,20,0.143,0.229,0.229,0.543,0.571,0.571,1.713,5.145,0.651,0.702,0.361,7.771,1.375,7.583,4.794,4.700,3,-1.000,-3.536,-1.014,3.584
84,2021-03-04,2021-03-19,11,spd,16.000,16.000,0.000,0.000,0.231,0.694,1.408,0.163,0.449,0.082,1.889,2.000,0.333,1.188,0.909,9,4,6,16,11,49,29,655.776,True,False,2.000,SPD,0.184,0.082,0.122,0.327,0.224,231,43,14,29,79,54,0.039,0.017,0.026,0.069,0.048,0.209,0.286,0.207,0.203,0.204,Regierung,1.000,0.000,19.000,WP19,2021,3,15,1.019,3.057,6.687,1.057,1.514,0.486,9.200,8.625,7.750,6.158,7.200,35,29,5,8,8,19,20,0.143,0.229,0.229,0.543,0.571,0.788,2.363,5.279,0.894,1.065,0.404,7.311,6.625,7.417,4.970,6.291,4,-0.000,-3.536,-0.014,0.048
85,2021-03-19,2021-04-01,11,cdu/csu,29.000,33.000,-4.000,4.000,0.071,0.214,1.819,0.051,0.133,0.031,1.611,4.750,0.923,2.375,1.564,18,8,13,32,39,98,68,634.571,True,False,4.000,CDU/CSU,0.184,0.082,0.133,0.327,0.398,323,55,23,45,95,127,0.056,0.025,0.040,0.099,0.121,0.327,0.348,0.289,0.337,0.307,Regierung,1.000,0.000,19.000,WP19,2021,3,13,0.841,2.522,6.531,0.848,1.413,0.261,6.125,8.333,7.455,6.043,7.300,46,38,8,6,11,23,30,0.174,0.130,0.239,0.500,0.652,0.769,2.307,4.712,0.797,1.280,0.230,4.514,3.583,6.531,3.668,5.736,0,4.000,-3.536,3.986,-14.096
85,2021-03-19,2021-04-01,11,fdp,9.000,7.000,2.000,2.000,0.257,0.772,2.496,0.070,0.649,0.053,2.571,4.333,1.000,1.615,2.656,7,3,4,13,32,57,46,479.789,True,False,3.000,FDP,0.123,0.053,0.070,0.228,0.561,323,55,23,45,95,127,0.022,0.009,0.012,0.040,0.099,0.127,0.130,0.089,0.137,0.252,Opposition,0.000,1.000,19.000,WP19,2021,3,13,0.841,2.522,6.531,0.848,1.413,0.261,6.125,8.333,7.455,6.043,7.300,46,38,8,6,11,23,30,0.174,0.130,0.239,0.500,0.652,0.583,1.750,4.034,0.778,0.764,0.208,3.554,4.000,6.455,4.428,4.644,1,-2.000,-3.536,-2.014,7.121
85,2021-03-19,2021-04-01,11,grüne,20.000,20.000,0.000,0.000,0.252,0.755,1.117,0.189,0.528,0.038,0.923,1.800,0.571,1.067,0.955,13,5,7,15,22,53,40,480.189,True,False,1.000,Bündnis 90/Die Grünen,0.245,0.094,0.132,0.283,0.415,323,55,23,45,95,127,0.040,0.015,0.022,0.046,0.068,0.236,0.217,0.156,0.158,0.173,Opposition,0.000,1.000,19.000,WP19,2021,3,13,0.841,2.522,6.531,0.848,1.413,0.261,6.125,8.333,7.455,6.043,7.300,46,38,8,6,11,23,30,0.174,0.130,0.239,0.500,0.652,0.589,1.767,5.414,0.659,0.885,0.223,5.202,6.533,6.883,4.977,6.345,2,-0.000,-3.536,-0.014,0.048
85,2021-03-19,2021-04-01,11,linke,7.000,7.000,0.000,0.000,0.413,1.238,1.378,0.333,0.833,0.071,1.000,0.500,0.500,1.000,2.000,9,2,6,11,14,42,30,486.119,True,False,0.000,Die Linke,0.214,0.048,0.143,0.262,0.333,323,55,23,45,95,127,0.028,0.006,0.019,0.034,0.043,0.164,0.087,0.133,0.116,0.110,Opposition,0.000,1.000,19.000,WP19,2021,3,13,0.841,2.522,6.531,0.848,1.413,0.261,6.125,8.333,7.455,6.043,7.300,46,38,8,6,11,23,30,0.174,0.130,0.239,0.500,0.652,0.428,1.284,5.153,0.514,0.580,0.189,5.125,7.833,6.955,5.043,5.300,3,-0.000,-3.536,-0.014,0.048
85,2021-03-19,2021-04-01,11,spd,17.000,16.000,1.000,1.000,0.110,0.329,0.911,0.027,0.247,0.055,1.500,2.400,0.733,0.667,0.750,8,5,15,24,20,73,43,586.616,True,False,2.000,SPD,0.110,0.068,0.205,0.329,0.274,323,55,23,45,95,127,0.025,0.015,0.046,0.074,0.062,0.145,0.217,0.333,0.253,0.157,Regierung,1.000,0.000,19.000,WP19,2021,3,13,0.841,2.522,6.531,0.848,1.413,0.261,6.125,8.333,7.455,6.043,7.300,46,38,8,6,11,23,30,0.174,0.130,0.239,0.500,0.652,0.731,2.193,5.620,0.820,1.166,0.206,4.625,5.933,6.721,5.377,6.550,4,-1.000,-3.536,-1.014,3.584
86,2021-04-01,2021-04-16,11,cdu/csu,27.000,29.000,-2.000,2.000,0.048,0.145,1.750,0.018,0.091,0.036,1.733,3.000,0.727,2.350,1.333,15,1,11,20,18,55,40,639.109,True,False,4.000,CDU/CSU,0.273,0.018,0.200,0.364,0.327,171,48,5,29,54,50,0.088,0.006,0.064,0.117,0.105,0.312,0.200,0.379,0.370,0.360,Regierung,1.000,0.000,19.000,WP19,2021,4,15,0.828,2.483,7.278,0.828,1.345,0.310,7.600,8.500,8.571,7.071,7.688,29,21,5,4,7,14,16,0.172,0.138,0.241,0.483,0.552,0.779,2.337,5.528,0.809,1.254,0.274,5.867,5.500,7.844,4.721,6.354,0,2.000,-3.536,1.986,-7.024
86,2021-04-01,2021-04-16,11,fdp,9.000,9.000,0.000,0.000,0.111,0.333,1.689,0.000,0.333,0.000,2.000,,0.800,1.250,1.143,6,0,5,8,7,27,15,471.407,True,False,3.000,FDP,0.222,0.000,0.185,0.296,0.259,171,48,5,29,54,50,0.035,0.000,0.029,0.047,0.041,0.125,0.000,0.172,0.148,0.140,Opposition,0.000,1.000,19.000,WP19,2021,4,15,0.828,2.483,7.278,0.828,1.345,0.310,7.600,8.500,8.571,7.071,7.688,29,21,5,4,7,14,16,0.172,0.138,0.241,0.483,0.552,0.716,2.149,5.589,0.828,1.011,0.310,5.600,,7.771,5.821,6.545,1,-0.000,-3.536,-0.014,0.048
86,2021-04-01,2021-04-16,11,grüne,22.000,20.000,2.000,2.000,0.213,0.640,1.139,0.120,0.480,0.040,1.000,,0.000,1.250,1.375,9,0,4,8,8,25,18,499.520,True,False,1.000,Bündnis 90/Die Grünen,0.360,0.000,0.160,0.320,0.320,171,48,5,29,54,50,0.053,0.000,0.023,0.047,0.047,0.188,0.000,0.138,0.148,0.160,Opposition,0.000,1.000,19.000,WP19,2021,4,15,0.828,2.483,7.278,0.828,1.345,0.310,7.600,8.500,8.571,7.071,7.688,29,21,5,4,7,14,16,0.172,0.138,0.241,0.483,0.552,0.614,1.843,6.139,0.708,0.865,0.270,6.600,,8.571,5.821,6.312,2,-2.000,-3.536,-2.014,7.121
86,2021-04-01,2021-04-16,11,linke,7.000,7.000,0.000,0.000,0.400,1.200,1.132,0.320,0.840,0.040,0.571,2.500,0.000,1.500,1.667,7,2,3,8,6,25,19,455.760,True,False,0.000,Die Linke,0.280,0.080,0.120,0.320,0.240,171,48,5,29,54,50,0.041,0.012,0.018,0.047,0.035,0.146,0.400,0.103,0.148,0.120,Opposition,0.000,1.000,19.000,WP19,2021,4,15,0.828,2.483,7.278,0.828,1.345,0.310,7.600,8.500,8.571,7.071,7.688,29,21,5,4,7,14,16,0.172,0.138,0.241,0.483,0.552,0.428,1.283,6.146,0.508,0.505,0.270,7.029,6.000,8.571,5.571,6.021,3,-0.000,-3.536,-0.014,0.048
86,2021-04-01,2021-04-16,11,spd,16.000,17.000,-1.000,1.000,0.077,0.231,1.071,0.051,0.128,0.051,0.727,3.000,0.167,2.100,0.545,11,2,6,10,11,39,28,596.154,True,False,2.000,SPD,0.282,0.051,0.154,0.256,0.282,171,48,5,29,54,50,0.064,0.012,0.035,0.058,0.064,0.229,0.400,0.207,0.185,0.220,Regierung,1.000,0.000,19.000,WP19,2021,4,15,0.828,2.483,7.278,0.828,1.345,0.310,7.600,8.500,8.571,7.071,7.688,29,21,5,4,7,14,16,0.172,0.138,0.241,0.483,0.552,0.751,2.252,6.206,0.776,1.217,0.259,6.873,5.500,8.405,4.971,7.142,4,1.000,-3.536,0.986,-3.488
87,2021-04-16,2021-05-06,11,cdu/csu,28.000,27.000,1.000,1.000,0.084,0.253,2.457,0.047,0.165,0.041,2.438,2.800,2.706,2.958,1.316,16,10,17,71,57,170,116,607.465,True,False,4.000,CDU/CSU,0.094,0.059,0.100,0.418,0.335,488,56,26,62,190,148,0.033,0.020,0.035,0.145,0.117,0.286,0.385,0.274,0.374,0.385,Regierung,1.000,0.000,19.000,WP19,2021,4,20,0.743,2.228,6.209,0.772,1.190,0.266,7.846,7.875,5.818,5.903,6.694,79,57,13,16,11,31,36,0.165,0.203,0.139,0.392,0.456,0.658,1.975,3.752,0.725,1.025,0.225,5.409,5.075,3.112,2.945,5.379,0,-1.000,-3.536,-1.014,3.584
87,2021-04-16,2021-05-06,11,fdp,11.000,9.000,2.000,2.000,0.211,0.632,1.680,0.132,0.441,0.059,2.000,2.200,0.833,1.577,1.368,6,5,6,26,19,68,43,500.059,True,False,3.000,FDP,0.088,0.074,0.088,0.382,0.279,488,56,26,62,190,148,0.012,0.010,0.012,0.053,0.039,0.107,0.192,0.097,0.137,0.128,Opposition,0.000,1.000,19.000,WP19,2021,4,20,0.743,2.228,6.209,0.772,1.190,0.266,7.846,7.875,5.818,5.903,6.694,79,57,13,16,11,31,36,0.165,0.203,0.139,0.392,0.456,0.532,1.595,4.529,0.640,0.749,0.207,5.846,5.675,4.985,4.326,5.326,1,-2.000,-3.536,-2.014,7.121
87,2021-04-16,2021-05-06,11,grüne,21.000,22.000,-1.000,1.000,0.237,0.712,1.133,0.136,0.545,0.030,0.833,2.333,0.625,1.292,0.789,12,3,8,24,19,66,45,511.136,True,False,1.000,Bündnis 90/Die Grünen,0.182,0.045,0.121,0.364,0.288,488,56,26,62,190,148,0.025,0.006,0.016,0.049,0.039,0.214,0.115,0.129,0.126,0.128,Opposition,0.000,1.000,19.000,WP19,2021,4,20,0.743,2.228,6.209,0.772,1.190,0.266,7.846,7.875,5.818,5.903,6.694,79,57,13,16,11,31,36,0.165,0.203,0.139,0.392,0.456,0.505,1.516,5.076,0.636,0.644,0.236,7.013,5.542,5.193,4.612,5.905,2,1.000,-3.536,0.986,-3.488
87,2021-04-16,2021-05-06,11,linke,7.000,7.000,0.000,0.000,0.428,1.284,1.468,0.388,0.791,0.104,0.857,2.000,0.600,1.667,1.263,7,4,10,27,19,67,44,529.119,True,False,0.000,Die Linke,0.104,0.060,0.149,0.403,0.284,488,56,26,62,190,148,0.014,0.008,0.020,0.055,0.039,0.125,0.154,0.161,0.142,0.128,Opposition,0.000,1.000,19.000,WP19,2021,4,20,0.743,2.228,6.209,0.772,1.190,0.266,7.846,7.875,5.818,5.903,6.694,79,57,13,16,11,31,36,0.165,0.203,0.139,0.392,0.456,0.315,0.944,4.741,0.384,0.399,0.161,6.989,5.875,5.218,4.237,5.431,3,-0.000,-3.536,-0.014,0.048
87,2021-04-16,2021-05-06,11,spd,15.000,16.000,-1.000,1.000,0.140,0.419,1.435,0.120,0.248,0.051,1.067,3.000,1.048,1.595,1.235,15,4,21,42,34,117,79,565.128,True,False,2.000,SPD,0.128,0.034,0.179,0.359,0.291,488,56,26,62,190,148,0.031,0.008,0.043,0.086,0.070,0.268,0.154,0.339,0.221,0.230,Regierung,1.000,0.000,19.000,WP19,2021,4,20,0.743,2.228,6.209,0.772,1.190,0.266,7.846,7.875,5.818,5.903,6.694,79,57,13,16,11,31,36,0.165,0.203,0.139,0.392,0.456,0.603,1.809,4.774,0.652,0.942,0.215,6.779,4.875,4.771,4.308,5.459,4,1.000,-3.536,0.986,-3.488
88,2021-05-06,2021-05-14,12,cdu/csu,23.000,28.000,-5.000,5.000,0.124,0.373,2.569,0.096,0.229,0.048,2.824,7.000,1.000,3.171,1.345,17,2,2,35,29,83,58,592.265,True,False,4.000,CDU/CSU,0.205,0.024,0.024,0.422,0.349,242,51,5,10,101,72,0.070,0.008,0.008,0.145,0.120,0.333,0.400,0.200,0.347,0.403,Regierung,1.000,0.000,19.000,WP19,2021,5,8,0.793,2.378,6.509,0.757,1.432,0.189,8.600,10.000,8.167,6.375,6.778,37,29,10,2,6,16,18,0.270,0.054,0.162,0.432,0.486,0.668,2.005,3.940,0.660,1.204,0.141,5.776,3.000,7.167,3.204,5.433,0,5.000,-2.536,4.986,-12.646
88,2021-05-06,2021-05-14,12,fdp,11.000,11.000,0.000,0.000,0.286,0.857,2.167,0.171,0.629,0.057,3.333,4.500,1.000,1.875,1.545,6,2,1,16,11,35,26,521.429,True,False,3.000,FDP,0.171,0.057,0.029,0.457,0.314,242,51,5,10,101,72,0.025,0.008,0.004,0.066,0.045,0.118,0.400,0.100,0.158,0.153,Opposition,0.000,1.000,19.000,WP19,2021,5,8,0.793,2.378,6.509,0.757,1.432,0.189,8.600,10.000,8.167,6.375,6.778,37,29,10,2,6,16,18,0.270,0.054,0.162,0.432,0.486,0.507,1.521,4.342,0.585,0.804,0.132,5.267,5.500,7.167,4.500,5.232,1,-0.000,-2.536,-0.014,0.035
88,2021-05-06,2021-05-14,12,grüne,26.000,21.000,5.000,5.000,0.225,0.676,1.474,0.118,0.529,0.029,2.000,,1.000,1.600,1.111,10,0,1,15,9,34,26,482.765,True,False,1.000,Bündnis 90/Die Grünen,0.294,0.000,0.029,0.441,0.265,242,51,5,10,101,72,0.041,0.000,0.004,0.062,0.037,0.196,0.000,0.100,0.149,0.125,Opposition,0.000,1.000,19.000,WP19,2021,5,8,0.793,2.378,6.509,0.757,1.432,0.189,8.600,10.000,8.167,6.375,6.778,37,29,10,2,6,16,18,0.270,0.054,0.162,0.432,0.486,0.567,1.702,5.034,0.639,0.903,0.160,6.600,,7.167,4.775,5.667,2,-5.000,-2.536,-5.014,12.715
88,2021-05-06,2021-05-14,12,linke,6.000,7.000,-1.000,1.000,0.465,1.394,1.278,0.424,0.909,0.061,1.000,,0.500,1.467,1.100,6,0,2,15,10,33,24,483.576,True,False,0.000,Die Linke,0.182,0.000,0.061,0.455,0.303,242,51,5,10,101,72,0.025,0.000,0.008,0.062,0.041,0.118,0.000,0.200,0.149,0.139,Opposition,0.000,1.000,19.000,WP19,2021,5,8,0.793,2.378,6.509,0.757,1.432,0.189,8.600,10.000,8.167,6.375,6.778,37,29,10,2,6,16,18,0.270,0.054,0.162,0.432,0.486,0.328,0.984,5.231,0.333,0.523,0.129,7.600,,7.667,4.908,5.678,3,1.000,-2.536,0.986,-2.502
88,2021-05-06,2021-05-14,12,spd,14.000,15.000,-1.000,1.000,0.152,0.456,1.662,0.105,0.246,0.105,1.500,0.000,0.750,2.150,0.923,12,1,4,20,13,57,34,578.561,True,False,2.000,SPD,0.211,0.018,0.070,0.351,0.228,242,51,5,10,101,72,0.050,0.004,0.017,0.083,0.054,0.235,0.200,0.400,0.198,0.181,Regierung,1.000,0.000,19.000,WP19,2021,5,8,0.793,2.378,6.509,0.757,1.432,0.189,8.600,10.000,8.167,6.375,6.778,37,29,10,2,6,16,18,0.270,0.054,0.162,0.432,0.486,0.641,1.922,4.847,0.651,1.187,0.084,7.100,10.000,7.417,4.225,5.855,4,1.000,-2.536,0.986,-2.502
89,2021-05-14,2021-06-10,11,cdu/csu,24.000,23.000,1.000,1.000,0.127,0.381,2.109,0.079,0.198,0.103,2.522,4.417,1.714,1.909,1.707,23,12,14,33,41,126,84,643.944,True,False,4.000,CDU/CSU,0.183,0.095,0.111,0.262,0.325,434,85,30,87,157,107,0.053,0.028,0.032,0.076,0.094,0.271,0.400,0.161,0.210,0.383,Regierung,1.000,0.000,19.000,WP19,2021,5,27,0.856,2.567,6.666,0.851,1.388,0.328,8.588,9.000,8.900,5.886,7.238,67,61,17,9,10,35,42,0.254,0.134,0.149,0.522,0.627,0.729,2.186,4.557,0.771,1.190,0.225,6.066,4.583,7.186,3.977,5.531,0,-1.000,-3.536,-1.014,3.584
89,2021-05-14,2021-06-10,11,fdp,12.000,11.000,1.000,1.000,0.219,0.656,1.950,0.109,0.438,0.109,2.300,3.500,0.714,1.632,1.647,10,4,7,19,17,64,40,474.500,True,False,3.000,FDP,0.156,0.062,0.109,0.297,0.266,434,85,30,87,157,107,0.023,0.009,0.016,0.044,0.039,0.118,0.133,0.080,0.121,0.159,Opposition,0.000,1.000,19.000,WP19,2021,5,27,0.856,2.567,6.666,0.851,1.388,0.328,8.588,9.000,8.900,5.886,7.238,67,61,17,9,10,35,42,0.254,0.134,0.149,0.522,0.627,0.637,1.911,4.716,0.741,0.951,0.219,6.288,5.500,8.186,4.254,5.591,1,-1.000,-3.536,-1.014,3.584
89,2021-05-14,2021-06-10,11,grüne,25.000,26.000,-1.000,1.000,0.250,0.750,1.183,0.196,0.518,0.036,1.200,2.200,0.286,1.368,0.750,15,5,7,19,16,56,42,525.696,True,False,1.000,Bündnis 90/Die Grünen,0.268,0.089,0.125,0.339,0.286,434,85,30,87,157,107,0.035,0.012,0.016,0.044,0.037,0.176,0.167,0.080,0.121,0.150,Opposition,0.000,1.000,19.000,WP19,2021,5,27,0.856,2.567,6.666,0.851,1.388,0.328,8.588,9.000,8.900,5.886,7.238,67,61,17,9,10,35,42,0.254,0.134,0.149,0.522,0.627,0.606,1.817,5.483,0.654,0.870,0.293,7.388,6.800,8.614,4.517,6.488,2,1.000,-3.536,0.986,-3.488
89,2021-05-14,2021-06-10,11,linke,7.000,6.000,1.000,1.000,0.357,1.071,1.355,0.357,0.679,0.036,0.846,4.200,0.900,0.812,2.222,13,5,10,16,9,56,38,493.250,True,False,0.000,Die Linke,0.232,0.089,0.179,0.286,0.161,434,85,30,87,157,107,0.030,0.012,0.023,0.037,0.021,0.153,0.167,0.115,0.102,0.084,Opposition,0.000,1.000,19.000,WP19,2021,5,27,0.856,2.567,6.666,0.851,1.388,0.328,8.588,9.000,8.900,5.886,7.238,67,61,17,9,10,35,42,0.254,0.134,0.149,0.522,0.627,0.499,1.496,5.311,0.494,0.709,0.293,7.742,4.800,8.000,5.073,5.016,3,-1.000,-3.536,-1.014,3.584
89,2021-05-14,2021-06-10,11,spd,15.000,14.000,1.000,1.000,0.136,0.409,1.136,0.083,0.288,0.038,1.292,4.500,0.857,0.900,1.417,24,4,49,70,24,132,103,601.250,True,False,2.000,SPD,0.182,0.030,0.371,0.530,0.182,434,85,30,87,157,107,0.055,0.009,0.113,0.161,0.055,0.282,0.133,0.563,0.446,0.224,Regierung,1.000,0.000,19.000,WP19,2021,5,27,0.856,2.567,6.666,0.851,1.388,0.328,8.588,9.000,8.900,5.886,7.238,67,61,17,9,10,35,42,0.254,0.134,0.149,0.522,0.627,0.719,2.158,5.530,0.767,1.100,0.290,7.297,4.500,8.043,4.986,5.821,4,-1.000,-3.536,-1.014,3.584
90,2021-06-10,2021-06-25,12,cdu/csu,28.000,24.000,4.000,4.000,0.123,0.368,3.141,0.091,0.215,0.062,3.387,4.368,2.250,3.340,2.339,62,19,12,53,59,209,140,629.746,True,False,4.000,CDU/CSU,0.297,0.091,0.057,0.254,0.282,563,148,60,59,159,163,0.110,0.034,0.021,0.094,0.105,0.419,0.317,0.203,0.333,0.362,Regierung,1.000,0.000,19.000,WP19,2021,6,15,0.747,2.241,7.062,0.646,1.291,0.304,7.833,8.786,8.467,6.214,7.780,79,55,18,14,15,28,41,0.228,0.177,0.190,0.354,0.519,0.624,1.872,3.921,0.555,1.076,0.242,4.446,4.417,6.217,2.875,5.442,0,-4.000,-2.536,-4.014,10.179
90,2021-06-10,2021-06-25,12,fdp,12.000,12.000,0.000,0.000,0.249,0.747,2.903,0.114,0.582,0.051,4.824,4.111,1.200,2.273,2.481,17,9,5,22,27,79,50,505.304,True,False,3.000,FDP,0.215,0.114,0.063,0.278,0.342,563,148,60,59,159,163,0.030,0.016,0.009,0.039,0.048,0.115,0.150,0.085,0.138,0.166,Opposition,0.000,1.000,19.000,WP19,2021,6,15,0.747,2.241,7.062,0.646,1.291,0.304,7.833,8.786,8.467,6.214,7.780,79,55,18,14,15,28,41,0.228,0.177,0.190,0.354,0.519,0.498,1.494,4.159,0.532,0.709,0.253,3.010,4.675,7.267,3.942,5.299,1,-0.000,-2.536,-0.014,0.035
90,2021-06-10,2021-06-25,12,grüne,20.000,25.000,-5.000,5.000,0.342,1.027,1.027,0.360,0.627,0.040,0.800,1.000,0.357,1.045,0.773,25,7,14,22,22,75,55,480.920,True,False,1.000,Bündnis 90/Die Grünen,0.333,0.093,0.187,0.293,0.293,563,148,60,59,159,163,0.044,0.012,0.025,0.039,0.039,0.169,0.117,0.237,0.138,0.135,Opposition,0.000,1.000,19.000,WP19,2021,6,15,0.747,2.241,7.062,0.646,1.291,0.304,7.833,8.786,8.467,6.214,7.780,79,55,18,14,15,28,41,0.228,0.177,0.190,0.354,0.519,0.405,1.214,6.035,0.286,0.664,0.264,7.033,7.786,8.110,5.169,7.008,2,5.000,-2.536,4.986,-12.646
90,2021-06-10,2021-06-25,12,linke,7.000,7.000,0.000,0.000,0.465,1.395,1.428,0.434,0.868,0.092,0.895,2.167,0.455,1.571,1.300,19,12,11,21,20,76,50,482.750,True,False,0.000,Die Linke,0.250,0.158,0.145,0.276,0.263,563,148,60,59,159,163,0.034,0.021,0.020,0.037,0.036,0.128,0.200,0.186,0.132,0.123,Opposition,0.000,1.000,19.000,WP19,2021,6,15,0.747,2.241,7.062,0.646,1.291,0.304,7.833,8.786,8.467,6.214,7.780,79,55,18,14,15,28,41,0.228,0.177,0.190,0.354,0.519,0.282,0.846,5.634,0.211,0.423,0.212,6.939,6.619,8.012,4.643,6.480,3,-0.000,-2.536,-0.014,0.035
90,2021-06-10,2021-06-25,12,spd,14.000,15.000,-1.000,1.000,0.121,0.363,1.571,0.089,0.226,0.048,1.120,2.615,0.824,1.951,1.229,25,13,17,41,35,124,82,604.855,True,False,2.000,SPD,0.202,0.105,0.137,0.331,0.282,563,148,60,59,159,163,0.044,0.023,0.030,0.073,0.062,0.169,0.217,0.288,0.258,0.215,Regierung,1.000,0.000,19.000,WP19,2021,6,15,0.747,2.241,7.062,0.646,1.291,0.304,7.833,8.786,8.467,6.214,7.780,79,55,18,14,15,28,41,0.228,0.177,0.190,0.354,0.519,0.626,1.878,5.491,0.557,1.065,0.255,6.713,6.170,7.643,4.263,6.552,4,1.000,-2.536,0.986,-2.502
91,2021-06-25,2021-07-01,12,cdu/csu,28.000,28.000,0.000,0.000,0.192,0.577,2.000,0.192,0.385,0.000,2.667,0.000,0.000,3.000,1.500,3,1,1,5,12,26,13,731.385,True,False,4.000,CDU/CSU,0.115,0.038,0.038,0.192,0.462,77,8,5,7,22,33,0.039,0.013,0.013,0.065,0.156,0.375,0.200,0.143,0.227,0.364,Regierung,1.000,0.000,19.000,WP19,2021,6,6,0.727,2.182,6.821,0.545,1.182,0.455,9.000,8.500,8.000,8.000,6.400,11,7,1,2,1,3,5,0.091,0.182,0.091,0.273,0.455,0.535,1.605,4.821,0.353,0.797,0.455,6.333,8.500,8.000,5.000,4.900,0,-0.000,-2.536,-0.014,0.035
91,2021-06-25,2021-07-01,12,fdp,11.000,12.000,-1.000,1.000,0.222,0.667,1.100,0.083,0.583,0.000,,1.500,0.000,1.250,0.500,0,2,1,4,4,12,5,516.417,True,False,3.000,FDP,0.000,0.167,0.083,0.333,0.333,77,8,5,7,22,33,0.000,0.026,0.013,0.052,0.052,0.000,0.400,0.143,0.182,0.121,Opposition,0.000,1.000,19.000,WP19,2021,6,6,0.727,2.182,6.821,0.545,1.182,0.455,9.000,8.500,8.000,8.000,6.400,11,7,1,2,1,3,5,0.091,0.182,0.091,0.273,0.455,0.505,1.515,5.721,0.462,0.598,0.455,,7.000,8.000,6.750,5.900,1,1.000,-2.536,0.986,-2.502
91,2021-06-25,2021-07-01,12,grüne,21.000,20.000,1.000,1.000,0.467,1.400,1.111,0.600,0.800,0.000,0.000,1.000,0.000,1.500,1.000,3,1,2,4,5,10,9,562.100,True,False,1.000,Bündnis 90/Die Grünen,0.300,0.100,0.200,0.400,0.500,77,8,5,7,22,33,0.039,0.013,0.026,0.052,0.065,0.375,0.200,0.286,0.182,0.152,Opposition,0.000,1.000,19.000,WP19,2021,6,6,0.727,2.182,6.821,0.545,1.182,0.455,9.000,8.500,8.000,8.000,6.400,11,7,1,2,1,3,5,0.091,0.182,0.091,0.273,0.455,0.261,0.782,5.710,0.055,0.382,0.455,9.000,7.500,8.000,6.500,5.400,2,-1.000,-2.536,-1.014,2.571
91,2021-06-25,2021-07-01,12,linke,6.000,7.000,-1.000,1.000,0.600,1.800,1.357,0.500,1.100,0.200,,2.000,1.500,1.250,1.200,0,1,2,4,5,10,7,637.700,True,False,0.000,Die Linke,0.000,0.100,0.200,0.400,0.500,77,8,5,7,22,33,0.000,0.013,0.026,0.052,0.065,0.000,0.200,0.286,0.182,0.152,Opposition,0.000,1.000,19.000,WP19,2021,6,6,0.727,2.182,6.821,0.545,1.182,0.455,9.000,8.500,8.000,8.000,6.400,11,7,1,2,1,3,5,0.091,0.182,0.091,0.273,0.455,0.127,0.382,5.464,0.045,0.082,0.255,,6.500,6.500,6.750,5.200,3,1.000,-2.536,0.986,-2.502
91,2021-06-25,2021-07-01,12,spd,15.000,14.000,1.000,1.000,0.123,0.368,0.667,0.105,0.263,0.000,0.500,,0.000,1.200,0.286,2,0,1,5,7,19,9,628.368,True,False,2.000,SPD,0.105,0.000,0.053,0.263,0.368,77,8,5,7,22,33,0.026,0.000,0.013,0.065,0.091,0.250,0.000,0.143,0.227,0.212,Regierung,1.000,0.000,19.000,WP19,2021,6,6,0.727,2.182,6.821,0.545,1.182,0.455,9.000,8.500,8.000,8.000,6.400,11,7,1,2,1,3,5,0.091,0.182,0.091,0.273,0.455,0.604,1.813,6.155,0.440,0.919,0.455,8.500,,8.000,6.800,6.114,4,-1.000,-2.536,-1.014,2.571
95,2021-08-20,2021-09-02,11,cdu/csu,23.000,27.000,-4.000,4.000,0.278,0.833,2.917,0.333,0.444,0.056,1.500,0.000,0.000,4.000,2.400,2,1,1,11,5,18,15,759.611,True,False,4.000,CDU/CSU,0.111,0.056,0.056,0.611,0.278,50,8,8,2,26,21,0.040,0.020,0.020,0.220,0.100,0.250,0.125,0.500,0.423,0.238,Regierung,1.000,0.000,19.000,WP19,2021,8,13,1.100,3.300,7.481,1.000,1.600,0.700,7.000,9.000,8.000,7.000,7.667,10,9,3,3,1,7,6,0.300,0.300,0.100,0.700,0.600,0.822,2.467,4.565,0.667,1.156,0.644,5.500,9.000,8.000,3.000,5.267,0,4.000,-3.536,3.986,-14.096
95,2021-08-20,2021-09-02,11,fdp,13.000,12.000,1.000,1.000,0.190,0.571,3.048,0.000,0.571,0.000,1.000,2.000,,4.750,0.000,3,1,0,4,1,7,7,624.714,True,False,3.000,FDP,0.429,0.143,0.000,0.571,0.143,50,8,8,2,26,21,0.060,0.020,0.000,0.080,0.020,0.375,0.125,0.000,0.154,0.048,Opposition,0.000,1.000,19.000,WP19,2021,8,13,1.100,3.300,7.481,1.000,1.600,0.700,7.000,9.000,8.000,7.000,7.667,10,9,3,3,1,7,6,0.300,0.300,0.100,0.700,0.600,0.910,2.729,4.434,1.000,1.029,0.700,6.000,7.000,,2.250,7.667,1,-1.000,-3.536,-1.014,3.584
95,2021-08-20,2021-09-02,11,grüne,17.000,19.000,-2.000,2.000,0.611,1.833,1.083,0.667,1.167,0.000,0.000,2.000,,2.500,0.500,2,1,0,2,2,6,6,779.167,True,False,1.000,Bündnis 90/Die Grünen,0.333,0.167,0.000,0.333,0.333,50,8,8,2,26,21,0.040,0.020,0.000,0.040,0.040,0.250,0.125,0.000,0.077,0.095,Opposition,0.000,1.000,19.000,WP19,2021,8,13,1.100,3.300,7.481,1.000,1.600,0.700,7.000,9.000,8.000,7.000,7.667,10,9,3,3,1,7,6,0.300,0.300,0.100,0.700,0.600,0.489,1.467,6.398,0.333,0.433,0.700,7.000,7.000,,4.500,7.167,2,2.000,-3.536,1.986,-7.024
95,2021-08-20,2021-09-02,11,linke,7.000,6.000,1.000,1.000,0.667,2.000,1.427,0.625,1.375,0.000,0.000,1.000,0.000,1.600,1.500,1,3,1,5,8,8,8,846.625,True,False,0.000,Die Linke,0.125,0.375,0.125,0.625,1.000,50,8,8,2,26,21,0.020,0.060,0.020,0.100,0.160,0.125,0.375,0.500,0.192,0.381,Opposition,0.000,1.000,19.000,WP19,2021,8,13,1.100,3.300,7.481,1.000,1.600,0.700,7.000,9.000,8.000,7.000,7.667,10,9,3,3,1,7,6,0.300,0.300,0.100,0.700,0.600,0.433,1.300,6.054,0.375,0.225,0.700,7.000,8.000,8.000,5.400,6.167,3,-1.000,-3.536,-1.014,3.584
95,2021-08-20,2021-09-02,11,spd,21.000,18.000,3.000,3.000,0.152,0.455,1.312,0.182,0.273,0.000,,2.000,,2.000,0.600,0,2,0,4,5,11,8,555.545,True,False,2.000,SPD,0.000,0.182,0.000,0.364,0.455,50,8,8,2,26,21,0.000,0.040,0.000,0.080,0.100,0.000,0.250,0.000,0.154,0.238,Regierung,1.000,0.000,19.000,WP19,2021,8,13,1.100,3.300,7.481,1.000,1.600,0.700,7.000,9.000,8.000,7.000,7.667,10,9,3,3,1,7,6,0.300,0.300,0.100,0.700,0.600,0.948,2.845,6.169,0.818,1.327,0.700,,7.000,,5.000,7.067,4,-3.000,-3.536,-3.014,10.657
96,2021-09-02,2021-09-16,12,cdu/csu,20.000,23.000,-3.000,3.000,0.333,1.000,4.214,0.444,0.556,0.000,3.667,,,4.250,5.667,3,0,0,4,3,9,7,826.333,True,False,4.000,CDU/CSU,0.333,0.000,0.000,0.444,0.333,44,11,1,6,25,13,0.068,0.000,0.000,0.091,0.068,0.273,0.000,0.000,0.160,0.231,Regierung,1.000,0.000,19.000,WP19,2021,9,14,1.167,3.500,6.317,1.167,1.667,0.667,6.667,9.500,8.500,6.600,8.667,6,6,3,2,2,5,3,0.500,0.333,0.333,0.833,0.500,0.833,2.500,2.102,0.722,1.111,0.667,3.000,,,2.350,3.000,0,3.000,-2.536,2.986,-7.574
96,2021-09-02,2021-09-16,12,fdp,13.000,13.000,0.000,0.000,0.400,1.200,3.103,0.300,0.900,0.000,1.500,,3.000,3.562,2.750,2,0,1,16,4,20,17,648.900,True,False,3.000,FDP,0.100,0.000,0.050,0.800,0.200,44,11,1,6,25,13,0.045,0.000,0.023,0.364,0.091,0.182,0.000,0.167,0.640,0.308,Opposition,0.000,1.000,19.000,WP19,2021,9,14,1.167,3.500,6.317,1.167,1.667,0.667,6.667,9.500,8.500,6.600,8.667,6,6,3,2,2,5,3,0.500,0.333,0.333,0.833,0.500,0.767,2.300,3.214,0.867,0.767,0.667,5.167,,5.500,3.038,5.917,1,-0.000,-2.536,-0.014,0.035
96,2021-09-02,2021-09-16,12,grüne,16.000,17.000,-1.000,1.000,0.417,1.250,0.550,0.500,0.750,0.000,0.667,0.000,0.000,0.000,1.000,3,1,2,1,1,4,4,983.250,True,False,1.000,Bündnis 90/Die Grünen,0.750,0.250,0.500,0.250,0.250,44,11,1,6,25,13,0.068,0.023,0.045,0.023,0.023,0.273,1.000,0.333,0.040,0.077,Opposition,0.000,1.000,19.000,WP19,2021,9,14,1.167,3.500,6.317,1.167,1.667,0.667,6.667,9.500,8.500,6.600,8.667,6,6,3,2,2,5,3,0.500,0.333,0.333,0.833,0.500,0.750,2.250,5.767,0.667,0.917,0.667,6.000,9.500,8.500,6.600,7.667,2,1.000,-2.536,0.986,-2.502
96,2021-09-02,2021-09-16,12,linke,6.000,7.000,-1.000,1.000,0.750,2.250,2.083,0.750,1.500,0.000,3.000,,2.000,2.000,2.000,1,0,1,1,3,4,3,1001.500,True,False,0.000,Die Linke,0.250,0.000,0.250,0.250,0.750,44,11,1,6,25,13,0.023,0.000,0.023,0.023,0.068,0.091,0.000,0.167,0.040,0.231,Opposition,0.000,1.000,19.000,WP19,2021,9,14,1.167,3.500,6.317,1.167,1.667,0.667,6.667,9.500,8.500,6.600,8.667,6,6,3,2,2,5,3,0.500,0.333,0.333,0.833,0.500,0.417,1.250,4.233,0.417,0.167,0.667,3.667,,6.500,4.600,6.667,3,1.000,-2.536,0.986,-2.502
96,2021-09-02,2021-09-16,12,spd,25.000,21.000,4.000,4.000,0.238,0.714,1.950,0.286,0.429,0.000,3.000,,1.000,2.333,2.000,2,0,2,3,2,7,5,622.714,True,False,2.000,SPD,0.286,0.000,0.286,0.429,0.286,44,11,1,6,25,13,0.045,0.000,0.045,0.068,0.045,0.182,0.000,0.333,0.120,0.154,Regierung,1.000,0.000,19.000,WP19,2021,9,14,1.167,3.500,6.317,1.167,1.667,0.667,6.667,9.500,8.500,6.600,8.667,6,6,3,2,2,5,3,0.500,0.333,0.333,0.833,0.500,0.929,2.786,4.367,0.881,1.238,0.667,3.667,,7.500,4.267,6.667,4,-4.000,-2.536,-4.014,10.179
97,2021-09-16,2021-10-29,11,cdu/csu,22.000,20.000,2.000,2.000,0.333,1.000,1.000,0.000,1.000,0.000,,,,2.000,0.000,0,0,0,1,1,1,1,537.000,True,False,4.000,CDU/CSU,0.000,0.000,0.000,1.000,1.000,5,0,0,2,3,2,0.000,0.000,0.000,0.200,0.200,,,0.000,0.333,0.500,Opposition,0.000,1.000,20.000,WP20,2021,9,43,1.667,5.000,7.750,2.000,2.000,1.000,,8.000,8.000,7.000,8.000,1,1,0,1,1,1,1,0.000,1.000,1.000,1.000,1.000,1.333,4.000,6.750,2.000,1.000,1.000,,,,5.000,8.000,0,-2.000,-3.536,-2.014,7.121
97,2021-09-16,2021-10-29,11,fdp,11.000,13.000,-2.000,2.000,0.000,0.000,1.000,0.000,0.000,0.000,,,,1.000,,0,0,0,1,0,1,1,653.000,True,False,3.000,FDP,0.000,0.000,0.000,1.000,0.000,5,0,0,2,3,2,0.000,0.000,0.000,0.200,0.000,,,0.000,0.333,0.000,Regierung,1.000,0.000,20.000,WP20,2021,9,43,1.667,5.000,7.750,2.000,2.000,1.000,,8.000,8.000,7.000,8.000,1,1,0,1,1,1,1,0.000,1.000,1.000,1.000,1.000,1.667,5.000,6.750,2.000,2.000,1.000,,,,6.000,,1,2.000,-3.536,1.986,-7.024
97,2021-09-16,2021-10-29,11,grüne,15.000,16.000,-1.000,1.000,0.667,2.000,3.000,0.000,1.000,1.000,,,3.000,,,0,0,1,0,0,1,1,655.000,True,False,1.000,Bündnis 90/Die Grünen,0.000,0.000,1.000,0.000,0.000,5,0,0,2,3,2,0.000,0.000,0.200,0.000,0.000,,,0.500,0.000,0.000,Regierung,1.000,0.000,20.000,WP20,2021,9,43,1.667,5.000,7.750,2.000,2.000,1.000,,8.000,8.000,7.000,8.000,1,1,0,1,1,1,1,0.000,1.000,1.000,1.000,1.000,1.000,3.000,4.750,2.000,1.000,0.000,,,5.000,,,2,1.000,-3.536,0.986,-3.488
97,2021-09-16,2021-10-29,11,linke,6.000,6.000,0.000,0.000,0.667,2.000,1.000,0.000,1.000,1.000,,,2.000,1.000,0.000,0,0,1,1,1,1,1,763.000,True,False,0.000,Die Linke,0.000,0.000,1.000,1.000,1.000,5,0,0,2,3,2,0.000,0.000,0.200,0.200,0.200,,,0.500,0.333,0.500,Opposition,0.000,1.000,20.000,WP20,2021,9,43,1.667,5.000,7.750,2.000,2.000,1.000,,8.000,8.000,7.000,8.000,1,1,0,1,1,1,1,0.000,1.000,1.000,1.000,1.000,1.000,3.000,6.750,2.000,1.000,0.000,,,6.000,6.000,8.000,3,-0.000,-3.536,-0.014,0.048
97,2021-09-16,2021-10-29,11,spd,26.000,25.000,1.000,1.000,0.000,0.000,,0.000,0.000,0.000,,,,,,0,0,0,0,0,1,0,271.000,True,False,2.000,SPD,0.000,0.000,0.000,0.000,0.000,5,0,0,2,3,2,0.000,0.000,0.000,0.000,0.000,,,0.000,0.000,0.000,Regierung,1.000,0.000,20.000,WP20,2021,9,43,1.667,5.000,7.750,2.000,2.000,1.000,,8.000,8.000,7.000,8.000,1,1,0,1,1,1,1,0.000,1.000,1.000,1.000,1.000,1.667,5.000,,2.000,2.000,1.000,,,,,,4,-1.000,-3.536,-1.014,3.584
99,2021-11-04,2021-11-26,10,cdu/csu,21.000,22.000,-1.000,1.000,0.373,1.118,3.397,0.265,0.765,0.088,3.625,5.200,,3.400,3.091,8,5,0,10,11,34,21,618.853,True,False,4.000,CDU/CSU,0.235,0.147,0.000,0.294,0.324,109,27,16,0,42,34,0.073,0.046,0.000,0.092,0.101,0.296,0.312,,0.238,0.324,Opposition,0.000,1.000,20.000,WP20,2021,11,22,0.879,2.636,7.684,0.909,1.318,0.409,7.167,9.200,7.000,7.444,8.000,22,19,6,5,1,9,11,0.273,0.227,0.045,0.409,0.500,0.506,1.519,4.287,0.644,0.553,0.321,3.542,4.000,,4.044,4.909,0,1.000,-4.536,0.986,-4.474
99,2021-11-04,2021-11-26,10,fdp,13.000,13.000,0.000,0.000,0.271,0.812,1.833,0.188,0.562,0.062,1.250,3.000,,2.286,1.000,4,2,0,7,3,16,11,613.500,True,False,3.000,FDP,0.250,0.125,0.000,0.438,0.188,109,27,16,0,42,34,0.037,0.018,0.000,0.064,0.028,0.148,0.125,,0.167,0.088,Regierung,1.000,0.000,20.000,WP20,2021,11,22,0.879,2.636,7.684,0.909,1.318,0.409,7.167,9.200,7.000,7.444,8.000,22,19,6,5,1,9,11,0.273,0.227,0.045,0.409,0.500,0.608,1.824,5.851,0.722,0.756,0.347,5.917,6.200,,5.159,7.000,1,-0.000,-4.536,-0.014,0.062
99,2021-11-04,2021-11-26,10,grüne,16.000,16.000,0.000,0.000,0.333,1.000,1.578,0.222,0.778,0.000,0.833,1.500,,2.000,0.833,6,2,0,9,6,18,15,668.444,True,False,1.000,Bündnis 90/Die Grünen,0.333,0.111,0.000,0.500,0.333,109,27,16,0,42,34,0.055,0.018,0.000,0.083,0.055,0.222,0.125,,0.214,0.176,Regierung,1.000,0.000,20.000,WP20,2021,11,22,0.879,2.636,7.684,0.909,1.318,0.409,7.167,9.200,7.000,7.444,8.000,22,19,6,5,1,9,11,0.273,0.227,0.045,0.409,0.500,0.545,1.636,6.106,0.687,0.540,0.409,6.333,7.700,,5.444,7.167,2,-0.000,-4.536,-0.014,0.062
99,2021-11-04,2021-11-26,10,linke,5.000,4.000,1.000,1.000,0.500,1.500,1.208,0.571,0.929,0.000,1.000,0.667,,1.000,0.500,2,3,0,5,4,14,8,434.929,True,False,0.000,Die Linke,0.143,0.214,0.000,0.357,0.286,109,27,16,0,42,34,0.018,0.028,0.000,0.046,0.037,0.074,0.188,,0.119,0.118,Opposition,0.000,1.000,20.000,WP20,2021,11,22,0.879,2.636,7.684,0.909,1.318,0.409,7.167,9.200,7.000,7.444,8.000,22,19,6,5,1,9,11,0.273,0.227,0.045,0.409,0.500,0.379,1.136,6.476,0.338,0.390,0.409,6.167,8.533,,6.444,7.500,3,-1.000,-4.536,-1.014,4.598
99,2021-11-04,2021-11-26,10,spd,27.000,26.000,1.000,1.000,0.284,0.852,2.175,0.148,0.630,0.074,1.143,3.500,,2.909,1.400,7,4,0,11,10,27,21,605.407,True,False,2.000,SPD,0.259,0.148,0.000,0.407,0.370,109,27,16,0,42,34,0.064,0.037,0.000,0.101,0.092,0.259,0.250,,0.262,0.294,Regierung,1.000,0.000,20.000,WP20,2021,11,22,0.879,2.636,7.684,0.909,1.318,0.409,7.167,9.200,7.000,7.444,8.000,22,19,6,5,1,9,11,0.273,0.227,0.045,0.409,0.500,0.595,1.785,5.510,0.761,0.689,0.335,6.024,5.700,,4.535,6.600,4,-1.000,-4.536,-1.014,4.598
101,2021-12-02,2021-12-10,11,cdu/csu,23.000,21.000,2.000,2.000,0.206,0.619,3.733,0.143,0.429,0.048,6.250,,,3.400,2.333,4,0,0,5,6,21,15,598.238,True,False,4.000,CDU/CSU,0.190,0.000,0.000,0.238,0.286,64,15,0,0,15,27,0.062,0.000,0.000,0.078,0.094,0.267,,,0.333,0.222,Opposition,0.000,1.000,20.000,WP20,2021,12,8,0.917,2.750,7.929,1.125,1.500,0.125,9.000,10.000,10.000,7.500,8.000,8,7,2,1,1,4,2,0.250,0.125,0.125,0.500,0.250,0.710,2.131,4.195,0.982,1.071,0.077,2.750,,,4.100,5.667,0,-2.000,-3.536,-2.014,7.121
101,2021-12-02,2021-12-10,11,fdp,12.000,13.000,-1.000,1.000,0.037,0.111,2.000,0.000,0.111,0.000,3.000,,,2.667,1.000,2,0,0,3,4,9,7,619.333,True,False,3.000,FDP,0.222,0.000,0.000,0.333,0.444,64,15,0,0,15,27,0.031,0.000,0.000,0.047,0.062,0.133,,,0.200,0.148,Regierung,1.000,0.000,20.000,WP20,2021,12,8,0.917,2.750,7.929,1.125,1.500,0.125,9.000,10.000,10.000,7.500,8.000,8,7,2,1,1,4,2,0.250,0.125,0.125,0.500,0.250,0.880,2.639,5.929,1.125,1.389,0.125,6.000,,,4.833,7.000,1,1.000,-3.536,0.986,-3.488
101,2021-12-02,2021-12-10,11,grüne,17.000,17.000,0.000,0.000,0.167,0.500,1.500,0.000,0.500,0.000,1.000,,,3.500,0.500,3,0,0,2,4,10,8,633.200,True,False,1.000,Bündnis 90/Die Grünen,0.300,0.000,0.000,0.200,0.400,64,15,0,0,15,27,0.047,0.000,0.000,0.031,0.062,0.200,,,0.133,0.148,Regierung,1.000,0.000,20.000,WP20,2021,12,8,0.917,2.750,7.929,1.125,1.500,0.125,9.000,10.000,10.000,7.500,8.000,8,7,2,1,1,4,2,0.250,0.125,0.125,0.500,0.250,0.750,2.250,6.429,1.125,1.000,0.125,8.000,,,4.000,7.500,2,-0.000,-3.536,-0.014,0.048
101,2021-12-02,2021-12-10,11,linke,5.000,5.000,0.000,0.000,0.429,1.286,0.833,0.429,0.857,0.000,2.000,,,2.000,0.400,1,0,0,1,5,7,6,400.000,True,False,0.000,Die Linke,0.143,0.000,0.000,0.143,0.714,64,15,0,0,15,27,0.016,0.000,0.000,0.016,0.078,0.067,,,0.067,0.185,Opposition,0.000,1.000,20.000,WP20,2021,12,8,0.917,2.750,7.929,1.125,1.500,0.125,9.000,10.000,10.000,7.500,8.000,8,7,2,1,1,4,2,0.250,0.125,0.125,0.500,0.250,0.488,1.464,7.095,0.696,0.643,0.125,7.000,,,5.500,7.600,3,-0.000,-3.536,-0.014,0.048
101,2021-12-02,2021-12-10,11,spd,25.000,25.000,0.000,0.000,0.118,0.353,1.308,0.059,0.294,0.000,1.400,,,2.250,1.000,5,0,0,4,8,17,13,617.412,True,False,2.000,SPD,0.294,0.000,0.000,0.235,0.471,64,15,0,0,15,27,0.078,0.000,0.000,0.062,0.125,0.333,,,0.267,0.296,Regierung,1.000,0.000,20.000,WP20,2021,12,8,0.917,2.750,7.929,1.125,1.500,0.125,9.000,10.000,10.000,7.500,8.000,8,7,2,1,1,4,2,0.250,0.125,0.125,0.500,0.250,0.799,2.397,6.621,1.066,1.206,0.125,7.600,,,5.250,7.000,4,-0.000,-3.536,-0.014,0.048
102,2021-12-10,2022-01-06,11,cdu/csu,23.000,23.000,0.000,0.000,0.208,0.625,3.817,0.125,0.469,0.031,4.333,7.500,2.500,3.529,2.700,9,2,2,17,10,32,24,717.656,True,False,4.000,CDU/CSU,0.281,0.062,0.062,0.531,0.312,110,31,5,10,56,35,0.082,0.018,0.018,0.155,0.091,0.290,0.400,0.200,0.304,0.286,Opposition,0.000,1.000,20.000,WP20,2021,12,27,1.238,3.714,6.827,1.357,1.714,0.643,8.333,8.333,6.333,6.556,8.500,14,11,3,3,3,9,4,0.214,0.214,0.214,0.643,0.286,1.030,3.089,3.011,1.232,1.246,0.612,4.000,0.833,3.833,3.026,5.800,0,-0.000,-3.536,-0.014,0.048
102,2021-12-10,2022-01-06,11,fdp,12.000,12.000,0.000,0.000,0.101,0.304,2.781,0.000,0.304,0.000,1.000,2.000,1.000,3.333,0.857,3,1,2,15,7,23,19,595.391,True,False,3.000,FDP,0.130,0.043,0.087,0.652,0.304,110,31,5,10,56,35,0.027,0.009,0.018,0.136,0.064,0.097,0.200,0.200,0.268,0.200,Regierung,1.000,0.000,20.000,WP20,2021,12,27,1.238,3.714,6.827,1.357,1.714,0.643,8.333,8.333,6.333,6.556,8.500,14,11,3,3,3,9,4,0.214,0.214,0.214,0.643,0.286,1.137,3.410,4.047,1.357,1.410,0.643,7.333,6.333,5.333,3.222,7.643,1,-0.000,-3.536,-0.014,0.048
102,2021-12-10,2022-01-06,11,grüne,16.000,17.000,-1.000,1.000,0.111,0.333,1.237,0.200,0.133,0.000,0.875,2.000,0.667,1.429,0.833,8,1,3,7,6,15,13,768.200,True,False,1.000,Bündnis 90/Die Grünen,0.533,0.067,0.200,0.467,0.400,110,31,5,10,56,35,0.073,0.009,0.027,0.064,0.055,0.258,0.200,0.300,0.125,0.171,Regierung,1.000,0.000,20.000,WP20,2021,12,27,1.238,3.714,6.827,1.357,1.714,0.643,8.333,8.333,6.333,6.556,8.500,14,11,3,3,3,9,4,0.214,0.214,0.214,0.643,0.286,1.127,3.381,5.590,1.157,1.581,0.643,7.458,6.333,5.667,5.127,7.667,2,1.000,-3.536,0.986,-3.488
102,2021-12-10,2022-01-06,11,linke,5.000,5.000,0.000,0.000,0.429,1.286,2.000,0.500,0.786,0.000,0.000,7.000,3.000,2.286,1.000,2,1,1,7,4,14,10,493.857,True,False,0.000,Die Linke,0.143,0.071,0.071,0.500,0.286,110,31,5,10,56,35,0.018,0.009,0.009,0.064,0.036,0.065,0.200,0.100,0.125,0.114,Opposition,0.000,1.000,20.000,WP20,2021,12,27,1.238,3.714,6.827,1.357,1.714,0.643,8.333,8.333,6.333,6.556,8.500,14,11,3,3,3,9,4,0.214,0.214,0.214,0.643,0.286,0.810,2.429,4.827,0.857,0.929,0.643,8.333,1.333,3.333,4.270,7.500,3,-0.000,-3.536,-0.014,0.048
102,2021-12-10,2022-01-06,11,spd,26.000,25.000,1.000,1.000,0.013,0.038,1.100,0.038,0.000,0.000,0.556,,0.500,1.200,0.750,9,0,2,10,8,26,15,733.654,True,False,2.000,SPD,0.346,0.000,0.077,0.385,0.308,110,31,5,10,56,35,0.082,0.000,0.018,0.091,0.073,0.290,0.000,0.200,0.179,0.229,Regierung,1.000,0.000,20.000,WP20,2021,12,27,1.238,3.714,6.827,1.357,1.714,0.643,8.333,8.333,6.333,6.556,8.500,14,11,3,3,3,9,4,0.214,0.214,0.214,0.643,0.286,1.225,3.676,5.727,1.319,1.714,0.643,7.778,,5.833,5.356,7.750,4,-1.000,-3.536,-1.014,3.584
103,2022-01-06,2022-01-21,11,cdu/csu,23.000,23.000,0.000,0.000,0.226,0.677,4.063,0.177,0.419,0.081,4.050,6.667,7.500,4.308,3.050,20,6,4,13,20,62,45,747.258,True,False,4.000,CDU/CSU,0.323,0.097,0.065,0.210,0.323,201,86,23,43,61,75,0.100,0.030,0.020,0.065,0.100,0.233,0.261,0.093,0.213,0.267,Opposition,0.000,1.000,20.000,WP20,2022,1,15,1.097,3.290,7.615,1.032,1.645,0.613,8.333,9.500,9.000,7.350,7.800,31,29,12,6,8,20,20,0.387,0.194,0.258,0.645,0.645,0.871,2.613,3.552,0.855,1.226,0.532,4.283,2.833,1.500,3.042,4.750,0,-0.000,-3.536,-0.014,0.048
103,2022-01-06,2022-01-21,11,fdp,11.000,12.000,-1.000,1.000,0.097,0.290,1.460,0.097,0.161,0.032,1.750,2.857,0.400,0.500,0.929,12,7,5,8,14,31,25,583.290,True,False,3.000,FDP,0.387,0.226,0.161,0.258,0.452,201,86,23,43,61,75,0.060,0.035,0.025,0.040,0.070,0.140,0.304,0.116,0.131,0.187,Regierung,1.000,0.000,20.000,WP20,2022,1,15,1.097,3.290,7.615,1.032,1.645,0.613,8.333,9.500,9.000,7.350,7.800,31,29,12,6,8,20,20,0.387,0.194,0.258,0.645,0.645,1.000,3.000,6.155,0.935,1.484,0.581,6.583,6.643,8.600,6.850,6.871,1,1.000,-3.536,0.986,-3.488
103,2022-01-06,2022-01-21,11,grüne,16.000,16.000,0.000,0.000,0.102,0.306,0.900,0.139,0.139,0.028,0.833,0.500,0.467,0.923,0.625,24,4,15,13,16,36,34,565.306,True,False,1.000,Bündnis 90/Die Grünen,0.667,0.111,0.417,0.361,0.444,201,86,23,43,61,75,0.119,0.020,0.075,0.065,0.080,0.279,0.174,0.349,0.213,0.213,Regierung,1.000,0.000,20.000,WP20,2022,1,15,1.097,3.290,7.615,1.032,1.645,0.613,8.333,9.500,9.000,7.350,7.800,31,29,12,6,8,20,20,0.387,0.194,0.258,0.645,0.645,0.995,2.985,6.715,0.893,1.506,0.585,7.500,9.000,8.533,6.427,7.175,2,-0.000,-3.536,-0.014,0.048
103,2022-01-06,2022-01-21,11,linke,5.000,5.000,0.000,0.000,0.450,1.350,1.533,0.600,0.750,0.000,1.286,0.500,2.000,1.500,2.167,7,2,2,6,6,20,15,522.600,True,False,0.000,Die Linke,0.350,0.100,0.100,0.300,0.300,201,86,23,43,61,75,0.035,0.010,0.010,0.030,0.030,0.081,0.087,0.047,0.098,0.080,Opposition,0.000,1.000,20.000,WP20,2022,1,15,1.097,3.290,7.615,1.032,1.645,0.613,8.333,9.500,9.000,7.350,7.800,31,29,12,6,8,20,20,0.387,0.194,0.258,0.645,0.645,0.647,1.940,6.082,0.432,0.895,0.613,7.048,9.000,7.000,5.850,5.633,3,-0.000,-3.536,-0.014,0.048
103,2022-01-06,2022-01-21,11,spd,26.000,26.000,0.000,0.000,0.109,0.327,1.118,0.077,0.212,0.038,1.261,2.500,0.588,0.952,0.579,23,4,17,21,19,52,48,677.538,True,False,2.000,SPD,0.442,0.077,0.327,0.404,0.365,201,86,23,43,61,75,0.114,0.020,0.085,0.104,0.095,0.267,0.174,0.395,0.344,0.253,Regierung,1.000,0.000,20.000,WP20,2022,1,15,1.097,3.290,7.615,1.032,1.645,0.613,8.333,9.500,9.000,7.350,7.800,31,29,12,6,8,20,20,0.387,0.194,0.258,0.645,0.645,0.988,2.963,6.497,0.955,1.434,0.574,7.072,7.000,8.412,6.398,7.221,4,-0.000,-3.536,-0.014,0.048
104,2022-01-21,2022-02-03,12,cdu/csu,24.000,23.000,1.000,1.000,0.270,0.809,3.291,0.213,0.574,0.021,5.062,0.000,,3.333,1.864,16,1,0,18,22,47,43,606.745,True,False,4.000,CDU/CSU,0.340,0.021,0.000,0.383,0.468,165,52,7,5,74,69,0.097,0.006,0.000,0.109,0.133,0.308,0.143,0.000,0.243,0.319,Opposition,0.000,1.000,20.000,WP20,2022,1,13,0.855,2.565,7.238,0.913,1.478,0.174,7.571,7.500,7.000,6.800,6.909,23,21,7,2,1,10,11,0.304,0.087,0.043,0.435,0.478,0.586,1.757,3.947,0.700,0.904,0.153,2.509,7.500,,3.467,5.045,0,-1.000,-2.536,-1.014,2.571
104,2022-01-21,2022-02-03,12,fdp,10.000,11.000,-1.000,1.000,0.080,0.240,2.500,0.040,0.160,0.040,3.000,7.000,,3.000,1.273,6,1,0,11,11,25,22,584.560,True,False,3.000,FDP,0.240,0.040,0.000,0.440,0.440,165,52,7,5,74,69,0.036,0.006,0.000,0.067,0.067,0.115,0.143,0.000,0.149,0.159,Regierung,1.000,0.000,20.000,WP20,2022,1,13,0.855,2.565,7.238,0.913,1.478,0.174,7.571,7.500,7.000,6.800,6.909,23,21,7,2,1,10,11,0.304,0.087,0.043,0.435,0.478,0.775,2.325,4.738,0.873,1.318,0.134,4.571,0.500,,3.800,5.636,1,1.000,-2.536,0.986,-2.502
104,2022-01-21,2022-02-03,12,grüne,16.000,16.000,0.000,0.000,0.172,0.516,1.877,0.226,0.258,0.032,1.100,3.500,0.000,2.529,1.200,10,2,2,17,10,31,27,567.581,True,False,1.000,Bündnis 90/Die Grünen,0.323,0.065,0.065,0.548,0.323,165,52,7,5,74,69,0.061,0.012,0.012,0.103,0.061,0.192,0.286,0.400,0.230,0.145,Regierung,1.000,0.000,20.000,WP20,2022,1,13,0.855,2.565,7.238,0.913,1.478,0.174,7.571,7.500,7.000,6.800,6.909,23,21,7,2,1,10,11,0.304,0.087,0.043,0.435,0.478,0.683,2.049,5.362,0.687,1.220,0.142,6.471,4.000,7.000,4.271,5.709,2,-0.000,-2.536,-0.014,0.035
104,2022-01-21,2022-02-03,12,linke,5.000,5.000,0.000,0.000,0.396,1.188,1.385,0.500,0.688,0.000,1.200,2.000,,1.750,1.000,5,1,0,4,7,16,13,420.188,True,False,0.000,Die Linke,0.312,0.062,0.000,0.250,0.438,165,52,7,5,74,69,0.030,0.006,0.000,0.024,0.042,0.096,0.143,0.000,0.054,0.101,Opposition,0.000,1.000,20.000,WP20,2022,1,13,0.855,2.565,7.238,0.913,1.478,0.174,7.571,7.500,7.000,6.800,6.909,23,21,7,2,1,10,11,0.304,0.087,0.043,0.435,0.478,0.459,1.378,5.853,0.413,0.791,0.174,6.371,5.500,,5.050,5.909,3,-0.000,-2.536,-0.014,0.035
104,2022-01-21,2022-02-03,12,spd,25.000,26.000,-1.000,1.000,0.101,0.304,1.777,0.130,0.152,0.022,1.200,2.000,3.000,2.167,0.789,15,2,3,24,19,46,40,655.457,True,False,2.000,SPD,0.326,0.043,0.065,0.522,0.413,165,52,7,5,74,69,0.091,0.012,0.018,0.145,0.115,0.288,0.286,0.600,0.324,0.275,Regierung,1.000,0.000,20.000,WP20,2022,1,13,0.855,2.565,7.238,0.913,1.478,0.174,7.571,7.500,7.000,6.800,6.909,23,21,7,2,1,10,11,0.304,0.087,0.043,0.435,0.478,0.754,2.261,5.461,0.783,1.326,0.152,6.371,5.500,4.000,4.633,6.120,4,1.000,-2.536,0.986,-2.502
105,2022-02-03,2022-02-18,12,cdu/csu,27.000,24.000,3.000,3.000,0.205,0.615,3.258,0.077,0.513,0.026,3.125,7.667,1.000,4.333,2.562,8,3,4,15,16,39,31,639.846,True,False,4.000,CDU/CSU,0.205,0.077,0.103,0.385,0.410,136,32,22,23,55,64,0.059,0.022,0.029,0.110,0.118,0.250,0.136,0.174,0.273,0.250,Opposition,0.000,1.000,20.000,WP20,2022,2,15,0.873,2.619,7.694,0.762,1.190,0.667,9.000,7.333,8.286,7.625,7.615,21,18,3,9,7,8,13,0.143,0.429,0.333,0.381,0.619,0.668,2.004,4.436,0.685,0.678,0.641,5.875,0.333,7.286,3.292,5.053,0,-3.000,-2.536,-3.014,7.643
105,2022-02-03,2022-02-18,12,fdp,10.000,10.000,0.000,0.000,0.017,0.050,1.646,0.000,0.050,0.000,2.250,1.000,0.667,2.286,0.800,4,3,3,7,10,20,16,580.100,True,False,3.000,FDP,0.200,0.150,0.150,0.350,0.500,136,32,22,23,55,64,0.029,0.022,0.022,0.051,0.074,0.125,0.136,0.130,0.127,0.156,Regierung,1.000,0.000,20.000,WP20,2022,2,15,0.873,2.619,7.694,0.762,1.190,0.667,9.000,7.333,8.286,7.625,7.615,21,18,3,9,7,8,13,0.143,0.429,0.333,0.381,0.619,0.856,2.569,6.049,0.762,1.140,0.667,6.750,6.333,7.619,5.339,6.815,1,-0.000,-2.536,-0.014,0.035
105,2022-02-03,2022-02-18,12,grüne,16.000,16.000,0.000,0.000,0.190,0.571,0.907,0.143,0.333,0.095,0.714,0.400,0.000,1.182,0.417,7,5,3,11,12,21,18,598.143,True,False,1.000,Bündnis 90/Die Grünen,0.333,0.238,0.143,0.524,0.571,136,32,22,23,55,64,0.051,0.037,0.022,0.081,0.088,0.219,0.227,0.130,0.200,0.188,Regierung,1.000,0.000,20.000,WP20,2022,2,15,0.873,2.619,7.694,0.762,1.190,0.667,9.000,7.333,8.286,7.625,7.615,21,18,3,9,7,8,13,0.143,0.429,0.333,0.381,0.619,0.683,2.048,6.787,0.619,0.857,0.571,8.286,6.933,8.286,6.443,7.199,2,-0.000,-2.536,-0.014,0.035
105,2022-02-03,2022-02-18,12,linke,5.000,5.000,0.000,0.000,0.490,1.471,1.068,0.529,0.882,0.059,0.667,0.000,0.500,0.750,1.000,3,3,2,4,7,17,11,422.529,True,False,0.000,Die Linke,0.176,0.176,0.118,0.235,0.412,136,32,22,23,55,64,0.022,0.022,0.015,0.029,0.051,0.094,0.136,0.087,0.073,0.109,Opposition,0.000,1.000,20.000,WP20,2022,2,15,0.873,2.619,7.694,0.762,1.190,0.667,9.000,7.333,8.286,7.625,7.615,21,18,3,9,7,8,13,0.143,0.429,0.333,0.381,0.619,0.383,1.148,6.626,0.232,0.308,0.608,8.333,7.333,7.786,6.875,6.615,3,-0.000,-2.536,-0.014,0.035
105,2022-02-03,2022-02-18,12,spd,22.000,25.000,-3.000,3.000,0.214,0.641,0.891,0.256,0.282,0.103,0.600,1.125,0.364,1.222,0.579,10,8,11,18,19,39,33,562.256,True,False,2.000,SPD,0.256,0.205,0.282,0.462,0.487,136,32,22,23,55,64,0.074,0.059,0.081,0.132,0.140,0.312,0.364,0.478,0.327,0.297,Regierung,1.000,0.000,20.000,WP20,2022,2,15,0.873,2.619,7.694,0.762,1.190,0.667,9.000,7.333,8.286,7.625,7.615,21,18,3,9,7,8,13,0.143,0.429,0.333,0.381,0.619,0.659,1.978,6.803,0.505,0.908,0.564,8.400,6.208,7.922,6.403,7.036,4,3.000,-2.536,2.986,-7.574
106,2022-02-18,2022-03-03,12,cdu/csu,26.000,27.000,-1.000,1.000,0.253,0.760,3.235,0.200,0.520,0.040,4.750,5.000,,3.333,2.000,8,5,0,6,15,25,22,709.560,True,False,4.000,CDU/CSU,0.320,0.200,0.000,0.240,0.600,89,36,16,3,23,54,0.090,0.056,0.000,0.067,0.169,0.222,0.312,0.000,0.261,0.278,Opposition,0.000,1.000,20.000,WP20,2022,2,13,0.812,2.438,7.094,0.812,1.375,0.250,9.000,6.667,10.000,6.000,6.538,16,15,7,3,1,8,13,0.438,0.188,0.062,0.500,0.812,0.559,1.677,3.860,0.613,0.855,0.210,4.250,1.667,,2.667,4.538,0,1.000,-2.536,0.986,-2.502
106,2022-02-18,2022-03-03,12,fdp,9.000,10.000,-1.000,1.000,0.194,0.583,2.273,0.167,0.333,0.083,3.333,3.500,0.000,1.000,2.000,6,2,1,3,7,12,10,657.917,True,False,3.000,FDP,0.500,0.167,0.083,0.250,0.583,89,36,16,3,23,54,0.067,0.022,0.011,0.034,0.079,0.167,0.125,0.333,0.130,0.130,Regierung,1.000,0.000,20.000,WP20,2022,2,13,0.812,2.438,7.094,0.812,1.375,0.250,9.000,6.667,10.000,6.000,6.538,16,15,7,3,1,8,13,0.438,0.188,0.062,0.500,0.812,0.618,1.854,4.821,0.646,1.042,0.167,5.667,3.167,10.000,5.000,4.538,1,1.000,-2.536,0.986,-2.502
106,2022-02-18,2022-03-03,12,grüne,15.000,16.000,-1.000,1.000,0.244,0.733,1.024,0.067,0.533,0.133,1.375,1.000,0.000,0.333,0.444,8,3,1,3,9,15,14,537.867,True,False,1.000,Bündnis 90/Die Grünen,0.533,0.200,0.067,0.200,0.600,89,36,16,3,23,54,0.090,0.034,0.011,0.034,0.101,0.222,0.188,0.333,0.130,0.167,Regierung,1.000,0.000,20.000,WP20,2022,2,13,0.812,2.438,7.094,0.812,1.375,0.250,9.000,6.667,10.000,6.000,6.538,16,15,7,3,1,8,13,0.438,0.188,0.062,0.500,0.812,0.568,1.704,6.071,0.746,0.842,0.117,7.625,5.667,10.000,5.667,6.094,2,1.000,-2.536,0.986,-2.502
106,2022-02-18,2022-03-03,12,linke,5.000,5.000,0.000,0.000,0.444,1.333,1.528,0.444,0.889,0.000,2.500,1.000,,0.000,1.667,2,2,0,2,3,9,6,517.000,True,False,0.000,Die Linke,0.222,0.222,0.000,0.222,0.333,89,36,16,3,23,54,0.022,0.022,0.000,0.022,0.034,0.056,0.125,0.000,0.087,0.056,Opposition,0.000,1.000,20.000,WP20,2022,2,13,0.812,2.438,7.094,0.812,1.375,0.250,9.000,6.667,10.000,6.000,6.538,16,15,7,3,1,8,13,0.438,0.188,0.062,0.500,0.812,0.368,1.104,5.567,0.368,0.486,0.250,6.500,5.667,,6.000,4.872,3,-0.000,-2.536,-0.014,0.035
106,2022-02-18,2022-03-03,12,spd,24.000,22.000,2.000,2.000,0.190,0.571,1.218,0.214,0.357,0.000,1.000,1.250,0.000,1.222,1.000,12,4,1,9,20,28,26,638.536,True,False,2.000,SPD,0.429,0.143,0.036,0.321,0.714,89,36,16,3,23,54,0.135,0.045,0.011,0.101,0.225,0.333,0.250,0.333,0.391,0.370,Regierung,1.000,0.000,20.000,WP20,2022,2,13,0.812,2.438,7.094,0.812,1.375,0.250,9.000,6.667,10.000,6.000,6.538,16,15,7,3,1,8,13,0.438,0.188,0.062,0.500,0.812,0.622,1.866,5.876,0.598,1.018,0.250,8.000,5.417,10.000,4.778,5.538,4,-2.000,-2.536,-2.014,5.107
107,2022-03-03,2022-03-18,11,cdu/csu,26.000,26.000,0.000,0.000,0.309,0.926,2.595,0.204,0.630,0.093,3.750,3.143,0.500,2.615,1.636,12,7,2,26,22,54,44,646.037,True,False,4.000,CDU/CSU,0.222,0.130,0.037,0.481,0.407,186,49,26,15,83,77,0.065,0.038,0.011,0.140,0.118,0.245,0.269,0.133,0.313,0.286,Opposition,0.000,1.000,20.000,WP20,2022,3,15,0.920,2.760,6.413,1.000,1.440,0.320,8.571,8.500,6.000,5.643,6.357,25,23,7,4,3,14,14,0.280,0.160,0.120,0.560,0.560,0.611,1.834,3.818,0.796,0.810,0.227,4.821,5.357,5.500,3.027,4.721,0,-0.000,-3.536,-0.014,0.048
107,2022-03-03,2022-03-18,11,fdp,9.000,9.000,0.000,0.000,0.148,0.444,2.015,0.037,0.333,0.074,2.833,4.000,2.500,1.786,1.583,6,4,2,14,12,27,22,632.667,True,False,3.000,FDP,0.222,0.148,0.074,0.519,0.444,186,49,26,15,83,77,0.032,0.022,0.011,0.075,0.065,0.122,0.154,0.133,0.169,0.156,Regierung,1.000,0.000,20.000,WP20,2022,3,15,0.920,2.760,6.413,1.000,1.440,0.320,8.571,8.500,6.000,5.643,6.357,25,23,7,4,3,14,14,0.280,0.160,0.120,0.560,0.560,0.772,2.316,4.398,0.963,1.107,0.246,5.738,4.500,3.500,3.857,4.774,1,-0.000,-3.536,-0.014,0.048
107,2022-03-03,2022-03-18,11,grüne,16.000,15.000,1.000,1.000,0.256,0.767,1.426,0.267,0.433,0.067,1.000,2.500,1.000,1.786,1.214,12,4,3,14,14,30,28,602.967,True,False,1.000,Bündnis 90/Die Grünen,0.400,0.133,0.100,0.467,0.467,186,49,26,15,83,77,0.065,0.022,0.016,0.075,0.075,0.245,0.154,0.200,0.169,0.182,Regierung,1.000,0.000,20.000,WP20,2022,3,15,0.920,2.760,6.413,1.000,1.440,0.320,8.571,8.500,6.000,5.643,6.357,25,23,7,4,3,14,14,0.280,0.160,0.120,0.560,0.560,0.664,1.993,4.987,0.733,1.007,0.253,7.571,6.000,5.000,3.857,5.143,2,-1.000,-3.536,-1.014,3.584
107,2022-03-03,2022-03-18,11,linke,5.000,5.000,0.000,0.000,0.528,1.583,1.588,0.500,0.917,0.167,1.200,1.500,1.000,2.000,1.250,5,4,2,9,8,24,17,436.167,True,False,0.000,Die Linke,0.208,0.167,0.083,0.375,0.333,186,49,26,15,83,77,0.027,0.022,0.011,0.048,0.043,0.102,0.154,0.133,0.108,0.104,Opposition,0.000,1.000,20.000,WP20,2022,3,15,0.920,2.760,6.413,1.000,1.440,0.320,8.571,8.500,6.000,5.643,6.357,25,23,7,4,3,14,14,0.280,0.160,0.120,0.560,0.560,0.392,1.177,4.825,0.500,0.523,0.153,7.371,7.000,5.000,3.643,5.107,3,-0.000,-3.536,-0.014,0.048
107,2022-03-03,2022-03-18,11,spd,25.000,24.000,1.000,1.000,0.170,0.510,1.384,0.176,0.255,0.078,1.429,1.286,1.167,1.700,0.667,14,7,6,20,21,51,41,653.510,True,False,2.000,SPD,0.275,0.137,0.118,0.392,0.412,186,49,26,15,83,77,0.075,0.038,0.032,0.108,0.113,0.286,0.269,0.400,0.241,0.273,Regierung,1.000,0.000,20.000,WP20,2022,3,15,0.920,2.760,6.413,1.000,1.440,0.320,8.571,8.500,6.000,5.643,6.357,25,23,7,4,3,14,14,0.280,0.160,0.120,0.560,0.560,0.750,2.250,5.029,0.824,1.185,0.242,7.143,7.214,4.833,3.943,5.690,4,-1.000,-3.536,-1.014,3.584
108,2022-03-18,2022-04-07,11,cdu/csu,26.000,26.000,0.000,0.000,0.237,0.710,3.033,0.168,0.495,0.047,4.353,3.308,2.000,3.250,2.180,34,13,3,12,50,107,76,761.701,True,False,4.000,CDU/CSU,0.318,0.121,0.028,0.112,0.467,388,151,67,42,87,203,0.088,0.034,0.008,0.031,0.129,0.225,0.194,0.071,0.138,0.246,Opposition,0.000,1.000,20.000,WP20,2022,3,20,0.805,2.414,6.736,0.741,1.414,0.259,7.867,8.143,8.300,6.579,6.629,58,50,30,7,10,19,35,0.517,0.121,0.172,0.328,0.603,0.568,1.704,3.703,0.573,0.918,0.212,3.514,4.835,6.300,3.329,4.449,0,-0.000,-3.536,-0.014,0.048
108,2022-03-18,2022-04-07,11,fdp,9.000,9.000,0.000,0.000,0.103,0.310,1.852,0.086,0.224,0.000,3.786,1.636,0.200,1.600,1.032,14,11,5,10,31,58,45,628.759,True,False,3.000,FDP,0.241,0.190,0.086,0.172,0.534,388,151,67,42,87,203,0.036,0.028,0.013,0.026,0.080,0.093,0.164,0.119,0.115,0.153,Regierung,1.000,0.000,20.000,WP20,2022,3,20,0.805,2.414,6.736,0.741,1.414,0.259,7.867,8.143,8.300,6.579,6.629,58,50,30,7,10,19,35,0.517,0.121,0.172,0.328,0.603,0.701,2.103,4.884,0.655,1.190,0.259,4.081,6.506,8.100,4.979,5.596,1,-0.000,-3.536,-0.014,0.048
108,2022-03-18,2022-04-07,11,grüne,17.000,16.000,1.000,1.000,0.157,0.471,1.031,0.100,0.343,0.029,1.047,1.000,0.214,1.091,0.767,43,16,14,22,43,70,64,616.086,True,False,1.000,Bündnis 90/Die Grünen,0.614,0.229,0.200,0.314,0.614,388,151,67,42,87,203,0.111,0.041,0.036,0.057,0.111,0.285,0.239,0.333,0.253,0.212,Regierung,1.000,0.000,20.000,WP20,2022,3,20,0.805,2.414,6.736,0.741,1.414,0.259,7.867,8.143,8.300,6.579,6.629,58,50,30,7,10,19,35,0.517,0.121,0.172,0.328,0.603,0.647,1.942,5.705,0.641,1.071,0.230,6.820,7.143,8.086,5.488,5.861,2,-1.000,-3.536,-1.014,3.584
108,2022-03-18,2022-04-07,11,linke,4.000,5.000,-1.000,1.000,0.530,1.590,1.106,0.641,0.872,0.077,1.067,0.333,2.500,1.625,0.500,15,3,4,8,14,39,25,483.026,True,False,0.000,Die Linke,0.385,0.077,0.103,0.205,0.359,388,151,67,42,87,203,0.039,0.008,0.010,0.021,0.036,0.099,0.045,0.095,0.092,0.069,Opposition,0.000,1.000,20.000,WP20,2022,3,20,0.805,2.414,6.736,0.741,1.414,0.259,7.867,8.143,8.300,6.579,6.629,58,50,30,7,10,19,35,0.517,0.121,0.172,0.328,0.603,0.275,0.824,5.630,0.100,0.542,0.182,6.800,7.810,5.800,4.954,6.129,3,1.000,-3.536,0.986,-3.488
108,2022-03-18,2022-04-07,11,spd,25.000,25.000,0.000,0.000,0.082,0.246,1.240,0.096,0.132,0.018,1.533,1.250,0.375,1.314,0.877,45,24,16,35,65,114,97,670.596,True,False,2.000,SPD,0.395,0.211,0.140,0.307,0.570,388,151,67,42,87,203,0.116,0.062,0.041,0.090,0.168,0.298,0.358,0.381,0.402,0.320,Regierung,1.000,0.000,20.000,WP20,2022,3,20,0.805,2.414,6.736,0.741,1.414,0.259,7.867,8.143,8.300,6.579,6.629,58,50,30,7,10,19,35,0.517,0.121,0.172,0.328,0.603,0.723,2.168,5.496,0.645,1.282,0.241,6.333,6.893,7.925,5.265,5.752,4,-0.000,-3.536,-0.014,0.048
109,2022-04-07,2022-04-14,11,cdu/csu,25.000,26.000,-1.000,1.000,0.213,0.640,2.458,0.180,0.420,0.040,4.667,2.500,1.000,2.867,2.087,9,10,3,15,23,50,40,705.960,True,False,4.000,CDU/CSU,0.180,0.200,0.060,0.300,0.460,198,45,40,21,69,80,0.045,0.051,0.015,0.076,0.116,0.200,0.250,0.143,0.217,0.287,Opposition,0.000,1.000,20.000,WP20,2022,4,7,0.770,2.310,7.246,0.759,1.345,0.207,8.333,7.500,8.667,6.750,7.455,29,22,6,6,3,12,11,0.207,0.207,0.103,0.414,0.379,0.557,1.670,4.788,0.579,0.925,0.167,3.667,5.000,7.667,3.883,5.368,0,1.000,-3.536,0.986,-3.488
109,2022-04-07,2022-04-14,11,fdp,9.000,9.000,0.000,0.000,0.121,0.364,1.800,0.152,0.182,0.030,1.500,1.857,0.667,2.286,1.167,4,7,3,14,12,33,25,532.030,True,False,3.000,FDP,0.121,0.212,0.091,0.424,0.364,198,45,40,21,69,80,0.020,0.035,0.015,0.071,0.061,0.089,0.175,0.143,0.203,0.150,Regierung,1.000,0.000,20.000,WP20,2022,4,7,0.770,2.310,7.246,0.759,1.345,0.207,8.333,7.500,8.667,6.750,7.455,29,22,6,6,3,12,11,0.207,0.207,0.103,0.414,0.379,0.649,1.947,5.446,0.607,1.163,0.177,6.833,5.643,8.000,4.464,6.288,1,-0.000,-3.536,-0.014,0.048
109,2022-04-07,2022-04-14,11,grüne,19.000,17.000,2.000,2.000,0.149,0.447,1.604,0.158,0.263,0.026,1.571,1.000,0.600,2.333,0.571,14,7,5,12,14,38,32,491.079,True,False,1.000,Bündnis 90/Die Grünen,0.368,0.184,0.132,0.316,0.368,198,45,40,21,69,80,0.071,0.035,0.025,0.061,0.071,0.311,0.175,0.238,0.174,0.175,Regierung,1.000,0.000,20.000,WP20,2022,4,7,0.770,2.310,7.246,0.759,1.345,0.207,8.333,7.500,8.667,6.750,7.455,29,22,6,6,3,12,11,0.207,0.207,0.103,0.414,0.379,0.621,1.863,5.642,0.601,1.082,0.181,6.762,6.500,8.067,4.417,6.883,2,-2.000,-3.536,-2.014,7.121
109,2022-04-07,2022-04-14,11,linke,4.000,4.000,0.000,0.000,0.545,1.636,1.769,0.500,1.000,0.136,2.833,1.250,0.500,1.455,1.556,6,4,4,11,9,22,18,448.000,True,False,0.000,Die Linke,0.273,0.182,0.182,0.500,0.409,198,45,40,21,69,80,0.030,0.020,0.020,0.056,0.045,0.133,0.100,0.190,0.159,0.113,Opposition,0.000,1.000,20.000,WP20,2022,4,7,0.770,2.310,7.246,0.759,1.345,0.207,8.333,7.500,8.667,6.750,7.455,29,22,6,6,3,12,11,0.207,0.207,0.103,0.414,0.379,0.225,0.674,5.478,0.259,0.345,0.071,5.500,6.250,8.167,5.295,5.899,3,-0.000,-3.536,-0.014,0.048
109,2022-04-07,2022-04-14,11,spd,24.000,25.000,-1.000,1.000,0.127,0.382,1.510,0.164,0.182,0.036,1.500,1.500,0.500,1.941,0.773,12,12,6,17,22,55,40,630.200,True,False,2.000,SPD,0.218,0.218,0.109,0.309,0.400,198,45,40,21,69,80,0.061,0.061,0.030,0.086,0.111,0.267,0.300,0.286,0.246,0.275,Regierung,1.000,0.000,20.000,WP20,2022,4,7,0.770,2.310,7.246,0.759,1.345,0.207,8.333,7.500,8.667,6.750,7.455,29,22,6,6,3,12,11,0.207,0.207,0.103,0.414,0.379,0.643,1.929,5.736,0.595,1.163,0.171,6.833,6.000,8.167,4.809,6.682,4,1.000,-3.536,0.986,-3.488
110,2022-04-14,2022-04-28,11,cdu/csu,26.000,25.000,1.000,1.000,0.139,0.417,1.500,0.000,0.417,0.000,0.667,,2.667,1.333,1.250,3,0,3,3,4,12,7,646.333,True,False,4.000,CDU/CSU,0.250,0.000,0.250,0.250,0.333,40,11,2,10,14,16,0.075,0.000,0.075,0.075,0.100,0.273,0.000,0.300,0.214,0.250,Opposition,0.000,1.000,20.000,WP20,2022,4,14,0.800,2.400,7.083,0.800,1.400,0.200,10.000,,10.000,4.333,8.000,5,4,1,0,1,3,3,0.200,0.000,0.200,0.600,0.600,0.661,1.983,5.583,0.800,0.983,0.200,9.333,,7.333,3.000,6.750,0,-1.000,-3.536,-1.014,3.584
110,2022-04-14,2022-04-28,11,fdp,8.000,9.000,-1.000,1.000,0.111,0.333,1.000,0.000,0.333,0.000,0.500,,2.000,0.000,1.000,2,0,1,1,3,6,4,584.333,True,False,3.000,FDP,0.333,0.000,0.167,0.167,0.500,40,11,2,10,14,16,0.050,0.000,0.025,0.025,0.075,0.182,0.000,0.100,0.071,0.188,Regierung,1.000,0.000,20.000,WP20,2022,4,14,0.800,2.400,7.083,0.800,1.400,0.200,10.000,,10.000,4.333,8.000,5,4,1,0,1,3,3,0.200,0.000,0.200,0.600,0.600,0.689,2.067,6.083,0.800,1.067,0.200,9.500,,8.000,4.333,7.000,1,1.000,-3.536,0.986,-3.488
110,2022-04-14,2022-04-28,11,grüne,18.000,19.000,-1.000,1.000,0.000,0.000,0.700,0.000,0.000,0.000,0.000,,1.000,1.000,0.667,2,0,2,3,3,7,5,553.429,True,False,1.000,Bündnis 90/Die Grünen,0.286,0.000,0.286,0.429,0.429,40,11,2,10,14,16,0.050,0.000,0.050,0.075,0.075,0.182,0.000,0.200,0.214,0.188,Regierung,1.000,0.000,20.000,WP20,2022,4,14,0.800,2.400,7.083,0.800,1.400,0.200,10.000,,10.000,4.333,8.000,5,4,1,0,1,3,3,0.200,0.000,0.200,0.600,0.600,0.800,2.400,6.383,0.800,1.400,0.200,10.000,,9.000,3.333,7.333,2,1.000,-3.536,0.986,-3.488
110,2022-04-14,2022-04-28,11,linke,4.000,4.000,0.000,0.000,0.833,2.500,1.250,0.500,1.500,0.500,0.000,9.000,1.000,0.500,1.500,1,1,1,2,2,4,4,522.500,True,False,0.000,Die Linke,0.250,0.250,0.250,0.500,0.500,40,11,2,10,14,16,0.025,0.025,0.025,0.050,0.050,0.091,0.500,0.100,0.143,0.125,Opposition,0.000,1.000,20.000,WP20,2022,4,14,0.800,2.400,7.083,0.800,1.400,0.200,10.000,,10.000,4.333,8.000,5,4,1,0,1,3,3,0.200,0.000,0.200,0.600,0.600,0.033,0.100,5.833,0.300,0.100,0.300,10.000,,9.000,3.833,6.500,3,-0.000,-3.536,-0.014,0.048
110,2022-04-14,2022-04-28,11,spd,24.000,24.000,0.000,0.000,0.273,0.818,1.019,0.273,0.364,0.182,0.000,7.000,1.333,1.400,1.000,3,1,3,5,4,11,9,597.273,True,False,2.000,SPD,0.273,0.091,0.273,0.455,0.364,40,11,2,10,14,16,0.075,0.025,0.075,0.125,0.100,0.273,0.500,0.300,0.357,0.250,Regierung,1.000,0.000,20.000,WP20,2022,4,14,0.800,2.400,7.083,0.800,1.400,0.200,10.000,,10.000,4.333,8.000,5,4,1,0,1,3,3,0.200,0.000,0.200,0.600,0.600,0.527,1.582,6.065,0.527,1.036,0.018,10.000,,8.667,2.933,7.000,4,-0.000,-3.536,-0.014,0.048
111,2022-04-28,2022-05-13,11,cdu/csu,26.000,26.000,0.000,0.000,0.255,0.764,2.975,0.211,0.455,0.098,4.333,4.308,2.286,3.100,2.468,27,13,7,30,47,123,81,625.366,True,False,4.000,CDU/CSU,0.220,0.106,0.057,0.244,0.382,414,113,56,39,114,175,0.065,0.031,0.017,0.072,0.114,0.239,0.232,0.179,0.263,0.269,Opposition,0.000,1.000,20.000,WP20,2022,4,15,0.765,2.295,6.203,0.754,1.328,0.213,7.714,8.125,7.167,5.200,6.344,61,51,21,8,6,20,32,0.344,0.131,0.098,0.328,0.525,0.510,1.531,3.227,0.543,0.873,0.116,3.381,3.817,4.881,2.100,3.876,0,-0.000,-3.536,-0.014,0.048
111,2022-04-28,2022-05-13,11,fdp,9.000,8.000,1.000,1.000,0.137,0.410,1.625,0.082,0.311,0.016,2.071,1.900,0.250,1.722,1.469,14,10,4,18,32,61,46,607.934,True,False,3.000,FDP,0.230,0.164,0.066,0.295,0.525,414,113,56,39,114,175,0.034,0.024,0.010,0.043,0.077,0.124,0.179,0.103,0.158,0.183,Regierung,1.000,0.000,20.000,WP20,2022,4,15,0.765,2.295,6.203,0.754,1.328,0.213,7.714,8.125,7.167,5.200,6.344,61,51,21,8,6,20,32,0.344,0.131,0.098,0.328,0.525,0.628,1.885,4.578,0.672,1.016,0.197,5.643,6.225,6.917,3.478,4.875,1,-1.000,-3.536,-1.014,3.584
111,2022-04-28,2022-05-13,11,grüne,18.000,18.000,0.000,0.000,0.169,0.508,1.135,0.169,0.277,0.062,1.583,2.000,0.500,0.895,0.828,24,14,8,19,29,65,55,595.600,True,False,1.000,Bündnis 90/Die Grünen,0.369,0.215,0.123,0.292,0.446,414,113,56,39,114,175,0.058,0.034,0.019,0.046,0.070,0.212,0.250,0.205,0.167,0.166,Regierung,1.000,0.000,20.000,WP20,2022,4,15,0.765,2.295,6.203,0.754,1.328,0.213,7.714,8.125,7.167,5.200,6.344,61,51,21,8,6,20,32,0.344,0.131,0.098,0.328,0.525,0.596,1.787,5.068,0.585,1.051,0.152,6.131,6.125,6.667,4.305,5.516,2,-0.000,-3.536,-0.014,0.048
111,2022-04-28,2022-05-13,11,linke,3.000,4.000,-1.000,1.000,0.500,1.500,1.826,0.580,0.880,0.040,2.538,1.200,0.000,0.857,2.200,13,5,5,14,20,50,34,447.060,True,False,0.000,Die Linke,0.260,0.100,0.100,0.280,0.400,414,113,56,39,114,175,0.031,0.012,0.012,0.034,0.048,0.115,0.089,0.128,0.123,0.114,Opposition,0.000,1.000,20.000,WP20,2022,4,15,0.765,2.295,6.203,0.754,1.328,0.213,7.714,8.125,7.167,5.200,6.344,61,51,21,8,6,20,32,0.344,0.131,0.098,0.328,0.525,0.265,0.795,4.377,0.174,0.448,0.173,5.176,6.925,7.167,4.343,4.144,3,1.000,-3.536,0.986,-3.488
111,2022-04-28,2022-05-13,11,spd,24.000,24.000,0.000,0.000,0.162,0.487,1.227,0.157,0.287,0.043,1.514,1.000,0.267,1.424,1.149,35,14,15,33,47,115,89,642.591,True,False,2.000,SPD,0.304,0.122,0.130,0.287,0.409,414,113,56,39,114,175,0.085,0.034,0.036,0.080,0.114,0.310,0.250,0.385,0.289,0.269,Regierung,1.000,0.000,20.000,WP20,2022,4,15,0.765,2.295,6.203,0.754,1.328,0.213,7.714,8.125,7.167,5.200,6.344,61,51,21,8,6,20,32,0.344,0.131,0.098,0.328,0.525,0.603,1.808,4.976,0.598,1.041,0.170,6.200,7.125,6.900,3.776,5.195,4,-0.000,-3.536,-0.014,0.048
112,2022-05-13,2022-06-02,11,cdu/csu,26.000,26.000,0.000,0.000,0.282,0.847,3.563,0.237,0.576,0.034,4.576,2.500,3.800,4.238,2.359,33,2,5,21,39,118,77,701.347,True,False,4.000,CDU/CSU,0.280,0.017,0.042,0.178,0.331,415,158,31,35,89,157,0.080,0.005,0.012,0.051,0.094,0.209,0.065,0.143,0.236,0.248,Opposition,0.000,1.000,20.000,WP20,2022,5,20,0.853,2.559,7.134,0.864,1.441,0.254,8.161,7.615,8.286,5.857,7.171,59,53,31,13,7,21,41,0.525,0.220,0.119,0.356,0.695,0.571,1.712,3.572,0.627,0.864,0.220,3.586,5.115,4.486,1.619,4.812,0,-0.000,-3.536,-0.014,0.048
112,2022-05-13,2022-06-02,11,fdp,8.000,9.000,-1.000,1.000,0.085,0.254,1.752,0.032,0.222,0.000,2.400,1.375,0.000,1.714,1.000,20,8,3,14,29,63,42,614.746,True,False,3.000,FDP,0.317,0.127,0.048,0.222,0.460,415,158,31,35,89,157,0.048,0.019,0.007,0.034,0.070,0.127,0.258,0.086,0.157,0.185,Regierung,1.000,0.000,20.000,WP20,2022,5,20,0.853,2.559,7.134,0.864,1.441,0.254,8.161,7.615,8.286,5.857,7.171,59,53,31,13,7,21,41,0.525,0.220,0.119,0.356,0.695,0.768,2.305,5.382,0.833,1.218,0.254,5.761,6.240,8.286,4.143,6.171,1,1.000,-3.536,0.986,-3.488
112,2022-05-13,2022-06-02,11,grüne,20.000,18.000,2.000,2.000,0.147,0.440,1.181,0.107,0.298,0.036,1.298,0.750,0.308,0.905,0.939,47,8,13,21,33,84,69,559.179,True,False,1.000,Bündnis 90/Die Grünen,0.560,0.095,0.155,0.250,0.393,415,158,31,35,89,157,0.113,0.019,0.031,0.051,0.080,0.297,0.258,0.371,0.236,0.210,Regierung,1.000,0.000,20.000,WP20,2022,5,20,0.853,2.559,7.134,0.864,1.441,0.254,8.161,7.615,8.286,5.857,7.171,59,53,31,13,7,21,41,0.525,0.220,0.119,0.356,0.695,0.706,2.119,5.953,0.757,1.143,0.219,6.863,6.865,7.978,4.952,6.231,2,-2.000,-3.536,-2.014,7.121
112,2022-05-13,2022-06-02,11,linke,4.000,3.000,1.000,1.000,0.581,1.744,1.562,0.641,1.051,0.051,1.500,2.000,0.500,2.000,1.929,12,2,2,8,14,39,27,520.821,True,False,0.000,Die Linke,0.308,0.051,0.051,0.205,0.359,415,158,31,35,89,157,0.029,0.005,0.005,0.019,0.034,0.076,0.065,0.057,0.090,0.089,Opposition,0.000,1.000,20.000,WP20,2022,5,20,0.853,2.559,7.134,0.864,1.441,0.254,8.161,7.615,8.286,5.857,7.171,59,53,31,13,7,21,41,0.525,0.220,0.119,0.356,0.695,0.272,0.816,5.573,0.223,0.389,0.203,6.661,5.615,7.786,3.857,5.242,3,-1.000,-3.536,-1.014,3.584
112,2022-05-13,2022-06-02,11,spd,22.000,24.000,-2.000,2.000,0.132,0.396,1.404,0.126,0.243,0.027,1.761,2.000,0.167,1.120,0.905,46,11,12,25,42,111,86,661.342,True,False,2.000,SPD,0.414,0.099,0.108,0.225,0.378,415,158,31,35,89,157,0.111,0.027,0.029,0.060,0.101,0.291,0.355,0.343,0.281,0.268,Regierung,1.000,0.000,20.000,WP20,2022,5,20,0.853,2.559,7.134,0.864,1.441,0.254,8.161,7.615,8.286,5.857,7.171,59,53,31,13,7,21,41,0.525,0.220,0.119,0.356,0.695,0.721,2.163,5.730,0.738,1.197,0.227,6.400,5.615,8.119,4.737,6.266,4,2.000,-3.536,1.986,-7.024
113,2022-06-02,2022-06-24,11,cdu/csu,27.000,26.000,1.000,1.000,0.250,0.750,3.303,0.212,0.519,0.019,4.455,4.600,,3.938,2.794,22,5,0,16,34,104,52,668.462,True,False,4.000,CDU/CSU,0.212,0.048,0.000,0.154,0.327,381,120,38,16,73,155,0.058,0.013,0.000,0.042,0.089,0.183,0.132,0.000,0.219,0.219,Opposition,0.000,1.000,20.000,WP20,2022,6,22,0.897,2.691,6.830,0.909,1.491,0.291,8.000,8.556,8.000,5.526,6.700,55,47,22,9,5,19,40,0.400,0.164,0.091,0.345,0.727,0.647,1.941,3.527,0.698,0.972,0.272,3.545,3.956,,1.589,3.906,0,-1.000,-3.536,-1.014,3.584
113,2022-06-02,2022-06-24,11,fdp,8.000,8.000,0.000,0.000,0.118,0.353,2.344,0.118,0.216,0.020,3.267,1.750,,3.000,1.500,15,4,0,6,18,51,30,615.647,True,False,3.000,FDP,0.294,0.078,0.000,0.118,0.353,381,120,38,16,73,155,0.039,0.010,0.000,0.016,0.047,0.125,0.105,0.000,0.082,0.116,Regierung,1.000,0.000,20.000,WP20,2022,6,22,0.897,2.691,6.830,0.909,1.491,0.291,8.000,8.556,8.000,5.526,6.700,55,47,22,9,5,19,40,0.400,0.164,0.091,0.345,0.727,0.779,2.338,4.485,0.791,1.275,0.271,4.733,6.806,,2.526,5.200,1,-0.000,-3.536,-0.014,0.048
113,2022-06-02,2022-06-24,11,grüne,21.000,20.000,1.000,1.000,0.131,0.392,1.359,0.152,0.228,0.013,1.718,1.625,0.500,1.409,1.139,39,8,10,22,36,79,59,588.063,True,False,1.000,Bündnis 90/Die Grünen,0.494,0.101,0.127,0.278,0.456,381,120,38,16,73,155,0.102,0.021,0.026,0.058,0.094,0.325,0.211,0.625,0.301,0.232,Regierung,1.000,0.000,20.000,WP20,2022,6,22,0.897,2.691,6.830,0.909,1.491,0.291,8.000,8.556,8.000,5.526,6.700,55,47,22,9,5,19,40,0.400,0.164,0.091,0.345,0.727,0.766,2.299,5.471,0.757,1.263,0.278,6.282,6.931,7.500,4.117,5.561,2,-1.000,-3.536,-1.014,3.584
113,2022-06-02,2022-06-24,11,linke,4.000,4.000,0.000,0.000,0.470,1.410,1.824,0.564,0.846,0.000,2.000,1.500,0.000,1.000,1.923,6,2,1,6,13,39,18,462.744,True,False,0.000,Die Linke,0.154,0.051,0.026,0.154,0.333,381,120,38,16,73,155,0.016,0.005,0.003,0.016,0.034,0.050,0.053,0.062,0.082,0.084,Opposition,0.000,1.000,20.000,WP20,2022,6,22,0.897,2.691,6.830,0.909,1.491,0.291,8.000,8.556,8.000,5.526,6.700,55,47,22,9,5,19,40,0.400,0.164,0.091,0.345,0.727,0.427,1.281,5.006,0.345,0.645,0.291,6.000,7.056,8.000,4.526,4.777,3,-0.000,-3.536,-0.014,0.048
113,2022-06-02,2022-06-24,11,spd,21.000,22.000,-1.000,1.000,0.102,0.306,1.306,0.130,0.157,0.019,1.605,1.632,0.800,1.435,0.833,38,19,5,23,54,108,80,646.130,True,False,2.000,SPD,0.352,0.176,0.046,0.213,0.500,381,120,38,16,73,155,0.100,0.050,0.013,0.060,0.142,0.317,0.500,0.312,0.315,0.348,Regierung,1.000,0.000,20.000,WP20,2022,6,22,0.897,2.691,6.830,0.909,1.491,0.291,8.000,8.556,8.000,5.526,6.700,55,47,22,9,5,19,40,0.400,0.164,0.091,0.345,0.727,0.795,2.385,5.524,0.779,1.334,0.272,6.395,6.924,7.200,4.092,5.867,4,1.000,-3.536,0.986,-3.488
114,2022-06-24,2022-07-07,12,cdu/csu,26.000,27.000,-1.000,1.000,0.290,0.871,3.632,0.323,0.548,0.000,5.167,2.500,3.556,4.462,2.571,6,2,9,13,7,31,24,667.935,True,False,4.000,CDU/CSU,0.194,0.065,0.290,0.419,0.226,123,33,6,26,51,32,0.049,0.016,0.073,0.106,0.057,0.182,0.333,0.346,0.255,0.219,Opposition,0.000,1.000,20.000,WP20,2022,6,13,0.633,1.900,6.778,0.750,0.950,0.200,9.000,6.000,9.250,6.083,7.000,20,18,5,2,8,12,8,0.250,0.100,0.400,0.600,0.400,0.343,1.029,3.146,0.427,0.402,0.200,3.833,3.500,5.694,1.622,4.429,0,1.000,-2.536,0.986,-2.502
114,2022-06-24,2022-07-07,12,fdp,8.000,8.000,0.000,0.000,0.088,0.263,1.382,0.000,0.263,0.000,2.500,2.500,0.250,1.111,1.667,4,2,4,9,6,19,17,564.842,True,False,3.000,FDP,0.211,0.105,0.211,0.474,0.316,123,33,6,26,51,32,0.033,0.016,0.033,0.073,0.049,0.121,0.333,0.154,0.176,0.188,Regierung,1.000,0.000,20.000,WP20,2022,6,13,0.633,1.900,6.778,0.750,0.950,0.200,9.000,6.000,9.250,6.083,7.000,20,18,5,2,8,12,8,0.250,0.100,0.400,0.600,0.400,0.546,1.637,5.395,0.750,0.687,0.200,6.500,3.500,9.000,4.972,5.333,1,-0.000,-2.536,-0.014,0.035
114,2022-06-24,2022-07-07,12,grüne,23.000,21.000,2.000,2.000,0.181,0.542,1.152,0.083,0.458,0.000,1.000,2.500,0.667,1.364,1.111,8,2,3,11,9,24,22,526.417,True,False,1.000,Bündnis 90/Die Grünen,0.333,0.083,0.125,0.458,0.375,123,33,6,26,51,32,0.065,0.016,0.024,0.089,0.073,0.242,0.333,0.115,0.216,0.281,Regierung,1.000,0.000,20.000,WP20,2022,6,13,0.633,1.900,6.778,0.750,0.950,0.200,9.000,6.000,9.250,6.083,7.000,20,18,5,2,8,12,8,0.250,0.100,0.400,0.600,0.400,0.453,1.358,5.626,0.667,0.492,0.200,8.000,3.500,8.583,4.720,5.889,2,-2.000,-2.536,-2.014,5.107
114,2022-06-24,2022-07-07,12,linke,4.000,4.000,0.000,0.000,0.267,0.800,1.667,0.200,0.600,0.000,1.429,,0.000,0.500,4.500,7,0,2,4,2,15,12,445.200,True,False,0.000,Die Linke,0.467,0.000,0.133,0.267,0.133,123,33,6,26,51,32,0.057,0.000,0.016,0.033,0.016,0.212,0.000,0.077,0.078,0.062,Opposition,0.000,1.000,20.000,WP20,2022,6,13,0.633,1.900,6.778,0.750,0.950,0.200,9.000,6.000,9.250,6.083,7.000,20,18,5,2,8,12,8,0.250,0.100,0.400,0.600,0.400,0.367,1.100,5.111,0.550,0.350,0.200,7.571,,9.250,5.583,2.500,3,-0.000,-2.536,-0.014,0.035
114,2022-06-24,2022-07-07,12,spd,20.000,21.000,-1.000,1.000,0.186,0.559,0.938,0.176,0.353,0.029,1.000,,1.000,0.857,0.625,8,0,8,14,8,34,24,675.324,True,False,2.000,SPD,0.235,0.000,0.235,0.412,0.235,123,33,6,26,51,32,0.065,0.000,0.065,0.114,0.065,0.242,0.000,0.308,0.275,0.250,Regierung,1.000,0.000,20.000,WP20,2022,6,13,0.633,1.900,6.778,0.750,0.950,0.200,9.000,6.000,9.250,6.083,7.000,20,18,5,2,8,12,8,0.250,0.100,0.400,0.600,0.400,0.447,1.341,5.840,0.574,0.597,0.171,8.000,,8.250,5.226,6.375,4,1.000,-2.536,0.986,-2.502
115,2022-07-07,2022-07-22,11,cdu/csu,27.000,26.000,1.000,1.000,0.242,0.725,3.065,0.145,0.536,0.043,4.368,2.800,3.333,3.846,2.179,19,5,3,13,28,69,46,621.377,True,False,4.000,CDU/CSU,0.275,0.072,0.043,0.188,0.406,250,81,16,13,37,94,0.076,0.020,0.012,0.052,0.112,0.235,0.312,0.231,0.351,0.298,Opposition,0.000,1.000,20.000,WP20,2022,7,15,0.847,2.541,7.006,0.865,1.405,0.270,8.846,7.400,6.750,5.455,7.190,37,30,13,5,4,11,21,0.351,0.135,0.108,0.297,0.568,0.605,1.816,3.940,0.720,0.869,0.227,4.478,4.600,3.417,1.608,5.012,0,-1.000,-3.536,-1.014,3.584
115,2022-07-07,2022-07-22,11,fdp,8.000,8.000,0.000,0.000,0.188,0.564,1.880,0.103,0.436,0.026,2.667,2.250,0.000,1.667,1.706,9,4,1,3,17,39,25,572.128,True,False,3.000,FDP,0.231,0.103,0.026,0.077,0.436,250,81,16,13,37,94,0.036,0.016,0.004,0.012,0.068,0.111,0.250,0.077,0.081,0.181,Regierung,1.000,0.000,20.000,WP20,2022,7,15,0.847,2.541,7.006,0.865,1.405,0.270,8.846,7.400,6.750,5.455,7.190,37,30,13,5,4,11,21,0.351,0.135,0.108,0.297,0.568,0.659,1.976,5.126,0.762,0.970,0.245,6.179,5.150,6.750,3.788,5.485,1,-0.000,-3.536,-0.014,0.048
115,2022-07-07,2022-07-22,11,grüne,23.000,23.000,0.000,0.000,0.116,0.348,1.187,0.109,0.217,0.022,1.095,2.000,0.250,1.375,1.235,21,2,4,8,17,46,33,487.217,True,False,1.000,Bündnis 90/Die Grünen,0.457,0.043,0.087,0.174,0.370,250,81,16,13,37,94,0.084,0.008,0.016,0.032,0.068,0.259,0.125,0.308,0.216,0.181,Regierung,1.000,0.000,20.000,WP20,2022,7,15,0.847,2.541,7.006,0.865,1.405,0.270,8.846,7.400,6.750,5.455,7.190,37,30,13,5,4,11,21,0.351,0.135,0.108,0.297,0.568,0.731,2.193,5.819,0.756,1.188,0.249,7.751,5.400,6.500,4.080,5.955,2,-0.000,-3.536,-0.014,0.048
115,2022-07-07,2022-07-22,11,linke,4.000,4.000,0.000,0.000,0.506,1.519,1.400,0.519,0.963,0.037,0.857,5.000,0.000,0.000,2.000,7,1,1,3,8,27,15,457.444,True,False,0.000,Die Linke,0.259,0.037,0.037,0.111,0.296,250,81,16,13,37,94,0.028,0.004,0.004,0.012,0.032,0.086,0.062,0.077,0.081,0.085,Opposition,0.000,1.000,20.000,WP20,2022,7,15,0.847,2.541,7.006,0.865,1.405,0.270,8.846,7.400,6.750,5.455,7.190,37,30,13,5,4,11,21,0.351,0.135,0.108,0.297,0.568,0.341,1.022,5.606,0.346,0.442,0.233,7.989,2.400,6.750,5.455,5.190,3,-0.000,-3.536,-0.014,0.048
115,2022-07-07,2022-07-22,11,spd,19.000,20.000,-1.000,1.000,0.130,0.391,1.190,0.130,0.246,0.014,1.200,4.250,0.750,0.500,1.042,25,4,4,10,24,69,49,584.043,True,False,2.000,SPD,0.362,0.058,0.058,0.145,0.348,250,81,16,13,37,94,0.100,0.016,0.016,0.040,0.096,0.309,0.250,0.308,0.270,0.255,Regierung,1.000,0.000,20.000,WP20,2022,7,15,0.847,2.541,7.006,0.865,1.405,0.270,8.846,7.400,6.750,5.455,7.190,37,30,13,5,4,11,21,0.351,0.135,0.108,0.297,0.568,0.716,2.149,5.815,0.734,1.159,0.256,7.646,3.150,6.000,4.955,6.149,4,1.000,-3.536,0.986,-3.488
119,2022-09-01,2022-09-16,13,cdu/csu,27.000,28.000,-1.000,1.000,0.337,1.012,3.928,0.247,0.729,0.035,5.034,4.833,3.500,4.364,3.097,29,6,2,11,31,85,59,779.059,True,False,4.000,CDU/CSU,0.341,0.071,0.024,0.129,0.365,292,111,18,19,62,112,0.099,0.021,0.007,0.038,0.106,0.261,0.333,0.105,0.177,0.277,Opposition,0.000,1.000,20.000,WP20,2022,9,15,0.979,2.936,7.483,1.043,1.617,0.277,8.360,8.200,8.375,6.214,7.385,47,38,25,10,8,14,26,0.532,0.213,0.170,0.298,0.553,0.641,1.924,3.555,0.795,0.888,0.241,3.326,3.367,4.875,1.851,4.288,0,1.000,-1.536,0.986,-1.515
119,2022-09-01,2022-09-16,13,fdp,8.000,7.000,1.000,1.000,0.080,0.240,2.861,0.040,0.180,0.020,4.071,1.000,1.250,2.938,1.722,14,1,4,16,18,50,36,621.460,True,False,3.000,FDP,0.280,0.020,0.080,0.320,0.360,292,111,18,19,62,112,0.048,0.003,0.014,0.055,0.062,0.126,0.056,0.211,0.258,0.161,Regierung,1.000,0.000,20.000,WP20,2022,9,15,0.979,2.936,7.483,1.043,1.617,0.277,8.360,8.200,8.375,6.214,7.385,47,38,25,10,8,14,26,0.532,0.213,0.170,0.298,0.553,0.899,2.696,4.622,1.003,1.437,0.257,4.289,7.200,7.125,3.277,5.662,1,-1.000,-1.536,-1.014,1.557
119,2022-09-01,2022-09-16,13,grüne,22.000,23.000,-1.000,1.000,0.179,0.536,1.172,0.161,0.357,0.018,1.345,1.667,0.750,1.000,0.828,29,6,4,17,29,56,47,621.321,True,False,1.000,Bündnis 90/Die Grünen,0.518,0.107,0.071,0.304,0.518,292,111,18,19,62,112,0.099,0.021,0.014,0.058,0.099,0.261,0.333,0.211,0.274,0.259,Regierung,1.000,0.000,20.000,WP20,2022,9,15,0.979,2.936,7.483,1.043,1.617,0.277,8.360,8.200,8.375,6.214,7.385,47,38,25,10,8,14,26,0.532,0.213,0.170,0.298,0.553,0.800,2.400,6.311,0.882,1.260,0.259,7.015,6.533,7.625,5.214,6.557,2,1.000,-1.536,0.986,-1.515
119,2022-09-01,2022-09-16,13,linke,5.000,4.000,1.000,1.000,0.693,2.080,2.476,0.840,1.240,0.000,2.750,7.000,,2.000,3.000,8,1,0,3,7,25,14,561.600,True,False,0.000,Die Linke,0.320,0.040,0.000,0.120,0.280,292,111,18,19,62,112,0.027,0.003,0.000,0.010,0.024,0.072,0.056,0.000,0.048,0.062,Opposition,0.000,1.000,20.000,WP20,2022,9,15,0.979,2.936,7.483,1.043,1.617,0.277,8.360,8.200,8.375,6.214,7.385,47,38,25,10,8,14,26,0.532,0.213,0.170,0.298,0.553,0.285,0.856,5.007,0.203,0.377,0.277,5.610,1.200,,4.214,4.385,3,-1.000,-1.536,-1.014,1.557
119,2022-09-01,2022-09-16,13,spd,17.000,18.000,-1.000,1.000,0.105,0.316,1.361,0.105,0.197,0.013,1.452,1.750,0.778,1.267,1.111,31,4,9,15,27,76,54,707.789,True,False,2.000,SPD,0.408,0.053,0.118,0.197,0.355,292,111,18,19,62,112,0.106,0.014,0.031,0.051,0.092,0.279,0.222,0.474,0.242,0.241,Regierung,1.000,0.000,20.000,WP20,2022,9,15,0.979,2.936,7.483,1.043,1.617,0.277,8.360,8.200,8.375,6.214,7.385,47,38,25,10,8,14,26,0.532,0.213,0.170,0.298,0.553,0.873,2.620,6.122,0.937,1.420,0.263,6.908,6.450,7.597,4.948,6.274,4,1.000,-1.536,0.986,-1.515
120,2022-09-16,2022-10-06,14,cdu/csu,28.000,27.000,1.000,1.000,0.336,1.007,4.161,0.250,0.709,0.047,5.250,5.600,3.200,4.043,2.467,52,5,5,23,45,148,93,656.480,True,False,4.000,CDU/CSU,0.351,0.034,0.034,0.155,0.304,535,209,29,37,104,201,0.097,0.009,0.009,0.043,0.084,0.249,0.172,0.135,0.221,0.224,Opposition,0.000,1.000,20.000,WP20,2022,9,20,0.953,2.859,7.406,0.974,1.590,0.295,8.775,8.000,7.818,5.286,7.731,78,70,40,12,11,28,52,0.513,0.154,0.141,0.359,0.667,0.617,1.852,3.245,0.724,0.880,0.248,3.525,2.400,4.618,1.242,5.264,0,-1.000,-0.536,-1.014,0.543
120,2022-09-16,2022-10-06,14,fdp,7.000,8.000,-1.000,1.000,0.182,0.545,2.048,0.091,0.429,0.026,2.656,2.000,0.333,1.308,1.588,32,4,3,13,34,77,55,596.766,True,False,3.000,FDP,0.416,0.052,0.039,0.169,0.442,535,209,29,37,104,201,0.060,0.007,0.006,0.024,0.064,0.153,0.138,0.081,0.125,0.169,Regierung,1.000,0.000,20.000,WP20,2022,9,20,0.953,2.859,7.406,0.974,1.590,0.295,8.775,8.000,7.818,5.286,7.731,78,70,40,12,11,28,52,0.513,0.154,0.141,0.359,0.667,0.771,2.314,5.357,0.883,1.161,0.269,6.119,6.000,7.485,3.978,6.143,1,1.000,-0.536,0.986,-0.529
120,2022-09-16,2022-10-06,14,grüne,21.000,22.000,-1.000,1.000,0.252,0.755,1.143,0.198,0.509,0.047,1.286,2.143,0.417,0.500,1.114,56,7,12,24,44,106,84,544.906,True,False,1.000,Bündnis 90/Die Grünen,0.528,0.066,0.113,0.226,0.415,535,209,29,37,104,201,0.105,0.013,0.022,0.045,0.082,0.268,0.241,0.324,0.231,0.219,Regierung,1.000,0.000,20.000,WP20,2022,9,20,0.953,2.859,7.406,0.974,1.590,0.295,8.775,8.000,7.818,5.286,7.731,78,70,40,12,11,28,52,0.513,0.154,0.141,0.359,0.667,0.701,2.104,6.263,0.776,1.080,0.248,7.489,5.857,7.402,4.786,6.617,2,1.000,-0.536,0.986,-0.529
120,2022-09-16,2022-10-06,14,linke,5.000,5.000,0.000,0.000,0.483,1.448,1.502,0.517,0.931,0.000,1.684,1.000,0.800,0.818,1.714,19,3,5,11,14,58,34,483.207,True,False,0.000,Die Linke,0.328,0.052,0.086,0.190,0.241,535,209,29,37,104,201,0.036,0.006,0.009,0.021,0.026,0.091,0.103,0.135,0.106,0.070,Opposition,0.000,1.000,20.000,WP20,2022,9,20,0.953,2.859,7.406,0.974,1.590,0.295,8.775,8.000,7.818,5.286,7.731,78,70,40,12,11,28,52,0.513,0.154,0.141,0.359,0.667,0.470,1.411,5.904,0.457,0.659,0.295,7.091,7.000,7.018,4.468,6.016,3,-0.000,-0.536,-0.014,0.007
120,2022-09-16,2022-10-06,14,spd,17.000,17.000,0.000,0.000,0.189,0.568,1.396,0.192,0.370,0.007,1.780,2.200,0.500,0.939,1.297,50,10,12,33,64,146,107,632.664,True,False,2.000,SPD,0.342,0.068,0.082,0.226,0.438,535,209,29,37,104,201,0.093,0.019,0.022,0.062,0.120,0.239,0.345,0.324,0.317,0.318,Regierung,1.000,0.000,20.000,WP20,2022,9,20,0.953,2.859,7.406,0.974,1.590,0.295,8.775,8.000,7.818,5.286,7.731,78,70,40,12,11,28,52,0.513,0.154,0.141,0.359,0.667,0.763,2.290,6.010,0.783,1.220,0.288,6.995,5.800,7.318,4.346,6.434,4,-0.000,-0.536,-0.014,0.007
121,2022-10-06,2022-10-14,15,cdu/csu,28.000,28.000,0.000,0.000,0.481,1.442,4.540,0.442,0.885,0.115,5.846,7.125,0.000,4.077,4.000,13,8,1,13,19,52,33,657.519,True,False,4.000,CDU/CSU,0.250,0.154,0.019,0.250,0.365,193,51,33,12,49,72,0.067,0.041,0.005,0.067,0.098,0.255,0.242,0.083,0.265,0.264,Opposition,0.000,1.000,20.000,WP20,2022,10,8,1.111,3.333,7.714,1.292,1.625,0.417,8.667,8.571,6.500,6.818,7.867,24,21,9,7,4,11,15,0.375,0.292,0.167,0.458,0.625,0.630,1.891,3.174,0.849,0.740,0.301,2.821,1.446,6.500,2.741,3.867,0,-0.000,0.464,-0.014,-0.006
121,2022-10-06,2022-10-14,15,fdp,7.000,7.000,0.000,0.000,0.256,0.769,2.083,0.269,0.500,0.000,4.000,3.800,0.000,1.400,1.571,4,5,1,5,14,26,16,664.462,True,False,3.000,FDP,0.154,0.192,0.038,0.192,0.538,193,51,33,12,49,72,0.021,0.026,0.005,0.026,0.073,0.078,0.152,0.083,0.102,0.194,Regierung,1.000,0.000,20.000,WP20,2022,10,8,1.111,3.333,7.714,1.292,1.625,0.417,8.667,8.571,6.500,6.818,7.867,24,21,9,7,4,11,15,0.375,0.292,0.167,0.458,0.625,0.855,2.564,5.631,1.022,1.125,0.417,4.667,4.771,6.500,5.418,6.295,1,-0.000,0.464,-0.014,-0.006
121,2022-10-06,2022-10-14,15,grüne,19.000,21.000,-2.000,2.000,0.225,0.676,0.879,0.297,0.351,0.027,1.357,1.286,0.167,0.500,0.600,14,7,6,14,15,37,33,524.892,True,False,1.000,Bündnis 90/Die Grünen,0.378,0.189,0.162,0.378,0.405,193,51,33,12,49,72,0.073,0.036,0.031,0.073,0.078,0.275,0.212,0.500,0.286,0.208,Regierung,1.000,0.000,20.000,WP20,2022,10,8,1.111,3.333,7.714,1.292,1.625,0.417,8.667,8.571,6.500,6.818,7.867,24,21,9,7,4,11,15,0.375,0.292,0.167,0.458,0.625,0.886,2.658,6.835,0.994,1.274,0.390,7.310,7.286,6.333,6.318,7.267,2,2.000,0.464,1.986,0.921
121,2022-10-06,2022-10-14,15,linke,5.000,5.000,0.000,0.000,0.545,1.636,0.788,0.591,0.955,0.091,0.833,1.500,,0.500,0.800,6,4,0,4,5,22,11,440.091,True,False,0.000,Die Linke,0.273,0.182,0.000,0.182,0.227,193,51,33,12,49,72,0.031,0.021,0.000,0.021,0.026,0.118,0.121,0.000,0.082,0.069,Opposition,0.000,1.000,20.000,WP20,2022,10,8,1.111,3.333,7.714,1.292,1.625,0.417,8.667,8.571,6.500,6.818,7.867,24,21,9,7,4,11,15,0.375,0.292,0.167,0.458,0.625,0.566,1.697,6.926,0.701,0.670,0.326,7.833,7.071,,6.318,7.067,3,-0.000,0.464,-0.014,-0.006
121,2022-10-06,2022-10-14,15,spd,17.000,17.000,0.000,0.000,0.214,0.643,1.250,0.250,0.339,0.054,1.571,1.889,1.000,0.385,1.000,14,9,4,13,19,56,36,562.893,True,False,2.000,SPD,0.250,0.161,0.071,0.232,0.339,193,51,33,12,49,72,0.073,0.047,0.021,0.067,0.098,0.275,0.273,0.333,0.265,0.264,Regierung,1.000,0.000,20.000,WP20,2022,10,8,1.111,3.333,7.714,1.292,1.625,0.417,8.667,8.571,6.500,6.818,7.867,24,21,9,7,4,11,15,0.375,0.292,0.167,0.458,0.625,0.897,2.690,6.464,1.042,1.286,0.363,7.095,6.683,5.500,6.434,6.867,4,-0.000,0.464,-0.014,-0.006
122,2022-10-14,2022-11-03,15,cdu/csu,26.000,28.000,-2.000,2.000,0.333,1.000,3.679,0.244,0.689,0.067,4.519,6.778,3.667,4.273,3.171,27,9,3,11,41,90,52,636.989,True,False,4.000,CDU/CSU,0.300,0.100,0.033,0.122,0.456,325,108,45,15,50,143,0.083,0.028,0.009,0.034,0.126,0.250,0.200,0.200,0.220,0.287,Opposition,0.000,1.000,20.000,WP20,2022,10,20,1.000,3.000,7.595,1.000,1.600,0.400,8.130,7.923,8.400,6.733,7.867,45,38,23,13,5,15,30,0.511,0.289,0.111,0.333,0.667,0.667,2.000,3.915,0.756,0.911,0.333,3.612,1.145,4.733,2.461,4.696,0,2.000,0.464,1.986,0.921
122,2022-10-14,2022-11-03,15,fdp,6.000,7.000,-1.000,1.000,0.170,0.511,2.000,0.085,0.383,0.043,2.333,3.667,0.000,2.000,1.476,15,6,1,8,21,47,32,629.170,True,False,3.000,FDP,0.319,0.128,0.021,0.170,0.447,325,108,45,15,50,143,0.046,0.018,0.003,0.025,0.065,0.139,0.133,0.067,0.160,0.147,Regierung,1.000,0.000,20.000,WP20,2022,10,20,1.000,3.000,7.595,1.000,1.600,0.400,8.130,7.923,8.400,6.733,7.867,45,38,23,13,5,15,30,0.511,0.289,0.111,0.333,0.667,0.830,2.489,5.595,0.915,1.217,0.357,5.797,4.256,8.400,4.733,6.390,1,1.000,0.464,0.986,0.458
122,2022-10-14,2022-11-03,15,grüne,20.000,19.000,1.000,1.000,0.197,0.590,1.211,0.148,0.393,0.049,1.217,1.556,0.500,1.333,1.034,23,9,2,6,29,61,41,554.000,True,False,1.000,Bündnis 90/Die Grünen,0.377,0.148,0.033,0.098,0.475,325,108,45,15,50,143,0.071,0.028,0.006,0.018,0.089,0.213,0.200,0.133,0.120,0.203,Regierung,1.000,0.000,20.000,WP20,2022,10,20,1.000,3.000,7.595,1.000,1.600,0.400,8.130,7.923,8.400,6.733,7.867,45,38,23,13,5,15,30,0.511,0.289,0.111,0.333,0.667,0.803,2.410,6.383,0.852,1.207,0.351,6.913,6.368,7.900,5.400,6.832,2,-1.000,0.464,-1.014,-0.470
122,2022-10-14,2022-11-03,15,linke,5.000,5.000,0.000,0.000,0.513,1.538,1.359,0.513,0.974,0.051,1.917,1.000,0.000,0.667,1.429,12,7,1,9,14,39,26,450.538,True,False,0.000,Die Linke,0.308,0.179,0.026,0.231,0.359,325,108,45,15,50,143,0.037,0.022,0.003,0.028,0.043,0.111,0.156,0.067,0.180,0.098,Opposition,0.000,1.000,20.000,WP20,2022,10,20,1.000,3.000,7.595,1.000,1.600,0.400,8.130,7.923,8.400,6.733,7.867,45,38,23,13,5,15,30,0.511,0.289,0.111,0.333,0.667,0.487,1.462,6.236,0.487,0.626,0.349,6.214,6.923,8.400,6.067,6.438,3,-0.000,0.464,-0.014,-0.006
122,2022-10-14,2022-11-03,15,spd,19.000,17.000,2.000,2.000,0.205,0.614,1.364,0.148,0.375,0.091,1.355,1.500,0.250,1.000,1.132,31,14,8,16,38,88,59,637.580,True,False,2.000,SPD,0.352,0.159,0.091,0.182,0.432,325,108,45,15,50,143,0.095,0.043,0.025,0.049,0.117,0.287,0.311,0.533,0.320,0.266,Regierung,1.000,0.000,20.000,WP20,2022,10,20,1.000,3.000,7.595,1.000,1.600,0.400,8.130,7.923,8.400,6.733,7.867,45,38,23,13,5,15,30,0.511,0.289,0.111,0.333,0.667,0.795,2.386,6.231,0.852,1.225,0.309,6.776,6.423,8.150,5.733,6.735,4,-2.000,0.464,-2.014,-0.934
123,2022-11-03,2022-11-11,14,cdu/csu,28.000,26.000,2.000,2.000,0.298,0.894,3.775,0.197,0.652,0.045,5.750,6.000,2.250,2.588,2.316,20,3,4,17,19,66,43,591.591,True,False,4.000,CDU/CSU,0.303,0.045,0.061,0.258,0.288,241,71,14,23,81,69,0.083,0.012,0.017,0.071,0.079,0.282,0.214,0.174,0.210,0.275,Opposition,0.000,1.000,20.000,WP20,2022,11,8,0.981,2.944,7.273,0.917,1.472,0.556,8.750,8.875,8.000,6.071,7.043,36,29,12,8,7,14,23,0.333,0.222,0.194,0.389,0.639,0.684,2.051,3.498,0.720,0.821,0.510,3.000,2.875,5.750,3.483,4.728,0,-2.000,-0.536,-2.014,1.080
123,2022-11-03,2022-11-11,14,fdp,6.000,6.000,0.000,0.000,0.162,0.486,2.083,0.086,0.400,0.000,3.700,4.000,0.250,1.846,1.769,10,2,4,13,13,35,24,632.886,True,False,3.000,FDP,0.286,0.057,0.114,0.371,0.371,241,71,14,23,81,69,0.041,0.008,0.017,0.054,0.054,0.141,0.143,0.174,0.160,0.188,Regierung,1.000,0.000,20.000,WP20,2022,11,8,0.981,2.944,7.273,0.917,1.472,0.556,8.750,8.875,8.000,6.071,7.043,36,29,12,8,7,14,23,0.333,0.222,0.194,0.389,0.639,0.820,2.459,5.190,0.831,1.072,0.556,5.050,4.875,7.750,4.225,5.274,1,-0.000,-0.536,-0.014,0.007
123,2022-11-03,2022-11-11,14,grüne,19.000,20.000,-1.000,1.000,0.156,0.467,0.978,0.178,0.267,0.022,1.235,0.667,0.000,0.941,0.727,17,3,5,17,11,45,31,475.978,True,False,1.000,Bündnis 90/Die Grünen,0.378,0.067,0.111,0.378,0.244,241,71,14,23,81,69,0.071,0.012,0.021,0.071,0.046,0.239,0.214,0.217,0.210,0.159,Regierung,1.000,0.000,20.000,WP20,2022,11,8,0.981,2.944,7.273,0.917,1.472,0.556,8.750,8.875,8.000,6.071,7.043,36,29,12,8,7,14,23,0.333,0.222,0.194,0.389,0.639,0.826,2.478,6.294,0.739,1.206,0.533,7.515,8.208,8.000,5.130,6.316,2,1.000,-0.536,0.986,-0.529
123,2022-11-03,2022-11-11,14,linke,5.000,5.000,0.000,0.000,0.449,1.346,0.901,0.462,0.808,0.077,0.857,1.000,0.400,1.333,1.000,7,2,5,9,4,26,16,428.500,True,False,0.000,Die Linke,0.269,0.077,0.192,0.346,0.154,241,71,14,23,81,69,0.029,0.008,0.021,0.037,0.017,0.099,0.143,0.217,0.111,0.058,Opposition,0.000,1.000,20.000,WP20,2022,11,8,0.981,2.944,7.273,0.917,1.472,0.556,8.750,8.875,8.000,6.071,7.043,36,29,12,8,7,14,23,0.333,0.222,0.194,0.389,0.639,0.533,1.598,6.372,0.455,0.665,0.479,7.893,7.875,7.600,4.738,6.043,3,-0.000,-0.536,-0.014,0.007
123,2022-11-03,2022-11-11,14,spd,19.000,19.000,0.000,0.000,0.159,0.478,1.132,0.159,0.304,0.014,1.412,1.750,0.600,1.080,0.909,17,4,5,25,22,69,46,587.623,True,False,2.000,SPD,0.246,0.058,0.072,0.362,0.319,241,71,14,23,81,69,0.071,0.017,0.021,0.104,0.091,0.239,0.286,0.217,0.309,0.319,Regierung,1.000,0.000,20.000,WP20,2022,11,8,0.981,2.944,7.273,0.917,1.472,0.556,8.750,8.875,8.000,6.071,7.043,36,29,12,8,7,14,23,0.333,0.222,0.194,0.389,0.639,0.822,2.466,6.141,0.757,1.168,0.541,7.338,7.125,7.400,4.991,6.134,4,-0.000,-0.536,-0.014,0.007
124,2022-11-11,2022-12-01,14,cdu/csu,28.000,28.000,0.000,0.000,0.342,1.025,3.772,0.305,0.703,0.017,4.658,6.000,3.667,3.929,2.892,38,7,3,14,37,118,71,707.983,True,False,4.000,CDU/CSU,0.322,0.059,0.025,0.119,0.314,409,169,38,46,75,176,0.093,0.017,0.007,0.034,0.090,0.225,0.184,0.065,0.187,0.210,Opposition,0.000,1.000,20.000,WP20,2022,11,20,1.079,3.238,7.950,1.095,1.698,0.444,8.375,9.000,8.077,7.750,7.675,63,52,32,13,13,20,40,0.508,0.206,0.206,0.317,0.635,0.738,2.213,4.178,0.790,0.995,0.427,3.717,3.000,4.410,3.821,4.783,0,-0.000,-0.536,-0.014,0.007
124,2022-11-11,2022-12-01,14,fdp,7.000,6.000,1.000,1.000,0.158,0.474,2.188,0.105,0.333,0.035,3.857,1.571,0.250,1.900,1.483,21,7,8,10,29,57,44,636.579,True,False,3.000,FDP,0.368,0.123,0.140,0.175,0.509,409,169,38,46,75,176,0.051,0.017,0.020,0.024,0.071,0.124,0.184,0.174,0.133,0.165,Regierung,1.000,0.000,20.000,WP20,2022,11,20,1.079,3.238,7.950,1.095,1.698,0.444,8.375,9.000,8.077,7.750,7.675,63,52,32,13,13,20,40,0.508,0.206,0.206,0.317,0.635,0.921,2.764,5.762,0.990,1.365,0.409,4.518,7.429,7.827,5.850,6.192,1,-1.000,-0.536,-1.014,0.543
124,2022-11-11,2022-12-01,14,grüne,19.000,19.000,0.000,0.000,0.185,0.556,0.863,0.136,0.370,0.049,0.894,1.000,0.533,0.750,0.842,47,8,15,20,38,81,72,593.235,True,False,1.000,Bündnis 90/Die Grünen,0.580,0.099,0.185,0.247,0.469,409,169,38,46,75,176,0.115,0.020,0.037,0.049,0.093,0.278,0.211,0.326,0.267,0.216,Regierung,1.000,0.000,20.000,WP20,2022,11,20,1.079,3.238,7.950,1.095,1.698,0.444,8.375,9.000,8.077,7.750,7.675,63,52,32,13,13,20,40,0.508,0.206,0.206,0.317,0.635,0.894,2.683,7.087,0.959,1.328,0.395,7.481,8.000,7.544,7.000,6.833,2,-0.000,-0.536,-0.014,0.007
124,2022-11-11,2022-12-01,14,linke,4.000,5.000,-1.000,1.000,0.563,1.690,1.795,0.619,1.024,0.048,1.167,2.000,0.000,2.000,2.667,12,1,1,5,9,42,22,479.167,True,False,0.000,Die Linke,0.286,0.024,0.024,0.119,0.214,409,169,38,46,75,176,0.029,0.002,0.002,0.012,0.022,0.071,0.026,0.022,0.067,0.051,Opposition,0.000,1.000,20.000,WP20,2022,11,20,1.079,3.238,7.950,1.095,1.698,0.444,8.375,9.000,8.077,7.750,7.675,63,52,32,13,13,20,40,0.508,0.206,0.206,0.317,0.635,0.516,1.548,6.155,0.476,0.675,0.397,7.208,7.000,8.077,5.750,5.008,3,1.000,-0.536,0.986,-0.529
124,2022-11-11,2022-12-01,14,spd,18.000,19.000,-1.000,1.000,0.135,0.405,1.165,0.126,0.252,0.027,1.235,2.067,0.789,1.192,1.000,51,15,19,26,63,111,90,704.595,True,False,2.000,SPD,0.459,0.135,0.171,0.234,0.568,409,169,38,46,75,176,0.125,0.037,0.046,0.064,0.154,0.302,0.395,0.413,0.347,0.358,Regierung,1.000,0.000,20.000,WP20,2022,11,20,1.079,3.238,7.950,1.095,1.698,0.444,8.375,9.000,8.077,7.750,7.675,63,52,32,13,13,20,40,0.508,0.206,0.206,0.317,0.635,0.944,2.833,6.785,0.969,1.446,0.417,7.140,6.933,7.287,6.558,6.675,4,1.000,-0.536,0.986,-0.529
125,2022-12-01,2022-12-09,15,cdu/csu,30.000,28.000,2.000,2.000,0.355,1.066,4.659,0.276,0.684,0.105,4.652,6.600,3.600,5.267,4.579,23,10,5,15,19,76,46,608.697,True,False,4.000,CDU/CSU,0.303,0.132,0.066,0.197,0.250,281,103,35,30,67,91,0.082,0.036,0.018,0.053,0.068,0.223,0.286,0.167,0.224,0.209,Opposition,0.000,1.000,20.000,WP20,2022,12,8,1.017,3.050,7.434,1.100,1.500,0.450,8.786,9.125,7.857,5.917,8.000,40,33,14,8,7,12,18,0.350,0.200,0.175,0.300,0.450,0.661,1.984,2.775,0.824,0.816,0.345,4.134,2.525,4.257,0.650,3.421,0,-2.000,0.464,-2.014,-0.934
125,2022-12-01,2022-12-09,15,fdp,5.000,7.000,-2.000,2.000,0.122,0.366,2.167,0.073,0.244,0.049,3.154,2.875,1.333,2.462,1.467,13,8,3,13,15,41,32,545.927,True,False,3.000,FDP,0.317,0.195,0.073,0.317,0.366,281,103,35,30,67,91,0.046,0.028,0.011,0.046,0.053,0.126,0.229,0.100,0.194,0.165,Regierung,1.000,0.000,20.000,WP20,2022,12,8,1.017,3.050,7.434,1.100,1.500,0.450,8.786,9.125,7.857,5.917,8.000,40,33,14,8,7,12,18,0.350,0.200,0.175,0.300,0.450,0.895,2.684,5.268,1.027,1.256,0.401,5.632,6.250,6.524,3.455,6.533,1,2.000,0.464,1.986,0.921
125,2022-12-01,2022-12-09,15,grüne,18.000,19.000,-1.000,1.000,0.196,0.589,1.024,0.214,0.375,0.000,1.036,1.833,1.000,0.750,0.870,28,6,7,12,23,56,42,548.071,True,False,1.000,Bündnis 90/Die Grünen,0.500,0.107,0.125,0.214,0.411,281,103,35,30,67,91,0.100,0.021,0.025,0.043,0.082,0.272,0.171,0.233,0.179,0.253,Regierung,1.000,0.000,20.000,WP20,2022,12,8,1.017,3.050,7.434,1.100,1.500,0.450,8.786,9.125,7.857,5.917,8.000,40,33,14,8,7,12,18,0.350,0.200,0.175,0.300,0.450,0.820,2.461,6.411,0.886,1.125,0.450,7.750,7.292,6.857,5.167,7.130,2,1.000,0.464,0.986,0.458
125,2022-12-01,2022-12-09,15,linke,5.000,4.000,1.000,1.000,0.456,1.367,1.373,0.400,0.967,0.000,1.818,1.500,0.250,0.889,1.857,11,2,4,9,7,30,21,433.167,True,False,0.000,Die Linke,0.367,0.067,0.133,0.300,0.233,281,103,35,30,67,91,0.039,0.007,0.014,0.032,0.025,0.107,0.057,0.133,0.134,0.077,Opposition,0.000,1.000,20.000,WP20,2022,12,8,1.017,3.050,7.434,1.100,1.500,0.450,8.786,9.125,7.857,5.917,8.000,40,33,14,8,7,12,18,0.350,0.200,0.175,0.300,0.450,0.561,1.683,6.061,0.700,0.533,0.450,6.968,7.625,7.607,5.028,6.143,3,-1.000,0.464,-1.014,-0.470
125,2022-12-01,2022-12-09,15,spd,18.000,18.000,0.000,0.000,0.158,0.474,1.405,0.205,0.269,0.000,1.607,1.444,1.000,1.111,1.000,28,9,11,18,27,78,57,580.936,True,False,2.000,SPD,0.359,0.115,0.141,0.231,0.346,281,103,35,30,67,91,0.100,0.032,0.039,0.064,0.096,0.272,0.257,0.367,0.269,0.297,Regierung,1.000,0.000,20.000,WP20,2022,12,8,1.017,3.050,7.434,1.100,1.500,0.450,8.786,9.125,7.857,5.917,8.000,40,33,14,8,7,12,18,0.350,0.200,0.175,0.300,0.450,0.859,2.576,6.029,0.895,1.231,0.450,7.179,7.681,6.857,4.806,7.000,4,-0.000,0.464,-0.014,-0.006
126,2022-12-09,2023-01-05,15,cdu/csu,29.000,30.000,-1.000,1.000,0.302,0.907,3.381,0.200,0.613,0.093,3.429,4.857,5.000,4.133,3.269,14,7,3,15,26,75,42,597.080,True,False,4.000,CDU/CSU,0.187,0.093,0.040,0.200,0.347,267,77,35,20,78,110,0.052,0.026,0.011,0.056,0.097,0.182,0.200,0.150,0.192,0.236,Opposition,0.000,1.000,20.000,WP20,2022,12,27,0.970,2.909,7.089,0.970,1.545,0.394,7.600,8.000,7.200,6.533,7.455,33,29,15,9,5,15,22,0.455,0.273,0.152,0.455,0.667,0.667,2.002,3.708,0.770,0.932,0.301,4.171,3.143,2.200,2.400,4.185,0,1.000,0.464,0.986,0.458
126,2022-12-09,2023-01-05,15,fdp,6.000,5.000,1.000,1.000,0.222,0.667,1.623,0.128,0.436,0.103,3.000,2.800,0.500,1.571,1.316,8,5,2,14,19,39,27,607.872,True,False,3.000,FDP,0.205,0.128,0.051,0.359,0.487,267,77,35,20,78,110,0.030,0.019,0.007,0.052,0.071,0.104,0.143,0.100,0.179,0.173,Regierung,1.000,0.000,20.000,WP20,2022,12,27,0.970,2.909,7.089,0.970,1.545,0.394,7.600,8.000,7.200,6.533,7.455,33,29,15,9,5,15,22,0.455,0.273,0.152,0.455,0.667,0.747,2.242,5.466,0.841,1.110,0.291,4.600,5.200,6.700,4.962,6.139,1,-1.000,0.464,-1.014,-0.470
126,2022-12-09,2023-01-05,15,grüne,18.000,18.000,0.000,0.000,0.255,0.766,1.000,0.128,0.511,0.128,1.208,1.857,0.286,0.800,0.609,24,7,7,15,23,47,39,556.596,True,False,1.000,Bündnis 90/Die Grünen,0.511,0.149,0.149,0.319,0.489,267,77,35,20,78,110,0.090,0.026,0.026,0.056,0.086,0.312,0.200,0.350,0.192,0.209,Regierung,1.000,0.000,20.000,WP20,2022,12,27,0.970,2.909,7.089,0.970,1.545,0.394,7.600,8.000,7.200,6.533,7.455,33,29,15,9,5,15,22,0.455,0.273,0.152,0.455,0.667,0.714,2.143,6.089,0.842,1.035,0.266,6.392,6.143,6.914,5.733,6.846,2,-0.000,0.464,-0.014,-0.006
126,2022-12-09,2023-01-05,15,linke,5.000,5.000,0.000,0.000,0.409,1.226,1.606,0.323,0.774,0.129,1.500,2.200,0.000,0.667,2.500,10,5,3,9,8,31,22,457.387,True,False,0.000,Die Linke,0.323,0.161,0.097,0.290,0.258,267,77,35,20,78,110,0.037,0.019,0.011,0.034,0.030,0.130,0.143,0.150,0.115,0.073,Opposition,0.000,1.000,20.000,WP20,2022,12,27,0.970,2.909,7.089,0.970,1.545,0.394,7.600,8.000,7.200,6.533,7.455,33,29,15,9,5,15,22,0.455,0.273,0.152,0.455,0.667,0.561,1.683,5.483,0.647,0.771,0.265,6.100,5.800,7.200,5.867,4.955,3,-0.000,0.464,-0.014,-0.006
126,2022-12-09,2023-01-05,15,spd,18.000,18.000,0.000,0.000,0.222,0.667,1.267,0.120,0.373,0.173,1.524,1.818,1.000,1.520,0.794,21,11,5,25,34,75,55,623.880,True,False,2.000,SPD,0.280,0.147,0.067,0.333,0.453,267,77,35,20,78,110,0.079,0.041,0.019,0.094,0.127,0.273,0.314,0.250,0.321,0.309,Regierung,1.000,0.000,20.000,WP20,2022,12,27,0.970,2.909,7.089,0.970,1.545,0.394,7.600,8.000,7.200,6.533,7.455,33,29,15,9,5,15,22,0.455,0.273,0.152,0.455,0.667,0.747,2.242,5.822,0.850,1.172,0.221,6.076,6.182,6.200,5.013,6.660,4,-0.000,0.464,-0.014,-0.006
127,2023-01-05,2023-01-19,15,cdu/csu,29.000,29.000,0.000,0.000,0.436,1.308,5.296,0.308,0.769,0.231,4.400,5.667,7.000,8.333,5.200,5,3,1,3,5,13,9,589.615,True,False,4.000,CDU/CSU,0.385,0.231,0.077,0.231,0.385,44,18,14,9,11,19,0.114,0.068,0.023,0.068,0.114,0.278,0.214,0.111,0.273,0.263,Opposition,0.000,1.000,20.000,WP20,2023,1,14,1.133,3.400,8.400,1.200,1.600,0.600,9.000,9.000,8.333,7.500,8.500,5,5,2,2,3,2,4,0.400,0.400,0.600,0.400,0.800,0.697,2.092,3.104,0.892,0.831,0.369,4.600,3.333,1.333,0.833,3.300,0,-0.000,0.464,-0.014,-0.006
127,2023-01-05,2023-01-19,15,fdp,6.000,6.000,0.000,0.000,0.267,0.800,3.250,0.200,0.400,0.200,5.000,3.500,3.000,2.500,2.333,2,2,1,2,3,5,4,695.200,True,False,3.000,FDP,0.400,0.400,0.200,0.400,0.600,44,18,14,9,11,19,0.045,0.045,0.023,0.045,0.068,0.111,0.143,0.111,0.182,0.158,Regierung,1.000,0.000,20.000,WP20,2023,1,14,1.133,3.400,8.400,1.200,1.600,0.600,9.000,9.000,8.333,7.500,8.500,5,5,2,2,3,2,4,0.400,0.400,0.600,0.400,0.800,0.867,2.600,5.150,1.000,1.200,0.400,4.000,5.500,5.333,5.000,6.167,1,-0.000,0.464,-0.014,-0.006
127,2023-01-05,2023-01-19,15,grüne,19.000,18.000,1.000,1.000,0.458,1.375,0.917,0.500,0.625,0.250,0.800,1.000,0.200,2.000,0.750,5,4,5,2,4,8,7,569.000,True,False,1.000,Bündnis 90/Die Grünen,0.625,0.500,0.625,0.250,0.500,44,18,14,9,11,19,0.114,0.091,0.114,0.045,0.091,0.278,0.286,0.556,0.182,0.211,Regierung,1.000,0.000,20.000,WP20,2023,1,14,1.133,3.400,8.400,1.200,1.600,0.600,9.000,9.000,8.333,7.500,8.500,5,5,2,2,3,2,4,0.400,0.400,0.600,0.400,0.800,0.675,2.025,7.483,0.700,0.975,0.350,8.200,8.000,8.133,5.500,7.750,2,-1.000,0.464,-1.014,-0.470
127,2023-01-05,2023-01-19,15,linke,5.000,5.000,0.000,0.000,0.800,2.400,1.750,0.800,1.400,0.200,2.000,1.000,0.000,2.000,0.500,3,1,1,1,2,5,4,465.400,True,False,0.000,Die Linke,0.600,0.200,0.200,0.200,0.400,44,18,14,9,11,19,0.068,0.023,0.023,0.023,0.045,0.167,0.071,0.111,0.091,0.105,Opposition,0.000,1.000,20.000,WP20,2023,1,14,1.133,3.400,8.400,1.200,1.600,0.600,9.000,9.000,8.333,7.500,8.500,5,5,2,2,3,2,4,0.400,0.400,0.600,0.400,0.800,0.333,1.000,6.650,0.400,0.200,0.400,7.000,8.000,8.333,5.500,8.000,3,-0.000,0.464,-0.014,-0.006
127,2023-01-05,2023-01-19,15,spd,18.000,18.000,0.000,0.000,0.282,0.846,2.167,0.231,0.385,0.231,2.000,2.750,2.000,2.000,1.800,3,4,1,3,5,13,8,618.462,True,False,2.000,SPD,0.231,0.308,0.077,0.231,0.385,44,18,14,9,11,19,0.068,0.091,0.023,0.068,0.114,0.167,0.286,0.111,0.273,0.263,Regierung,1.000,0.000,20.000,WP20,2023,1,14,1.133,3.400,8.400,1.200,1.600,0.600,9.000,9.000,8.333,7.500,8.500,5,5,2,2,3,2,4,0.400,0.400,0.600,0.400,0.800,0.851,2.554,6.233,0.969,1.215,0.369,7.000,6.250,6.333,5.500,6.700,4,-0.000,0.464,-0.014,-0.006
128,2023-01-19,2023-02-02,14,cdu/csu,29.000,29.000,0.000,0.000,0.251,0.752,2.897,0.138,0.587,0.028,4.273,4.571,2.200,2.421,2.085,33,7,5,19,47,109,71,621.798,True,False,4.000,CDU/CSU,0.303,0.064,0.046,0.174,0.431,389,117,53,43,96,177,0.085,0.018,0.013,0.049,0.121,0.282,0.132,0.116,0.198,0.266,Opposition,0.000,1.000,20.000,WP20,2023,1,14,0.958,2.875,6.666,0.946,1.482,0.446,7.842,8.533,7.846,5.625,7.059,56,44,19,15,13,16,34,0.339,0.268,0.232,0.286,0.607,0.708,2.123,3.769,0.809,0.895,0.419,3.569,3.962,5.646,3.204,4.974,0,-0.000,-0.536,-0.014,0.007
128,2023-01-19,2023-02-02,14,fdp,6.000,6.000,0.000,0.000,0.090,0.270,1.559,0.048,0.222,0.000,2.714,2.556,0.250,1.133,1.242,14,9,4,15,33,63,47,588.556,True,False,3.000,FDP,0.222,0.143,0.063,0.238,0.524,389,117,53,43,96,177,0.036,0.023,0.010,0.039,0.085,0.120,0.170,0.093,0.156,0.186,Regierung,1.000,0.000,20.000,WP20,2023,1,14,0.958,2.875,6.666,0.946,1.482,0.446,7.842,8.533,7.846,5.625,7.059,56,44,19,15,13,16,34,0.339,0.268,0.232,0.286,0.607,0.868,2.605,5.107,0.899,1.260,0.446,5.128,5.978,7.596,4.492,5.816,1,-0.000,-0.536,-0.014,0.007
128,2023-01-19,2023-02-02,14,grüne,19.000,19.000,0.000,0.000,0.199,0.597,1.006,0.194,0.343,0.060,1.231,1.250,0.455,0.650,0.767,26,12,11,20,30,67,56,544.522,True,False,1.000,Bündnis 90/Die Grünen,0.388,0.179,0.164,0.299,0.448,389,117,53,43,96,177,0.067,0.031,0.028,0.051,0.077,0.222,0.226,0.256,0.208,0.169,Regierung,1.000,0.000,20.000,WP20,2023,1,14,0.958,2.875,6.666,0.946,1.482,0.446,7.842,8.533,7.846,5.625,7.059,56,44,19,15,13,16,34,0.339,0.268,0.232,0.286,0.607,0.759,2.278,5.660,0.752,1.139,0.387,6.611,7.283,7.392,4.975,6.292,2,-0.000,-0.536,-0.014,0.007
128,2023-01-19,2023-02-02,14,linke,4.000,5.000,-1.000,1.000,0.462,1.385,1.374,0.410,0.846,0.128,1.500,1.833,0.333,0.444,1.684,12,6,6,9,19,39,29,479.333,True,False,0.000,Die Linke,0.308,0.154,0.154,0.231,0.487,389,117,53,43,96,177,0.031,0.015,0.015,0.023,0.049,0.103,0.113,0.140,0.094,0.107,Opposition,0.000,1.000,20.000,WP20,2023,1,14,0.958,2.875,6.666,0.946,1.482,0.446,7.842,8.533,7.846,5.625,7.059,56,44,19,15,13,16,34,0.339,0.268,0.232,0.286,0.607,0.497,1.490,5.292,0.536,0.636,0.318,6.342,6.700,7.513,5.181,5.375,3,1.000,-0.536,0.986,-0.529
128,2023-01-19,2023-02-02,14,spd,19.000,18.000,1.000,1.000,0.135,0.405,1.330,0.117,0.234,0.054,1.312,1.895,0.647,1.667,1.062,32,19,17,33,48,111,79,643.667,True,False,2.000,SPD,0.288,0.171,0.153,0.297,0.432,389,117,53,43,96,177,0.082,0.049,0.044,0.085,0.123,0.274,0.358,0.395,0.344,0.271,Regierung,1.000,0.000,20.000,WP20,2023,1,14,0.958,2.875,6.666,0.946,1.482,0.446,7.842,8.533,7.846,5.625,7.059,56,44,19,15,13,16,34,0.339,0.268,0.232,0.286,0.607,0.823,2.470,5.336,0.829,1.248,0.392,6.530,6.639,7.199,3.958,5.996,4,-1.000,-0.536,-1.014,0.543
129,2023-02-02,2023-02-17,15,cdu/csu,27.000,29.000,-2.000,2.000,0.251,0.754,2.840,0.188,0.536,0.029,2.960,6.000,,2.600,2.640,25,7,0,10,25,69,49,630.913,True,False,4.000,CDU/CSU,0.362,0.101,0.000,0.145,0.362,242,94,30,10,40,90,0.103,0.029,0.000,0.041,0.103,0.266,0.233,0.000,0.250,0.278,Opposition,0.000,1.000,20.000,WP20,2023,2,15,0.853,2.559,7.062,0.765,1.353,0.441,8.077,9.125,8.000,6.100,7.381,34,28,13,8,3,10,21,0.382,0.235,0.088,0.294,0.618,0.602,1.805,4.222,0.576,0.817,0.412,5.117,3.125,,3.500,4.741,0,2.000,0.464,1.986,0.921
129,2023-02-02,2023-02-17,15,fdp,7.000,6.000,1.000,1.000,0.167,0.500,2.236,0.083,0.361,0.056,2.917,4.250,1.000,2.167,1.375,12,4,1,6,16,36,24,610.694,True,False,3.000,FDP,0.333,0.111,0.028,0.167,0.444,242,94,30,10,40,90,0.050,0.017,0.004,0.025,0.066,0.128,0.133,0.100,0.150,0.178,Regierung,1.000,0.000,20.000,WP20,2023,2,15,0.853,2.559,7.062,0.765,1.353,0.441,8.077,9.125,8.000,6.100,7.381,34,28,13,8,3,10,21,0.382,0.235,0.088,0.294,0.618,0.686,2.059,4.826,0.681,0.992,0.386,5.160,4.875,7.000,3.933,6.006,1,-1.000,0.464,-1.014,-0.470
129,2023-02-02,2023-02-17,15,grüne,18.000,19.000,-1.000,1.000,0.230,0.690,1.083,0.238,0.357,0.095,0.895,2.000,0.333,1.300,1.000,19,7,3,10,18,42,34,620.833,True,False,1.000,Bündnis 90/Die Grünen,0.452,0.167,0.071,0.238,0.429,242,94,30,10,40,90,0.079,0.029,0.012,0.041,0.074,0.202,0.233,0.300,0.250,0.200,Regierung,1.000,0.000,20.000,WP20,2023,2,15,0.853,2.559,7.062,0.765,1.353,0.441,8.077,9.125,8.000,6.100,7.381,34,28,13,8,3,10,21,0.382,0.235,0.088,0.294,0.618,0.623,1.868,5.979,0.527,0.996,0.346,7.182,7.125,7.667,4.800,6.381,2,1.000,0.464,0.986,0.458
129,2023-02-02,2023-02-17,15,linke,4.000,4.000,0.000,0.000,0.467,1.400,1.694,0.520,0.840,0.040,1.700,0.000,1.000,1.333,1.875,10,1,2,3,8,25,18,477.360,True,False,0.000,Die Linke,0.400,0.040,0.080,0.120,0.320,242,94,30,10,40,90,0.041,0.004,0.008,0.012,0.033,0.106,0.033,0.200,0.075,0.089,Opposition,0.000,1.000,20.000,WP20,2023,2,15,0.853,2.559,7.062,0.765,1.353,0.441,8.077,9.125,8.000,6.100,7.381,34,28,13,8,3,10,21,0.382,0.235,0.088,0.294,0.618,0.386,1.159,5.367,0.245,0.513,0.401,6.377,9.125,7.000,4.767,5.506,3,-0.000,0.464,-0.014,-0.006
129,2023-02-02,2023-02-17,15,spd,20.000,19.000,1.000,1.000,0.205,0.614,1.479,0.186,0.386,0.043,1.357,2.636,2.000,1.364,0.913,28,11,4,11,23,70,48,657.343,True,False,2.000,SPD,0.400,0.157,0.057,0.157,0.329,242,94,30,10,40,90,0.116,0.045,0.017,0.045,0.095,0.298,0.367,0.400,0.275,0.256,Regierung,1.000,0.000,20.000,WP20,2023,2,15,0.853,2.559,7.062,0.765,1.353,0.441,8.077,9.125,8.000,6.100,7.381,34,28,13,8,3,10,21,0.382,0.235,0.088,0.294,0.618,0.648,1.945,5.583,0.579,0.967,0.398,6.720,6.489,6.000,4.736,6.468,4,-1.000,0.464,-1.014,-0.470
130,2023-02-17,2023-03-02,15,cdu/csu,29.000,27.000,2.000,2.000,0.455,1.364,2.750,0.273,1.000,0.091,6.000,4.000,,2.000,2.000,2,2,0,4,7,11,8,599.545,True,False,4.000,CDU/CSU,0.182,0.182,0.000,0.364,0.636,37,9,5,3,14,28,0.054,0.054,0.000,0.108,0.189,0.222,0.400,0.000,0.286,0.250,Opposition,0.000,1.000,20.000,WP20,2023,2,13,1.250,3.750,7.625,0.750,1.750,1.250,,8.000,,7.500,7.750,4,4,0,3,0,2,4,0.000,0.750,0.000,0.500,1.000,0.795,2.386,4.875,0.477,0.750,1.159,,4.000,,5.500,5.750,0,-2.000,0.464,-2.014,-0.934
130,2023-02-17,2023-03-02,15,fdp,6.000,7.000,-1.000,1.000,0.583,1.750,1.125,0.500,1.250,0.000,,,,1.000,1.250,0,0,0,3,4,4,4,766.000,True,False,3.000,FDP,0.000,0.000,0.000,0.750,1.000,37,9,5,3,14,28,0.000,0.000,0.000,0.081,0.108,0.000,0.000,0.000,0.214,0.143,Regierung,1.000,0.000,20.000,WP20,2023,2,13,1.250,3.750,7.625,0.750,1.750,1.250,,8.000,,7.500,7.750,4,4,0,3,0,2,4,0.000,0.750,0.000,0.500,1.000,0.667,2.000,6.500,0.250,0.500,1.250,,,,6.500,6.500,1,1.000,0.464,0.986,0.458
130,2023-02-17,2023-03-02,15,grüne,17.000,18.000,-1.000,1.000,0.333,1.000,0.655,0.250,0.500,0.250,0.667,2.000,1.000,0.750,0.833,3,1,2,4,6,8,7,508.000,True,False,1.000,Bündnis 90/Die Grünen,0.375,0.125,0.250,0.500,0.750,37,9,5,3,14,28,0.081,0.027,0.054,0.108,0.162,0.333,0.200,0.667,0.286,0.214,Regierung,1.000,0.000,20.000,WP20,2023,2,13,1.250,3.750,7.625,0.750,1.750,1.250,,8.000,,7.500,7.750,4,4,0,3,0,2,4,0.000,0.750,0.000,0.500,1.000,0.917,2.750,6.970,0.500,1.250,1.000,,6.000,,6.750,6.917,2,1.000,0.464,0.986,0.458
130,2023-02-17,2023-03-02,15,linke,5.000,4.000,1.000,1.000,0.583,1.750,1.333,0.500,1.000,0.250,2.500,,,0.000,1.000,2,0,0,1,3,4,3,459.000,True,False,0.000,Die Linke,0.500,0.000,0.000,0.250,0.750,37,9,5,3,14,28,0.054,0.000,0.000,0.027,0.081,0.222,0.000,0.000,0.071,0.107,Opposition,0.000,1.000,20.000,WP20,2023,2,13,1.250,3.750,7.625,0.750,1.750,1.250,,8.000,,7.500,7.750,4,4,0,3,0,2,4,0.000,0.750,0.000,0.500,1.000,0.667,2.000,6.292,0.250,0.750,1.000,,,,7.500,6.750,3,-1.000,0.464,-1.014,-0.470
130,2023-02-17,2023-03-02,15,spd,19.000,20.000,-1.000,1.000,0.367,1.100,1.438,0.200,0.700,0.200,1.000,2.000,0.000,2.000,1.125,2,2,1,2,8,10,8,667.900,True,False,2.000,SPD,0.200,0.200,0.100,0.200,0.800,37,9,5,3,14,28,0.054,0.054,0.027,0.054,0.216,0.222,0.400,0.333,0.143,0.286,Regierung,1.000,0.000,20.000,WP20,2023,2,13,1.250,3.750,7.625,0.750,1.750,1.250,,8.000,,7.500,7.750,4,4,0,3,0,2,4,0.000,0.750,0.000,0.500,1.000,0.883,2.650,6.188,0.550,1.050,1.050,,6.000,,5.500,6.625,4,1.000,0.464,0.986,0.458
131,2023-03-02,2023-03-17,14,cdu/csu,31.000,29.000,2.000,2.000,0.357,1.071,3.705,0.232,0.723,0.116,4.929,6.500,2.667,3.655,3.426,28,16,6,29,54,112,73,605.750,True,False,4.000,CDU/CSU,0.250,0.143,0.054,0.259,0.482,378,113,66,43,86,155,0.074,0.042,0.016,0.077,0.143,0.248,0.242,0.140,0.337,0.348,Opposition,0.000,1.000,20.000,WP20,2023,3,15,1.000,3.000,7.201,1.059,1.510,0.431,8.000,8.692,8.455,6.941,7.581,51,40,16,13,11,17,31,0.314,0.255,0.216,0.333,0.608,0.643,1.929,3.495,0.827,0.787,0.315,3.071,2.192,5.788,3.286,4.155,0,-2.000,-0.536,-2.014,1.080
131,2023-03-02,2023-03-17,14,fdp,6.000,6.000,0.000,0.000,0.164,0.491,2.143,0.127,0.236,0.127,3.067,2.667,4.000,2.125,1.792,15,12,1,8,24,55,35,623.745,True,False,3.000,FDP,0.273,0.218,0.018,0.145,0.436,378,113,66,43,86,155,0.040,0.032,0.003,0.021,0.063,0.133,0.182,0.023,0.093,0.155,Regierung,1.000,0.000,20.000,WP20,2023,3,15,1.000,3.000,7.201,1.059,1.510,0.431,8.000,8.692,8.455,6.941,7.581,51,40,16,13,11,17,31,0.314,0.255,0.216,0.333,0.608,0.836,2.509,5.058,0.932,1.273,0.304,4.933,6.026,4.455,4.816,5.789,1,-0.000,-0.536,-0.014,0.007
131,2023-03-02,2023-03-17,14,grüne,17.000,17.000,0.000,0.000,0.257,0.770,0.972,0.246,0.426,0.098,1.080,1.167,0.400,0.692,0.926,25,12,10,13,27,61,49,616.541,True,False,1.000,Bündnis 90/Die Grünen,0.410,0.197,0.164,0.213,0.443,378,113,66,43,86,155,0.066,0.032,0.026,0.034,0.071,0.221,0.182,0.233,0.151,0.174,Regierung,1.000,0.000,20.000,WP20,2023,3,15,1.000,3.000,7.201,1.059,1.510,0.431,8.000,8.692,8.455,6.941,7.581,51,40,16,13,11,17,31,0.314,0.255,0.216,0.333,0.608,0.743,2.230,6.228,0.813,1.084,0.333,6.920,7.526,8.055,6.249,6.655,2,-0.000,-0.536,-0.014,0.007
131,2023-03-02,2023-03-17,14,linke,5.000,5.000,0.000,0.000,0.532,1.595,1.444,0.571,0.857,0.167,1.444,1.444,0.143,0.909,1.462,9,9,7,11,13,42,27,475.571,True,False,0.000,Die Linke,0.214,0.214,0.167,0.262,0.310,378,113,66,43,86,155,0.024,0.024,0.019,0.029,0.034,0.080,0.136,0.163,0.128,0.084,Opposition,0.000,1.000,20.000,WP20,2023,3,15,1.000,3.000,7.201,1.059,1.510,0.431,8.000,8.692,8.455,6.941,7.581,51,40,16,13,11,17,31,0.314,0.255,0.216,0.333,0.608,0.468,1.405,5.756,0.487,0.653,0.265,6.556,7.248,8.312,6.032,6.119,3,-0.000,-0.536,-0.014,0.007
131,2023-03-02,2023-03-17,14,spd,18.000,19.000,-1.000,1.000,0.188,0.565,1.358,0.139,0.315,0.111,1.389,1.941,0.684,1.080,1.000,36,17,19,25,37,108,81,644.602,True,False,2.000,SPD,0.333,0.157,0.176,0.231,0.343,378,113,66,43,86,155,0.095,0.045,0.050,0.066,0.098,0.319,0.258,0.442,0.291,0.239,Regierung,1.000,0.000,20.000,WP20,2023,3,15,1.000,3.000,7.201,1.059,1.510,0.431,8.000,8.692,8.455,6.941,7.581,51,40,16,13,11,17,31,0.314,0.255,0.216,0.333,0.608,0.812,2.435,5.843,0.920,1.195,0.320,6.611,6.751,7.770,5.861,6.581,4,1.000,-0.536,0.986,-0.529
132,2023-03-17,2023-04-06,15,cdu/csu,30.000,31.000,-1.000,1.000,0.372,1.116,3.294,0.302,0.721,0.093,4.364,5.000,0.833,3.263,2.773,22,16,6,19,44,86,68,599.151,True,False,4.000,CDU/CSU,0.256,0.186,0.070,0.221,0.512,293,83,54,29,85,151,0.075,0.055,0.020,0.065,0.150,0.265,0.296,0.207,0.224,0.291,Opposition,0.000,1.000,20.000,WP20,2023,3,20,0.958,2.875,7.302,0.975,1.400,0.500,8.583,9.000,7.714,7.000,7.586,40,37,12,9,7,19,29,0.300,0.225,0.175,0.475,0.725,0.586,1.759,4.008,0.673,0.679,0.407,4.220,4.000,6.881,3.737,4.813,0,1.000,0.464,0.986,0.458
132,2023-03-17,2023-04-06,15,fdp,7.000,6.000,1.000,1.000,0.130,0.391,2.514,0.065,0.304,0.022,4.000,3.889,1.500,1.167,1.708,12,9,4,12,24,46,37,612.065,True,False,3.000,FDP,0.261,0.196,0.087,0.261,0.522,293,83,54,29,85,151,0.041,0.031,0.014,0.041,0.082,0.145,0.167,0.138,0.141,0.159,Regierung,1.000,0.000,20.000,WP20,2023,3,20,0.958,2.875,7.302,0.975,1.400,0.500,8.583,9.000,7.714,7.000,7.586,40,37,12,9,7,19,29,0.300,0.225,0.175,0.475,0.725,0.828,2.484,4.788,0.910,1.096,0.478,4.583,5.111,6.214,5.833,5.878,1,-1.000,0.464,-1.014,-0.470
132,2023-03-17,2023-04-06,15,grüne,16.000,17.000,-1.000,1.000,0.181,0.543,0.960,0.196,0.326,0.022,1.286,1.167,0.714,0.500,0.727,21,6,7,18,22,46,42,624.935,True,False,1.000,Bündnis 90/Die Grünen,0.457,0.130,0.152,0.391,0.478,293,83,54,29,85,151,0.072,0.020,0.024,0.061,0.075,0.253,0.111,0.241,0.212,0.146,Regierung,1.000,0.000,20.000,WP20,2023,3,20,0.958,2.875,7.302,0.975,1.400,0.500,8.583,9.000,7.714,7.000,7.586,40,37,12,9,7,19,29,0.300,0.225,0.175,0.475,0.725,0.777,2.332,6.341,0.779,1.074,0.478,7.298,7.833,7.000,6.500,6.859,2,1.000,0.464,0.986,0.458
132,2023-03-17,2023-04-06,15,linke,5.000,5.000,0.000,0.000,0.471,1.412,2.333,0.353,0.912,0.147,1.889,2.750,1.000,1.800,3.133,9,4,2,10,15,34,27,478.529,True,False,0.000,Die Linke,0.265,0.118,0.059,0.294,0.441,293,83,54,29,85,151,0.031,0.014,0.007,0.034,0.051,0.108,0.074,0.069,0.118,0.099,Opposition,0.000,1.000,20.000,WP20,2023,3,20,0.958,2.875,7.302,0.975,1.400,0.500,8.583,9.000,7.714,7.000,7.586,40,37,12,9,7,19,29,0.300,0.225,0.175,0.475,0.725,0.488,1.463,4.968,0.622,0.488,0.353,6.694,6.250,6.714,5.200,4.453,3,-0.000,0.464,-0.014,-0.006
132,2023-03-17,2023-04-06,15,spd,18.000,18.000,0.000,0.000,0.152,0.457,1.351,0.185,0.259,0.012,1.421,2.368,0.700,1.577,0.913,19,19,10,26,46,81,65,697.395,True,False,2.000,SPD,0.235,0.235,0.123,0.321,0.568,293,83,54,29,85,151,0.065,0.065,0.034,0.089,0.157,0.229,0.352,0.345,0.306,0.305,Regierung,1.000,0.000,20.000,WP20,2023,3,20,0.958,2.875,7.302,0.975,1.400,0.500,8.583,9.000,7.714,7.000,7.586,40,37,12,9,7,19,29,0.300,0.225,0.175,0.475,0.725,0.806,2.418,5.951,0.790,1.141,0.488,7.162,6.632,7.014,5.423,6.673,4,-0.000,0.464,-0.014,-0.006
134,2023-04-14,2023-05-04,15,cdu/csu,29.000,30.000,-1.000,1.000,0.358,1.075,4.471,0.233,0.737,0.105,5.255,6.211,3.200,5.038,4.157,51,19,5,26,51,133,96,639.910,True,False,4.000,CDU/CSU,0.383,0.143,0.038,0.195,0.383,481,209,69,31,115,166,0.106,0.040,0.010,0.054,0.106,0.244,0.275,0.161,0.226,0.307,Opposition,0.000,1.000,20.000,WP20,2023,4,20,1.051,3.152,7.278,1.061,1.576,0.515,8.367,9.053,7.727,6.115,7.372,66,59,30,19,11,26,43,0.455,0.288,0.167,0.394,0.652,0.692,2.076,2.807,0.828,0.839,0.410,3.112,2.842,4.527,1.077,3.215,0,1.000,0.464,0.986,0.458
134,2023-04-14,2023-05-04,15,fdp,7.000,7.000,0.000,0.000,0.067,0.202,2.541,0.012,0.155,0.036,3.444,2.909,0.000,1.474,1.900,36,11,2,19,30,84,61,553.833,True,False,3.000,FDP,0.429,0.131,0.024,0.226,0.357,481,209,69,31,115,166,0.075,0.023,0.004,0.040,0.062,0.172,0.159,0.065,0.165,0.181,Regierung,1.000,0.000,20.000,WP20,2023,4,20,1.051,3.152,7.278,1.061,1.576,0.515,8.367,9.053,7.727,6.115,7.372,66,59,30,19,11,26,43,0.455,0.288,0.167,0.394,0.652,0.983,2.949,4.737,1.049,1.421,0.479,4.922,6.144,7.727,4.642,5.472,1,-0.000,0.464,-0.014,-0.006
134,2023-04-14,2023-05-04,15,grüne,17.000,17.000,0.000,0.000,0.226,0.679,1.036,0.244,0.410,0.026,0.975,1.667,1.300,1.040,0.963,40,12,10,25,27,78,68,596.038,True,False,1.000,Bündnis 90/Die Grünen,0.513,0.154,0.128,0.321,0.346,481,209,69,31,115,166,0.083,0.025,0.021,0.052,0.056,0.191,0.174,0.323,0.217,0.163,Regierung,1.000,0.000,20.000,WP20,2023,4,20,1.051,3.152,7.278,1.061,1.576,0.515,8.367,9.053,7.727,6.115,7.372,66,59,30,19,11,26,43,0.455,0.288,0.167,0.394,0.652,0.824,2.472,6.242,0.817,1.166,0.490,7.392,7.386,6.427,5.075,6.409,2,-0.000,0.464,-0.014,-0.006
134,2023-04-14,2023-05-04,15,linke,4.000,4.000,0.000,0.000,0.377,1.130,1.125,0.426,0.704,0.000,1.000,1.143,0.500,1.000,1.438,22,7,2,13,16,54,40,442.185,True,False,0.000,Die Linke,0.407,0.130,0.037,0.241,0.296,481,209,69,31,115,166,0.046,0.015,0.004,0.027,0.033,0.105,0.101,0.065,0.113,0.096,Opposition,0.000,1.000,20.000,WP20,2023,4,20,1.051,3.152,7.278,1.061,1.576,0.515,8.367,9.053,7.727,6.115,7.372,66,59,30,19,11,26,43,0.455,0.288,0.167,0.394,0.652,0.674,2.022,6.153,0.635,0.872,0.515,7.367,7.910,7.227,5.115,5.935,3,-0.000,0.464,-0.014,-0.006
134,2023-04-14,2023-05-04,15,spd,19.000,18.000,1.000,1.000,0.164,0.492,1.232,0.144,0.311,0.038,1.400,1.800,0.083,0.906,1.143,60,20,12,32,42,132,109,600.652,True,False,2.000,SPD,0.455,0.152,0.091,0.242,0.318,481,209,69,31,115,166,0.125,0.042,0.025,0.067,0.087,0.287,0.290,0.387,0.278,0.253,Regierung,1.000,0.000,20.000,WP20,2023,4,20,1.051,3.152,7.278,1.061,1.576,0.515,8.367,9.053,7.727,6.115,7.372,66,59,30,19,11,26,43,0.455,0.288,0.167,0.394,0.652,0.886,2.659,6.046,0.917,1.265,0.477,6.967,7.253,7.644,5.209,6.229,4,-1.000,0.464,-1.014,-0.470
135,2023-05-04,2023-05-12,16,cdu/csu,30.000,29.000,1.000,1.000,0.398,1.193,4.293,0.298,0.737,0.158,4.800,6.909,7.000,4.294,4.154,20,11,1,17,26,57,45,574.509,True,False,4.000,CDU/CSU,0.351,0.193,0.018,0.298,0.456,186,70,33,11,64,79,0.108,0.059,0.005,0.091,0.140,0.286,0.333,0.091,0.266,0.329,Opposition,0.000,1.000,20.000,WP20,2023,5,8,1.000,3.000,7.727,1.074,1.481,0.444,8.833,8.714,8.500,7.583,8.267,27,23,12,7,6,12,15,0.444,0.259,0.222,0.444,0.556,0.602,1.807,3.434,0.776,0.745,0.287,4.033,1.805,1.500,3.289,4.113,0,-1.000,1.464,-1.014,-1.484
135,2023-05-04,2023-05-12,16,fdp,7.000,7.000,0.000,0.000,0.090,0.269,2.018,0.000,0.192,0.077,2.000,4.333,0.000,3.143,1.500,7,3,1,7,12,26,19,615.231,True,False,3.000,FDP,0.269,0.115,0.038,0.269,0.462,186,70,33,11,64,79,0.038,0.016,0.005,0.038,0.065,0.100,0.091,0.091,0.109,0.152,Regierung,1.000,0.000,20.000,WP20,2023,5,8,1.000,3.000,7.727,1.074,1.481,0.444,8.833,8.714,8.500,7.583,8.267,27,23,12,7,6,12,15,0.444,0.259,0.222,0.444,0.556,0.910,2.731,5.709,1.074,1.289,0.368,6.833,4.381,8.500,4.440,6.767,1,-0.000,1.464,-0.014,-0.020
135,2023-05-04,2023-05-12,16,grüne,16.000,17.000,-1.000,1.000,0.322,0.967,1.110,0.267,0.567,0.133,0.867,1.286,0.200,1.077,1.000,15,7,5,13,14,30,28,600.233,True,False,1.000,Bündnis 90/Die Grünen,0.500,0.233,0.167,0.433,0.467,186,70,33,11,64,79,0.081,0.038,0.027,0.070,0.075,0.214,0.212,0.455,0.203,0.177,Regierung,1.000,0.000,20.000,WP20,2023,5,8,1.000,3.000,7.727,1.074,1.481,0.444,8.833,8.714,8.500,7.583,8.267,27,23,12,7,6,12,15,0.444,0.259,0.222,0.444,0.556,0.678,2.033,6.617,0.807,0.915,0.311,7.967,7.429,8.300,6.506,7.267,2,1.000,1.464,0.986,1.444
135,2023-05-04,2023-05-12,16,linke,5.000,4.000,1.000,1.000,0.318,0.955,1.539,0.227,0.636,0.091,0.818,0.667,0.000,0.625,1.889,11,3,1,8,9,22,17,436.364,True,False,0.000,Die Linke,0.500,0.136,0.045,0.364,0.409,186,70,33,11,64,79,0.059,0.016,0.005,0.043,0.048,0.157,0.091,0.091,0.125,0.114,Opposition,0.000,1.000,20.000,WP20,2023,5,8,1.000,3.000,7.727,1.074,1.481,0.444,8.833,8.714,8.500,7.583,8.267,27,23,12,7,6,12,15,0.444,0.259,0.222,0.444,0.556,0.682,2.045,6.188,0.847,0.845,0.354,8.015,8.048,8.500,6.958,6.378,3,-1.000,1.464,-1.014,-1.484
135,2023-05-04,2023-05-12,16,spd,17.000,19.000,-2.000,2.000,0.203,0.608,1.310,0.216,0.353,0.039,1.471,3.000,0.000,1.211,0.944,17,9,3,19,18,51,39,634.549,True,False,2.000,SPD,0.333,0.176,0.059,0.373,0.353,186,70,33,11,64,79,0.091,0.048,0.016,0.102,0.097,0.243,0.273,0.273,0.297,0.228,Regierung,1.000,0.000,20.000,WP20,2023,5,8,1.000,3.000,7.727,1.074,1.481,0.444,8.833,8.714,8.500,7.583,8.267,27,23,12,7,6,12,15,0.444,0.259,0.222,0.444,0.556,0.797,2.392,6.417,0.858,1.129,0.405,7.363,5.714,8.500,6.373,7.322,4,2.000,1.464,1.986,2.908
136,2023-05-12,2023-06-01,16,cdu/csu,28.000,30.000,-2.000,2.000,0.344,1.033,3.570,0.264,0.615,0.154,4.000,7.846,2.750,4.684,3.171,23,13,4,19,41,91,61,630.604,True,False,4.000,CDU/CSU,0.253,0.143,0.044,0.209,0.451,319,95,46,21,68,143,0.072,0.041,0.013,0.060,0.129,0.242,0.283,0.190,0.279,0.287,Opposition,0.000,1.000,20.000,WP20,2023,5,20,0.968,2.905,7.310,0.952,1.500,0.452,8.188,8.500,8.667,6.647,7.567,42,40,16,14,9,17,30,0.381,0.333,0.214,0.405,0.714,0.624,1.872,3.740,0.689,0.885,0.299,4.188,0.654,5.917,1.963,4.396,0,2.000,1.464,1.986,2.908
136,2023-05-12,2023-06-01,16,fdp,8.000,7.000,1.000,1.000,0.154,0.463,1.940,0.073,0.341,0.049,2.091,4.000,1.500,1.667,1.880,11,6,2,12,25,41,32,708.317,True,False,3.000,FDP,0.268,0.146,0.049,0.293,0.610,319,95,46,21,68,143,0.034,0.019,0.006,0.038,0.078,0.116,0.130,0.095,0.176,0.175,Regierung,1.000,0.000,20.000,WP20,2023,5,20,0.968,2.905,7.310,0.952,1.500,0.452,8.188,8.500,8.667,6.647,7.567,42,40,16,14,9,17,30,0.381,0.333,0.214,0.405,0.714,0.814,2.441,5.370,0.879,1.159,0.404,6.097,4.500,7.167,4.980,5.687,1,-1.000,1.464,-1.014,-1.484
136,2023-05-12,2023-06-01,16,grüne,16.000,16.000,0.000,0.000,0.276,0.828,0.997,0.310,0.500,0.017,0.917,2.125,0.333,0.692,0.773,24,8,6,13,22,58,46,568.500,True,False,1.000,Bündnis 90/Die Grünen,0.414,0.138,0.103,0.224,0.379,319,95,46,21,68,143,0.075,0.025,0.019,0.041,0.069,0.253,0.174,0.286,0.191,0.154,Regierung,1.000,0.000,20.000,WP20,2023,5,20,0.968,2.905,7.310,0.952,1.500,0.452,8.188,8.500,8.667,6.647,7.567,42,40,16,14,9,17,30,0.381,0.333,0.214,0.405,0.714,0.692,2.077,6.313,0.642,1.000,0.435,7.271,6.375,8.333,5.955,6.794,2,-0.000,1.464,-0.014,-0.020
136,2023-05-12,2023-06-01,16,linke,5.000,5.000,0.000,0.000,0.461,1.382,1.333,0.412,0.882,0.088,1.222,1.400,1.500,0.667,1.154,9,5,2,6,13,34,22,470.765,True,False,0.000,Die Linke,0.265,0.147,0.059,0.176,0.382,319,95,46,21,68,143,0.028,0.016,0.006,0.019,0.041,0.095,0.109,0.095,0.088,0.091,Opposition,0.000,1.000,20.000,WP20,2023,5,20,0.968,2.905,7.310,0.952,1.500,0.452,8.188,8.500,8.667,6.647,7.567,42,40,16,14,9,17,30,0.381,0.333,0.214,0.405,0.714,0.507,1.522,5.977,0.541,0.618,0.364,6.965,7.100,7.167,5.980,6.413,3,-0.000,1.464,-0.014,-0.020
136,2023-05-12,2023-06-01,16,spd,18.000,17.000,1.000,1.000,0.182,0.547,1.052,0.189,0.305,0.053,1.143,1.643,0.714,0.722,0.881,28,14,7,18,42,95,71,625.442,True,False,2.000,SPD,0.295,0.147,0.074,0.189,0.442,319,95,46,21,68,143,0.088,0.044,0.022,0.056,0.132,0.295,0.304,0.333,0.265,0.294,Regierung,1.000,0.000,20.000,WP20,2023,5,20,0.968,2.905,7.310,0.952,1.500,0.452,8.188,8.500,8.667,6.647,7.567,42,40,16,14,9,17,30,0.381,0.333,0.214,0.405,0.714,0.786,2.357,6.258,0.763,1.195,0.400,7.045,6.857,7.952,5.925,6.686,4,-1.000,1.464,-1.014,-1.484
137,2023-06-01,2023-06-23,18,cdu/csu,29.000,28.000,1.000,1.000,0.355,1.066,3.848,0.272,0.669,0.125,5.036,6.222,3.167,4.438,3.396,28,18,6,32,53,136,87,588.029,True,False,4.000,CDU/CSU,0.206,0.132,0.044,0.235,0.390,461,114,70,42,139,188,0.061,0.039,0.013,0.069,0.115,0.246,0.257,0.143,0.230,0.282,Opposition,0.000,1.000,20.000,WP20,2023,6,22,1.038,3.113,7.774,1.081,1.613,0.419,8.071,8.235,8.333,7.636,7.889,62,52,28,17,9,22,45,0.452,0.274,0.145,0.355,0.726,0.682,2.047,3.927,0.809,0.944,0.294,3.036,2.013,5.167,3.199,4.493,0,-1.000,3.464,-1.014,-3.511
137,2023-06-01,2023-06-23,18,fdp,7.000,8.000,-1.000,1.000,0.156,0.468,2.152,0.129,0.258,0.081,3.800,3.778,0.800,1.706,1.786,15,9,5,17,28,62,44,647.387,True,False,3.000,FDP,0.242,0.145,0.081,0.274,0.452,461,114,70,42,139,188,0.033,0.020,0.011,0.037,0.061,0.132,0.129,0.119,0.122,0.149,Regierung,1.000,0.000,20.000,WP20,2023,6,22,1.038,3.113,7.774,1.081,1.613,0.419,8.071,8.235,8.333,7.636,7.889,62,52,28,17,9,22,45,0.452,0.274,0.145,0.355,0.726,0.882,2.645,5.623,0.952,1.355,0.339,4.271,4.458,7.533,5.930,6.103,1,1.000,3.464,0.986,3.417
137,2023-06-01,2023-06-23,18,grüne,15.000,16.000,-1.000,1.000,0.193,0.580,0.995,0.123,0.383,0.074,0.906,1.286,0.333,0.870,0.886,32,14,12,23,35,81,64,559.519,True,False,1.000,Bündnis 90/Die Grünen,0.395,0.173,0.148,0.284,0.432,461,114,70,42,139,188,0.069,0.030,0.026,0.050,0.076,0.281,0.200,0.286,0.165,0.186,Regierung,1.000,0.000,20.000,WP20,2023,6,22,1.038,3.113,7.774,1.081,1.613,0.419,8.071,8.235,8.333,7.636,7.889,62,52,28,17,9,22,45,0.452,0.274,0.145,0.355,0.726,0.844,2.533,6.780,0.957,1.230,0.345,7.165,6.950,8.000,6.767,7.003,2,1.000,3.464,0.986,3.417
137,2023-06-01,2023-06-23,18,linke,4.000,5.000,-1.000,1.000,0.553,1.660,1.531,0.580,0.920,0.160,1.818,1.857,0.167,1.000,1.588,11,7,6,19,17,50,35,458.080,True,False,0.000,Die Linke,0.220,0.140,0.120,0.380,0.340,461,114,70,42,139,188,0.024,0.015,0.013,0.041,0.037,0.096,0.100,0.143,0.137,0.090,Opposition,0.000,1.000,20.000,WP20,2023,6,22,1.038,3.113,7.774,1.081,1.613,0.419,8.071,8.235,8.333,7.636,7.889,62,52,28,17,9,22,45,0.452,0.274,0.145,0.355,0.726,0.484,1.453,6.243,0.501,0.693,0.259,6.253,6.378,8.167,6.636,6.301,3,1.000,3.464,0.986,3.417
137,2023-06-01,2023-06-23,18,spd,18.000,18.000,0.000,0.000,0.179,0.538,1.049,0.144,0.348,0.045,1.571,1.591,0.769,0.875,0.764,28,22,13,48,55,132,93,629.682,True,False,2.000,SPD,0.212,0.167,0.098,0.364,0.417,461,114,70,42,139,188,0.061,0.048,0.028,0.104,0.119,0.246,0.314,0.310,0.345,0.293,Regierung,1.000,0.000,20.000,WP20,2023,6,22,1.038,3.113,7.774,1.081,1.613,0.419,8.071,8.235,8.333,7.636,7.889,62,52,28,17,9,22,45,0.452,0.274,0.145,0.355,0.726,0.858,2.575,6.725,0.937,1.264,0.374,6.500,6.644,7.564,6.761,7.125,4,-0.000,3.464,-0.014,-0.047
138,2023-06-23,2023-07-06,19,cdu/csu,29.000,29.000,0.000,0.000,0.382,1.146,4.633,0.268,0.780,0.098,7.364,6.429,2.000,0.500,4.524,11,7,1,4,21,41,30,598.610,True,False,4.000,CDU/CSU,0.268,0.171,0.024,0.098,0.512,147,48,31,7,23,74,0.075,0.048,0.007,0.027,0.143,0.229,0.226,0.143,0.174,0.284,Opposition,0.000,1.000,20.000,WP20,2023,6,13,1.148,3.444,8.130,1.167,1.667,0.611,8.750,9.000,8.400,7.833,8.000,18,16,8,6,5,6,15,0.444,0.333,0.278,0.333,0.833,0.766,2.298,3.497,0.898,0.886,0.514,1.386,2.571,6.400,7.333,3.476,0,-0.000,4.464,-0.014,-0.061
138,2023-06-23,2023-07-06,19,fdp,6.000,7.000,-1.000,1.000,0.080,0.240,2.182,0.120,0.080,0.040,2.429,2.818,0.000,0.000,1.615,7,11,1,4,13,25,22,636.880,True,False,3.000,FDP,0.280,0.440,0.040,0.160,0.520,147,48,31,7,23,74,0.048,0.075,0.007,0.027,0.088,0.146,0.355,0.143,0.174,0.176,Regierung,1.000,0.000,20.000,WP20,2023,6,13,1.148,3.444,8.130,1.167,1.667,0.611,8.750,9.000,8.400,7.833,8.000,18,16,8,6,5,6,15,0.444,0.333,0.278,0.333,0.833,1.068,3.204,5.948,1.047,1.587,0.571,6.321,6.182,8.400,7.833,6.385,1,1.000,4.464,0.986,4.403
138,2023-06-23,2023-07-06,19,grüne,15.000,15.000,0.000,0.000,0.213,0.640,1.238,0.200,0.360,0.080,1.182,2.200,0.500,0.400,1.429,11,5,2,5,14,25,21,620.440,True,False,1.000,Bündnis 90/Die Grünen,0.440,0.200,0.080,0.200,0.560,147,48,31,7,23,74,0.075,0.034,0.014,0.034,0.095,0.229,0.161,0.286,0.217,0.189,Regierung,1.000,0.000,20.000,WP20,2023,6,13,1.148,3.444,8.130,1.167,1.667,0.611,8.750,9.000,8.400,7.833,8.000,18,16,8,6,5,6,15,0.444,0.333,0.278,0.333,0.833,0.935,2.804,6.892,0.967,1.307,0.531,7.568,6.800,7.900,7.433,6.571,2,-0.000,4.464,-0.014,-0.061
138,2023-06-23,2023-07-06,19,linke,4.000,4.000,0.000,0.000,0.519,1.556,1.718,0.444,1.111,0.000,1.667,1.333,1.000,0.667,2.167,6,3,1,3,6,18,13,454.222,True,False,0.000,Die Linke,0.333,0.167,0.056,0.167,0.333,147,48,31,7,23,74,0.041,0.020,0.007,0.020,0.041,0.125,0.097,0.143,0.130,0.081,Opposition,0.000,1.000,20.000,WP20,2023,6,13,1.148,3.444,8.130,1.167,1.667,0.611,8.750,9.000,8.400,7.833,8.000,18,16,8,6,5,6,15,0.444,0.333,0.278,0.333,0.833,0.630,1.889,6.412,0.722,0.556,0.611,7.083,7.667,7.400,7.167,5.833,3,-0.000,4.464,-0.014,-0.061
138,2023-06-23,2023-07-06,19,spd,17.000,18.000,-1.000,1.000,0.158,0.474,1.399,0.132,0.316,0.026,1.538,2.000,0.500,0.857,1.350,13,5,2,7,20,38,28,620.211,True,False,2.000,SPD,0.342,0.132,0.053,0.184,0.526,147,48,31,7,23,74,0.088,0.034,0.014,0.048,0.136,0.271,0.161,0.286,0.304,0.270,Regierung,1.000,0.000,20.000,WP20,2023,6,13,1.148,3.444,8.130,1.167,1.667,0.611,8.750,9.000,8.400,7.833,8.000,18,16,8,6,5,6,15,0.444,0.333,0.278,0.333,0.833,0.990,2.971,6.731,1.035,1.351,0.585,7.212,7.000,7.900,6.976,6.650,4,1.000,4.464,0.986,4.403
139,2023-07-06,2023-07-21,20,cdu/csu,28.000,29.000,-1.000,1.000,0.301,0.902,3.575,0.180,0.656,0.066,5.571,3.500,2.000,2.789,2.571,14,6,6,19,21,61,40,627.311,True,False,4.000,CDU/CSU,0.230,0.098,0.098,0.311,0.344,217,67,25,21,73,79,0.065,0.028,0.028,0.088,0.097,0.209,0.240,0.286,0.260,0.266,Opposition,0.000,1.000,20.000,WP20,2023,7,15,0.839,2.516,7.353,0.839,1.387,0.290,8.417,8.200,8.000,7.100,7.824,31,26,12,5,6,10,17,0.387,0.161,0.194,0.323,0.548,0.538,1.614,3.778,0.658,0.731,0.225,2.845,4.700,6.000,4.311,5.252,0,1.000,5.464,0.986,5.389
139,2023-07-06,2023-07-21,20,fdp,7.000,6.000,1.000,1.000,0.125,0.375,2.352,0.031,0.219,0.125,3.143,3.600,1.000,2.231,1.750,7,5,3,13,12,32,22,623.438,True,False,3.000,FDP,0.219,0.156,0.094,0.406,0.375,217,67,25,21,73,79,0.032,0.023,0.014,0.060,0.055,0.104,0.200,0.143,0.178,0.152,Regierung,1.000,0.000,20.000,WP20,2023,7,15,0.839,2.516,7.353,0.839,1.387,0.290,8.417,8.200,8.000,7.100,7.824,31,26,12,5,6,10,17,0.387,0.161,0.194,0.323,0.548,0.714,2.141,5.000,0.807,1.168,0.165,5.274,4.600,7.000,4.869,6.074,1,-1.000,5.464,-1.014,-5.538
139,2023-07-06,2023-07-21,20,grüne,14.000,15.000,-1.000,1.000,0.158,0.475,1.141,0.050,0.325,0.100,1.188,2.400,0.500,0.750,1.235,16,5,6,12,17,40,32,593.800,True,False,1.000,Bündnis 90/Die Grünen,0.400,0.125,0.150,0.300,0.425,217,67,25,21,73,79,0.074,0.023,0.028,0.055,0.078,0.239,0.200,0.286,0.164,0.215,Regierung,1.000,0.000,20.000,WP20,2023,7,15,0.839,2.516,7.353,0.839,1.387,0.290,8.417,8.200,8.000,7.100,7.824,31,26,12,5,6,10,17,0.387,0.161,0.194,0.323,0.548,0.680,2.041,6.212,0.789,1.062,0.190,7.229,5.800,7.500,6.350,6.588,2,1.000,5.464,0.986,5.389
139,2023-07-06,2023-07-21,20,linke,4.000,4.000,0.000,0.000,0.472,1.417,2.064,0.333,0.958,0.125,1.875,1.500,0.000,1.500,2.714,8,2,2,10,7,24,17,458.667,True,False,0.000,Die Linke,0.333,0.083,0.083,0.417,0.292,217,67,25,21,73,79,0.037,0.009,0.009,0.046,0.032,0.119,0.080,0.095,0.137,0.089,Opposition,0.000,1.000,20.000,WP20,2023,7,15,0.839,2.516,7.353,0.839,1.387,0.290,8.417,8.200,8.000,7.100,7.824,31,26,12,5,6,10,17,0.387,0.161,0.194,0.323,0.548,0.366,1.099,5.289,0.505,0.429,0.165,6.542,6.700,8.000,5.600,5.109,3,-0.000,5.464,-0.014,-0.075
139,2023-07-06,2023-07-21,20,spd,18.000,17.000,1.000,1.000,0.144,0.433,1.719,0.100,0.267,0.067,1.864,2.714,1.250,1.474,1.909,22,7,4,19,22,60,46,656.183,True,False,2.000,SPD,0.367,0.117,0.067,0.317,0.367,217,67,25,21,73,79,0.101,0.032,0.018,0.088,0.101,0.328,0.280,0.190,0.260,0.278,Regierung,1.000,0.000,20.000,WP20,2023,7,15,0.839,2.516,7.353,0.839,1.387,0.290,8.417,8.200,8.000,7.100,7.824,31,26,12,5,6,10,17,0.387,0.161,0.194,0.323,0.548,0.694,2.083,5.633,0.739,1.120,0.224,6.553,5.486,6.750,5.626,5.914,4,-1.000,5.464,-1.014,-5.538
143,2023-08-31,2023-09-15,22,cdu/csu,29.000,27.000,2.000,2.000,0.515,1.545,4.928,0.375,1.102,0.068,5.219,7.400,6.400,4.750,4.500,32,10,5,12,30,88,57,751.375,True,False,4.000,CDU/CSU,0.364,0.114,0.057,0.136,0.341,300,129,34,27,45,114,0.107,0.033,0.017,0.040,0.100,0.248,0.294,0.185,0.267,0.263,Opposition,0.000,1.000,20.000,WP20,2023,8,15,1.225,3.674,8.143,1.239,1.804,0.630,8.759,8.526,8.615,7.174,8.000,46,45,29,19,13,23,35,0.630,0.413,0.283,0.500,0.761,0.709,2.128,3.214,0.864,0.702,0.562,3.540,1.126,2.215,2.424,3.500,0,-2.000,7.464,-2.014,-15.030
143,2023-08-31,2023-09-15,22,fdp,6.000,7.000,-1.000,1.000,0.111,0.333,2.350,0.044,0.267,0.022,3.200,2.000,3.000,0.750,1.600,15,3,1,4,15,45,30,679.467,True,False,3.000,FDP,0.333,0.067,0.022,0.089,0.333,300,129,34,27,45,114,0.050,0.010,0.003,0.013,0.050,0.116,0.088,0.037,0.089,0.132,Regierung,1.000,0.000,20.000,WP20,2023,8,15,1.225,3.674,8.143,1.239,1.804,0.630,8.759,8.526,8.615,7.174,8.000,46,45,29,19,13,23,35,0.630,0.413,0.283,0.500,0.761,1.114,3.341,5.793,1.195,1.538,0.608,5.559,6.526,5.615,6.424,6.400,1,1.000,7.464,0.986,7.362
143,2023-08-31,2023-09-15,22,grüne,14.000,14.000,0.000,0.000,0.265,0.796,1.099,0.241,0.426,0.130,1.258,1.500,0.444,0.889,0.750,31,8,9,9,24,54,43,646.500,True,False,1.000,Bündnis 90/Die Grünen,0.574,0.148,0.167,0.167,0.444,300,129,34,27,45,114,0.103,0.027,0.030,0.030,0.080,0.240,0.235,0.333,0.200,0.211,Regierung,1.000,0.000,20.000,WP20,2023,8,15,1.225,3.674,8.143,1.239,1.804,0.630,8.759,8.526,8.615,7.174,8.000,46,45,29,19,13,23,35,0.630,0.413,0.283,0.500,0.761,0.959,2.878,7.044,0.998,1.378,0.501,7.501,7.026,8.171,6.285,7.250,2,-0.000,7.464,-0.014,-0.102
143,2023-08-31,2023-09-15,22,linke,4.000,4.000,0.000,0.000,0.690,2.069,3.569,0.793,1.241,0.034,4.000,3.500,,2.000,2.667,11,2,0,1,9,29,17,503.345,True,False,0.000,Die Linke,0.379,0.069,0.000,0.034,0.310,300,129,34,27,45,114,0.037,0.007,0.000,0.003,0.030,0.085,0.059,0.000,0.022,0.079,Opposition,0.000,1.000,20.000,WP20,2023,8,15,1.225,3.674,8.143,1.239,1.804,0.630,8.759,8.526,8.615,7.174,8.000,46,45,29,19,13,23,35,0.630,0.413,0.283,0.500,0.761,0.535,1.605,4.574,0.446,0.563,0.596,4.759,5.026,,5.174,5.333,3,-0.000,7.464,-0.014,-0.102
143,2023-08-31,2023-09-15,22,spd,16.000,17.000,-1.000,1.000,0.143,0.429,1.286,0.119,0.274,0.036,1.450,2.000,1.000,1.053,1.083,40,11,12,19,36,84,70,698.798,True,False,2.000,SPD,0.476,0.131,0.143,0.226,0.429,300,129,34,27,45,114,0.133,0.037,0.040,0.063,0.120,0.310,0.324,0.444,0.422,0.316,Regierung,1.000,0.000,20.000,WP20,2023,8,15,1.225,3.674,8.143,1.239,1.804,0.630,8.759,8.526,8.615,7.174,8.000,46,45,29,19,13,23,35,0.630,0.413,0.283,0.500,0.761,1.082,3.245,6.857,1.120,1.531,0.595,7.309,6.526,7.615,6.121,6.917,4,1.000,7.464,0.986,7.362
144,2023-09-15,2023-09-28,22,cdu/csu,28.000,29.000,-1.000,1.000,0.395,1.185,4.526,0.324,0.759,0.102,5.250,6.500,2.250,4.842,4.447,28,20,4,19,38,108,65,557.083,True,False,4.000,CDU/CSU,0.259,0.185,0.037,0.176,0.352,369,95,59,25,69,111,0.076,0.054,0.011,0.051,0.103,0.295,0.339,0.160,0.275,0.342,Opposition,0.000,1.000,20.000,WP20,2023,9,13,0.876,2.627,7.768,0.863,1.333,0.431,9.267,8.714,8.833,6.308,8.034,51,37,15,14,12,13,29,0.294,0.275,0.235,0.255,0.569,0.481,1.442,3.242,0.539,0.574,0.330,4.017,2.214,6.583,1.466,3.587,0,1.000,7.464,0.986,7.362
144,2023-09-15,2023-09-28,22,fdp,7.000,6.000,1.000,1.000,0.136,0.407,2.471,0.051,0.322,0.034,2.571,6.000,0.000,2.000,2.000,7,6,1,9,18,59,23,546.932,True,False,3.000,FDP,0.119,0.102,0.017,0.153,0.305,369,95,59,25,69,111,0.019,0.016,0.003,0.024,0.049,0.074,0.102,0.040,0.130,0.162,Regierung,1.000,0.000,20.000,WP20,2023,9,13,0.876,2.627,7.768,0.863,1.333,0.431,9.267,8.714,8.833,6.308,8.034,51,37,15,14,12,13,29,0.294,0.275,0.235,0.255,0.569,0.740,2.221,5.297,0.812,1.011,0.397,6.695,2.714,8.833,4.308,6.034,1,-1.000,7.464,-1.014,-7.566
144,2023-09-15,2023-09-28,22,grüne,15.000,14.000,1.000,1.000,0.218,0.655,1.206,0.207,0.379,0.069,1.333,1.444,0.286,0.846,1.263,18,9,7,13,19,58,36,601.931,True,False,1.000,Bündnis 90/Die Grünen,0.310,0.155,0.121,0.224,0.328,369,95,59,25,69,111,0.049,0.024,0.019,0.035,0.051,0.189,0.153,0.280,0.188,0.171,Regierung,1.000,0.000,20.000,WP20,2023,9,13,0.876,2.627,7.768,0.863,1.333,0.431,9.267,8.714,8.833,6.308,8.034,51,37,15,14,12,13,29,0.294,0.275,0.235,0.255,0.569,0.657,1.972,6.562,0.656,0.954,0.362,7.933,7.270,8.548,5.462,6.771,2,-1.000,7.464,-1.014,-7.566
144,2023-09-15,2023-09-28,22,linke,4.000,4.000,0.000,0.000,0.431,1.293,1.955,0.415,0.756,0.122,1.727,3.833,1.000,1.429,1.714,11,6,2,7,7,41,22,464.415,True,False,0.000,Die Linke,0.268,0.146,0.049,0.171,0.171,369,95,59,25,69,111,0.030,0.016,0.005,0.019,0.019,0.116,0.102,0.080,0.101,0.063,Opposition,0.000,1.000,20.000,WP20,2023,9,13,0.876,2.627,7.768,0.863,1.333,0.431,9.267,8.714,8.833,6.308,8.034,51,37,15,14,12,13,29,0.294,0.275,0.235,0.255,0.569,0.445,1.335,5.813,0.448,0.577,0.309,7.539,4.881,7.833,4.879,6.320,3,-0.000,7.464,-0.014,-0.102
144,2023-09-15,2023-09-28,22,spd,16.000,16.000,0.000,0.000,0.191,0.573,1.493,0.126,0.359,0.087,1.323,3.278,0.727,1.048,1.241,31,18,11,21,29,103,62,586.204,True,False,2.000,SPD,0.301,0.175,0.107,0.204,0.282,369,95,59,25,69,111,0.084,0.049,0.030,0.057,0.079,0.326,0.305,0.440,0.304,0.261,Regierung,1.000,0.000,20.000,WP20,2023,9,13,0.876,2.627,7.768,0.863,1.333,0.431,9.267,8.714,8.833,6.308,8.034,51,37,15,14,12,13,29,0.294,0.275,0.235,0.255,0.569,0.685,2.055,6.275,0.737,0.974,0.344,7.944,5.437,8.106,5.260,6.793,4,-0.000,7.464,-0.014,-0.102
145,2023-09-28,2023-10-13,22,cdu/csu,28.000,28.000,0.000,0.000,0.356,1.067,4.214,0.218,0.630,0.218,4.000,6.800,2.000,5.409,4.400,36,25,7,22,45,119,82,579.151,True,False,4.000,CDU/CSU,0.303,0.210,0.059,0.185,0.378,405,131,76,29,89,164,0.089,0.062,0.017,0.054,0.111,0.275,0.329,0.241,0.247,0.274,Opposition,0.000,1.000,20.000,WP20,2023,9,15,1.071,3.214,7.620,1.018,1.536,0.661,8.409,9.150,7.077,7.043,7.850,56,51,22,20,13,23,40,0.393,0.357,0.232,0.411,0.714,0.716,2.147,3.406,0.799,0.905,0.442,4.409,2.350,5.077,1.634,3.450,0,-0.000,7.464,-0.014,-0.102
145,2023-09-28,2023-10-13,22,fdp,6.000,7.000,-1.000,1.000,0.158,0.475,2.830,0.034,0.305,0.136,2.737,4.857,,3.176,1.852,19,14,0,17,27,59,46,570.051,True,False,3.000,FDP,0.322,0.237,0.000,0.288,0.458,405,131,76,29,89,164,0.047,0.035,0.000,0.042,0.067,0.145,0.184,0.000,0.191,0.165,Regierung,1.000,0.000,20.000,WP20,2023,9,15,1.071,3.214,7.620,1.018,1.536,0.661,8.409,9.150,7.077,7.043,7.850,56,51,22,20,13,23,40,0.393,0.357,0.232,0.411,0.714,0.913,2.740,4.790,0.984,1.231,0.525,5.672,4.293,,3.867,5.998,1,1.000,7.464,0.986,7.362
145,2023-09-28,2023-10-13,22,grüne,14.000,15.000,-1.000,1.000,0.199,0.597,1.072,0.097,0.361,0.139,0.800,1.846,0.167,1.444,0.900,30,13,6,18,30,72,59,519.125,True,False,1.000,Bündnis 90/Die Grünen,0.417,0.181,0.083,0.250,0.417,405,131,76,29,89,164,0.074,0.032,0.015,0.044,0.074,0.229,0.171,0.207,0.202,0.183,Regierung,1.000,0.000,20.000,WP20,2023,9,15,1.071,3.214,7.620,1.018,1.536,0.661,8.409,9.150,7.077,7.043,7.850,56,51,22,20,13,23,40,0.393,0.357,0.232,0.411,0.714,0.872,2.617,6.548,0.921,1.175,0.522,7.609,7.304,6.910,5.599,6.950,2,1.000,7.464,0.986,7.362
145,2023-09-28,2023-10-13,22,linke,4.000,4.000,0.000,0.000,0.489,1.467,2.106,0.422,0.867,0.178,2.083,2.444,1.429,1.700,2.200,12,9,7,10,15,45,29,451.756,True,False,0.000,Die Linke,0.267,0.200,0.156,0.222,0.333,405,131,76,29,89,164,0.030,0.022,0.017,0.025,0.037,0.092,0.118,0.241,0.112,0.091,Opposition,0.000,1.000,20.000,WP20,2023,9,15,1.071,3.214,7.620,1.018,1.536,0.661,8.409,9.150,7.077,7.043,7.850,56,51,22,20,13,23,40,0.393,0.357,0.232,0.411,0.714,0.583,1.748,5.514,0.596,0.669,0.483,6.326,6.706,5.648,5.343,5.650,3,-0.000,7.464,-0.014,-0.102
145,2023-09-28,2023-10-13,22,spd,16.000,16.000,0.000,0.000,0.170,0.509,1.429,0.100,0.291,0.118,0.794,2.867,0.889,2.364,1.106,34,15,9,22,47,110,78,644.009,True,False,2.000,SPD,0.309,0.136,0.082,0.200,0.427,405,131,76,29,89,164,0.084,0.037,0.022,0.054,0.116,0.260,0.197,0.310,0.247,0.287,Regierung,1.000,0.000,20.000,WP20,2023,9,15,1.071,3.214,7.620,1.018,1.536,0.661,8.409,9.150,7.077,7.043,7.850,56,51,22,20,13,23,40,0.393,0.357,0.232,0.411,0.714,0.902,2.705,6.190,0.918,1.245,0.543,7.615,6.283,6.188,4.680,6.744,4,-0.000,7.464,-0.014,-0.102
146,2023-10-13,2023-11-02,23,cdu/csu,29.000,28.000,1.000,1.000,0.382,1.147,4.217,0.245,0.706,0.196,4.677,7.000,3.444,4.762,4.342,31,19,9,21,38,102,74,585.304,True,False,4.000,CDU/CSU,0.304,0.186,0.088,0.206,0.373,358,118,74,41,94,132,0.087,0.053,0.025,0.059,0.106,0.263,0.257,0.220,0.223,0.288,Opposition,0.000,1.000,20.000,WP20,2023,10,20,1.033,3.098,6.968,0.961,1.549,0.588,8.389,7.778,8.625,6.059,6.935,51,44,18,18,8,17,31,0.353,0.353,0.157,0.333,0.608,0.650,1.951,2.750,0.716,0.843,0.392,3.711,0.778,5.181,1.297,2.593,0,-1.000,8.464,-1.014,-8.579
146,2023-10-13,2023-11-02,23,fdp,5.000,6.000,-1.000,1.000,0.193,0.580,2.363,0.140,0.280,0.160,2.312,4.154,1.143,2.071,2.318,16,13,7,14,22,50,42,540.680,True,False,3.000,FDP,0.320,0.260,0.140,0.280,0.440,358,118,74,41,94,132,0.045,0.036,0.020,0.039,0.061,0.136,0.176,0.171,0.149,0.167,Regierung,1.000,0.000,20.000,WP20,2023,10,20,1.033,3.098,6.968,0.961,1.549,0.588,8.389,7.778,8.625,6.059,6.935,51,44,18,18,8,17,31,0.353,0.353,0.157,0.333,0.608,0.839,2.518,4.605,0.821,1.269,0.428,6.076,3.624,7.482,3.987,4.617,1,1.000,8.464,0.986,8.348
146,2023-10-13,2023-11-02,23,grüne,13.000,14.000,-1.000,1.000,0.132,0.397,1.286,0.103,0.221,0.074,1.357,2.250,0.800,0.800,1.100,28,12,10,20,20,68,56,527.235,True,False,1.000,Bündnis 90/Die Grünen,0.412,0.176,0.147,0.294,0.294,358,118,74,41,94,132,0.078,0.034,0.028,0.056,0.056,0.237,0.162,0.244,0.213,0.152,Regierung,1.000,0.000,20.000,WP20,2023,10,20,1.033,3.098,6.968,0.961,1.549,0.588,8.389,7.778,8.625,6.059,6.935,51,44,18,18,8,17,31,0.353,0.353,0.157,0.333,0.608,0.900,2.701,5.682,0.858,1.328,0.515,7.032,5.528,7.825,5.259,5.835,2,1.000,8.464,0.986,8.348
146,2023-10-13,2023-11-02,23,linke,4.000,4.000,0.000,0.000,0.341,1.024,1.629,0.238,0.667,0.119,1.833,2.000,0.500,1.500,1.889,12,7,6,12,9,42,31,401.190,True,False,0.000,Die Linke,0.286,0.167,0.143,0.286,0.214,358,118,74,41,94,132,0.034,0.020,0.017,0.034,0.025,0.102,0.095,0.146,0.128,0.068,Opposition,0.000,1.000,20.000,WP20,2023,10,20,1.033,3.098,6.968,0.961,1.549,0.588,8.389,7.778,8.625,6.059,6.935,51,44,18,18,8,17,31,0.353,0.353,0.157,0.333,0.608,0.691,2.074,5.339,0.723,0.882,0.469,6.556,5.778,8.125,4.559,5.047,3,-0.000,8.464,-0.014,-0.115
146,2023-10-13,2023-11-02,23,spd,15.000,16.000,-1.000,1.000,0.194,0.583,1.492,0.156,0.312,0.115,1.774,2.261,1.000,1.259,1.070,31,23,9,27,43,96,76,627.823,True,False,2.000,SPD,0.323,0.240,0.094,0.281,0.448,358,118,74,41,94,132,0.087,0.064,0.025,0.075,0.120,0.263,0.311,0.220,0.287,0.326,Regierung,1.000,0.000,20.000,WP20,2023,10,20,1.033,3.098,6.968,0.961,1.549,0.588,8.389,7.778,8.625,6.059,6.935,51,44,18,18,8,17,31,0.353,0.353,0.157,0.333,0.608,0.838,2.515,5.475,0.805,1.237,0.474,6.615,5.517,7.625,4.800,5.866,4,1.000,8.464,0.986,8.348
147,2023-11-02,2023-11-10,22,cdu/csu,30.000,29.000,1.000,1.000,0.433,1.300,3.841,0.367,0.733,0.200,6.600,6.917,5.000,3.056,3.840,5,12,2,18,25,60,32,582.783,True,False,4.000,CDU/CSU,0.083,0.200,0.033,0.300,0.417,214,29,40,23,57,77,0.023,0.056,0.009,0.084,0.117,0.172,0.300,0.087,0.316,0.325,Opposition,0.000,1.000,20.000,WP20,2023,11,8,1.125,3.375,7.240,1.125,1.625,0.625,9.000,9.556,9.000,6.667,7.364,32,24,7,9,7,18,22,0.219,0.281,0.219,0.562,0.688,0.692,2.075,3.398,0.758,0.892,0.425,2.400,2.639,4.000,3.611,3.524,0,-1.000,7.464,-1.014,-7.566
147,2023-11-02,2023-11-10,22,fdp,4.000,5.000,-1.000,1.000,0.333,1.000,3.995,0.333,0.400,0.267,4.750,6.714,2.250,4.100,3.167,4,7,4,10,12,30,16,573.000,True,False,3.000,FDP,0.133,0.233,0.133,0.333,0.400,214,29,40,23,57,77,0.019,0.033,0.019,0.047,0.056,0.138,0.175,0.174,0.175,0.156,Regierung,1.000,0.000,20.000,WP20,2023,11,8,1.125,3.375,7.240,1.125,1.625,0.625,9.000,9.556,9.000,6.667,7.364,32,24,7,9,7,18,22,0.219,0.281,0.219,0.562,0.688,0.792,2.375,3.245,0.792,1.225,0.358,4.250,2.841,6.750,2.567,4.197,1,1.000,7.464,0.986,7.362
147,2023-11-02,2023-11-10,22,grüne,14.000,13.000,1.000,1.000,0.222,0.667,1.259,0.111,0.444,0.111,1.250,2.333,1.333,1.333,1.154,8,6,6,12,13,36,22,550.944,True,False,1.000,Bündnis 90/Die Grünen,0.222,0.167,0.167,0.333,0.361,214,29,40,23,57,77,0.037,0.028,0.028,0.056,0.061,0.276,0.150,0.261,0.211,0.169,Regierung,1.000,0.000,20.000,WP20,2023,11,8,1.125,3.375,7.240,1.125,1.625,0.625,9.000,9.556,9.000,6.667,7.364,32,24,7,9,7,18,22,0.219,0.281,0.219,0.562,0.688,0.903,2.708,5.980,1.014,1.181,0.514,7.750,7.222,7.667,5.333,6.210,2,-1.000,7.464,-1.014,-7.566
147,2023-11-02,2023-11-10,22,linke,5.000,4.000,1.000,1.000,0.474,1.423,1.615,0.500,0.846,0.077,2.000,2.000,0.500,1.500,0.714,5,5,2,6,7,26,16,413.115,True,False,0.000,Die Linke,0.192,0.192,0.077,0.231,0.269,214,29,40,23,57,77,0.023,0.023,0.009,0.028,0.033,0.172,0.125,0.087,0.105,0.091,Opposition,0.000,1.000,20.000,WP20,2023,11,8,1.125,3.375,7.240,1.125,1.625,0.625,9.000,9.556,9.000,6.667,7.364,32,24,7,9,7,18,22,0.219,0.281,0.219,0.562,0.688,0.651,1.952,5.625,0.625,0.779,0.548,7.000,7.556,8.500,5.167,6.649,3,-1.000,7.464,-1.014,-7.566
147,2023-11-02,2023-11-10,22,spd,16.000,15.000,1.000,1.000,0.156,0.468,1.294,0.194,0.226,0.048,1.286,2.400,0.778,1.000,1.150,7,10,9,11,20,62,34,590.968,True,False,2.000,SPD,0.113,0.161,0.145,0.177,0.323,214,29,40,23,57,77,0.033,0.047,0.042,0.051,0.093,0.241,0.250,0.391,0.193,0.260,Regierung,1.000,0.000,20.000,WP20,2023,11,8,1.125,3.375,7.240,1.125,1.625,0.625,9.000,9.556,9.000,6.667,7.364,32,24,7,9,7,18,22,0.219,0.281,0.219,0.562,0.688,0.969,2.907,5.945,0.931,1.399,0.577,7.714,7.156,8.222,5.667,6.214,4,-1.000,7.464,-1.014,-7.566
148,2023-11-10,2023-12-07,21,cdu/csu,30.000,30.000,0.000,0.000,0.428,1.283,4.244,0.332,0.788,0.163,5.264,6.560,3.688,4.383,3.873,53,25,16,60,79,184,131,599.348,True,False,4.000,CDU/CSU,0.288,0.136,0.087,0.326,0.429,628,203,100,72,195,266,0.084,0.040,0.025,0.096,0.126,0.261,0.250,0.222,0.308,0.297,Opposition,0.000,1.000,20.000,WP20,2023,11,27,1.040,3.119,7.683,1.095,1.512,0.512,8.667,8.731,8.056,6.815,7.821,84,74,33,26,18,27,56,0.393,0.310,0.214,0.321,0.667,0.612,1.836,3.440,0.764,0.724,0.349,3.403,2.171,4.368,2.431,3.948,0,-0.000,6.464,-0.014,-0.088
148,2023-11-10,2023-12-07,21,fdp,5.000,4.000,1.000,1.000,0.145,0.435,2.415,0.082,0.247,0.106,2.783,4.357,1.875,2.571,1.875,23,14,8,28,32,85,62,605.753,True,False,3.000,FDP,0.271,0.165,0.094,0.329,0.376,628,203,100,72,195,266,0.037,0.022,0.013,0.045,0.051,0.113,0.140,0.111,0.144,0.120,Regierung,1.000,0.000,20.000,WP20,2023,11,27,1.040,3.119,7.683,1.095,1.512,0.512,8.667,8.731,8.056,6.815,7.821,84,74,33,26,18,27,56,0.393,0.310,0.214,0.321,0.667,0.895,2.684,5.268,1.013,1.265,0.406,5.884,4.374,6.181,4.243,5.946,1,-1.000,6.464,-1.014,-6.552
148,2023-11-10,2023-12-07,21,grüne,15.000,14.000,1.000,1.000,0.219,0.658,1.229,0.149,0.412,0.096,1.294,1.423,0.750,1.000,0.847,51,26,20,37,59,114,100,582.754,True,False,1.000,Bündnis 90/Die Grünen,0.447,0.228,0.175,0.325,0.518,628,203,100,72,195,266,0.081,0.041,0.032,0.059,0.094,0.251,0.260,0.278,0.190,0.222,Regierung,1.000,0.000,20.000,WP20,2023,11,27,1.040,3.119,7.683,1.095,1.512,0.512,8.667,8.731,8.056,6.815,7.821,84,74,33,26,18,27,56,0.393,0.310,0.214,0.321,0.667,0.820,2.461,6.454,0.946,1.100,0.415,7.373,7.308,7.306,5.815,6.974,2,-1.000,6.464,-1.014,-6.552
148,2023-11-10,2023-12-07,21,linke,4.000,5.000,-1.000,1.000,0.464,1.391,1.524,0.478,0.855,0.058,1.875,1.875,0.714,1.136,1.333,24,8,7,22,24,69,49,447.783,True,False,0.000,Die Linke,0.348,0.116,0.101,0.319,0.348,628,203,100,72,195,266,0.038,0.013,0.011,0.035,0.038,0.118,0.080,0.097,0.113,0.090,Opposition,0.000,1.000,20.000,WP20,2023,11,27,1.040,3.119,7.683,1.095,1.512,0.512,8.667,8.731,8.056,6.815,7.821,84,74,33,26,18,27,56,0.393,0.310,0.214,0.321,0.667,0.576,1.728,6.160,0.617,0.657,0.454,6.792,6.856,7.341,5.678,6.488,3,1.000,6.464,0.986,6.376
148,2023-11-10,2023-12-07,21,spd,15.000,16.000,-1.000,1.000,0.203,0.608,1.697,0.165,0.358,0.085,1.558,2.667,0.857,1.792,1.458,52,27,21,48,72,176,130,631.403,True,False,2.000,SPD,0.295,0.153,0.119,0.273,0.409,628,203,100,72,195,266,0.083,0.043,0.033,0.076,0.115,0.256,0.270,0.292,0.246,0.271,Regierung,1.000,0.000,20.000,WP20,2023,11,27,1.040,3.119,7.683,1.095,1.512,0.512,8.667,8.731,8.056,6.815,7.821,84,74,33,26,18,27,56,0.393,0.310,0.214,0.321,0.667,0.837,2.511,5.986,0.930,1.154,0.427,7.109,6.064,7.198,5.023,6.363,4,1.000,6.464,0.986,6.376
149,2023-12-07,2023-12-22,21,cdu/csu,32.000,30.000,2.000,2.000,0.395,1.186,3.362,0.314,0.643,0.229,3.900,7.000,0.143,3.000,3.846,10,14,7,19,26,70,38,625.629,True,False,4.000,CDU/CSU,0.143,0.200,0.100,0.271,0.371,219,37,41,24,72,90,0.046,0.064,0.032,0.087,0.119,0.270,0.341,0.292,0.264,0.289,Opposition,0.000,1.000,20.000,WP20,2023,12,15,1.118,3.353,7.804,1.118,1.559,0.676,8.818,9.000,8.625,7.300,8.000,34,29,11,14,8,10,24,0.324,0.412,0.235,0.294,0.706,0.722,2.167,4.442,0.803,0.916,0.448,4.918,2.000,8.482,4.300,4.154,0,-2.000,6.464,-2.014,-13.016
149,2023-12-07,2023-12-22,21,fdp,4.000,5.000,-1.000,1.000,0.102,0.306,2.008,0.028,0.194,0.083,2.333,4.200,1.667,1.900,2.071,6,5,3,10,14,36,20,654.389,True,False,3.000,FDP,0.167,0.139,0.083,0.278,0.389,219,37,41,24,72,90,0.027,0.023,0.014,0.046,0.064,0.162,0.122,0.125,0.139,0.156,Regierung,1.000,0.000,20.000,WP20,2023,12,15,1.118,3.353,7.804,1.118,1.559,0.676,8.818,9.000,8.625,7.300,8.000,34,29,11,14,8,10,24,0.324,0.412,0.235,0.294,0.706,1.016,3.047,5.796,1.090,1.364,0.593,6.485,4.800,6.958,5.400,5.929,1,1.000,6.464,0.986,6.376
149,2023-12-07,2023-12-22,21,grüne,15.000,15.000,0.000,0.000,0.333,1.000,1.025,0.283,0.522,0.196,0.778,1.714,1.167,0.900,0.895,9,7,6,20,19,46,33,609.174,True,False,1.000,Bündnis 90/Die Grünen,0.196,0.152,0.130,0.435,0.413,219,37,41,24,72,90,0.041,0.032,0.027,0.091,0.087,0.243,0.171,0.250,0.278,0.211,Regierung,1.000,0.000,20.000,WP20,2023,12,15,1.118,3.353,7.804,1.118,1.559,0.676,8.818,9.000,8.625,7.300,8.000,34,29,11,14,8,10,24,0.324,0.412,0.235,0.294,0.706,0.784,2.353,6.779,0.835,1.037,0.481,8.040,7.286,7.458,6.400,7.105,2,-0.000,6.464,-0.014,-0.088
149,2023-12-07,2023-12-22,21,spd,14.000,15.000,-1.000,1.000,0.249,0.746,1.291,0.209,0.433,0.104,1.417,2.667,0.375,0.913,1.161,12,15,8,23,31,67,46,668.269,True,False,2.000,SPD,0.179,0.224,0.119,0.343,0.463,219,37,41,24,72,90,0.055,0.068,0.037,0.105,0.142,0.324,0.366,0.333,0.319,0.344,Regierung,1.000,0.000,20.000,WP20,2023,12,15,1.118,3.353,7.804,1.118,1.559,0.676,8.818,9.000,8.625,7.300,8.000,34,29,11,14,8,10,24,0.324,0.412,0.235,0.294,0.706,0.869,2.607,6.513,0.909,1.126,0.572,7.402,6.333,8.250,6.387,6.839,4,1.000,6.464,0.986,6.376
151,2024-01-04,2024-02-01,22,cdu/csu,31.000,32.000,-1.000,1.000,0.565,1.695,4.586,0.483,1.000,0.212,5.500,6.615,4.000,5.529,3.914,34,26,3,34,58,118,89,657.856,True,False,4.000,CDU/CSU,0.288,0.220,0.025,0.288,0.492,385,102,97,37,142,217,0.088,0.068,0.008,0.088,0.151,0.333,0.268,0.081,0.239,0.267,Opposition,0.000,1.000,20.000,WP20,2024,1,28,1.140,3.419,7.746,1.161,1.661,0.597,8.440,9.048,7.800,6.917,8.140,62,56,25,21,10,24,50,0.403,0.339,0.161,0.387,0.806,0.575,1.724,3.159,0.678,0.661,0.385,2.940,2.432,3.800,1.387,4.226,0,1.000,7.464,0.986,7.362
151,2024-01-04,2024-02-01,22,fdp,5.000,5.000,0.000,0.000,0.256,0.769,2.490,0.215,0.385,0.169,4.222,4.733,0.000,2.444,1.600,9,15,5,18,40,65,51,568.708,True,False,3.000,FDP,0.138,0.231,0.077,0.277,0.615,385,102,97,37,142,217,0.023,0.039,0.013,0.047,0.104,0.088,0.155,0.135,0.127,0.184,Regierung,1.000,0.000,20.000,WP20,2024,1,28,1.140,3.419,7.746,1.161,1.661,0.597,8.440,9.048,7.800,6.917,8.140,62,56,25,21,10,24,50,0.403,0.339,0.161,0.387,0.806,0.883,2.650,5.255,0.946,1.277,0.428,4.218,4.314,7.800,4.472,6.540,1,-0.000,7.464,-0.014,-0.102
151,2024-01-04,2024-02-01,22,grüne,13.000,14.000,-1.000,1.000,0.364,1.092,1.231,0.345,0.540,0.207,1.345,2.429,0.286,1.205,0.804,29,28,14,44,51,87,77,580.747,True,False,1.000,Bündnis 90/Die Grünen,0.333,0.322,0.161,0.506,0.586,385,102,97,37,142,217,0.075,0.073,0.036,0.114,0.132,0.284,0.289,0.378,0.310,0.235,Regierung,1.000,0.000,20.000,WP20,2024,1,28,1.140,3.419,7.746,1.161,1.661,0.597,8.440,9.048,7.800,6.917,8.140,62,56,25,21,10,24,50,0.403,0.339,0.161,0.387,0.806,0.776,2.327,6.515,0.816,1.121,0.390,7.095,6.619,7.514,5.712,7.336,2,1.000,7.464,0.986,7.362
151,2024-01-04,2024-02-01,22,spd,14.000,14.000,0.000,0.000,0.299,0.896,1.665,0.270,0.435,0.191,1.867,2.071,0.333,2.043,1.147,30,28,15,46,68,115,95,665.165,True,False,2.000,SPD,0.261,0.243,0.130,0.400,0.591,385,102,97,37,142,217,0.078,0.073,0.039,0.119,0.177,0.294,0.289,0.405,0.324,0.313,Regierung,1.000,0.000,20.000,WP20,2024,1,28,1.140,3.419,7.746,1.161,1.661,0.597,8.440,9.048,7.800,6.917,8.140,62,56,25,21,10,24,50,0.403,0.339,0.161,0.387,0.806,0.841,2.524,6.081,0.892,1.227,0.405,6.573,6.976,7.467,4.873,6.993,4,-0.000,7.464,-0.014,-0.102
152,2024-02-01,2024-03-07,19,cdu/csu,30.000,31.000,-1.000,1.000,0.413,1.240,4.071,0.344,0.776,0.120,5.677,4.947,3.800,4.290,3.203,31,19,5,31,59,125,89,642.984,True,False,4.000,CDU/CSU,0.248,0.152,0.040,0.248,0.472,445,132,75,45,132,209,0.070,0.043,0.011,0.070,0.133,0.235,0.253,0.111,0.235,0.282,Opposition,0.000,1.000,20.000,WP20,2024,2,35,1.063,3.190,6.853,1.143,1.667,0.381,8.500,7.824,8.500,5.417,7.178,63,56,22,17,8,24,45,0.349,0.270,0.127,0.381,0.714,0.650,1.950,2.782,0.799,0.891,0.261,2.823,2.876,4.700,1.126,3.974,0,1.000,4.464,0.986,4.403
152,2024-02-01,2024-03-07,19,fdp,4.000,5.000,-1.000,1.000,0.167,0.500,2.389,0.108,0.351,0.041,4.056,3.917,2.833,1.909,2.000,18,12,6,22,37,74,57,551.405,True,False,3.000,FDP,0.243,0.162,0.081,0.297,0.500,445,132,75,45,132,209,0.040,0.027,0.013,0.049,0.083,0.136,0.160,0.133,0.167,0.177,Regierung,1.000,0.000,20.000,WP20,2024,2,35,1.063,3.190,6.853,1.143,1.667,0.381,8.500,7.824,8.500,5.417,7.178,63,56,22,17,8,24,45,0.349,0.270,0.127,0.381,0.714,0.897,2.690,4.464,1.035,1.315,0.340,4.444,3.907,5.667,3.508,5.178,1,1.000,4.464,0.986,4.403
152,2024-02-01,2024-03-07,19,grüne,14.000,13.000,1.000,1.000,0.248,0.744,1.183,0.174,0.442,0.128,1.343,2.231,0.667,1.000,0.850,35,13,12,28,40,86,75,556.349,True,False,1.000,Bündnis 90/Die Grünen,0.407,0.151,0.140,0.326,0.465,445,132,75,45,132,209,0.079,0.029,0.027,0.063,0.090,0.265,0.173,0.267,0.212,0.191,Regierung,1.000,0.000,20.000,WP20,2024,2,35,1.063,3.190,6.853,1.143,1.667,0.381,8.500,7.824,8.500,5.417,7.178,63,56,22,17,8,24,45,0.349,0.270,0.127,0.381,0.714,0.815,2.446,5.669,0.968,1.225,0.253,7.157,5.593,7.833,4.417,6.328,2,-1.000,4.464,-1.014,-4.525
152,2024-02-01,2024-03-07,19,linke,3.000,4.000,-1.000,1.000,0.545,1.636,1.470,0.591,0.909,0.136,2.000,3.000,0.750,0.429,1.750,4,3,4,7,8,22,14,369.364,True,False,0.000,Die Linke,0.182,0.136,0.182,0.318,0.364,445,132,75,45,132,209,0.009,0.007,0.009,0.016,0.018,0.030,0.040,0.089,0.053,0.038,Opposition,0.000,1.000,20.000,WP20,2024,2,35,1.063,3.190,6.853,1.143,1.667,0.381,8.500,7.824,8.500,5.417,7.178,63,56,22,17,8,24,45,0.349,0.270,0.127,0.381,0.714,0.518,1.554,5.382,0.552,0.758,0.245,6.500,4.824,7.750,4.988,5.428,3,1.000,4.464,0.986,4.403
152,2024-02-01,2024-03-07,19,spd,16.000,14.000,2.000,2.000,0.171,0.514,1.560,0.123,0.304,0.087,1.773,2.036,1.611,1.636,1.231,44,28,18,44,65,138,111,595.833,True,False,2.000,SPD,0.319,0.203,0.130,0.319,0.471,445,132,75,45,132,209,0.099,0.063,0.040,0.099,0.146,0.333,0.373,0.400,0.333,0.311,Regierung,1.000,0.000,20.000,WP20,2024,2,35,1.063,3.190,6.853,1.143,1.667,0.381,8.500,7.824,8.500,5.417,7.178,63,56,22,17,8,24,45,0.349,0.270,0.127,0.381,0.714,0.892,2.676,5.293,1.020,1.362,0.294,6.727,5.788,6.889,3.780,5.947,4,-2.000,4.464,-2.014,-8.989
153,2024-03-07,2024-04-04,19,cdu/csu,29.000,30.000,-1.000,1.000,0.387,1.161,4.188,0.310,0.690,0.161,5.848,6.458,1.333,4.273,3.375,33,24,12,44,64,155,111,546.761,True,False,4.000,CDU/CSU,0.213,0.155,0.077,0.284,0.413,494,102,81,48,160,229,0.067,0.049,0.024,0.089,0.130,0.324,0.296,0.250,0.275,0.279,Opposition,0.000,1.000,20.000,WP20,2024,3,28,1.000,3.000,7.066,1.000,1.522,0.478,8.833,8.706,7.182,6.471,7.304,67,58,18,17,11,34,46,0.269,0.254,0.164,0.507,0.687,0.613,1.839,2.879,0.690,0.832,0.316,2.985,2.248,5.848,2.198,3.929,0,1.000,4.464,0.986,4.403
153,2024-03-07,2024-04-04,19,fdp,5.000,4.000,1.000,1.000,0.175,0.524,2.142,0.071,0.345,0.107,3.929,3.700,0.667,2.194,1.652,14,10,6,31,46,84,62,559.988,True,False,3.000,FDP,0.167,0.119,0.071,0.369,0.548,494,102,81,48,160,229,0.028,0.020,0.012,0.063,0.093,0.137,0.123,0.125,0.194,0.201,Regierung,1.000,0.000,20.000,WP20,2024,3,28,1.000,3.000,7.066,1.000,1.522,0.478,8.833,8.706,7.182,6.471,7.304,67,58,18,17,11,34,46,0.269,0.254,0.164,0.507,0.687,0.825,2.476,4.924,0.929,1.177,0.370,4.905,5.006,6.515,4.277,5.652,1,-1.000,4.464,-1.014,-4.525
153,2024-03-07,2024-04-04,19,grüne,14.000,14.000,0.000,0.000,0.287,0.860,1.568,0.163,0.523,0.174,1.130,3.824,0.778,1.586,1.133,23,17,9,29,45,86,66,566.709,True,False,1.000,Bündnis 90/Die Grünen,0.267,0.198,0.105,0.337,0.523,494,102,81,48,160,229,0.047,0.034,0.018,0.059,0.091,0.225,0.210,0.188,0.181,0.197,Regierung,1.000,0.000,20.000,WP20,2024,3,28,1.000,3.000,7.066,1.000,1.522,0.478,8.833,8.706,7.182,6.471,7.304,67,58,18,17,11,34,46,0.269,0.254,0.164,0.507,0.687,0.713,2.140,5.498,0.837,0.999,0.303,7.703,4.882,6.404,4.884,6.171,2,-0.000,4.464,-0.014,-0.061
153,2024-03-07,2024-04-04,19,linke,3.000,3.000,0.000,0.000,0.441,1.324,1.548,0.441,0.794,0.088,2.500,2.000,0.000,1.417,1.111,4,6,2,12,9,34,21,364.882,True,False,0.000,Die Linke,0.118,0.176,0.059,0.353,0.265,494,102,81,48,160,229,0.008,0.012,0.004,0.024,0.018,0.039,0.074,0.042,0.075,0.039,Opposition,0.000,1.000,20.000,WP20,2024,3,28,1.000,3.000,7.066,1.000,1.522,0.478,8.833,8.706,7.182,6.471,7.304,67,58,18,17,11,34,46,0.269,0.254,0.164,0.507,0.687,0.559,1.676,5.519,0.559,0.728,0.389,6.333,6.706,7.182,5.054,6.193,3,-0.000,4.464,-0.014,-0.061
153,2024-03-07,2024-04-04,19,spd,16.000,16.000,0.000,0.000,0.311,0.933,1.429,0.244,0.519,0.170,1.500,2.417,0.842,1.455,0.985,28,24,19,44,65,135,102,624.822,True,False,2.000,SPD,0.207,0.178,0.141,0.326,0.481,494,102,81,48,160,229,0.057,0.049,0.038,0.089,0.132,0.275,0.296,0.396,0.275,0.284,Regierung,1.000,0.000,20.000,WP20,2024,3,28,1.000,3.000,7.066,1.000,1.522,0.478,8.833,8.706,7.182,6.471,7.304,67,58,18,17,11,34,46,0.269,0.254,0.164,0.507,0.687,0.689,2.067,5.637,0.756,1.004,0.307,7.333,6.289,6.340,5.016,6.320,4,-0.000,4.464,-0.014,-0.061
154,2024-04-04,2024-05-02,18,cdu/csu,30.000,29.000,1.000,1.000,0.371,1.113,3.912,0.199,0.728,0.185,4.444,7.375,4.067,4.250,3.420,45,16,15,48,69,151,118,589.934,True,False,4.000,CDU/CSU,0.298,0.106,0.099,0.318,0.457,531,169,64,78,174,231,0.085,0.030,0.028,0.090,0.130,0.266,0.250,0.192,0.276,0.299,Opposition,0.000,1.000,20.000,WP20,2024,4,28,0.974,2.922,7.631,0.922,1.494,0.506,8.667,8.688,8.105,7.133,7.588,77,68,27,16,19,30,51,0.351,0.208,0.247,0.390,0.662,0.603,1.809,3.719,0.723,0.765,0.321,4.222,1.312,4.039,2.883,4.168,0,-1.000,3.464,-1.014,-3.511
154,2024-04-04,2024-05-02,18,fdp,4.000,5.000,-1.000,1.000,0.245,0.735,2.449,0.096,0.470,0.169,3.429,4.667,2.368,1.676,2.395,21,9,19,34,38,83,66,571.000,True,False,3.000,FDP,0.253,0.108,0.229,0.410,0.458,531,169,64,78,174,231,0.040,0.017,0.036,0.064,0.072,0.124,0.141,0.244,0.195,0.165,Regierung,1.000,0.000,20.000,WP20,2024,4,28,0.974,2.922,7.631,0.922,1.494,0.506,8.667,8.688,8.105,7.133,7.588,77,68,27,16,19,30,51,0.351,0.208,0.247,0.390,0.662,0.729,2.187,5.182,0.826,1.024,0.338,5.238,4.021,5.737,5.457,5.193,1,1.000,3.464,0.986,3.417
154,2024-04-04,2024-05-02,18,grüne,15.000,14.000,1.000,1.000,0.249,0.746,1.124,0.175,0.474,0.096,0.957,2.105,0.600,1.086,1.229,46,19,15,35,48,114,96,541.272,True,False,1.000,Bündnis 90/Die Grünen,0.404,0.167,0.132,0.307,0.421,531,169,64,78,174,231,0.087,0.036,0.028,0.066,0.090,0.272,0.297,0.192,0.201,0.208,Regierung,1.000,0.000,20.000,WP20,2024,4,28,0.974,2.922,7.631,0.922,1.494,0.506,8.667,8.688,8.105,7.133,7.588,77,68,27,16,19,30,51,0.351,0.208,0.247,0.390,0.662,0.725,2.176,6.507,0.747,1.020,0.410,7.710,6.582,7.505,6.048,6.359,2,-1.000,3.464,-1.014,-3.511
154,2024-04-04,2024-05-02,18,linke,3.000,3.000,0.000,0.000,0.476,1.429,1.480,0.514,0.829,0.086,1.000,1.000,1.857,2.333,1.750,12,4,7,6,12,35,25,354.714,True,False,0.000,Die Linke,0.343,0.114,0.200,0.171,0.343,531,169,64,78,174,231,0.023,0.008,0.013,0.011,0.023,0.071,0.062,0.090,0.034,0.052,Opposition,0.000,1.000,20.000,WP20,2024,4,28,0.974,2.922,7.631,0.922,1.494,0.506,8.667,8.688,8.105,7.133,7.588,77,68,27,16,19,30,51,0.351,0.208,0.247,0.390,0.662,0.498,1.494,6.151,0.408,0.665,0.421,7.667,7.688,6.248,4.800,5.838,3,-0.000,3.464,-0.014,-0.047
154,2024-04-04,2024-05-02,18,spd,15.000,16.000,-1.000,1.000,0.277,0.831,1.366,0.196,0.473,0.162,1.111,3.500,0.591,1.529,1.344,45,16,22,51,64,148,117,620.277,True,False,2.000,SPD,0.304,0.108,0.149,0.345,0.432,531,169,64,78,174,231,0.085,0.030,0.041,0.096,0.121,0.266,0.250,0.282,0.293,0.277,Regierung,1.000,0.000,20.000,WP20,2024,4,28,0.974,2.922,7.631,0.922,1.494,0.506,8.667,8.688,8.105,7.133,7.588,77,68,27,16,19,30,51,0.351,0.208,0.247,0.390,0.662,0.697,2.091,6.265,0.726,1.021,0.344,7.556,5.188,7.514,5.604,6.244,4,1.000,3.464,0.986,3.417
155,2024-05-02,2024-05-30,18,cdu/csu,31.000,30.000,1.000,1.000,0.370,1.111,3.232,0.311,0.589,0.211,5.231,5.800,3.333,3.135,2.316,13,15,9,37,38,90,60,562.400,True,False,4.000,CDU/CSU,0.144,0.167,0.100,0.411,0.422,286,52,51,35,116,127,0.045,0.052,0.031,0.129,0.133,0.250,0.294,0.257,0.319,0.299,Opposition,0.000,1.000,20.000,WP20,2024,5,28,1.071,3.214,7.060,1.071,1.500,0.643,8.600,8.312,7.222,6.350,7.857,42,36,10,16,9,20,28,0.238,0.381,0.214,0.476,0.667,0.701,2.103,3.828,0.760,0.911,0.432,3.369,2.513,3.889,3.215,5.541,0,-1.000,3.464,-1.014,-3.511
155,2024-05-02,2024-05-30,18,fdp,5.000,4.000,1.000,1.000,0.189,0.568,2.127,0.054,0.378,0.135,3.400,4.167,1.500,1.625,1.786,5,6,2,16,14,37,25,637.946,True,False,3.000,FDP,0.135,0.162,0.054,0.432,0.378,286,52,51,35,116,127,0.017,0.021,0.007,0.056,0.049,0.096,0.118,0.057,0.138,0.110,Regierung,1.000,0.000,20.000,WP20,2024,5,28,1.071,3.214,7.060,1.071,1.500,0.643,8.600,8.312,7.222,6.350,7.857,42,36,10,16,9,20,28,0.238,0.381,0.214,0.476,0.667,0.882,2.647,4.934,1.017,1.122,0.508,5.200,4.146,5.722,4.725,6.071,1,-1.000,3.464,-1.014,-3.511
155,2024-05-02,2024-05-30,18,grüne,15.000,15.000,0.000,0.000,0.301,0.904,1.358,0.288,0.462,0.154,1.000,3.556,1.200,1.522,1.000,16,9,10,23,25,52,40,532.923,True,False,1.000,Bündnis 90/Die Grünen,0.308,0.173,0.192,0.442,0.481,286,52,51,35,116,127,0.056,0.031,0.035,0.080,0.087,0.308,0.176,0.286,0.198,0.197,Regierung,1.000,0.000,20.000,WP20,2024,5,28,1.071,3.214,7.060,1.071,1.500,0.643,8.600,8.312,7.222,6.350,7.857,42,36,10,16,9,20,28,0.238,0.381,0.214,0.476,0.667,0.770,2.310,5.702,0.783,1.038,0.489,7.600,4.757,6.022,4.828,6.857,2,-0.000,3.464,-0.014,-0.047
155,2024-05-02,2024-05-30,18,spd,15.000,15.000,0.000,0.000,0.197,0.591,1.462,0.159,0.307,0.125,1.467,2.667,0.909,1.531,1.071,15,18,11,32,42,88,60,603.489,True,False,2.000,SPD,0.170,0.205,0.125,0.364,0.477,286,52,51,35,116,127,0.052,0.063,0.038,0.112,0.147,0.288,0.353,0.314,0.276,0.331,Regierung,1.000,0.000,20.000,WP20,2024,5,28,1.071,3.214,7.060,1.071,1.500,0.643,8.600,8.312,7.222,6.350,7.857,42,36,10,16,9,20,28,0.238,0.381,0.214,0.476,0.667,0.874,2.623,5.598,0.912,1.193,0.518,7.133,5.646,6.313,4.819,6.786,4,-0.000,3.464,-0.014,-0.047
156,2024-05-30,2024-07-04,18,cdu/csu,31.000,31.000,0.000,0.000,0.474,1.422,4.619,0.366,0.750,0.306,5.778,7.036,5.053,4.708,4.176,45,55,19,65,102,232,156,586.780,True,False,4.000,CDU/CSU,0.194,0.237,0.082,0.280,0.440,753,191,179,65,218,342,0.060,0.073,0.025,0.086,0.135,0.236,0.307,0.292,0.298,0.298,Opposition,0.000,1.000,20.000,WP20,2024,5,35,1.105,3.316,7.711,1.061,1.490,0.765,8.667,8.771,8.630,7.341,8.153,98,86,27,48,27,41,72,0.276,0.490,0.276,0.418,0.735,0.631,1.894,3.092,0.695,0.740,0.459,2.889,1.734,3.577,2.634,3.976,0,-0.000,3.464,-0.014,-0.047
156,2024-05-30,2024-07-04,18,fdp,4.000,5.000,-1.000,1.000,0.226,0.679,2.414,0.092,0.413,0.174,3.773,3.857,3.857,2.640,1.864,22,28,7,25,59,109,75,632.404,True,False,3.000,FDP,0.202,0.257,0.064,0.229,0.541,753,191,179,65,218,342,0.029,0.037,0.009,0.033,0.078,0.115,0.156,0.108,0.115,0.173,Regierung,1.000,0.000,20.000,WP20,2024,5,35,1.105,3.316,7.711,1.061,1.490,0.765,8.667,8.771,8.630,7.341,8.153,98,86,27,48,27,41,72,0.276,0.490,0.276,0.418,0.735,0.879,2.637,5.296,0.969,1.077,0.591,4.894,4.914,4.772,4.701,6.288,1,1.000,3.464,0.986,3.417
156,2024-05-30,2024-07-04,18,grüne,14.000,15.000,-1.000,1.000,0.273,0.819,1.602,0.196,0.435,0.188,1.426,3.069,0.692,1.636,1.365,47,29,13,44,63,138,109,596.268,True,False,1.000,Bündnis 90/Die Grünen,0.341,0.210,0.094,0.319,0.457,753,191,179,65,218,342,0.062,0.039,0.017,0.058,0.084,0.246,0.162,0.200,0.202,0.184,Regierung,1.000,0.000,20.000,WP20,2024,5,35,1.105,3.316,7.711,1.061,1.490,0.765,8.667,8.771,8.630,7.341,8.153,98,86,27,48,27,41,72,0.276,0.490,0.276,0.418,0.735,0.832,2.497,6.108,0.866,1.055,0.577,7.241,5.702,7.937,5.705,6.788,2,1.000,3.464,0.986,3.417
156,2024-05-30,2024-07-04,18,spd,15.000,15.000,0.000,0.000,0.241,0.724,1.678,0.189,0.392,0.143,1.857,2.881,0.667,1.853,1.330,63,59,24,68,103,217,171,662.101,True,False,2.000,SPD,0.290,0.272,0.111,0.313,0.475,753,191,179,65,218,342,0.084,0.078,0.032,0.090,0.137,0.330,0.330,0.369,0.312,0.301,Regierung,1.000,0.000,20.000,WP20,2024,5,35,1.105,3.316,7.711,1.061,1.490,0.765,8.667,8.771,8.630,7.341,8.153,98,86,27,48,27,41,72,0.276,0.490,0.276,0.418,0.735,0.864,2.593,6.033,0.872,1.098,0.622,6.810,5.889,7.963,5.489,6.823,4,-0.000,3.464,-0.014,-0.047
157,2024-07-04,2024-08-08,17,cdu/csu,31.000,31.000,0.000,0.000,0.329,0.986,3.690,0.239,0.592,0.155,4.235,7.750,3.111,3.818,3.185,17,8,9,22,27,71,53,572.211,True,False,4.000,CDU/CSU,0.239,0.113,0.127,0.310,0.380,220,64,18,43,76,81,0.077,0.036,0.041,0.100,0.123,0.266,0.444,0.209,0.289,0.333,Opposition,0.000,1.000,20.000,WP20,2024,7,35,1.043,3.129,7.490,1.129,1.548,0.452,9.167,9.000,8.625,6.933,7.360,31,29,12,7,8,15,25,0.387,0.226,0.258,0.484,0.806,0.714,2.143,3.799,0.890,0.957,0.297,4.931,1.250,5.514,3.115,4.175,0,-0.000,2.464,-0.014,-0.034
157,2024-07-04,2024-08-08,17,fdp,5.000,4.000,1.000,1.000,0.124,0.371,1.989,0.086,0.257,0.029,3.000,7.000,1.000,2.000,1.500,11,1,7,11,12,35,29,559.057,True,False,3.000,FDP,0.314,0.029,0.200,0.314,0.343,220,64,18,43,76,81,0.050,0.005,0.032,0.050,0.055,0.172,0.056,0.163,0.145,0.148,Regierung,1.000,0.000,20.000,WP20,2024,7,35,1.043,3.129,7.490,1.129,1.548,0.452,9.167,9.000,8.625,6.933,7.360,31,29,12,7,8,15,25,0.387,0.226,0.258,0.484,0.806,0.919,2.758,5.501,1.043,1.291,0.423,6.167,2.000,7.625,4.933,5.860,1,-1.000,2.464,-1.014,-2.497
157,2024-07-04,2024-08-08,17,grüne,13.000,14.000,-1.000,1.000,0.157,0.472,0.917,0.083,0.306,0.083,0.846,2.333,0.444,0.923,0.938,13,3,9,13,16,36,31,583.389,True,False,1.000,Bündnis 90/Die Grünen,0.361,0.083,0.250,0.361,0.444,220,64,18,43,76,81,0.059,0.014,0.041,0.059,0.073,0.203,0.167,0.209,0.171,0.198,Regierung,1.000,0.000,20.000,WP20,2024,7,35,1.043,3.129,7.490,1.129,1.548,0.452,9.167,9.000,8.625,6.933,7.360,31,29,12,7,8,15,25,0.387,0.226,0.258,0.484,0.806,0.886,2.657,6.573,1.046,1.243,0.368,8.321,6.667,8.181,6.010,6.423,2,1.000,2.464,0.986,2.430
157,2024-07-04,2024-08-08,17,linke,3.000,3.000,0.000,0.000,0.571,1.714,0.636,0.571,1.071,0.071,0.667,,0.250,0.833,0.667,3,0,4,6,3,14,11,350.929,True,False,0.000,Die Linke,0.214,0.000,0.286,0.429,0.214,220,64,18,43,76,81,0.014,0.000,0.018,0.027,0.014,0.047,0.000,0.093,0.079,0.037,Opposition,0.000,1.000,20.000,WP20,2024,7,35,1.043,3.129,7.490,1.129,1.548,0.452,9.167,9.000,8.625,6.933,7.360,31,29,12,7,8,15,25,0.387,0.226,0.258,0.484,0.806,0.472,1.415,6.853,0.558,0.477,0.380,8.500,,8.375,6.100,6.693,3,-0.000,2.464,-0.014,-0.034
157,2024-07-04,2024-08-08,17,spd,14.000,15.000,-1.000,1.000,0.172,0.516,1.590,0.141,0.281,0.094,1.900,3.500,1.429,1.125,1.522,20,6,14,24,23,64,52,626.797,True,False,2.000,SPD,0.312,0.094,0.219,0.375,0.359,220,64,18,43,76,81,0.091,0.027,0.064,0.109,0.105,0.312,0.333,0.326,0.316,0.284,Regierung,1.000,0.000,20.000,WP20,2024,7,35,1.043,3.129,7.490,1.129,1.548,0.452,9.167,9.000,8.625,6.933,7.360,31,29,12,7,8,15,25,0.387,0.226,0.258,0.484,0.806,0.871,2.613,5.900,0.988,1.267,0.358,7.267,5.500,7.196,5.808,5.838,4,1.000,2.464,0.986,2.430
159,2024-09-05,2024-10-10,17,cdu/csu,33.000,32.000,1.000,1.000,0.474,1.422,4.750,0.374,0.920,0.128,5.397,7.182,4.500,4.914,4.609,58,33,6,35,69,187,114,654.636,True,False,4.000,CDU/CSU,0.310,0.176,0.032,0.187,0.369,607,205,128,50,149,262,0.096,0.054,0.010,0.058,0.114,0.283,0.258,0.120,0.235,0.263,Opposition,0.000,1.000,20.000,WP20,2024,9,35,1.184,3.552,8.209,1.198,1.729,0.625,8.658,9.171,8.619,7.824,8.216,96,82,38,35,21,34,74,0.396,0.365,0.219,0.354,0.771,0.710,2.130,3.459,0.824,0.809,0.497,3.261,1.990,4.119,2.909,3.608,0,-1.000,2.464,-1.014,-2.497
159,2024-09-05,2024-10-10,17,fdp,4.000,5.000,-1.000,1.000,0.199,0.596,3.353,0.079,0.382,0.135,4.038,5.667,1.167,3.526,3.122,26,15,6,19,41,89,58,630.337,True,False,3.000,FDP,0.292,0.169,0.067,0.213,0.461,607,205,128,50,149,262,0.043,0.025,0.010,0.031,0.068,0.127,0.117,0.120,0.128,0.156,Regierung,1.000,0.000,20.000,WP20,2024,9,35,1.184,3.552,8.209,1.198,1.729,0.625,8.658,9.171,8.619,7.824,8.216,96,82,38,35,21,34,74,0.396,0.365,0.219,0.354,0.771,0.986,2.957,4.855,1.119,1.347,0.490,4.619,3.505,7.452,4.297,5.094,1,1.000,2.464,0.986,2.430
159,2024-09-05,2024-10-10,17,grüne,11.000,12.000,-1.000,1.000,0.249,0.746,1.358,0.202,0.456,0.088,0.956,2.321,0.600,1.788,1.185,45,28,10,33,54,114,91,599.360,True,False,1.000,Bündnis 90/Die Grünen,0.395,0.246,0.088,0.289,0.474,607,205,128,50,149,262,0.074,0.046,0.016,0.054,0.089,0.220,0.219,0.200,0.221,0.206,Regierung,1.000,0.000,20.000,WP20,2024,9,35,1.184,3.552,8.209,1.198,1.729,0.625,8.658,9.171,8.619,7.824,8.216,96,82,38,35,21,34,74,0.396,0.365,0.219,0.354,0.771,0.935,2.806,6.851,0.996,1.273,0.537,7.702,6.850,8.019,6.036,7.031,2,1.000,2.464,0.986,2.430
159,2024-09-05,2024-10-10,17,spd,15.000,15.000,0.000,0.000,0.216,0.648,1.606,0.199,0.369,0.080,1.556,2.884,0.739,1.755,1.247,63,43,23,49,85,176,136,664.352,True,False,2.000,SPD,0.358,0.244,0.131,0.278,0.483,607,205,128,50,149,262,0.104,0.071,0.038,0.081,0.140,0.307,0.336,0.460,0.329,0.324,Regierung,1.000,0.000,20.000,WP20,2024,9,35,1.184,3.552,8.209,1.198,1.729,0.625,8.658,9.171,8.619,7.824,8.216,96,82,38,35,21,34,74,0.396,0.365,0.219,0.354,0.771,0.968,2.904,6.603,0.999,1.360,0.545,7.102,6.288,7.880,6.068,6.969,4,-0.000,2.464,-0.014,-0.034
160,2024-10-10,2024-10-31,17,cdu/csu,31.000,33.000,-2.000,2.000,0.386,1.157,4.340,0.331,0.678,0.149,6.579,7.500,2.200,4.091,4.273,19,16,5,33,44,121,71,639.488,True,False,4.000,CDU/CSU,0.157,0.132,0.041,0.273,0.364,460,78,97,45,148,169,0.041,0.035,0.011,0.072,0.096,0.244,0.165,0.111,0.223,0.260,Opposition,0.000,1.000,20.000,WP20,2024,10,21,0.964,2.893,7.394,1.000,1.393,0.500,8.786,8.647,8.083,6.650,7.611,56,42,14,17,12,20,36,0.250,0.304,0.214,0.357,0.643,0.579,1.736,3.054,0.669,0.715,0.351,2.207,1.147,5.883,2.559,3.338,0,2.000,2.464,1.986,4.894
160,2024-10-10,2024-10-31,17,fdp,3.000,4.000,-1.000,1.000,0.210,0.629,3.616,0.071,0.300,0.257,5.333,6.500,1.143,3.520,3.231,9,14,7,25,26,70,46,576.629,True,False,3.000,FDP,0.129,0.200,0.100,0.357,0.371,460,78,97,45,148,169,0.020,0.030,0.015,0.054,0.057,0.115,0.144,0.156,0.169,0.154,Regierung,1.000,0.000,20.000,WP20,2024,10,21,0.964,2.893,7.394,1.000,1.393,0.500,8.786,8.647,8.083,6.650,7.611,56,42,14,17,12,20,36,0.250,0.304,0.214,0.357,0.643,0.755,2.264,3.779,0.929,1.093,0.243,3.452,2.147,6.940,3.130,4.380,1,1.000,2.464,0.986,2.430
160,2024-10-10,2024-10-31,17,grüne,13.000,11.000,2.000,2.000,0.264,0.791,1.620,0.198,0.418,0.176,0.923,2.931,0.400,2.143,1.400,26,29,15,35,40,91,74,561.780,True,False,1.000,Bündnis 90/Die Grünen,0.286,0.319,0.165,0.385,0.440,460,78,97,45,148,169,0.057,0.063,0.033,0.076,0.087,0.333,0.299,0.333,0.236,0.237,Regierung,1.000,0.000,20.000,WP20,2024,10,21,0.964,2.893,7.394,1.000,1.393,0.500,8.786,8.647,8.083,6.650,7.611,56,42,14,17,12,20,36,0.250,0.304,0.214,0.357,0.643,0.701,2.102,5.774,0.802,0.975,0.324,7.863,5.716,7.683,4.507,6.211,2,-2.000,2.464,-2.014,-4.961
160,2024-10-10,2024-10-31,17,linke,3.000,3.000,0.000,0.000,0.467,1.400,0.769,0.429,0.857,0.114,0.400,1.000,0.000,0.625,0.778,5,4,6,8,9,35,18,345.714,True,False,0.000,Die Linke,0.143,0.114,0.171,0.229,0.257,460,78,97,45,148,169,0.011,0.009,0.013,0.017,0.020,0.064,0.041,0.133,0.054,0.053,Opposition,0.000,1.000,20.000,WP20,2024,10,21,0.964,2.893,7.394,1.000,1.393,0.500,8.786,8.647,8.083,6.650,7.611,56,42,14,17,12,20,36,0.250,0.304,0.214,0.357,0.643,0.498,1.493,6.626,0.571,0.536,0.386,8.386,7.647,8.083,6.025,6.833,3,-0.000,2.464,-0.014,-0.034
160,2024-10-10,2024-10-31,17,spd,16.000,15.000,1.000,1.000,0.247,0.741,1.953,0.224,0.378,0.140,1.842,3.088,0.417,2.277,1.580,19,34,12,47,50,143,90,588.664,True,False,2.000,SPD,0.133,0.238,0.084,0.329,0.350,460,78,97,45,148,169,0.041,0.074,0.026,0.102,0.109,0.244,0.351,0.267,0.318,0.296,Regierung,1.000,0.000,20.000,WP20,2024,10,21,0.964,2.893,7.394,1.000,1.393,0.500,8.786,8.647,8.083,6.650,7.611,56,42,14,17,12,20,36,0.250,0.304,0.214,0.357,0.643,0.717,2.152,5.442,0.776,1.015,0.360,6.944,5.559,7.667,4.373,6.031,4,-1.000,2.464,-1.014,-2.497
161,2024-10-31,2024-11-07,17,cdu/csu,34.000,31.000,3.000,3.000,0.367,1.100,4.071,0.400,0.700,0.000,5.167,,,1.000,3.400,6,0,0,1,5,10,7,597.300,True,False,4.000,CDU/CSU,0.600,0.000,0.000,0.100,0.500,34,22,0,1,2,16,0.176,0.000,0.000,0.029,0.147,0.273,,0.000,0.500,0.312,Opposition,0.000,1.000,20.000,WP20,2024,10,7,1.067,3.200,8.417,1.200,1.600,0.400,8.667,7.000,8.667,9.000,8.000,5,5,3,1,3,2,4,0.600,0.200,0.600,0.400,0.800,0.700,2.100,4.345,0.800,0.900,0.400,3.500,,,8.000,4.600,0,-3.000,2.464,-3.014,-7.425
161,2024-10-31,2024-11-07,17,fdp,4.000,3.000,1.000,1.000,0.200,0.600,3.375,0.200,0.400,0.000,5.000,,,,2.250,3,0,0,0,4,5,4,574.200,True,False,3.000,FDP,0.600,0.000,0.000,0.000,0.800,34,22,0,1,2,16,0.088,0.000,0.000,0.000,0.118,0.136,,0.000,0.000,0.250,Regierung,1.000,0.000,20.000,WP20,2024,10,7,1.067,3.200,8.417,1.200,1.600,0.400,8.667,7.000,8.667,9.000,8.000,5,5,3,1,3,2,4,0.600,0.200,0.600,0.400,0.800,0.867,2.600,5.042,1.000,1.200,0.400,3.667,,,,5.750,1,-1.000,2.464,-1.014,-2.497
161,2024-10-31,2024-11-07,17,grüne,11.000,13.000,-2.000,2.000,0.238,0.714,1.900,0.143,0.571,0.000,2.200,,,,1.333,5,0,0,0,3,7,5,543.429,True,False,1.000,Bündnis 90/Die Grünen,0.714,0.000,0.000,0.000,0.429,34,22,0,1,2,16,0.147,0.000,0.000,0.000,0.088,0.227,,0.000,0.000,0.188,Regierung,1.000,0.000,20.000,WP20,2024,10,7,1.067,3.200,8.417,1.200,1.600,0.400,8.667,7.000,8.667,9.000,8.000,5,5,3,1,3,2,4,0.600,0.200,0.600,0.400,0.800,0.829,2.486,6.517,1.057,1.029,0.400,6.467,,,,6.667,2,2.000,2.464,1.986,4.894
161,2024-10-31,2024-11-07,17,spd,16.000,16.000,0.000,0.000,0.185,0.556,1.857,0.000,0.444,0.111,2.000,,1.000,0.000,2.250,6,0,1,1,4,9,7,736.889,True,False,2.000,SPD,0.667,0.000,0.111,0.111,0.444,34,22,0,1,2,16,0.176,0.000,0.029,0.029,0.118,0.273,,1.000,0.500,0.250,Regierung,1.000,0.000,20.000,WP20,2024,10,7,1.067,3.200,8.417,1.200,1.600,0.400,8.667,7.000,8.667,9.000,8.000,5,5,3,1,3,2,4,0.600,0.200,0.600,0.400,0.800,0.881,2.644,6.560,1.200,1.156,0.289,6.667,,7.667,9.000,5.750,4,-0.000,2.464,-0.014,-0.034
162,2024-11-07,2024-11-21,18,cdu/csu,34.000,34.000,0.000,0.000,0.626,1.879,4.410,0.545,1.000,0.333,5.833,6.500,4.000,4.533,3.636,6,6,4,15,22,33,26,690.152,True,False,4.000,CDU/CSU,0.182,0.182,0.121,0.455,0.667,131,26,20,21,59,78,0.046,0.046,0.031,0.115,0.168,0.231,0.300,0.190,0.254,0.282,Opposition,0.000,1.000,20.000,WP20,2024,11,14,1.431,4.294,8.430,1.588,1.765,0.941,9.600,9.000,9.333,7.900,8.733,17,16,10,11,6,10,15,0.588,0.647,0.353,0.588,0.882,0.805,2.415,4.020,1.043,0.765,0.608,3.767,2.500,5.333,3.367,5.097,0,-0.000,3.464,-0.014,-0.047
162,2024-11-07,2024-11-21,18,fdp,5.000,4.000,1.000,1.000,0.300,0.900,3.060,0.250,0.550,0.100,5.000,5.000,4.500,2.429,2.818,4,2,4,7,11,20,14,715.950,True,False,3.000,FDP,0.200,0.100,0.200,0.350,0.550,131,26,20,21,59,78,0.031,0.015,0.031,0.053,0.084,0.154,0.100,0.190,0.119,0.141,Regierung,1.000,0.000,20.000,WP20,2024,11,14,1.431,4.294,8.430,1.588,1.765,0.941,9.600,9.000,9.333,7.900,8.733,17,16,10,11,6,10,15,0.588,0.647,0.353,0.588,0.882,1.131,3.394,5.371,1.338,1.215,0.841,4.600,4.000,4.833,5.471,5.915,1,-1.000,3.464,-1.014,-3.511
162,2024-11-07,2024-11-21,18,grüne,12.000,11.000,1.000,1.000,0.192,0.577,1.147,0.154,0.269,0.154,1.000,2.333,1.000,1.182,1.000,7,3,5,11,17,26,22,612.615,True,False,1.000,Bündnis 90/Die Grünen,0.269,0.115,0.192,0.423,0.654,131,26,20,21,59,78,0.053,0.023,0.038,0.084,0.130,0.269,0.150,0.238,0.186,0.218,Regierung,1.000,0.000,20.000,WP20,2024,11,14,1.431,4.294,8.430,1.588,1.765,0.941,9.600,9.000,9.333,7.900,8.733,17,16,10,11,6,10,15,0.588,0.647,0.353,0.588,0.882,1.239,3.717,7.283,1.434,1.495,0.787,8.600,6.667,8.333,6.718,7.733,2,-1.000,3.464,-1.014,-3.511
162,2024-11-07,2024-11-21,18,spd,16.000,16.000,0.000,0.000,0.188,0.564,1.576,0.077,0.282,0.205,1.375,3.556,0.714,1.227,1.167,8,9,7,22,24,39,33,709.436,True,False,2.000,SPD,0.205,0.231,0.179,0.564,0.615,131,26,20,21,59,78,0.061,0.069,0.053,0.168,0.183,0.308,0.450,0.333,0.373,0.308,Regierung,1.000,0.000,20.000,WP20,2024,11,14,1.431,4.294,8.430,1.588,1.765,0.941,9.600,9.000,9.333,7.900,8.733,17,16,10,11,6,10,15,0.588,0.647,0.353,0.588,0.882,1.243,3.730,6.854,1.511,1.483,0.736,8.225,5.444,8.619,6.673,7.567,4,-0.000,3.464,-0.014,-0.047
163,2024-11-21,2024-12-05,19,cdu/csu,33.000,34.000,-1.000,1.000,0.500,1.500,4.250,0.417,1.083,0.000,8.000,8.000,0.000,1.750,5.800,5,1,3,4,5,12,8,618.083,True,False,4.000,CDU/CSU,0.417,0.083,0.250,0.333,0.417,42,18,2,5,9,15,0.119,0.024,0.071,0.095,0.119,0.278,0.500,0.600,0.444,0.333,Opposition,0.000,1.000,20.000,WP20,2024,11,14,1.111,3.333,8.562,1.333,1.833,0.167,9.000,8.000,,7.500,8.000,6,4,3,1,0,2,3,0.500,0.167,0.000,0.333,0.500,0.611,1.833,4.312,0.917,0.750,0.167,1.000,0.000,,5.750,2.200,0,1.000,4.464,0.986,4.403
163,2024-11-21,2024-12-05,19,fdp,4.000,5.000,-1.000,1.000,0.238,0.714,5.000,0.143,0.571,0.000,8.000,,,2.000,4.750,3,0,0,1,4,7,5,758.714,True,False,3.000,FDP,0.429,0.000,0.000,0.143,0.571,42,18,2,5,9,15,0.071,0.000,0.000,0.024,0.095,0.167,0.000,0.000,0.111,0.267,Regierung,1.000,0.000,20.000,WP20,2024,11,14,1.111,3.333,8.562,1.333,1.833,0.167,9.000,8.000,,7.500,8.000,6,4,3,1,0,2,3,0.500,0.167,0.000,0.333,0.500,0.873,2.619,3.562,1.190,1.262,0.167,1.000,,,5.500,3.250,1,1.000,4.464,0.986,4.403
163,2024-11-21,2024-12-05,19,grüne,14.000,12.000,2.000,2.000,0.333,1.000,1.400,0.375,0.625,0.000,1.500,,1.000,0.000,2.000,4,0,1,1,1,8,5,563.125,True,False,1.000,Bündnis 90/Die Grünen,0.500,0.000,0.125,0.125,0.125,42,18,2,5,9,15,0.095,0.000,0.024,0.024,0.024,0.222,0.000,0.200,0.111,0.067,Regierung,1.000,0.000,20.000,WP20,2024,11,14,1.111,3.333,8.562,1.333,1.833,0.167,9.000,8.000,,7.500,8.000,6,4,3,1,0,2,3,0.500,0.167,0.000,0.333,0.500,0.778,2.333,7.162,0.958,1.208,0.167,7.500,,,7.500,6.000,2,-2.000,4.464,-2.014,-8.989
163,2024-11-21,2024-12-05,19,spd,14.000,16.000,-2.000,2.000,0.364,1.091,1.833,0.273,0.727,0.091,1.600,8.000,0.000,2.000,2.000,5,1,1,3,5,11,8,688.182,True,False,2.000,SPD,0.455,0.091,0.091,0.273,0.455,42,18,2,5,9,15,0.119,0.024,0.024,0.071,0.119,0.278,0.500,0.200,0.333,0.333,Regierung,1.000,0.000,20.000,WP20,2024,11,14,1.111,3.333,8.562,1.333,1.833,0.167,9.000,8.000,,7.500,8.000,6,4,3,1,0,2,3,0.500,0.167,0.000,0.333,0.500,0.747,2.242,6.729,1.061,1.106,0.076,7.400,0.000,,5.500,6.000,4,2.000,4.464,1.986,8.867
164,2024-12-05,2024-12-19,18,cdu/csu,32.000,33.000,-1.000,1.000,0.376,1.127,3.975,0.278,0.734,0.114,5.385,6.100,6.091,4.000,3.929,13,10,11,32,28,79,54,667.532,True,False,4.000,CDU/CSU,0.165,0.127,0.139,0.405,0.354,259,54,32,43,109,103,0.050,0.039,0.042,0.124,0.108,0.241,0.312,0.256,0.294,0.272,Opposition,0.000,1.000,20.000,WP20,2024,12,14,1.117,3.350,7.560,1.350,1.625,0.375,8.833,8.733,8.091,6.778,8.200,40,36,12,15,11,18,25,0.300,0.375,0.275,0.450,0.625,0.741,2.223,3.585,1.072,0.891,0.261,3.449,2.633,2.000,2.778,4.271,0,1.000,3.464,0.986,3.417
164,2024-12-05,2024-12-19,18,fdp,4.000,4.000,0.000,0.000,0.233,0.700,2.935,0.100,0.475,0.125,6.444,4.250,0.250,2.286,2.300,9,4,4,14,20,40,31,605.825,True,False,3.000,FDP,0.225,0.100,0.100,0.350,0.500,259,54,32,43,109,103,0.035,0.015,0.015,0.054,0.077,0.167,0.125,0.093,0.128,0.194,Regierung,1.000,0.000,20.000,WP20,2024,12,14,1.117,3.350,7.560,1.350,1.625,0.375,8.833,8.733,8.091,6.778,8.200,40,36,12,15,11,18,25,0.300,0.375,0.275,0.450,0.625,0.883,2.650,4.625,1.250,1.150,0.250,2.389,4.483,7.841,4.492,5.900,1,-0.000,3.464,-0.014,-0.047
164,2024-12-05,2024-12-19,18,grüne,14.000,14.000,0.000,0.000,0.283,0.850,1.579,0.275,0.450,0.125,1.500,4.375,1.111,1.667,1.095,12,8,9,21,21,40,35,622.975,True,False,1.000,Bündnis 90/Die Grünen,0.300,0.200,0.225,0.525,0.525,259,54,32,43,109,103,0.046,0.031,0.035,0.081,0.081,0.222,0.250,0.209,0.193,0.204,Regierung,1.000,0.000,20.000,WP20,2024,12,14,1.117,3.350,7.560,1.350,1.625,0.375,8.833,8.733,8.091,6.778,8.200,40,36,12,15,11,18,25,0.300,0.375,0.275,0.450,0.625,0.833,2.500,5.981,1.075,1.175,0.250,7.333,4.358,6.980,5.111,7.105,2,-0.000,3.464,-0.014,-0.047
164,2024-12-05,2024-12-19,18,linke,3.000,3.000,0.000,0.000,0.533,1.600,1.623,0.720,0.800,0.080,1.800,1.500,0.800,1.333,2.500,5,2,5,12,6,25,19,417.880,True,False,0.000,Die Linke,0.200,0.080,0.200,0.480,0.240,259,54,32,43,109,103,0.019,0.008,0.019,0.046,0.023,0.093,0.062,0.116,0.110,0.058,Opposition,0.000,1.000,20.000,WP20,2024,12,14,1.117,3.350,7.560,1.350,1.625,0.375,8.833,8.733,8.091,6.778,8.200,40,36,12,15,11,18,25,0.300,0.375,0.275,0.450,0.625,0.583,1.750,5.937,0.630,0.825,0.295,7.033,7.233,7.291,5.444,5.700,3,-0.000,3.464,-0.014,-0.047
164,2024-12-05,2024-12-19,18,spd,16.000,14.000,2.000,2.000,0.267,0.800,1.950,0.280,0.480,0.040,1.667,2.000,1.357,2.533,1.714,15,8,14,30,28,75,53,641.947,True,False,2.000,SPD,0.200,0.107,0.187,0.400,0.373,259,54,32,43,109,103,0.058,0.031,0.054,0.116,0.108,0.278,0.250,0.326,0.275,0.272,Regierung,1.000,0.000,20.000,WP20,2024,12,14,1.117,3.350,7.560,1.350,1.625,0.375,8.833,8.733,8.091,6.778,8.200,40,36,12,15,11,18,25,0.300,0.375,0.275,0.450,0.625,0.850,2.550,5.610,1.070,1.145,0.335,7.167,6.733,6.734,4.244,6.486,4,-2.000,3.464,-2.014,-6.975
165,2024-12-19,2025-01-09,19,cdu/csu,33.000,32.000,1.000,1.000,0.648,1.943,5.165,0.623,1.038,0.283,5.562,8.273,7.333,4.947,5.654,16,11,3,19,26,53,39,652.925,True,False,4.000,CDU/CSU,0.302,0.208,0.057,0.358,0.491,180,58,35,10,56,81,0.089,0.061,0.017,0.106,0.144,0.276,0.314,0.300,0.339,0.321,Opposition,0.000,1.000,20.000,WP20,2024,12,21,1.060,3.179,7.197,1.214,1.571,0.393,8.000,8.571,7.500,7.000,7.353,28,19,6,7,2,9,17,0.214,0.250,0.071,0.321,0.607,0.412,1.235,2.033,0.592,0.534,0.110,2.438,0.299,0.167,2.053,1.699,0,-1.000,4.464,-1.014,-4.525
165,2024-12-19,2025-01-09,19,fdp,3.000,4.000,-1.000,1.000,0.333,1.000,3.142,0.214,0.643,0.143,6.333,5.600,4.000,1.600,2.200,6,5,2,10,15,28,20,621.821,True,False,3.000,FDP,0.214,0.179,0.071,0.357,0.536,180,58,35,10,56,81,0.033,0.028,0.011,0.056,0.083,0.103,0.143,0.200,0.179,0.185,Regierung,1.000,0.000,20.000,WP20,2024,12,21,1.060,3.179,7.197,1.214,1.571,0.393,8.000,8.571,7.500,7.000,7.353,28,19,6,7,2,9,17,0.214,0.250,0.071,0.321,0.607,0.726,2.179,4.056,1.000,0.929,0.250,1.667,2.971,3.500,5.400,5.153,1,1.000,4.464,0.986,4.403
165,2024-12-19,2025-01-09,19,grüne,14.000,14.000,0.000,0.000,0.381,1.143,1.714,0.286,0.686,0.171,1.400,2.375,1.667,2.000,1.000,15,8,3,12,15,35,28,631.714,True,False,1.000,Bündnis 90/Die Grünen,0.429,0.229,0.086,0.343,0.429,180,58,35,10,56,81,0.083,0.044,0.017,0.067,0.083,0.259,0.229,0.300,0.214,0.185,Regierung,1.000,0.000,20.000,WP20,2024,12,21,1.060,3.179,7.197,1.214,1.571,0.393,8.000,8.571,7.500,7.000,7.353,28,19,6,7,2,9,17,0.214,0.250,0.071,0.321,0.607,0.679,2.036,5.483,0.929,0.886,0.221,6.600,6.196,5.833,5.000,6.353,2,-0.000,4.464,-0.014,-0.061
165,2024-12-19,2025-01-09,19,linke,3.000,3.000,0.000,0.000,0.548,1.643,1.389,0.714,0.929,0.000,1.800,2.000,,0.500,1.400,5,1,0,2,5,14,9,374.714,True,False,0.000,Die Linke,0.357,0.071,0.000,0.143,0.357,180,58,35,10,56,81,0.028,0.006,0.000,0.011,0.028,0.086,0.029,0.000,0.036,0.062,Opposition,0.000,1.000,20.000,WP20,2024,12,21,1.060,3.179,7.197,1.214,1.571,0.393,8.000,8.571,7.500,7.000,7.353,28,19,6,7,2,9,17,0.214,0.250,0.071,0.321,0.607,0.512,1.536,5.808,0.500,0.643,0.393,6.200,6.571,,6.500,5.953,3,-0.000,4.464,-0.014,-0.061
165,2024-12-19,2025-01-09,19,spd,14.000,16.000,-2.000,2.000,0.313,0.940,1.748,0.280,0.560,0.100,1.250,2.700,4.500,2.462,0.950,16,10,2,13,20,50,35,710.900,True,False,2.000,SPD,0.320,0.200,0.040,0.260,0.400,180,58,35,10,56,81,0.089,0.056,0.011,0.072,0.111,0.276,0.286,0.200,0.232,0.247,Regierung,1.000,0.000,20.000,WP20,2024,12,21,1.060,3.179,7.197,1.214,1.571,0.393,8.000,8.571,7.500,7.000,7.353,28,19,6,7,2,9,17,0.214,0.250,0.071,0.321,0.607,0.746,2.239,5.450,0.934,1.011,0.293,6.750,5.871,3.000,4.538,6.403,4,2.000,4.464,1.986,8.867
166,2025-01-09,2025-01-30,20,cdu/csu,31.000,33.000,-2.000,2.000,1.048,3.143,7.097,1.143,1.429,0.571,7.500,8.250,8.000,6.333,6.667,2,4,1,3,6,7,6,816.000,True,False,4.000,CDU/CSU,0.286,0.571,0.143,0.429,0.857,26,4,17,4,15,20,0.077,0.154,0.038,0.115,0.231,0.500,0.235,0.250,0.200,0.300,Opposition,0.000,1.000,20.000,WP20,2025,1,21,1.667,5.000,8.722,2.000,2.000,1.000,9.000,10.000,8.000,7.500,9.000,3,3,1,2,1,2,3,0.333,0.667,0.333,0.667,1.000,0.619,1.857,1.625,0.857,0.571,0.429,1.500,1.750,0.000,1.167,2.333,0,2.000,5.464,1.986,10.853
166,2025-01-09,2025-01-30,20,fdp,4.000,3.000,1.000,1.000,0.667,2.000,6.000,0.444,0.667,0.889,,7.000,7.000,5.857,5.286,0,7,1,7,7,9,7,637.889,True,False,3.000,FDP,0.000,0.778,0.111,0.778,0.778,26,4,17,4,15,20,0.000,0.269,0.038,0.269,0.269,0.000,0.412,0.250,0.467,0.350,Regierung,1.000,0.000,20.000,WP20,2025,1,21,1.667,5.000,8.722,2.000,2.000,1.000,9.000,10.000,8.000,7.500,9.000,3,3,1,2,1,2,3,0.333,0.667,0.333,0.667,1.000,1.000,3.000,2.722,1.556,1.333,0.111,,3.000,1.000,1.643,3.714,1,-1.000,5.464,-1.014,-5.538
166,2025-01-09,2025-01-30,20,grüne,14.000,14.000,0.000,0.000,0.889,2.667,2.167,0.667,1.333,0.667,2.000,2.500,,2.000,2.000,1,2,0,1,2,3,2,524.667,True,False,1.000,Bündnis 90/Die Grünen,0.333,0.667,0.000,0.333,0.667,26,4,17,4,15,20,0.038,0.077,0.000,0.038,0.077,0.250,0.118,0.000,0.067,0.100,Regierung,1.000,0.000,20.000,WP20,2025,1,21,1.667,5.000,8.722,2.000,2.000,1.000,9.000,10.000,8.000,7.500,9.000,3,3,1,2,1,2,3,0.333,0.667,0.333,0.667,1.000,0.778,2.333,6.556,1.333,0.667,0.333,7.000,7.500,,5.500,7.000,2,-0.000,5.464,-0.014,-0.075
166,2025-01-09,2025-01-30,20,linke,4.000,3.000,1.000,1.000,1.500,4.500,1.250,1.000,2.000,1.500,,2.000,0.000,2.000,1.000,0,1,1,1,1,2,1,485.500,True,False,0.000,Die Linke,0.000,0.500,0.500,0.500,0.500,26,4,17,4,15,20,0.000,0.038,0.038,0.038,0.038,0.000,0.059,0.250,0.067,0.050,Opposition,0.000,1.000,20.000,WP20,2025,1,21,1.667,5.000,8.722,2.000,2.000,1.000,9.000,10.000,8.000,7.500,9.000,3,3,1,2,1,2,3,0.333,0.667,0.333,0.667,1.000,0.167,0.500,7.472,1.000,0.000,0.500,,8.000,8.000,5.500,8.000,3,-1.000,5.464,-1.014,-5.538
166,2025-01-09,2025-01-30,20,spd,15.000,14.000,1.000,1.000,0.400,1.200,1.896,0.200,0.800,0.200,2.000,2.667,1.000,2.333,1.250,1,3,1,3,4,5,4,826.200,True,False,2.000,SPD,0.200,0.600,0.200,0.600,0.800,26,4,17,4,15,20,0.038,0.115,0.038,0.115,0.154,0.250,0.176,0.250,0.200,0.200,Regierung,1.000,0.000,20.000,WP20,2025,1,21,1.667,5.000,8.722,2.000,2.000,1.000,9.000,10.000,8.000,7.500,9.000,3,3,1,2,1,2,3,0.333,0.667,0.333,0.667,1.000,1.267,3.800,6.826,1.800,1.200,0.800,7.000,7.333,7.000,5.167,7.750,4,-1.000,5.464,-1.014,-5.538
167,2025-01-30,2025-02-06,20,cdu/csu,30.000,31.000,-1.000,1.000,0.509,1.527,4.361,0.418,0.855,0.255,6.222,8.333,1.778,4.214,5.111,9,12,9,28,27,55,41,659.691,True,False,4.000,CDU/CSU,0.164,0.218,0.164,0.509,0.491,213,34,58,45,110,110,0.042,0.056,0.042,0.131,0.127,0.265,0.207,0.200,0.255,0.245,Opposition,0.000,1.000,20.000,WP20,2025,1,7,1.262,3.786,8.566,1.286,1.643,0.857,9.375,8.818,8.700,8.357,8.600,28,24,8,11,10,14,20,0.286,0.393,0.357,0.500,0.714,0.753,2.258,4.205,0.868,0.788,0.603,3.153,0.485,6.922,4.143,3.489,0,1.000,5.464,0.986,5.389
167,2025-01-30,2025-02-06,20,fdp,4.000,4.000,0.000,0.000,0.525,1.575,4.694,0.400,0.825,0.350,7.400,7.333,3.200,3.792,4.400,5,15,5,24,20,40,31,601.525,True,False,3.000,FDP,0.125,0.375,0.125,0.600,0.500,213,34,58,45,110,110,0.023,0.070,0.023,0.113,0.094,0.147,0.259,0.111,0.218,0.182,Regierung,1.000,0.000,20.000,WP20,2025,1,7,1.262,3.786,8.566,1.286,1.643,0.857,9.375,8.818,8.700,8.357,8.600,28,24,8,11,10,14,20,0.286,0.393,0.357,0.500,0.714,0.737,2.211,3.872,0.886,0.818,0.507,1.975,1.485,5.500,4.565,4.200,1,-0.000,5.464,-0.014,-0.075
167,2025-01-30,2025-02-06,20,grüne,15.000,14.000,1.000,1.000,0.468,1.405,1.542,0.351,0.757,0.297,1.714,3.300,0.625,1.389,1.190,7,10,8,18,21,37,28,601.811,True,False,1.000,Bündnis 90/Die Grünen,0.189,0.270,0.216,0.486,0.568,213,34,58,45,110,110,0.033,0.047,0.038,0.085,0.099,0.206,0.172,0.178,0.164,0.191,Regierung,1.000,0.000,20.000,WP20,2025,1,7,1.262,3.786,8.566,1.286,1.643,0.857,9.375,8.818,8.700,8.357,8.600,28,24,8,11,10,14,20,0.286,0.393,0.357,0.500,0.714,0.793,2.380,7.024,0.934,0.886,0.560,7.661,5.518,8.075,6.968,7.410,2,-1.000,5.464,-1.014,-5.538
167,2025-01-30,2025-02-06,20,linke,5.000,4.000,1.000,1.000,0.854,2.562,1.482,0.875,1.125,0.562,2.667,3.286,0.667,0.900,1.000,3,7,6,10,10,16,14,441.688,True,False,0.000,Die Linke,0.188,0.438,0.375,0.625,0.625,213,34,58,45,110,110,0.014,0.033,0.028,0.047,0.047,0.088,0.121,0.133,0.091,0.091,Opposition,0.000,1.000,20.000,WP20,2025,1,7,1.262,3.786,8.566,1.286,1.643,0.857,9.375,8.818,8.700,8.357,8.600,28,24,8,11,10,14,20,0.286,0.393,0.357,0.500,0.714,0.408,1.223,7.084,0.411,0.518,0.295,6.708,5.532,8.033,7.457,7.600,3,-1.000,5.464,-1.014,-5.538
167,2025-01-30,2025-02-06,20,spd,15.000,15.000,0.000,0.000,0.513,1.538,1.412,0.369,0.738,0.431,1.600,2.214,0.824,1.500,1.188,10,14,17,30,32,65,51,608.938,True,False,2.000,SPD,0.154,0.215,0.262,0.462,0.492,213,34,58,45,110,110,0.047,0.066,0.080,0.141,0.150,0.294,0.241,0.378,0.273,0.291,Regierung,1.000,0.000,20.000,WP20,2025,1,7,1.262,3.786,8.566,1.286,1.643,0.857,9.375,8.818,8.700,8.357,8.600,28,24,8,11,10,14,20,0.286,0.393,0.357,0.500,0.714,0.749,2.247,7.154,0.916,0.904,0.426,7.775,6.604,7.876,6.857,7.412,4,-0.000,5.464,-0.014,-0.075
168,2025-02-06,2025-02-13,21,cdu/csu,31.000,30.000,1.000,1.000,1.222,3.667,7.678,1.333,1.667,0.667,9.000,8.000,7.000,7.500,7.667,1,3,1,2,3,3,3,2097.000,True,False,4.000,CDU/CSU,0.333,1.000,0.333,0.667,1.000,12,7,7,4,6,10,0.083,0.250,0.083,0.167,0.250,0.143,0.429,0.250,0.333,0.300,Opposition,0.000,1.000,20.000,WP20,2025,2,7,1.833,5.500,8.300,2.000,2.000,1.500,9.000,8.500,8.000,7.500,8.500,2,2,2,2,2,2,2,1.000,1.000,1.000,1.000,1.000,0.611,1.833,0.622,0.667,0.333,0.833,0.000,0.500,1.000,0.000,0.833,0,-1.000,6.464,-1.014,-6.552
168,2025-02-06,2025-02-13,21,fdp,4.000,4.000,0.000,0.000,0.833,2.500,6.200,0.500,1.500,0.500,7.500,8.000,7.000,7.000,5.000,2,1,1,1,2,2,2,1438.500,True,False,3.000,FDP,1.000,0.500,0.500,0.500,1.000,12,7,7,4,6,10,0.167,0.083,0.083,0.083,0.167,0.286,0.143,0.250,0.167,0.200,Regierung,1.000,0.000,20.000,WP20,2025,2,7,1.833,5.500,8.300,2.000,2.000,1.500,9.000,8.500,8.000,7.500,8.500,2,2,2,2,2,2,2,1.000,1.000,1.000,1.000,1.000,1.000,3.000,2.100,1.500,0.500,1.000,1.500,0.500,1.000,0.500,3.500,1,-0.000,6.464,-0.014,-0.088
168,2025-02-06,2025-02-13,21,grüne,14.000,15.000,-1.000,1.000,0.667,2.000,1.600,1.000,1.000,0.000,2.000,2.000,2.000,1.000,1.000,1,1,1,1,1,1,1,1584.000,True,False,1.000,Bündnis 90/Die Grünen,1.000,1.000,1.000,1.000,1.000,12,7,7,4,6,10,0.083,0.083,0.083,0.083,0.083,0.143,0.143,0.250,0.167,0.100,Regierung,1.000,0.000,20.000,WP20,2025,2,7,1.833,5.500,8.300,2.000,2.000,1.500,9.000,8.500,8.000,7.500,8.500,2,2,2,2,2,2,2,1.000,1.000,1.000,1.000,1.000,1.167,3.500,6.700,1.000,1.000,1.500,7.000,6.500,6.000,6.500,7.500,2,1.000,6.464,0.986,6.376
168,2025-02-06,2025-02-13,21,linke,5.000,5.000,0.000,0.000,1.333,4.000,1.250,2.000,2.000,0.000,2.000,,1.000,1.000,1.000,1,0,1,1,1,1,1,1481.000,True,False,0.000,Die Linke,1.000,0.000,1.000,1.000,1.000,12,7,7,4,6,10,0.083,0.000,0.083,0.083,0.083,0.143,0.000,0.250,0.167,0.100,Opposition,0.000,1.000,20.000,WP20,2025,2,7,1.833,5.500,8.300,2.000,2.000,1.500,9.000,8.500,8.000,7.500,8.500,2,2,2,2,2,2,2,1.000,1.000,1.000,1.000,1.000,0.500,1.500,7.050,0.000,0.000,1.500,7.000,,7.000,6.500,7.500,3,-0.000,6.464,-0.014,-0.088
168,2025-02-06,2025-02-13,21,spd,15.000,15.000,0.000,0.000,0.400,1.200,1.444,0.600,0.600,0.000,1.000,2.000,,2.000,1.000,2,2,0,1,3,5,3,703.800,True,False,2.000,SPD,0.400,0.400,0.000,0.200,0.600,12,7,7,4,6,10,0.167,0.167,0.000,0.083,0.250,0.286,0.286,0.000,0.167,0.300,Regierung,1.000,0.000,20.000,WP20,2025,2,7,1.833,5.500,8.300,2.000,2.000,1.500,9.000,8.500,8.000,7.500,8.500,2,2,2,2,2,2,2,1.000,1.000,1.000,1.000,1.000,1.433,4.300,6.856,1.400,1.400,1.500,8.000,6.500,,5.500,7.500,4,-0.000,6.464,-0.014,-0.088
170,2025-03-06,2025-04-03,21,cdu/csu,29.000,32.000,-3.000,3.000,0.287,0.862,3.807,0.276,0.345,0.241,4.222,7.000,,4.333,3.450,9,6,0,12,20,29,22,734.828,True,False,4.000,CDU/CSU,0.310,0.207,0.000,0.414,0.690,95,40,10,2,29,55,0.095,0.063,0.000,0.126,0.211,0.225,0.600,0.000,0.414,0.364,Opposition,0.000,1.000,20.000,WP20,2025,3,28,1.061,3.182,6.250,1.273,1.636,0.273,7.400,8.750,10.000,5.800,6.400,11,7,5,4,2,5,5,0.455,0.364,0.182,0.455,0.455,0.773,2.320,2.443,0.997,1.292,0.031,3.178,1.750,,1.467,2.950,0,3.000,6.464,2.986,19.303
170,2025-03-06,2025-04-03,21,fdp,3.000,4.000,-1.000,1.000,0.424,1.273,2.767,0.364,0.909,0.000,5.000,,,2.000,2.750,2,0,0,2,4,11,5,820.455,True,False,3.000,FDP,0.182,0.000,0.000,0.182,0.364,95,40,10,2,29,55,0.021,0.000,0.000,0.021,0.042,0.050,0.000,0.000,0.069,0.073,Regierung,1.000,0.000,20.000,WP20,2025,3,28,1.061,3.182,6.250,1.273,1.636,0.273,7.400,8.750,10.000,5.800,6.400,11,7,5,4,2,5,5,0.455,0.364,0.182,0.455,0.455,0.636,1.909,3.483,0.909,0.727,0.273,2.400,,,3.800,3.650,1,1.000,6.464,0.986,6.376
170,2025-03-06,2025-04-03,21,grüne,12.000,14.000,-2.000,2.000,0.304,0.913,1.800,0.217,0.609,0.087,1.250,2.000,,2.778,1.722,16,1,0,9,18,23,20,712.435,True,False,1.000,Bündnis 90/Die Grünen,0.696,0.043,0.000,0.391,0.783,95,40,10,2,29,55,0.168,0.011,0.000,0.095,0.189,0.400,0.100,0.000,0.310,0.327,Regierung,1.000,0.000,20.000,WP20,2025,3,28,1.061,3.182,6.250,1.273,1.636,0.273,7.400,8.750,10.000,5.800,6.400,11,7,5,4,2,5,5,0.455,0.364,0.182,0.455,0.455,0.756,2.269,4.450,1.055,1.028,0.186,6.150,6.750,,3.022,4.678,2,2.000,6.464,1.986,12.840
170,2025-03-06,2025-04-03,21,linke,9.000,6.000,3.000,3.000,0.889,2.667,3.933,0.833,1.500,0.333,3.000,7.500,7.000,4.500,2.333,1,2,1,2,3,6,3,657.000,True,False,0.000,Die Linke,0.167,0.333,0.167,0.333,0.500,95,40,10,2,29,55,0.011,0.021,0.011,0.021,0.032,0.025,0.200,0.500,0.069,0.055,Opposition,0.000,1.000,20.000,WP20,2025,3,28,1.061,3.182,6.250,1.273,1.636,0.273,7.400,8.750,10.000,5.800,6.400,11,7,5,4,2,5,5,0.455,0.364,0.182,0.455,0.455,0.172,0.515,2.317,0.439,0.136,0.061,4.400,1.250,3.000,1.300,4.067,3,-3.000,6.464,-3.014,-19.480
170,2025-03-06,2025-04-03,21,spd,16.000,14.000,2.000,2.000,0.192,0.577,2.312,0.269,0.308,0.000,2.667,2.000,2.000,2.250,1.900,12,1,1,4,10,26,16,651.731,True,False,2.000,SPD,0.462,0.038,0.038,0.154,0.385,95,40,10,2,29,55,0.126,0.011,0.011,0.042,0.105,0.300,0.100,0.500,0.138,0.182,Regierung,1.000,0.000,20.000,WP20,2025,3,28,1.061,3.182,6.250,1.273,1.636,0.273,7.400,8.750,10.000,5.800,6.400,11,7,5,4,2,5,5,0.455,0.364,0.182,0.455,0.455,0.868,2.605,3.938,1.003,1.329,0.273,4.733,6.750,8.000,3.550,4.500,4,-2.000,6.464,-2.014,-13.016
171,2025-04-03,2025-05-07,24,cdu/csu,26.000,29.000,-3.000,3.000,0.000,0.000,,0.000,0.000,0.000,,,,,,0,0,0,0,0,1,0,288.000,True,False,4.000,CDU/CSU,0.000,0.000,0.000,0.000,0.000,4,1,0,0,0,1,0.000,0.000,0.000,0.000,0.000,0.000,,,,0.000,Regierung,1.000,0.000,21.000,WP21,2025,4,34,0.667,2.000,,1.000,1.000,0.000,,,,,,1,0,0,0,0,0,0,0.000,0.000,0.000,0.000,0.000,0.667,2.000,,1.000,1.000,0.000,,,,,,0,3.000,9.464,2.986,28.262
171,2025-04-03,2025-05-07,24,grüne,11.000,12.000,-1.000,1.000,0.000,0.000,0.000,0.000,0.000,0.000,0.000,,,,,1,0,0,0,0,1,1,358.000,True,False,1.000,Bündnis 90/Die Grünen,1.000,0.000,0.000,0.000,0.000,4,1,0,0,0,1,0.250,0.000,0.000,0.000,0.000,1.000,,,,0.000,Opposition,0.000,1.000,21.000,WP21,2025,4,34,0.667,2.000,,1.000,1.000,0.000,,,,,,1,0,0,0,0,0,0,0.000,0.000,0.000,0.000,0.000,0.667,2.000,,1.000,1.000,0.000,,,,,,2,1.000,9.464,0.986,9.335
171,2025-04-03,2025-05-07,24,linke,10.000,9.000,1.000,1.000,1.000,3.000,,1.000,1.000,1.000,,,,,,0,0,0,0,0,1,0,295.000,True,False,0.000,Die Linke,0.000,0.000,0.000,0.000,0.000,4,1,0,0,0,1,0.000,0.000,0.000,0.000,0.000,0.000,,,,0.000,Opposition,0.000,1.000,21.000,WP21,2025,4,34,0.667,2.000,,1.000,1.000,0.000,,,,,,1,0,0,0,0,0,0,0.000,0.000,0.000,0.000,0.000,0.333,1.000,,0.000,0.000,1.000,,,,,,3,-1.000,9.464,-1.014,-9.593
171,2025-04-03,2025-05-07,24,spd,16.000,16.000,0.000,0.000,0.333,1.000,2.000,0.000,1.000,0.000,,,,,2.000,0,0,0,0,1,1,1,321.000,True,False,2.000,SPD,0.000,0.000,0.000,0.000,1.000,4,1,0,0,0,1,0.000,0.000,0.000,0.000,0.250,0.000,,,,1.000,Regierung,1.000,0.000,21.000,WP21,2025,4,34,0.667,2.000,,1.000,1.000,0.000,,,,,,1,0,0,0,0,0,0,0.000,0.000,0.000,0.000,0.000,0.333,1.000,,1.000,0.000,0.000,,,,,,4,-0.000,9.464,-0.014,-0.129
172,2025-05-07,2025-06-04,23,cdu/csu,27.000,26.000,1.000,1.000,0.195,0.586,3.678,0.162,0.297,0.126,4.333,5.476,2.455,5.037,2.615,42,21,11,27,52,111,85,645.351,True,False,4.000,CDU/CSU,0.378,0.189,0.099,0.243,0.468,328,121,57,50,102,130,0.128,0.064,0.034,0.082,0.159,0.347,0.368,0.220,0.265,0.400,Regierung,1.000,0.000,21.000,WP21,2025,5,28,1.090,3.269,7.583,1.176,1.537,0.556,8.383,8.541,8.120,6.884,7.750,108,97,47,37,25,43,76,0.435,0.343,0.231,0.398,0.704,0.894,2.683,3.906,1.014,1.240,0.429,4.050,3.064,5.665,1.847,5.135,0,-1.000,8.464,-1.014,-8.579
172,2025-05-07,2025-06-04,23,grüne,11.000,11.000,0.000,0.000,0.386,1.157,1.307,0.343,0.700,0.114,1.000,2.250,0.467,1.478,1.062,32,12,15,23,32,70,56,562.057,True,False,1.000,Bündnis 90/Die Grünen,0.457,0.171,0.214,0.329,0.457,328,121,57,50,102,130,0.098,0.037,0.046,0.070,0.098,0.264,0.211,0.300,0.225,0.246,Opposition,0.000,1.000,21.000,WP21,2025,5,28,1.090,3.269,7.583,1.176,1.537,0.556,8.383,8.541,8.120,6.884,7.750,108,97,47,37,25,43,76,0.435,0.343,0.231,0.398,0.704,0.704,2.111,6.276,0.833,0.837,0.441,7.383,6.291,7.653,5.405,6.688,2,-0.000,8.464,-0.014,-0.115
172,2025-05-07,2025-06-04,23,linke,10.000,10.000,0.000,0.000,0.745,2.234,1.019,0.906,1.172,0.156,0.727,1.500,0.846,1.115,0.850,22,12,13,26,20,64,48,450.547,True,False,0.000,Die Linke,0.344,0.188,0.203,0.406,0.312,328,121,57,50,102,130,0.067,0.037,0.040,0.079,0.061,0.182,0.211,0.260,0.255,0.154,Opposition,0.000,1.000,21.000,WP21,2025,5,28,1.090,3.269,7.583,1.176,1.537,0.556,8.383,8.541,8.120,6.884,7.750,108,97,47,37,25,43,76,0.435,0.343,0.231,0.398,0.704,0.345,1.034,6.564,0.270,0.365,0.399,7.656,7.041,7.274,5.768,6.900,3,-0.000,8.464,-0.014,-0.115
172,2025-05-07,2025-06-04,23,spd,16.000,16.000,0.000,0.000,0.124,0.373,1.571,0.145,0.145,0.084,1.440,1.917,0.909,2.000,1.115,25,12,11,26,26,83,59,562.120,True,False,2.000,SPD,0.301,0.145,0.133,0.313,0.313,328,121,57,50,102,130,0.076,0.037,0.034,0.079,0.079,0.207,0.211,0.220,0.255,0.200,Regierung,1.000,0.000,21.000,WP21,2025,5,28,1.090,3.269,7.583,1.176,1.537,0.556,8.383,8.541,8.120,6.884,7.750,108,97,47,37,25,43,76,0.435,0.343,0.231,0.398,0.704,0.965,2.895,6.012,1.031,1.392,0.471,6.943,6.624,7.211,4.884,6.635,4,-0.000,8.464,-0.014,-0.115
173,2025-06-04,2025-07-03,23,cdu/csu,29.000,27.000,2.000,2.000,0.247,0.741,3.270,0.168,0.357,0.217,4.167,6.667,3.000,4.132,2.861,24,21,9,38,72,143,92,604.364,True,False,4.000,CDU/CSU,0.168,0.147,0.063,0.266,0.503,400,73,86,36,121,173,0.060,0.052,0.022,0.095,0.180,0.329,0.244,0.250,0.314,0.416,Regierung,1.000,0.000,21.000,WP21,2025,6,29,1.157,3.470,8.020,1.162,1.598,0.709,9.167,8.911,8.143,7.373,8.108,117,98,36,45,28,51,83,0.308,0.385,0.239,0.436,0.709,0.910,2.729,4.750,0.995,1.242,0.493,5.000,2.244,5.143,3.241,5.247,0,-2.000,8.464,-2.014,-17.043
173,2025-06-04,2025-07-03,23,grüne,12.000,11.000,1.000,1.000,0.418,1.253,0.995,0.413,0.760,0.080,0.611,1.350,0.100,0.960,0.933,18,20,10,25,30,75,51,567.787,True,False,1.000,Bündnis 90/Die Grünen,0.240,0.267,0.133,0.333,0.400,400,73,86,36,121,173,0.045,0.050,0.025,0.062,0.075,0.247,0.233,0.278,0.207,0.173,Opposition,0.000,1.000,21.000,WP21,2025,6,29,1.157,3.470,8.020,1.162,1.598,0.709,9.167,8.911,8.143,7.373,8.108,117,98,36,45,28,51,83,0.308,0.385,0.239,0.436,0.709,0.739,2.217,7.024,0.749,0.838,0.629,8.556,7.561,8.043,6.413,7.175,2,-1.000,8.464,-1.014,-8.579
173,2025-06-04,2025-07-03,23,linke,9.000,10.000,-1.000,1.000,0.683,2.050,0.992,0.767,1.100,0.183,0.333,1.818,0.333,1.455,0.889,12,11,9,22,27,60,41,504.033,True,False,0.000,Die Linke,0.200,0.183,0.150,0.367,0.450,400,73,86,36,121,173,0.030,0.028,0.022,0.055,0.068,0.164,0.128,0.250,0.182,0.156,Opposition,0.000,1.000,21.000,WP21,2025,6,29,1.157,3.470,8.020,1.162,1.598,0.709,9.167,8.911,8.143,7.373,8.108,117,98,36,45,28,51,83,0.308,0.385,0.239,0.436,0.709,0.473,1.420,7.028,0.396,0.498,0.526,8.833,7.093,7.810,5.918,7.220,3,1.000,8.464,0.986,8.348
173,2025-06-04,2025-07-03,23,spd,15.000,16.000,-1.000,1.000,0.139,0.418,1.778,0.123,0.221,0.074,1.053,3.500,2.625,1.694,1.477,19,34,8,36,44,122,88,504.484,True,False,2.000,SPD,0.156,0.279,0.066,0.295,0.361,400,73,86,36,121,173,0.048,0.085,0.020,0.090,0.110,0.260,0.395,0.222,0.298,0.254,Regierung,1.000,0.000,21.000,WP21,2025,6,29,1.157,3.470,8.020,1.162,1.598,0.709,9.167,8.911,8.143,7.373,8.108,117,98,36,45,28,51,83,0.308,0.385,0.239,0.436,0.709,1.017,3.052,6.241,1.039,1.377,0.636,8.114,5.411,5.518,5.678,6.631,4,1.000,8.464,0.986,8.348
174,2025-07-03,2025-08-07,23,cdu/csu,30.000,29.000,1.000,1.000,0.117,0.351,3.166,0.144,0.113,0.093,3.815,6.357,3.000,3.955,2.578,27,14,4,22,45,97,64,695.722,True,False,4.000,CDU/CSU,0.278,0.144,0.041,0.227,0.464,289,105,53,31,75,126,0.093,0.048,0.014,0.076,0.156,0.257,0.264,0.129,0.293,0.357,Regierung,1.000,0.000,21.000,WP21,2025,7,35,1.095,3.286,7.854,1.112,1.663,0.510,8.604,8.667,7.750,7.436,7.882,98,87,48,36,28,39,68,0.490,0.367,0.286,0.398,0.694,0.978,2.935,4.688,0.968,1.550,0.417,4.789,2.310,4.750,3.481,5.305,0,-1.000,8.464,-1.014,-8.579
174,2025-07-03,2025-08-07,23,grüne,12.000,12.000,0.000,0.000,0.484,1.453,1.194,0.484,0.875,0.094,1.281,2.333,1.000,1.318,1.000,32,12,11,22,26,64,51,584.203,True,False,1.000,Bündnis 90/Die Grünen,0.500,0.188,0.172,0.344,0.406,289,105,53,31,75,126,0.111,0.042,0.038,0.076,0.090,0.305,0.226,0.355,0.293,0.206,Opposition,0.000,1.000,21.000,WP21,2025,7,35,1.095,3.286,7.854,1.112,1.663,0.510,8.604,8.667,7.750,7.436,7.882,98,87,48,36,28,39,68,0.490,0.367,0.286,0.398,0.694,0.611,1.833,6.660,0.628,0.788,0.416,7.323,6.333,6.750,6.118,6.882,2,-0.000,8.464,-0.014,-0.115
174,2025-07-03,2025-08-07,23,linke,10.000,9.000,1.000,1.000,0.723,2.170,1.588,0.872,1.213,0.085,1.250,3.182,1.286,1.333,1.105,16,11,7,15,19,47,35,596.362,True,False,0.000,Die Linke,0.340,0.234,0.149,0.319,0.404,289,105,53,31,75,126,0.055,0.038,0.024,0.052,0.066,0.152,0.208,0.226,0.200,0.151,Opposition,0.000,1.000,21.000,WP21,2025,7,35,1.095,3.286,7.854,1.112,1.663,0.510,8.604,8.667,7.750,7.436,7.882,98,87,48,36,28,39,68,0.490,0.367,0.286,0.398,0.694,0.372,1.116,6.266,0.240,0.450,0.425,7.354,5.485,6.464,6.103,6.777,3,-1.000,8.464,-1.014,-8.579
174,2025-07-03,2025-08-07,23,spd,13.000,15.000,-2.000,2.000,0.103,0.309,1.552,0.111,0.136,0.062,1.800,2.625,0.889,1.750,1.333,30,16,9,16,36,81,62,543.988,True,False,2.000,SPD,0.370,0.198,0.111,0.198,0.444,289,105,53,31,75,126,0.104,0.055,0.031,0.055,0.125,0.286,0.302,0.290,0.213,0.286,Regierung,1.000,0.000,21.000,WP21,2025,7,35,1.095,3.286,7.854,1.112,1.663,0.510,8.604,8.667,7.750,7.436,7.882,98,87,48,36,28,39,68,0.490,0.367,0.286,0.398,0.694,0.992,2.977,6.303,1.001,1.527,0.448,6.804,6.042,6.861,5.686,6.549,4,2.000,8.464,1.986,16.812
176,2025-09-03,2025-10-02,25,cdu/csu,27.000,27.000,0.000,0.000,0.158,0.475,3.438,0.147,0.230,0.097,4.141,5.125,3.273,4.623,2.533,64,32,11,53,90,217,144,670.088,True,False,4.000,CDU/CSU,0.295,0.147,0.051,0.244,0.415,598,208,88,49,154,243,0.107,0.054,0.018,0.089,0.151,0.308,0.364,0.224,0.344,0.370,Regierung,1.000,0.000,21.000,WP21,2025,9,29,1.061,3.182,7.817,1.115,1.560,0.507,8.589,8.611,8.220,7.160,7.830,209,186,95,72,50,75,153,0.455,0.344,0.239,0.359,0.732,0.902,2.707,4.379,0.967,1.329,0.410,4.449,3.486,4.947,2.537,5.297,0,-0.000,10.464,-0.014,-0.143
176,2025-09-03,2025-10-02,25,grüne,11.000,12.000,-1.000,1.000,0.437,1.310,1.487,0.381,0.889,0.040,1.328,2.600,0.700,1.794,1.345,58,15,10,34,58,126,103,579.730,True,False,1.000,Bündnis 90/Die Grünen,0.460,0.119,0.079,0.270,0.460,598,208,88,49,154,243,0.097,0.025,0.017,0.057,0.097,0.279,0.170,0.204,0.221,0.239,Opposition,0.000,1.000,21.000,WP21,2025,9,29,1.061,3.182,7.817,1.115,1.560,0.507,8.589,8.611,8.220,7.160,7.830,209,186,95,72,50,75,153,0.455,0.344,0.239,0.359,0.732,0.624,1.872,6.330,0.734,0.671,0.467,7.262,6.011,7.520,5.366,6.485,2,1.000,10.464,0.986,10.321
176,2025-09-03,2025-10-02,25,linke,10.000,10.000,0.000,0.000,0.713,2.139,1.281,0.802,1.218,0.119,1.355,1.647,0.583,1.160,0.935,31,17,12,25,31,101,67,553.594,True,False,0.000,Die Linke,0.307,0.168,0.119,0.248,0.307,598,208,88,49,154,243,0.052,0.028,0.020,0.042,0.052,0.149,0.193,0.245,0.162,0.128,Opposition,0.000,1.000,21.000,WP21,2025,9,29,1.061,3.182,7.817,1.115,1.560,0.507,8.589,8.611,8.220,7.160,7.830,209,186,95,72,50,75,153,0.455,0.344,0.239,0.359,0.732,0.348,1.043,6.536,0.313,0.342,0.388,7.235,6.964,7.637,6.000,6.895,3,-0.000,10.464,-0.014,-0.143
176,2025-09-03,2025-10-02,25,spd,14.000,13.000,1.000,1.000,0.143,0.429,1.662,0.110,0.253,0.065,1.655,2.417,1.312,2.357,1.188,55,24,16,42,64,154,117,583.838,True,False,2.000,SPD,0.357,0.156,0.104,0.273,0.416,598,208,88,49,154,243,0.092,0.040,0.027,0.070,0.107,0.264,0.273,0.327,0.273,0.263,Regierung,1.000,0.000,21.000,WP21,2025,9,29,1.061,3.182,7.817,1.115,1.560,0.507,8.589,8.611,8.220,7.160,7.830,209,186,95,72,50,75,153,0.455,0.344,0.239,0.359,0.732,0.918,2.753,6.156,1.004,1.307,0.442,6.935,6.194,6.908,4.803,6.643,4,-1.000,10.464,-1.014,-10.607
177,2025-10-02,2025-11-06,26,cdu/csu,26.000,27.000,-1.000,1.000,0.212,0.636,3.175,0.168,0.358,0.110,4.074,5.650,1.400,3.920,2.415,27,20,15,50,65,173,109,565.457,True,False,4.000,CDU/CSU,0.156,0.116,0.087,0.289,0.376,415,82,67,55,133,169,0.065,0.048,0.036,0.120,0.157,0.329,0.299,0.273,0.376,0.385,Regierung,1.000,0.000,21.000,WP21,2025,10,35,1.059,3.177,7.787,1.085,1.511,0.582,8.674,8.510,8.393,7.271,7.860,141,120,46,49,28,59,100,0.326,0.348,0.199,0.418,0.709,0.847,2.541,4.612,0.917,1.152,0.472,4.600,2.860,6.993,3.351,5.445,0,1.000,11.464,0.986,11.307
177,2025-10-02,2025-11-06,26,grüne,12.000,11.000,1.000,1.000,0.521,1.562,1.835,0.487,0.863,0.212,1.350,2.235,1.182,2.037,1.579,20,17,11,27,38,80,58,582.200,True,False,1.000,Bündnis 90/Die Grünen,0.250,0.212,0.138,0.338,0.475,415,82,67,55,133,169,0.048,0.041,0.027,0.065,0.092,0.244,0.254,0.200,0.203,0.225,Opposition,0.000,1.000,21.000,WP21,2025,10,35,1.059,3.177,7.787,1.085,1.511,0.582,8.674,8.510,8.393,7.271,7.860,141,120,46,49,28,59,100,0.326,0.348,0.199,0.418,0.709,0.538,1.615,5.952,0.598,0.648,0.369,7.324,6.275,7.211,5.234,6.281,2,-1.000,11.464,-1.014,-11.620
177,2025-10-02,2025-11-06,26,linke,10.000,10.000,0.000,0.000,0.849,2.547,1.585,0.953,1.359,0.234,1.118,2.933,1.200,1.636,1.167,17,15,15,22,24,64,46,511.156,True,False,0.000,Die Linke,0.266,0.234,0.234,0.344,0.375,415,82,67,55,133,169,0.041,0.036,0.036,0.053,0.058,0.207,0.224,0.273,0.165,0.142,Opposition,0.000,1.000,21.000,WP21,2025,10,35,1.059,3.177,7.787,1.085,1.511,0.582,8.674,8.510,8.393,7.271,7.860,141,120,46,49,28,59,100,0.326,0.348,0.199,0.418,0.709,0.210,0.630,6.202,0.132,0.151,0.347,7.556,5.577,7.193,5.635,6.693,3,-0.000,11.464,-0.014,-0.156
177,2025-10-02,2025-11-06,26,spd,14.000,14.000,0.000,0.000,0.303,0.908,1.848,0.306,0.408,0.194,1.944,2.333,1.786,1.853,1.762,18,15,14,34,42,98,68,554.959,True,False,2.000,SPD,0.184,0.153,0.143,0.347,0.429,415,82,67,55,133,169,0.043,0.036,0.034,0.082,0.101,0.220,0.224,0.255,0.256,0.249,Regierung,1.000,0.000,21.000,WP21,2025,10,35,1.059,3.177,7.787,1.085,1.511,0.582,8.674,8.510,8.393,7.271,7.860,141,120,46,49,28,59,100,0.326,0.348,0.199,0.418,0.709,0.756,2.269,5.939,0.779,1.102,0.388,6.729,6.177,6.607,5.418,6.098,4,-0.000,11.464,-0.014,-0.156
178,2025-11-06,2025-12-04,26,cdu/csu,27.000,26.000,1.000,1.000,0.183,0.550,3.522,0.140,0.281,0.128,4.046,5.674,3.870,4.429,2.831,65,43,23,63,124,242,169,625.116,True,False,4.000,CDU/CSU,0.269,0.178,0.095,0.260,0.512,666,193,124,74,184,319,0.098,0.065,0.035,0.095,0.186,0.337,0.347,0.311,0.342,0.389,Regierung,1.000,0.000,21.000,WP21,2025,11,28,1.071,3.213,7.767,1.109,1.638,0.466,8.874,8.451,7.976,7.025,7.863,221,186,87,71,42,79,161,0.394,0.321,0.190,0.357,0.729,0.888,2.663,4.245,0.968,1.357,0.338,4.827,2.776,4.107,2.597,5.033,0,-1.000,11.464,-1.014,-11.620
178,2025-11-06,2025-12-04,26,grüne,12.000,12.000,0.000,0.000,0.456,1.368,1.527,0.397,0.809,0.162,1.373,3.000,0.750,1.500,1.234,51,26,16,38,64,136,103,549.537,True,False,1.000,Bündnis 90/Die Grünen,0.375,0.191,0.118,0.279,0.471,666,193,124,74,184,319,0.077,0.039,0.024,0.057,0.096,0.264,0.210,0.216,0.207,0.201,Opposition,0.000,1.000,21.000,WP21,2025,11,28,1.071,3.213,7.767,1.109,1.638,0.466,8.874,8.451,7.976,7.025,7.863,221,186,87,71,42,79,161,0.394,0.321,0.190,0.357,0.729,0.615,1.845,6.240,0.712,0.829,0.304,7.501,5.451,7.226,5.525,6.629,2,-0.000,11.464,-0.014,-0.156
178,2025-11-06,2025-12-04,26,linke,10.000,10.000,0.000,0.000,0.725,2.176,1.139,0.853,1.216,0.108,0.933,1.611,0.364,1.344,0.857,30,18,11,32,35,102,73,529.755,True,False,0.000,Die Linke,0.294,0.176,0.108,0.314,0.343,666,193,124,74,184,319,0.045,0.027,0.017,0.048,0.053,0.155,0.145,0.149,0.174,0.110,Opposition,0.000,1.000,21.000,WP21,2025,11,28,1.071,3.213,7.767,1.109,1.638,0.466,8.874,8.451,7.976,7.025,7.863,221,186,87,71,42,79,161,0.394,0.321,0.190,0.357,0.729,0.345,1.036,6.628,0.256,0.422,0.358,7.940,6.840,7.613,5.682,7.006,3,-0.000,11.464,-0.014,-0.156
178,2025-11-06,2025-12-04,26,spd,14.000,14.000,0.000,0.000,0.199,0.597,1.510,0.194,0.280,0.124,1.787,1.730,0.500,1.471,1.198,47,37,24,51,96,186,142,552.661,True,False,2.000,SPD,0.253,0.199,0.129,0.274,0.516,666,193,124,74,184,319,0.071,0.056,0.036,0.077,0.144,0.244,0.298,0.324,0.277,0.301,Regierung,1.000,0.000,21.000,WP21,2025,11,28,1.071,3.213,7.767,1.109,1.638,0.466,8.874,8.451,7.976,7.025,7.863,221,186,87,71,42,79,161,0.394,0.321,0.190,0.357,0.729,0.872,2.616,6.257,0.915,1.358,0.342,7.086,6.721,7.476,5.555,6.665,4,-0.000,11.464,-0.014,-0.156
179,2025-12-04,2026-01-08,25,cdu/csu,27.000,27.000,0.000,0.000,0.201,0.604,2.624,0.154,0.349,0.101,3.375,5.818,2.222,3.750,1.940,24,11,9,44,67,149,96,540.987,True,False,4.000,CDU/CSU,0.161,0.074,0.060,0.295,0.450,366,67,47,37,150,164,0.066,0.030,0.025,0.120,0.183,0.358,0.234,0.243,0.293,0.409,Regierung,1.000,0.000,21.000,WP21,2025,12,35,0.994,2.981,6.942,1.028,1.500,0.454,8.421,8.357,7.947,6.164,7.583,108,89,19,28,19,55,72,0.176,0.259,0.176,0.509,0.667,0.792,2.377,4.318,0.873,1.151,0.353,5.046,2.539,5.725,2.414,5.643,0,-0.000,10.464,-0.014,-0.143
179,2025-12-04,2026-01-08,25,grüne,12.000,12.000,0.000,0.000,0.527,1.582,1.796,0.522,0.896,0.164,0.500,2.769,0.125,2.432,1.324,16,13,8,37,37,67,53,538.164,True,False,1.000,Bündnis 90/Die Grünen,0.239,0.194,0.119,0.552,0.552,366,67,47,37,150,164,0.044,0.036,0.022,0.101,0.101,0.239,0.277,0.216,0.247,0.226,Opposition,0.000,1.000,21.000,WP21,2025,12,35,0.994,2.981,6.942,1.028,1.500,0.454,8.421,8.357,7.947,6.164,7.583,108,89,19,28,19,55,72,0.176,0.259,0.176,0.509,0.667,0.466,1.399,5.147,0.505,0.604,0.290,7.921,5.588,7.822,3.731,6.259,2,-0.000,10.464,-0.014,-0.143
179,2025-12-04,2026-01-08,25,linke,10.000,10.000,0.000,0.000,0.612,1.836,1.350,0.618,1.018,0.200,0.889,1.875,0.714,1.462,1.286,9,8,7,26,14,55,39,467.036,True,False,0.000,Die Linke,0.164,0.145,0.127,0.473,0.255,366,67,47,37,150,164,0.025,0.022,0.019,0.071,0.038,0.134,0.170,0.189,0.173,0.085,Opposition,0.000,1.000,21.000,WP21,2025,12,35,0.994,2.981,6.942,1.028,1.500,0.454,8.421,8.357,7.947,6.164,7.583,108,89,19,28,19,55,72,0.176,0.259,0.176,0.509,0.667,0.382,1.145,5.592,0.410,0.482,0.254,7.532,6.482,7.233,4.702,6.298,3,-0.000,10.464,-0.014,-0.143
179,2025-12-04,2026-01-08,25,spd,14.000,14.000,0.000,0.000,0.274,0.821,1.855,0.305,0.400,0.116,1.556,3.000,1.000,2.140,1.326,18,15,13,43,46,95,70,512.832,True,False,2.000,SPD,0.189,0.158,0.137,0.453,0.484,366,67,47,37,150,164,0.049,0.041,0.036,0.117,0.126,0.269,0.319,0.351,0.287,0.280,Regierung,1.000,0.000,21.000,WP21,2025,12,35,0.994,2.981,6.942,1.028,1.500,0.454,8.421,8.357,7.947,6.164,7.583,108,89,19,28,19,55,72,0.176,0.259,0.176,0.509,0.667,0.720,2.160,5.087,0.723,1.100,0.338,6.865,5.357,6.947,4.024,6.257,4,-0.000,10.464,-0.014,-0.143
180,2026-01-08,2026-02-05,25,cdu/csu,28.000,27.000,1.000,1.000,0.289,0.868,4.675,0.302,0.434,0.132,5.533,6.000,,5.450,2.684,15,2,0,20,19,53,38,587.000,True,False,4.000,CDU/CSU,0.283,0.038,0.000,0.377,0.358,141,45,7,7,51,44,0.106,0.014,0.000,0.142,0.135,0.333,0.286,0.000,0.392,0.432,Regierung,1.000,0.000,21.000,WP21,2026,1,28,1.008,3.024,6.581,1.146,1.585,0.293,8.062,8.125,6.400,4.214,7.179,41,37,16,8,5,14,28,0.390,0.195,0.122,0.341,0.683,0.719,2.156,1.906,0.844,1.151,0.161,2.529,2.125,,1.236,4.494,0,-1.000,10.464,-1.014,-10.607
180,2026-01-08,2026-02-05,25,grüne,12.000,12.000,0.000,0.000,0.476,1.429,1.500,0.571,0.857,0.000,1.250,2.000,0.000,2.200,1.600,12,1,1,10,10,28,21,541.321,True,False,1.000,Bündnis 90/Die Grünen,0.429,0.036,0.036,0.357,0.357,141,45,7,7,51,44,0.085,0.007,0.007,0.071,0.071,0.267,0.143,0.143,0.196,0.227,Opposition,0.000,1.000,21.000,WP21,2026,1,28,1.008,3.024,6.581,1.146,1.585,0.293,8.062,8.125,6.400,4.214,7.179,41,37,16,8,5,14,28,0.390,0.195,0.122,0.341,0.683,0.532,1.596,5.081,0.575,0.728,0.293,6.812,6.125,6.400,2.014,5.579,2,-0.000,10.464,-0.014,-0.143
180,2026-01-08,2026-02-05,25,linke,10.000,10.000,0.000,0.000,0.739,2.217,1.254,0.826,1.217,0.174,0.333,2.000,0.500,2.625,1.333,9,2,2,8,6,23,19,451.348,True,False,0.000,Die Linke,0.391,0.087,0.087,0.348,0.261,141,45,7,7,51,44,0.064,0.014,0.014,0.057,0.043,0.200,0.286,0.286,0.157,0.136,Opposition,0.000,1.000,21.000,WP21,2026,1,28,1.008,3.024,6.581,1.146,1.585,0.293,8.062,8.125,6.400,4.214,7.179,41,37,16,8,5,14,28,0.390,0.195,0.122,0.341,0.683,0.269,0.807,5.327,0.320,0.368,0.119,7.729,6.125,5.900,1.589,5.845,3,-0.000,10.464,-0.014,-0.143
180,2026-01-08,2026-02-05,25,spd,13.000,14.000,-1.000,1.000,0.207,0.622,1.565,0.243,0.351,0.027,2.222,2.500,0.750,1.462,1.333,9,2,4,13,9,37,23,522.486,True,False,2.000,SPD,0.243,0.054,0.108,0.351,0.243,141,45,7,7,51,44,0.064,0.014,0.028,0.092,0.064,0.200,0.286,0.571,0.255,0.205,Regierung,1.000,0.000,21.000,WP21,2026,1,28,1.008,3.024,6.581,1.146,1.585,0.293,8.062,8.125,6.400,4.214,7.179,41,37,16,8,5,14,28,0.390,0.195,0.122,0.341,0.683,0.801,2.403,5.016,0.903,1.234,0.266,5.840,5.625,5.650,2.753,5.845,4,1.000,10.464,0.986,10.321
