poll_interval_id,poll_date,next_poll_date,afd_support_t,party_clean,party_support_t,party_support_t_minus_1,party_support_change,party_support_change_abs,mean_populism_score,mean_populism_sum,mean_gal_tan_score,mean_P1_people,mean_P2_anti_elite,mean_P3_outgroup,mean_G1_environment,mean_G2_migration,mean_G3_society,mean_G4_civil_rights,mean_G5_cosmopolitanism,n_speeches_environment,n_speeches_migration,n_speeches_society,n_speeches_civil_rights,n_speeches_cosmopolitanism,n_speeches,n_speeches_with_gal_tan,mean_word_count,is_mainstream_party,is_afd,afd_proximity_ordinal,afd_proximity_label,share_environment_of_party_speeches,share_migration_of_party_speeches,share_society_of_party_speeches,share_civil_rights_of_party_speeches,share_cosmopolitanism_of_party_speeches,n_mainstream_speeches,n_mainstream_speeches_environment,n_mainstream_speeches_migration,n_mainstream_speeches_society,n_mainstream_speeches_civil_rights,n_mainstream_speeches_cosmopolitanism,share_environment_of_mainstream_speeches,share_migration_of_mainstream_speeches,share_society_of_mainstream_speeches,share_civil_rights_of_mainstream_speeches,share_cosmopolitanism_of_mainstream_speeches,share_party_of_mainstream_environment_speeches,share_party_of_mainstream_migration_speeches,share_party_of_mainstream_society_speeches,share_party_of_mainstream_civil_rights_speeches,share_party_of_mainstream_cosmopolitanism_speeches,government_label_interval,is_government,is_opposition,wahlperiode,wahlperiode_cat,poll_year,poll_month,interval_length_days
0,2017-10-12,2017-10-20,11,afd,11.0,,,,,,,,,,,,,,,0,0,0,0,0,0,0,,False,True,,,,,,,,0,0,0,0,0,0,,,,,,,,,,,,,,,,2017,10,8
0,2017-10-12,2017-10-20,11,cdu/csu,32.0,,,,,,,,,,,,,,,0,0,0,0,0,0,0,,True,False,4.0,CDU/CSU,,,,,,0,0,0,0,0,0,,,,,,,,,,,,,,,,2017,10,8
0,2017-10-12,2017-10-20,11,fdp,11.0,,,,,,,,,,,,,,,0,0,0,0,0,0,0,,True,False,3.0,FDP,,,,,,0,0,0,0,0,0,,,,,,,,,,,,,,,,2017,10,8
0,2017-10-12,2017-10-20,11,grüne,10.0,,,,,,,,,,,,,,,0,0,0,0,0,0,0,,True,False,1.0,Bündnis 90/Die Grünen,,,,,,0,0,0,0,0,0,,,,,,,,,,,,,,,,2017,10,8
0,2017-10-12,2017-10-20,11,linke,10.0,,,,,,,,,,,,,,,0,0,0,0,0,0,0,,True,False,0.0,Die Linke,,,,,,0,0,0,0,0,0,,,,,,,,,,,,,,,,2017,10,8
0,2017-10-12,2017-10-20,11,spd,20.0,,,,,,,,,,,,,,,0,0,0,0,0,0,0,,True,False,2.0,SPD,,,,,,0,0,0,0,0,0,,,,,,,,,,,,,,,,2017,10,8
1,2017-10-20,2017-11-09,12,afd,12.0,11.0,1.0,1.0,1.6666666666666667,5.0,7.666666666666667,2.0,2.0,1.0,,8.0,,7.0,8.0,0,1,0,1,1,1,1,536.0,False,True,,,0.0,1.0,0.0,1.0,1.0,6,0,0,0,1,1,0.0,0.16666666666666666,0.0,0.16666666666666666,0.16666666666666666,,,,1.0,1.0,Opposition,0.0,1.0,19,WP19,2017,10,20
1,2017-10-20,2017-11-09,12,cdu/csu,31.0,32.0,-1.0,1.0,0.0,0.0,,0.0,0.0,0.0,,,,,,0,0,0,0,0,1,0,656.0,True,False,4.0,CDU/CSU,0.0,0.0,0.0,0.0,0.0,6,0,0,0,1,1,0.0,0.0,0.0,0.0,0.0,,,,0.0,0.0,Regierung,1.0,0.0,19,WP19,2017,10,20
1,2017-10-20,2017-11-09,12,fdp,12.0,11.0,1.0,1.0,0.3333333333333333,1.0,,0.0,1.0,0.0,,,,,,0,0,0,0,0,1,0,479.0,True,False,3.0,FDP,0.0,0.0,0.0,0.0,0.0,6,0,0,0,1,1,0.0,0.0,0.0,0.0,0.0,,,,0.0,0.0,Opposition,0.0,1.0,19,WP19,2017,10,20
1,2017-10-20,2017-11-09,12,grüne,11.0,10.0,1.0,1.0,0.0,0.0,,0.0,0.0,0.0,,,,,,0,0,0,0,0,2,0,894.0,True,False,1.0,Bündnis 90/Die Grünen,0.0,0.0,0.0,0.0,0.0,6,0,0,0,1,1,0.0,0.0,0.0,0.0,0.0,,,,0.0,0.0,Opposition,0.0,1.0,19,WP19,2017,10,20
1,2017-10-20,2017-11-09,12,linke,9.0,10.0,-1.0,1.0,0.3333333333333333,1.0,1.0,1.0,0.0,0.0,,,,2.0,0.0,0,0,0,1,1,1,1,646.0,True,False,0.0,Die Linke,0.0,0.0,0.0,1.0,1.0,6,0,0,0,1,1,0.0,0.0,0.0,0.16666666666666666,0.16666666666666666,,,,1.0,1.0,Opposition,0.0,1.0,19,WP19,2017,10,20
1,2017-10-20,2017-11-09,12,spd,21.0,20.0,1.0,1.0,0.6666666666666666,2.0,,1.0,1.0,0.0,,,,,,0,0,0,0,0,1,0,559.0,True,False,2.0,SPD,0.0,0.0,0.0,0.0,0.0,6,0,0,0,1,1,0.0,0.0,0.0,0.0,0.0,,,,0.0,0.0,Regierung,1.0,0.0,19,WP19,2017,10,20
2,2017-11-09,2017-11-17,13,afd,13.0,12.0,1.0,1.0,,,,,,,,,,,,0,0,0,0,0,0,0,,False,True,,,,,,,,0,0,0,0,0,0,,,,,,,,,,,,,,,,2017,11,8
2,2017-11-09,2017-11-17,13,cdu/csu,30.0,31.0,-1.0,1.0,,,,,,,,,,,,0,0,0,0,0,0,0,,True,False,4.0,CDU/CSU,,,,,,0,0,0,0,0,0,,,,,,,,,,,,,,,,2017,11,8
2,2017-11-09,2017-11-17,13,fdp,12.0,12.0,0.0,0.0,,,,,,,,,,,,0,0,0,0,0,0,0,,True,False,3.0,FDP,,,,,,0,0,0,0,0,0,,,,,,,,,,,,,,,,2017,11,8
2,2017-11-09,2017-11-17,13,grüne,11.0,11.0,0.0,0.0,,,,,,,,,,,,0,0,0,0,0,0,0,,True,False,1.0,Bündnis 90/Die Grünen,,,,,,0,0,0,0,0,0,,,,,,,,,,,,,,,,2017,11,8
2,2017-11-09,2017-11-17,13,linke,9.0,9.0,0.0,0.0,,,,,,,,,,,,0,0,0,0,0,0,0,,True,False,0.0,Die Linke,,,,,,0,0,0,0,0,0,,,,,,,,,,,,,,,,2017,11,8
2,2017-11-09,2017-11-17,13,spd,21.0,21.0,0.0,0.0,,,,,,,,,,,,0,0,0,0,0,0,0,,True,False,2.0,SPD,,,,,,0,0,0,0,0,0,,,,,,,,,,,,,,,,2017,11,8
3,2017-11-17,2017-11-20,12,afd,12.0,13.0,-1.0,1.0,,,,,,,,,,,,0,0,0,0,0,0,0,,False,True,,,,,,,,0,0,0,0,0,0,,,,,,,,,,,,,,,,2017,11,3
3,2017-11-17,2017-11-20,12,cdu/csu,31.0,30.0,1.0,1.0,,,,,,,,,,,,0,0,0,0,0,0,0,,True,False,4.0,CDU/CSU,,,,,,0,0,0,0,0,0,,,,,,,,,,,,,,,,2017,11,3
3,2017-11-17,2017-11-20,12,fdp,11.0,12.0,-1.0,1.0,,,,,,,,,,,,0,0,0,0,0,0,0,,True,False,3.0,FDP,,,,,,0,0,0,0,0,0,,,,,,,,,,,,,,,,2017,11,3
3,2017-11-17,2017-11-20,12,grüne,11.0,11.0,0.0,0.0,,,,,,,,,,,,0,0,0,0,0,0,0,,True,False,1.0,Bündnis 90/Die Grünen,,,,,,0,0,0,0,0,0,,,,,,,,,,,,,,,,2017,11,3
3,2017-11-17,2017-11-20,12,linke,10.0,9.0,1.0,1.0,,,,,,,,,,,,0,0,0,0,0,0,0,,True,False,0.0,Die Linke,,,,,,0,0,0,0,0,0,,,,,,,,,,,,,,,,2017,11,3
3,2017-11-17,2017-11-20,12,spd,21.0,21.0,0.0,0.0,,,,,,,,,,,,0,0,0,0,0,0,0,,True,False,2.0,SPD,,,,,,0,0,0,0,0,0,,,,,,,,,,,,,,,,2017,11,3
4,2017-11-20,2017-12-07,11,afd,11.0,12.0,-1.0,1.0,0.6833333333333333,2.05,6.526315789473684,0.7,1.05,0.3,9.25,7.142857142857143,8.0,4.5,6.7368421052631575,4,7,1,4,19,20,19,600.0,False,True,,,0.2,0.35,0.05,0.2,0.95,116,17,35,0,10,83,0.034482758620689655,0.0603448275862069,0.008620689655172414,0.034482758620689655,0.16379310344827586,0.23529411764705882,0.2,,0.4,0.2289156626506024,Opposition,0.0,1.0,19,WP19,2017,11,17
4,2017-11-20,2017-12-07,11,cdu/csu,32.0,31.0,1.0,1.0,0.07017543859649122,0.21052631578947367,2.074712643678161,0.02631578947368421,0.15789473684210525,0.02631578947368421,2.7142857142857144,3.25,,1.0,1.7037037037037037,7,12,0,2,27,38,29,694.7631578947369,True,False,4.0,CDU/CSU,0.18421052631578946,0.3157894736842105,0.0,0.05263157894736842,0.7105263157894737,116,17,35,0,10,83,0.0603448275862069,0.10344827586206896,0.0,0.017241379310344827,0.23275862068965517,0.4117647058823529,0.34285714285714286,,0.2,0.3253012048192771,Regierung,1.0,0.0,19,WP19,2017,11,17
4,2017-11-20,2017-12-07,11,fdp,10.0,11.0,-1.0,1.0,0.1111111111111111,0.3333333333333333,2.0357142857142856,0.05555555555555555,0.2777777777777778,0.0,7.0,1.7142857142857142,,2.0,1.8461538461538463,1,7,0,1,13,18,14,579.8888888888889,True,False,3.0,FDP,0.05555555555555555,0.3888888888888889,0.0,0.05555555555555555,0.7222222222222222,116,17,35,0,10,83,0.008620689655172414,0.0603448275862069,0.0,0.008620689655172414,0.11206896551724138,0.058823529411764705,0.2,,0.1,0.1566265060240964,Opposition,0.0,1.0,19,WP19,2017,11,17
4,2017-11-20,2017-12-07,11,grüne,11.0,11.0,0.0,0.0,0.18518518518518517,0.5555555555555556,1.1666666666666667,0.16666666666666666,0.3888888888888889,0.0,1.25,1.6666666666666667,,2.0,0.8571428571428571,4,3,0,2,14,18,15,614.1111111111111,True,False,1.0,Bündnis 90/Die Grünen,0.2222222222222222,0.16666666666666666,0.0,0.1111111111111111,0.7777777777777778,116,17,35,0,10,83,0.034482758620689655,0.02586206896551724,0.0,0.017241379310344827,0.1206896551724138,0.23529411764705882,0.08571428571428572,,0.2,0.1686746987951807,Opposition,0.0,1.0,19,WP19,2017,11,17
4,2017-11-20,2017-12-07,11,linke,10.0,10.0,0.0,0.0,0.5185185185185185,1.5555555555555556,1.9038461538461537,0.3888888888888889,0.9444444444444444,0.2222222222222222,0.0,3.2857142857142856,,1.5,1.4615384615384615,2,7,0,4,13,18,13,581.2777777777778,True,False,0.0,Die Linke,0.1111111111111111,0.3888888888888889,0.0,0.2222222222222222,0.7222222222222222,116,17,35,0,10,83,0.017241379310344827,0.0603448275862069,0.0,0.034482758620689655,0.11206896551724138,0.11764705882352941,0.2,,0.4,0.1566265060240964,Opposition,0.0,1.0,19,WP19,2017,11,17
4,2017-11-20,2017-12-07,11,spd,22.0,21.0,1.0,1.0,0.2222222222222222,0.6666666666666666,1.6111111111111112,0.25,0.4166666666666667,0.0,1.6666666666666667,2.6666666666666665,,1.0,1.5625,3,6,0,1,16,24,18,720.25,True,False,2.0,SPD,0.125,0.25,0.0,0.041666666666666664,0.6666666666666666,116,17,35,0,10,83,0.02586206896551724,0.05172413793103448,0.0,0.008620689655172414,0.13793103448275862,0.17647058823529413,0.17142857142857143,,0.1,0.1927710843373494,Regierung,1.0,0.0,19,WP19,2017,11,17
5,2017-12-07,2017-12-15,13,afd,13.0,11.0,2.0,2.0,0.893939393939394,2.6818181818181817,6.508771929824562,1.0,1.3636363636363635,0.3181818181818182,8.0,6.285714285714286,,7.0,6.764705882352941,2,7,0,8,17,22,19,544.7727272727273,False,True,,,0.09090909090909091,0.3181818181818182,0.0,0.36363636363636365,0.7727272727272727,149,17,28,6,42,89,0.013422818791946308,0.04697986577181208,0.0,0.053691275167785234,0.11409395973154363,0.11764705882352941,0.25,0.0,0.19047619047619047,0.19101123595505617,Opposition,0.0,1.0,19,WP19,2017,12,8
5,2017-12-07,2017-12-15,13,cdu/csu,32.0,32.0,0.0,0.0,0.08163265306122448,0.24489795918367346,3.2094017094017095,0.02040816326530612,0.1836734693877551,0.04081632653061224,5.0,4.777777777777778,,3.8125,2.107142857142857,3,9,0,16,28,49,39,694.1836734693877,True,False,4.0,CDU/CSU,0.061224489795918366,0.1836734693877551,0.0,0.32653061224489793,0.5714285714285714,149,17,28,6,42,89,0.020134228187919462,0.06040268456375839,0.0,0.10738255033557047,0.18791946308724833,0.17647058823529413,0.32142857142857145,0.0,0.38095238095238093,0.3146067415730337,Regierung,1.0,0.0,19,WP19,2017,12,8
5,2017-12-07,2017-12-15,13,fdp,9.0,10.0,-1.0,1.0,0.11666666666666665,0.35,2.6927083333333335,0.0,0.3,0.05,5.0,4.0,7.0,2.8333333333333335,2.142857142857143,2,5,1,6,14,20,16,567.8,True,False,3.0,FDP,0.1,0.25,0.05,0.3,0.7,149,17,28,6,42,89,0.013422818791946308,0.03355704697986577,0.006711409395973154,0.040268456375838924,0.09395973154362416,0.11764705882352941,0.17857142857142858,0.16666666666666666,0.14285714285714285,0.15730337078651685,Opposition,0.0,1.0,19,WP19,2017,12,8
5,2017-12-07,2017-12-15,13,grüne,11.0,11.0,0.0,0.0,0.21739130434782608,0.6521739130434783,1.3676470588235294,0.043478260869565216,0.5652173913043478,0.043478260869565216,1.75,1.5,0.0,1.5714285714285714,1.0769230769230769,4,4,2,7,13,23,17,523.9565217391304,True,False,1.0,Bündnis 90/Die Grünen,0.17391304347826086,0.17391304347826086,0.08695652173913043,0.30434782608695654,0.5652173913043478,149,17,28,6,42,89,0.026845637583892617,0.026845637583892617,0.013422818791946308,0.04697986577181208,0.087248322147651,0.23529411764705882,0.14285714285714285,0.3333333333333333,0.16666666666666666,0.14606741573033707,Opposition,0.0,1.0,19,WP19,2017,12,8
5,2017-12-07,2017-12-15,13,linke,10.0,10.0,0.0,0.0,0.5072463768115941,1.5217391304347827,1.9270833333333333,0.43478260869565216,0.9130434782608695,0.17391304347826086,0.3333333333333333,3.0,0.5,1.2,1.8461538461538463,3,5,2,5,13,23,16,495.2608695652174,True,False,0.0,Die Linke,0.13043478260869565,0.21739130434782608,0.08695652173913043,0.21739130434782608,0.5652173913043478,149,17,28,6,42,89,0.020134228187919462,0.03355704697986577,0.013422818791946308,0.03355704697986577,0.087248322147651,0.17647058823529413,0.17857142857142858,0.3333333333333333,0.11904761904761904,0.14606741573033707,Opposition,0.0,1.0,19,WP19,2017,12,8
5,2017-12-07,2017-12-15,13,spd,21.0,22.0,-1.0,1.0,0.22549019607843135,0.6764705882352942,1.0480769230769231,0.14705882352941177,0.4411764705882353,0.08823529411764706,0.6,1.8,0.0,1.625,1.0,5,5,1,8,21,34,26,626.0588235294117,True,False,2.0,SPD,0.14705882352941177,0.14705882352941177,0.029411764705882353,0.23529411764705882,0.6176470588235294,149,17,28,6,42,89,0.03355704697986577,0.03355704697986577,0.006711409395973154,0.053691275167785234,0.14093959731543623,0.29411764705882354,0.17857142857142858,0.16666666666666666,0.19047619047619047,0.23595505617977527,Regierung,1.0,0.0,19,WP19,2017,12,8
6,2017-12-15,2018-01-04,13,afd,13.0,13.0,0.0,0.0,,,,,,,,,,,,0,0,0,0,0,0,0,,False,True,,,,,,,,0,0,0,0,0,0,,,,,,,,,,,,,,,,2017,12,20
6,2017-12-15,2018-01-04,13,cdu/csu,32.0,32.0,0.0,0.0,,,,,,,,,,,,0,0,0,0,0,0,0,,True,False,4.0,CDU/CSU,,,,,,0,0,0,0,0,0,,,,,,,,,,,,,,,,2017,12,20
6,2017-12-15,2018-01-04,13,fdp,9.0,9.0,0.0,0.0,,,,,,,,,,,,0,0,0,0,0,0,0,,True,False,3.0,FDP,,,,,,0,0,0,0,0,0,,,,,,,,,,,,,,,,2017,12,20
6,2017-12-15,2018-01-04,13,grüne,12.0,11.0,1.0,1.0,,,,,,,,,,,,0,0,0,0,0,0,0,,True,False,1.0,Bündnis 90/Die Grünen,,,,,,0,0,0,0,0,0,,,,,,,,,,,,,,,,2017,12,20
6,2017-12-15,2018-01-04,13,linke,9.0,10.0,-1.0,1.0,,,,,,,,,,,,0,0,0,0,0,0,0,,True,False,0.0,Die Linke,,,,,,0,0,0,0,0,0,,,,,,,,,,,,,,,,2017,12,20
6,2017-12-15,2018-01-04,13,spd,20.0,21.0,-1.0,1.0,,,,,,,,,,,,0,0,0,0,0,0,0,,True,False,2.0,SPD,,,,,,0,0,0,0,0,0,,,,,,,,,,,,,,,,2017,12,20
7,2018-01-04,2018-01-26,13,afd,13.0,13.0,0.0,0.0,1.1587301587301586,3.4761904761904763,8.033333333333333,1.0952380952380953,1.4761904761904763,0.9047619047619048,7.4,8.571428571428571,8.25,7.7,8.31578947368421,5,14,8,10,19,21,20,720.8571428571429,False,True,,,0.23809523809523808,0.6666666666666666,0.38095238095238093,0.47619047619047616,0.9047619047619048,127,25,48,15,38,72,0.03937007874015748,0.11023622047244094,0.06299212598425197,0.07874015748031496,0.14960629921259844,0.2,0.2916666666666667,0.5333333333333333,0.2631578947368421,0.2638888888888889,Opposition,0.0,1.0,19,WP19,2018,1,22
7,2018-01-04,2018-01-26,13,cdu/csu,33.0,32.0,1.0,1.0,0.18181818181818182,0.5454545454545454,3.328125,0.11363636363636363,0.20454545454545456,0.22727272727272727,2.3333333333333335,5.666666666666667,3.75,3.7142857142857144,2.814814814814815,6,18,4,14,27,44,32,749.2272727272727,True,False,4.0,CDU/CSU,0.13636363636363635,0.4090909090909091,0.09090909090909091,0.3181818181818182,0.6136363636363636,127,25,48,15,38,72,0.047244094488188976,0.14173228346456693,0.031496062992125984,0.11023622047244094,0.2125984251968504,0.24,0.375,0.26666666666666666,0.3684210526315789,0.375,Regierung,1.0,0.0,19,WP19,2018,1,22
7,2018-01-04,2018-01-26,13,fdp,9.0,9.0,0.0,0.0,0.1568627450980392,0.47058823529411764,2.7777777777777777,0.17647058823529413,0.23529411764705882,0.058823529411764705,4.166666666666667,3.125,0.5,1.75,1.9,6,8,2,4,10,17,15,641.5882352941177,True,False,3.0,FDP,0.35294117647058826,0.47058823529411764,0.11764705882352941,0.23529411764705882,0.5882352941176471,127,25,48,15,38,72,0.047244094488188976,0.06299212598425197,0.015748031496062992,0.031496062992125984,0.07874015748031496,0.24,0.16666666666666666,0.13333333333333333,0.10526315789473684,0.1388888888888889,Opposition,0.0,1.0,19,WP19,2018,1,22
7,2018-01-04,2018-01-26,13,grüne,11.0,12.0,-1.0,1.0,0.4313725490196078,1.2941176470588236,0.7307692307692307,0.35294117647058826,0.6470588235294118,0.29411764705882354,1.1666666666666667,0.8,0.3333333333333333,0.75,0.25,6,5,3,8,8,17,13,658.6470588235294,True,False,1.0,Bündnis 90/Die Grünen,0.35294117647058826,0.29411764705882354,0.17647058823529413,0.47058823529411764,0.47058823529411764,127,25,48,15,38,72,0.047244094488188976,0.03937007874015748,0.023622047244094488,0.06299212598425197,0.06299212598425197,0.24,0.10416666666666667,0.2,0.21052631578947367,0.1111111111111111,Opposition,0.0,1.0,19,WP19,2018,1,22
7,2018-01-04,2018-01-26,13,linke,9.0,9.0,0.0,0.0,0.5789473684210527,1.736842105263158,1.761904761904762,0.5263157894736842,1.0526315789473684,0.15789473684210525,1.6,1.4285714285714286,1.0,0.75,1.3333333333333333,5,7,1,4,9,19,14,583.578947368421,True,False,0.0,Die Linke,0.2631578947368421,0.3684210526315789,0.05263157894736842,0.21052631578947367,0.47368421052631576,127,25,48,15,38,72,0.03937007874015748,0.05511811023622047,0.007874015748031496,0.031496062992125984,0.07086614173228346,0.2,0.14583333333333334,0.06666666666666667,0.10526315789473684,0.125,Opposition,0.0,1.0,19,WP19,2018,1,22
7,2018-01-04,2018-01-26,13,spd,21.0,20.0,1.0,1.0,0.17777777777777776,0.5333333333333333,1.2575757575757576,0.16666666666666666,0.26666666666666666,0.1,1.5,1.9,0.4,1.75,1.0555555555555556,2,10,5,8,18,30,22,721.1666666666666,True,False,2.0,SPD,0.06666666666666667,0.3333333333333333,0.16666666666666666,0.26666666666666666,0.6,127,25,48,15,38,72,0.015748031496062992,0.07874015748031496,0.03937007874015748,0.06299212598425197,0.14173228346456693,0.08,0.20833333333333334,0.3333333333333333,0.21052631578947367,0.25,Regierung,1.0,0.0,19,WP19,2018,1,22
8,2018-01-26,2018-02-01,12,afd,12.0,13.0,-1.0,1.0,1.5,4.5,9.5,1.5,2.0,1.0,,,,,9.5,0,0,0,0,2,2,2,564.5,False,True,,,0.0,0.0,0.0,0.0,1.0,11,0,0,0,1,11,0.0,0.0,0.0,0.0,0.18181818181818182,,,,0.0,0.18181818181818182,Opposition,0.0,1.0,19,WP19,2018,1,6
8,2018-01-26,2018-02-01,12,cdu/csu,33.0,33.0,0.0,0.0,0.08333333333333333,0.25,2.5,0.0,0.0,0.25,,,,2.0,2.25,0,0,0,1,4,4,4,687.5,True,False,4.0,CDU/CSU,0.0,0.0,0.0,0.25,1.0,11,0,0,0,1,11,0.0,0.0,0.0,0.09090909090909091,0.36363636363636365,,,,1.0,0.36363636363636365,Regierung,1.0,0.0,19,WP19,2018,1,6
8,2018-01-26,2018-02-01,12,fdp,10.0,9.0,1.0,1.0,0.16666666666666666,0.5,4.0,0.0,0.5,0.0,,,,,4.0,0,0,0,0,2,2,2,763.0,True,False,3.0,FDP,0.0,0.0,0.0,0.0,1.0,11,0,0,0,1,11,0.0,0.0,0.0,0.0,0.18181818181818182,,,,0.0,0.18181818181818182,Opposition,0.0,1.0,19,WP19,2018,1,6
8,2018-01-26,2018-02-01,12,grüne,11.0,11.0,0.0,0.0,0.3333333333333333,1.0,2.0,0.0,1.0,0.0,,,,,2.0,0,0,0,0,1,1,1,752.0,True,False,1.0,Bündnis 90/Die Grünen,0.0,0.0,0.0,0.0,1.0,11,0,0,0,1,11,0.0,0.0,0.0,0.0,0.09090909090909091,,,,0.0,0.09090909090909091,Opposition,0.0,1.0,19,WP19,2018,1,6
8,2018-01-26,2018-02-01,12,linke,10.0,9.0,1.0,1.0,1.0,3.0,3.0,1.0,2.0,0.0,,,,,3.0,0,0,0,0,1,1,1,628.0,True,False,0.0,Die Linke,0.0,0.0,0.0,0.0,1.0,11,0,0,0,1,11,0.0,0.0,0.0,0.0,0.09090909090909091,,,,0.0,0.09090909090909091,Opposition,0.0,1.0,19,WP19,2018,1,6
8,2018-01-26,2018-02-01,12,spd,19.0,21.0,-2.0,2.0,0.1111111111111111,0.3333333333333333,1.6666666666666667,0.0,0.3333333333333333,0.0,,,,,1.6666666666666667,0,0,0,0,3,3,3,615.6666666666666,True,False,2.0,SPD,0.0,0.0,0.0,0.0,1.0,11,0,0,0,1,11,0.0,0.0,0.0,0.0,0.2727272727272727,,,,0.0,0.2727272727272727,Regierung,1.0,0.0,19,WP19,2018,1,6
9,2018-02-01,2018-02-15,14,afd,14.0,12.0,2.0,2.0,1.1296296296296295,3.388888888888889,7.234375,1.0,1.5555555555555556,0.8333333333333334,6.75,8.375,8.0,6.777777777777778,7.769230769230769,4,8,5,9,13,18,16,677.3333333333334,False,True,,,0.2222222222222222,0.4444444444444444,0.2777777777777778,0.5,0.7222222222222222,137,19,44,19,36,73,0.029197080291970802,0.058394160583941604,0.0364963503649635,0.06569343065693431,0.0948905109489051,0.21052631578947367,0.18181818181818182,0.2631578947368421,0.25,0.1780821917808219,Opposition,0.0,1.0,19,WP19,2018,2,14
9,2018-02-01,2018-02-15,14,cdu/csu,33.0,33.0,0.0,0.0,0.29365079365079366,0.8809523809523809,4.046296296296296,0.21428571428571427,0.3333333333333333,0.3333333333333333,3.8333333333333335,6.9,5.428571428571429,4.384615384615385,3.5384615384615383,6,10,7,13,26,42,36,834.2380952380952,True,False,4.0,CDU/CSU,0.14285714285714285,0.23809523809523808,0.16666666666666666,0.30952380952380953,0.6190476190476191,137,19,44,19,36,73,0.043795620437956206,0.072992700729927,0.051094890510948905,0.0948905109489051,0.1897810218978102,0.3157894736842105,0.22727272727272727,0.3684210526315789,0.3611111111111111,0.3561643835616438,Regierung,1.0,0.0,19,WP19,2018,2,14
9,2018-02-01,2018-02-15,14,fdp,10.0,10.0,0.0,0.0,0.1568627450980392,0.47058823529411764,3.0,0.058823529411764705,0.29411764705882354,0.11764705882352941,6.0,3.5,2.0,2.75,1.625,2,4,1,4,8,17,14,587.0,True,False,3.0,FDP,0.11764705882352941,0.23529411764705882,0.058823529411764705,0.23529411764705882,0.47058823529411764,137,19,44,19,36,73,0.014598540145985401,0.029197080291970802,0.0072992700729927005,0.029197080291970802,0.058394160583941604,0.10526315789473684,0.09090909090909091,0.05263157894736842,0.1111111111111111,0.1095890410958904,Opposition,0.0,1.0,19,WP19,2018,2,14
9,2018-02-01,2018-02-15,14,grüne,11.0,11.0,0.0,0.0,0.392156862745098,1.1764705882352942,0.8833333333333333,0.4117647058823529,0.7058823529411765,0.058823529411764705,1.5,0.75,0.6666666666666666,0.4,0.4444444444444444,4,4,3,5,9,17,15,683.7647058823529,True,False,1.0,Bündnis 90/Die Grünen,0.23529411764705882,0.23529411764705882,0.17647058823529413,0.29411764705882354,0.5294117647058824,137,19,44,19,36,73,0.029197080291970802,0.029197080291970802,0.021897810218978103,0.0364963503649635,0.06569343065693431,0.21052631578947367,0.09090909090909091,0.15789473684210525,0.1388888888888889,0.1232876712328767,Opposition,0.0,1.0,19,WP19,2018,2,14
9,2018-02-01,2018-02-15,14,linke,11.0,10.0,1.0,1.0,0.5490196078431372,1.6470588235294117,0.9294871794871795,0.6470588235294118,0.8235294117647058,0.17647058823529413,0.5,0.8333333333333334,0.2,0.8333333333333334,0.7777777777777778,2,6,5,6,9,17,13,618.7647058823529,True,False,0.0,Die Linke,0.11764705882352941,0.35294117647058826,0.29411764705882354,0.35294117647058826,0.5294117647058824,137,19,44,19,36,73,0.014598540145985401,0.043795620437956206,0.0364963503649635,0.043795620437956206,0.06569343065693431,0.10526315789473684,0.13636363636363635,0.2631578947368421,0.16666666666666666,0.1232876712328767,Opposition,0.0,1.0,19,WP19,2018,2,14
9,2018-02-01,2018-02-15,14,spd,18.0,19.0,-1.0,1.0,0.10606060606060605,0.3181818181818182,1.5081300813008132,0.11363636363636363,0.1590909090909091,0.045454545454545456,2.2,1.6,1.3333333333333333,1.5,1.2380952380952381,5,20,3,8,21,44,41,612.1818181818181,True,False,2.0,SPD,0.11363636363636363,0.45454545454545453,0.06818181818181818,0.18181818181818182,0.4772727272727273,137,19,44,19,36,73,0.0364963503649635,0.145985401459854,0.021897810218978103,0.058394160583941604,0.15328467153284672,0.2631578947368421,0.45454545454545453,0.15789473684210525,0.2222222222222222,0.2876712328767123,Regierung,1.0,0.0,19,WP19,2018,2,14
10,2018-02-15,2018-02-23,15,afd,15.0,14.0,1.0,1.0,1.0833333333333333,3.25,8.089285714285714,1.1875,1.4375,0.625,8.25,8.166666666666666,8.166666666666666,7.625,8.5,4,6,6,8,10,16,14,711.375,False,True,,,0.25,0.375,0.375,0.5,0.625,111,32,30,33,47,55,0.036036036036036036,0.05405405405405406,0.05405405405405406,0.07207207207207207,0.09009009009009009,0.125,0.2,0.18181818181818182,0.1702127659574468,0.18181818181818182,Opposition,0.0,1.0,19,WP19,2018,2,8
10,2018-02-15,2018-02-23,15,cdu/csu,33.0,33.0,0.0,0.0,0.24166666666666664,0.725,3.5438095238095237,0.1,0.375,0.25,2.9,5.5,6.083333333333333,4.388888888888889,3.0555555555555554,10,10,12,18,18,40,35,765.175,True,False,4.0,CDU/CSU,0.25,0.25,0.3,0.45,0.45,111,32,30,33,47,55,0.09009009009009009,0.09009009009009009,0.10810810810810811,0.16216216216216217,0.16216216216216217,0.3125,0.3333333333333333,0.36363636363636365,0.3829787234042553,0.32727272727272727,Regierung,1.0,0.0,19,WP19,2018,2,8
10,2018-02-15,2018-02-23,15,fdp,9.0,10.0,-1.0,1.0,0.3333333333333333,1.0,2.2708333333333335,0.2,0.5333333333333333,0.26666666666666666,3.75,2.75,3.3333333333333335,1.5,1.5714285714285714,4,4,3,6,7,15,12,683.8666666666667,True,False,3.0,FDP,0.26666666666666666,0.26666666666666666,0.2,0.4,0.4666666666666667,111,32,30,33,47,55,0.036036036036036036,0.036036036036036036,0.02702702702702703,0.05405405405405406,0.06306306306306306,0.125,0.13333333333333333,0.09090909090909091,0.1276595744680851,0.12727272727272726,Opposition,0.0,1.0,19,WP19,2018,2,8
10,2018-02-15,2018-02-23,15,grüne,13.0,11.0,2.0,2.0,0.47619047619047616,1.4285714285714286,1.0769230769230769,0.42857142857142855,0.7142857142857143,0.2857142857142857,1.1666666666666667,2.0,1.0,0.8571428571428571,0.875,6,4,5,7,8,14,13,698.3571428571429,True,False,1.0,Bündnis 90/Die Grünen,0.42857142857142855,0.2857142857142857,0.35714285714285715,0.5,0.5714285714285714,111,32,30,33,47,55,0.05405405405405406,0.036036036036036036,0.04504504504504504,0.06306306306306306,0.07207207207207207,0.1875,0.13333333333333333,0.15151515151515152,0.14893617021276595,0.14545454545454545,Opposition,0.0,1.0,19,WP19,2018,2,8
10,2018-02-15,2018-02-23,15,linke,11.0,11.0,0.0,0.0,0.738095238095238,2.2142857142857144,0.782051282051282,0.6428571428571429,1.2142857142857142,0.35714285714285715,0.2,2.6666666666666665,0.25,0.6666666666666666,1.0,5,3,4,6,6,14,13,658.2857142857143,True,False,0.0,Die Linke,0.35714285714285715,0.21428571428571427,0.2857142857142857,0.42857142857142855,0.42857142857142855,111,32,30,33,47,55,0.04504504504504504,0.02702702702702703,0.036036036036036036,0.05405405405405406,0.05405405405405406,0.15625,0.1,0.12121212121212122,0.1276595744680851,0.10909090909090909,Opposition,0.0,1.0,19,WP19,2018,2,8
10,2018-02-15,2018-02-23,15,spd,16.0,18.0,-2.0,2.0,0.25,0.75,1.4340277777777777,0.14285714285714285,0.42857142857142855,0.17857142857142858,1.2857142857142858,3.0,1.3333333333333333,0.6,1.375,7,9,9,10,16,28,24,686.3214285714286,True,False,2.0,SPD,0.25,0.32142857142857145,0.32142857142857145,0.35714285714285715,0.5714285714285714,111,32,30,33,47,55,0.06306306306306306,0.08108108108108109,0.08108108108108109,0.09009009009009009,0.14414414414414414,0.21875,0.3,0.2727272727272727,0.2127659574468085,0.2909090909090909,Regierung,1.0,0.0,19,WP19,2018,2,8
11,2018-02-23,2018-03-01,14,afd,14.0,15.0,-1.0,1.0,0.9,2.7,6.979166666666666,1.0,1.2,0.5,9.0,8.6,8.0,6.333333333333333,7.125,2,5,2,3,8,10,8,621.0,False,True,,,0.2,0.5,0.2,0.3,0.8,61,1,9,10,11,40,0.03278688524590164,0.08196721311475409,0.03278688524590164,0.04918032786885246,0.13114754098360656,2.0,0.5555555555555556,0.2,0.2727272727272727,0.2,Opposition,0.0,1.0,19,WP19,2018,2,6
11,2018-02-23,2018-03-01,14,cdu/csu,34.0,33.0,1.0,1.0,0.13636363636363635,0.4090909090909091,2.8431372549019605,0.045454545454545456,0.22727272727272727,0.13636363636363635,,5.0,3.6666666666666665,1.5,2.6153846153846154,0,3,3,4,13,22,17,730.9090909090909,True,False,4.0,CDU/CSU,0.0,0.13636363636363635,0.13636363636363635,0.18181818181818182,0.5909090909090909,61,1,9,10,11,40,0.0,0.04918032786885246,0.04918032786885246,0.06557377049180328,0.21311475409836064,0.0,0.3333333333333333,0.3,0.36363636363636365,0.325,Regierung,1.0,0.0,19,WP19,2018,2,6
11,2018-02-23,2018-03-01,14,fdp,9.0,9.0,0.0,0.0,0.16666666666666666,0.5,1.5,0.0,0.25,0.25,,,2.0,2.0,1.2,0,0,1,1,5,8,6,581.375,True,False,3.0,FDP,0.0,0.0,0.125,0.125,0.625,61,1,9,10,11,40,0.0,0.0,0.01639344262295082,0.01639344262295082,0.08196721311475409,0.0,0.0,0.1,0.09090909090909091,0.125,Opposition,0.0,1.0,19,WP19,2018,2,6
11,2018-02-23,2018-03-01,14,grüne,12.0,13.0,-1.0,1.0,0.4074074074074074,1.2222222222222223,1.625,0.1111111111111111,0.7777777777777778,0.3333333333333333,,1.5,0.0,1.0,2.0,0,2,1,2,6,9,6,615.3333333333334,True,False,1.0,Bündnis 90/Die Grünen,0.0,0.2222222222222222,0.1111111111111111,0.2222222222222222,0.6666666666666666,61,1,9,10,11,40,0.0,0.03278688524590164,0.01639344262295082,0.03278688524590164,0.09836065573770492,0.0,0.2222222222222222,0.1,0.18181818181818182,0.15,Opposition,0.0,1.0,19,WP19,2018,2,6
11,2018-02-23,2018-03-01,14,linke,10.0,11.0,-1.0,1.0,0.4444444444444444,1.3333333333333333,1.6666666666666667,0.3333333333333333,0.8888888888888888,0.1111111111111111,2.0,,0.5,1.0,1.6666666666666667,1,0,2,2,6,9,9,578.0,True,False,0.0,Die Linke,0.1111111111111111,0.0,0.2222222222222222,0.2222222222222222,0.6666666666666666,61,1,9,10,11,40,0.01639344262295082,0.0,0.03278688524590164,0.03278688524590164,0.09836065573770492,1.0,0.0,0.2,0.18181818181818182,0.15,Opposition,0.0,1.0,19,WP19,2018,2,6
11,2018-02-23,2018-03-01,14,spd,17.0,16.0,1.0,1.0,0.1794871794871795,0.5384615384615384,1.1818181818181819,0.15384615384615385,0.23076923076923078,0.15384615384615385,,1.75,0.3333333333333333,0.0,1.2,0,4,3,2,10,13,11,720.0,True,False,2.0,SPD,0.0,0.3076923076923077,0.23076923076923078,0.15384615384615385,0.7692307692307693,61,1,9,10,11,40,0.0,0.06557377049180328,0.04918032786885246,0.03278688524590164,0.16393442622950818,0.0,0.4444444444444444,0.3,0.18181818181818182,0.25,Regierung,1.0,0.0,19,WP19,2018,2,6
12,2018-03-01,2018-03-23,15,afd,15.0,14.0,1.0,1.0,0.8743961352657005,2.6231884057971016,7.031286549707603,0.8115942028985508,1.2608695652173914,0.5507246376811594,7.9,8.433333333333334,8.0,7.208333333333333,7.113207547169812,10,30,17,24,53,69,57,623.1014492753624,False,True,,,0.14492753623188406,0.43478260869565216,0.2463768115942029,0.34782608695652173,0.7681159420289855,420,53,87,51,116,202,0.023809523809523808,0.07142857142857142,0.04047619047619048,0.05714285714285714,0.1261904761904762,0.18867924528301888,0.3448275862068966,0.3333333333333333,0.20689655172413793,0.2623762376237624,Opposition,0.0,1.0,19,WP19,2018,3,22
12,2018-03-01,2018-03-23,15,cdu/csu,34.0,34.0,0.0,0.0,0.11750599520383692,0.35251798561151076,2.757978723404255,0.10071942446043165,0.16546762589928057,0.08633093525179857,3.9,5.25,2.6666666666666665,3.5277777777777777,2.3055555555555554,10,32,15,36,72,139,94,750.2805755395683,True,False,4.0,CDU/CSU,0.07194244604316546,0.2302158273381295,0.1079136690647482,0.2589928057553957,0.5179856115107914,420,53,87,51,116,202,0.023809523809523808,0.0761904761904762,0.03571428571428571,0.08571428571428572,0.17142857142857143,0.18867924528301888,0.367816091954023,0.29411764705882354,0.3103448275862069,0.3564356435643564,Regierung,1.0,0.0,19,WP19,2018,3,22
12,2018-03-01,2018-03-23,15,fdp,9.0,9.0,0.0,0.0,0.18181818181818182,0.5454545454545454,2.317073170731707,0.13636363636363635,0.3787878787878788,0.030303030303030304,4.777777777777778,4.428571428571429,1.625,2.272727272727273,1.7857142857142858,9,7,8,11,28,66,41,582.469696969697,True,False,3.0,FDP,0.13636363636363635,0.10606060606060606,0.12121212121212122,0.16666666666666666,0.42424242424242425,420,53,87,51,116,202,0.02142857142857143,0.016666666666666666,0.01904761904761905,0.02619047619047619,0.06666666666666667,0.16981132075471697,0.08045977011494253,0.1568627450980392,0.09482758620689655,0.13861386138613863,Opposition,0.0,1.0,19,WP19,2018,3,22
12,2018-03-01,2018-03-23,15,grüne,11.0,12.0,-1.0,1.0,0.3615819209039548,1.0847457627118644,1.229710144927536,0.3389830508474576,0.6440677966101694,0.1016949152542373,1.0,2.4375,0.2222222222222222,1.2,0.967741935483871,12,16,9,25,31,59,46,642.9661016949152,True,False,1.0,Bündnis 90/Die Grünen,0.2033898305084746,0.2711864406779661,0.15254237288135594,0.423728813559322,0.5254237288135594,420,53,87,51,116,202,0.02857142857142857,0.0380952380952381,0.02142857142857143,0.05952380952380952,0.07380952380952381,0.22641509433962265,0.1839080459770115,0.17647058823529413,0.21551724137931033,0.15346534653465346,Opposition,0.0,1.0,19,WP19,2018,3,22
12,2018-03-01,2018-03-23,15,linke,9.0,10.0,-1.0,1.0,0.5777777777777777,1.7333333333333334,1.3383333333333334,0.5333333333333333,1.0333333333333334,0.16666666666666666,0.875,1.7058823529411764,0.5,1.0,1.3448275862068966,8,17,8,19,29,60,40,598.9166666666666,True,False,0.0,Die Linke,0.13333333333333333,0.2833333333333333,0.13333333333333333,0.31666666666666665,0.48333333333333334,420,53,87,51,116,202,0.01904761904761905,0.04047619047619048,0.01904761904761905,0.04523809523809524,0.06904761904761905,0.1509433962264151,0.19540229885057472,0.1568627450980392,0.16379310344827586,0.14356435643564355,Opposition,0.0,1.0,19,WP19,2018,3,22
12,2018-03-01,2018-03-23,15,spd,18.0,17.0,1.0,1.0,0.11458333333333333,0.34375,1.5819672131147542,0.09375,0.20833333333333334,0.041666666666666664,2.0714285714285716,2.6666666666666665,1.2727272727272727,1.28,1.5476190476190477,14,15,11,25,42,96,61,678.2708333333334,True,False,2.0,SPD,0.14583333333333334,0.15625,0.11458333333333333,0.2604166666666667,0.4375,420,53,87,51,116,202,0.03333333333333333,0.03571428571428571,0.02619047619047619,0.05952380952380952,0.1,0.2641509433962264,0.1724137931034483,0.21568627450980393,0.21551724137931033,0.2079207920792079,Regierung,1.0,0.0,19,WP19,2018,3,22
13,2018-03-23,2018-04-05,13,afd,13.0,15.0,-2.0,2.0,1.1282051282051282,3.3846153846153846,8.425,1.1538461538461537,1.5384615384615385,0.6923076923076923,9.0,8.857142857142858,8.5,8.0,8.333333333333334,4,7,4,5,9,13,10,554.3846153846154,False,True,,,0.3076923076923077,0.5384615384615384,0.3076923076923077,0.38461538461538464,0.6923076923076923,49,15,11,7,19,12,0.08163265306122448,0.14285714285714285,0.08163265306122448,0.10204081632653061,0.1836734693877551,0.26666666666666666,0.6363636363636364,0.5714285714285714,0.2631578947368421,0.75,Opposition,0.0,1.0,19,WP19,2018,3,13
13,2018-03-23,2018-04-05,13,cdu/csu,33.0,34.0,-1.0,1.0,0.15555555555555553,0.4666666666666667,3.696969696969697,0.2,0.26666666666666666,0.0,2.2,6.0,2.0,5.285714285714286,2.6,5,3,1,7,5,15,11,824.2666666666667,True,False,4.0,CDU/CSU,0.3333333333333333,0.2,0.06666666666666667,0.4666666666666667,0.3333333333333333,49,15,11,7,19,12,0.10204081632653061,0.061224489795918366,0.02040816326530612,0.14285714285714285,0.10204081632653061,0.3333333333333333,0.2727272727272727,0.14285714285714285,0.3684210526315789,0.4166666666666667,Regierung,1.0,0.0,19,WP19,2018,3,13
13,2018-03-23,2018-04-05,13,fdp,9.0,9.0,0.0,0.0,0.3,0.9,2.7037037037037037,0.4,0.4,0.1,4.0,2.5,2.0,1.25,2.0,4,2,1,4,1,10,9,590.5,True,False,3.0,FDP,0.4,0.2,0.1,0.4,0.1,49,15,11,7,19,12,0.08163265306122448,0.04081632653061224,0.02040816326530612,0.08163265306122448,0.02040816326530612,0.26666666666666666,0.18181818181818182,0.14285714285714285,0.21052631578947367,0.08333333333333333,Opposition,0.0,1.0,19,WP19,2018,3,13
13,2018-03-23,2018-04-05,13,grüne,12.0,11.0,1.0,1.0,0.4444444444444444,1.3333333333333333,1.7916666666666667,0.5,0.5,0.3333333333333333,1.0,3.0,1.3333333333333333,1.0,3.5,2,2,3,3,2,6,6,784.8333333333334,True,False,1.0,Bündnis 90/Die Grünen,0.3333333333333333,0.3333333333333333,0.5,0.5,0.3333333333333333,49,15,11,7,19,12,0.04081632653061224,0.04081632653061224,0.061224489795918366,0.061224489795918366,0.04081632653061224,0.13333333333333333,0.18181818181818182,0.42857142857142855,0.15789473684210525,0.16666666666666666,Opposition,0.0,1.0,19,WP19,2018,3,13
13,2018-03-23,2018-04-05,13,linke,10.0,9.0,1.0,1.0,0.6666666666666666,2.0,2.875,0.6,1.2,0.2,1.0,9.0,7.0,5.0,4.5,2,1,1,2,2,5,4,1024.8,True,False,0.0,Die Linke,0.4,0.2,0.2,0.4,0.4,49,15,11,7,19,12,0.04081632653061224,0.02040816326530612,0.02040816326530612,0.04081632653061224,0.04081632653061224,0.13333333333333333,0.09090909090909091,0.14285714285714285,0.10526315789473684,0.16666666666666666,Opposition,0.0,1.0,19,WP19,2018,3,13
13,2018-03-23,2018-04-05,13,spd,19.0,18.0,1.0,1.0,0.05128205128205128,0.15384615384615385,2.611111111111111,0.0,0.07692307692307693,0.07692307692307693,2.0,3.3333333333333335,2.0,2.3333333333333335,2.0,2,3,1,3,2,13,6,687.8461538461538,True,False,2.0,SPD,0.15384615384615385,0.23076923076923078,0.07692307692307693,0.23076923076923078,0.15384615384615385,49,15,11,7,19,12,0.04081632653061224,0.061224489795918366,0.02040816326530612,0.061224489795918366,0.04081632653061224,0.13333333333333333,0.2727272727272727,0.14285714285714285,0.15789473684210525,0.16666666666666666,Regierung,1.0,0.0,19,WP19,2018,3,13
14,2018-04-05,2018-04-20,14,afd,14.0,13.0,1.0,1.0,0.9242424242424242,2.772727272727273,6.735087719298246,0.8636363636363636,1.2272727272727273,0.6818181818181818,9.0,8.8,7.6,5.6,7.294117647058823,3,10,5,10,17,22,19,604.9090909090909,False,True,,,0.13636363636363635,0.45454545454545453,0.22727272727272727,0.45454545454545453,0.7727272727272727,135,23,30,11,48,70,0.022222222222222223,0.07407407407407407,0.037037037037037035,0.07407407407407407,0.1259259259259259,0.13043478260869565,0.3333333333333333,0.45454545454545453,0.20833333333333334,0.24285714285714285,Opposition,0.0,1.0,19,WP19,2018,4,15
14,2018-04-05,2018-04-20,14,cdu/csu,33.0,33.0,0.0,0.0,0.16666666666666666,0.5,2.657142857142857,0.125,0.3125,0.0625,4.166666666666667,3.9,2.5,2.8333333333333335,1.7857142857142858,6,10,2,12,28,48,35,730.25,True,False,4.0,CDU/CSU,0.125,0.20833333333333334,0.041666666666666664,0.25,0.5833333333333334,135,23,30,11,48,70,0.044444444444444446,0.07407407407407407,0.014814814814814815,0.08888888888888889,0.2074074074074074,0.2608695652173913,0.3333333333333333,0.18181818181818182,0.25,0.4,Regierung,1.0,0.0,19,WP19,2018,4,15
14,2018-04-05,2018-04-20,14,fdp,9.0,9.0,0.0,0.0,0.20634920634920634,0.6190476190476191,2.716666666666667,0.09523809523809523,0.38095238095238093,0.14285714285714285,7.0,4.0,0.0,1.7142857142857142,1.9,3,4,1,7,10,21,15,551.3333333333334,True,False,3.0,FDP,0.14285714285714285,0.19047619047619047,0.047619047619047616,0.3333333333333333,0.47619047619047616,135,23,30,11,48,70,0.022222222222222223,0.02962962962962963,0.007407407407407408,0.05185185185185185,0.07407407407407407,0.13043478260869565,0.13333333333333333,0.09090909090909091,0.14583333333333334,0.14285714285714285,Opposition,0.0,1.0,19,WP19,2018,4,15
14,2018-04-05,2018-04-20,14,grüne,12.0,12.0,0.0,0.0,0.2631578947368421,0.7894736842105263,1.0911111111111111,0.05263157894736842,0.5263157894736842,0.21052631578947367,0.4,1.8,0.0,1.25,0.7272727272727273,5,5,3,8,11,19,15,679.3684210526316,True,False,1.0,Bündnis 90/Die Grünen,0.2631578947368421,0.2631578947368421,0.15789473684210525,0.42105263157894735,0.5789473684210527,135,23,30,11,48,70,0.037037037037037035,0.037037037037037035,0.022222222222222223,0.05925925925925926,0.08148148148148149,0.21739130434782608,0.16666666666666666,0.2727272727272727,0.16666666666666666,0.15714285714285714,Opposition,0.0,1.0,19,WP19,2018,4,15
14,2018-04-05,2018-04-20,14,linke,10.0,10.0,0.0,0.0,0.631578947368421,1.894736842105263,1.6611111111111112,0.5789473684210527,1.105263157894737,0.21052631578947367,1.0,2.8,0.6666666666666666,1.1111111111111112,1.6363636363636365,3,5,3,9,11,19,15,620.8947368421053,True,False,0.0,Die Linke,0.15789473684210525,0.2631578947368421,0.15789473684210525,0.47368421052631576,0.5789473684210527,135,23,30,11,48,70,0.022222222222222223,0.037037037037037035,0.022222222222222223,0.06666666666666667,0.08148148148148149,0.13043478260869565,0.16666666666666666,0.2727272727272727,0.1875,0.15714285714285714,Opposition,0.0,1.0,19,WP19,2018,4,15
14,2018-04-05,2018-04-20,14,spd,18.0,19.0,-1.0,1.0,0.14285714285714285,0.42857142857142855,1.7196969696969697,0.10714285714285714,0.2857142857142857,0.03571428571428571,3.3333333333333335,1.3333333333333333,0.0,1.1666666666666667,0.7,6,6,2,12,10,28,22,649.3928571428571,True,False,2.0,SPD,0.21428571428571427,0.21428571428571427,0.07142857142857142,0.42857142857142855,0.35714285714285715,135,23,30,11,48,70,0.044444444444444446,0.044444444444444446,0.014814814814814815,0.08888888888888889,0.07407407407407407,0.2608695652173913,0.2,0.18181818181818182,0.25,0.14285714285714285,Regierung,1.0,0.0,19,WP19,2018,4,15
15,2018-04-20,2018-05-09,15,afd,15.0,14.0,1.0,1.0,0.8666666666666666,2.6,6.994623655913979,0.8,1.225,0.575,6.75,7.222222222222222,6.2,6.6875,7.56,4,18,10,16,25,40,31,602.675,False,True,,,0.1,0.45,0.25,0.4,0.625,229,28,43,27,68,111,0.017467248908296942,0.07860262008733625,0.043668122270742356,0.06986899563318777,0.1091703056768559,0.14285714285714285,0.4186046511627907,0.37037037037037035,0.23529411764705882,0.22522522522522523,Opposition,0.0,1.0,19,WP19,2018,4,19
15,2018-04-20,2018-05-09,15,cdu/csu,32.0,33.0,-1.0,1.0,0.08,0.24,2.0961538461538463,0.013333333333333334,0.16,0.06666666666666667,3.25,3.3,0.5,1.8,1.4473684210526316,8,10,4,20,38,75,52,756.68,True,False,4.0,CDU/CSU,0.10666666666666667,0.13333333333333333,0.05333333333333334,0.26666666666666666,0.5066666666666667,229,28,43,27,68,111,0.034934497816593885,0.043668122270742356,0.017467248908296942,0.08733624454148471,0.16593886462882096,0.2857142857142857,0.23255813953488372,0.14814814814814814,0.29411764705882354,0.34234234234234234,Regierung,1.0,0.0,19,WP19,2018,4,19
15,2018-04-20,2018-05-09,15,fdp,10.0,9.0,1.0,1.0,0.24509803921568624,0.7352941176470589,2.305555555555556,0.14705882352941177,0.4117647058823529,0.17647058823529413,4.0,3.3333333333333335,0.0,1.4615384615384615,2.0555555555555554,3,9,5,13,18,34,24,585.2647058823529,True,False,3.0,FDP,0.08823529411764706,0.2647058823529412,0.14705882352941177,0.38235294117647056,0.5294117647058824,229,28,43,27,68,111,0.013100436681222707,0.039301310043668124,0.021834061135371178,0.056768558951965066,0.07860262008733625,0.10714285714285714,0.20930232558139536,0.18518518518518517,0.19117647058823528,0.16216216216216217,Opposition,0.0,1.0,19,WP19,2018,4,19
15,2018-04-20,2018-05-09,15,grüne,12.0,12.0,0.0,0.0,0.36666666666666664,1.1,1.2613636363636365,0.3,0.6666666666666666,0.13333333333333333,0.0,3.6,2.2,1.6363636363636365,1.3125,6,5,5,11,16,30,22,674.9,True,False,1.0,Bündnis 90/Die Grünen,0.2,0.16666666666666666,0.16666666666666666,0.36666666666666664,0.5333333333333333,229,28,43,27,68,111,0.026200873362445413,0.021834061135371178,0.021834061135371178,0.048034934497816595,0.06986899563318777,0.21428571428571427,0.11627906976744186,0.18518518518518517,0.16176470588235295,0.14414414414414414,Opposition,0.0,1.0,19,WP19,2018,4,19
15,2018-04-20,2018-05-09,15,linke,10.0,10.0,0.0,0.0,0.5402298850574713,1.6206896551724137,1.3055555555555556,0.41379310344827586,0.896551724137931,0.3103448275862069,0.0,3.4444444444444446,0.2,1.4444444444444444,0.9230769230769231,4,9,5,9,13,29,21,611.8965517241379,True,False,0.0,Die Linke,0.13793103448275862,0.3103448275862069,0.1724137931034483,0.3103448275862069,0.4482758620689655,229,28,43,27,68,111,0.017467248908296942,0.039301310043668124,0.021834061135371178,0.039301310043668124,0.056768558951965066,0.14285714285714285,0.20930232558139536,0.18518518518518517,0.1323529411764706,0.11711711711711711,Opposition,0.0,1.0,19,WP19,2018,4,19
15,2018-04-20,2018-05-09,15,spd,17.0,18.0,-1.0,1.0,0.1530054644808743,0.45901639344262296,0.8310185185185186,0.14754098360655737,0.21311475409836064,0.09836065573770492,0.2857142857142857,1.9,0.375,1.0,0.5384615384615384,7,10,8,15,26,61,36,646.2131147540983,True,False,2.0,SPD,0.11475409836065574,0.16393442622950818,0.13114754098360656,0.2459016393442623,0.4262295081967213,229,28,43,27,68,111,0.03056768558951965,0.043668122270742356,0.034934497816593885,0.06550218340611354,0.11353711790393013,0.25,0.23255813953488372,0.2962962962962963,0.22058823529411764,0.23423423423423423,Regierung,1.0,0.0,19,WP19,2018,4,19
16,2018-05-09,2018-05-18,15,afd,15.0,15.0,0.0,0.0,1.0208333333333333,3.0625,7.291666666666666,1.03125,1.46875,0.5625,7.666666666666667,8.1875,7.625,7.090909090909091,7.1923076923076925,9,16,8,11,26,32,28,694.6875,False,True,,,0.28125,0.5,0.25,0.34375,0.8125,166,57,28,24,46,79,0.05421686746987952,0.0963855421686747,0.04819277108433735,0.06626506024096386,0.1566265060240964,0.15789473684210525,0.5714285714285714,0.3333333333333333,0.2391304347826087,0.3291139240506329,Opposition,0.0,1.0,19,WP19,2018,5,9
16,2018-05-09,2018-05-18,15,cdu/csu,32.0,32.0,0.0,0.0,0.08843537414965985,0.2653061224489796,2.5128205128205128,0.061224489795918366,0.12244897959183673,0.08163265306122448,1.9285714285714286,4.833333333333333,1.6,3.8,2.0,14,6,5,15,23,49,39,926.2448979591836,True,False,4.0,CDU/CSU,0.2857142857142857,0.12244897959183673,0.10204081632653061,0.30612244897959184,0.46938775510204084,166,57,28,24,46,79,0.08433734939759036,0.03614457831325301,0.030120481927710843,0.09036144578313253,0.13855421686746988,0.24561403508771928,0.21428571428571427,0.20833333333333334,0.32608695652173914,0.2911392405063291,Regierung,1.0,0.0,19,WP19,2018,5,9
16,2018-05-09,2018-05-18,15,fdp,8.0,10.0,-2.0,2.0,0.30666666666666664,0.92,3.0520833333333335,0.16,0.76,0.0,4.5,5.0,,2.8333333333333335,2.2222222222222223,6,4,0,6,9,25,16,814.76,True,False,3.0,FDP,0.24,0.16,0.0,0.24,0.36,166,57,28,24,46,79,0.03614457831325301,0.024096385542168676,0.0,0.03614457831325301,0.05421686746987952,0.10526315789473684,0.14285714285714285,0.0,0.13043478260869565,0.11392405063291139,Opposition,0.0,1.0,19,WP19,2018,5,9
16,2018-05-09,2018-05-18,15,grüne,13.0,12.0,1.0,1.0,0.4933333333333333,1.48,1.5797101449275364,0.36,1.04,0.08,1.3571428571428572,1.7142857142857142,0.5,1.6,1.6,14,7,4,10,15,25,23,775.24,True,False,1.0,Bündnis 90/Die Grünen,0.56,0.28,0.16,0.4,0.6,166,57,28,24,46,79,0.08433734939759036,0.04216867469879518,0.024096385542168676,0.060240963855421686,0.09036144578313253,0.24561403508771928,0.25,0.16666666666666666,0.21739130434782608,0.189873417721519,Opposition,0.0,1.0,19,WP19,2018,5,9
16,2018-05-09,2018-05-18,15,linke,9.0,10.0,-1.0,1.0,0.5185185185185185,1.5555555555555556,1.55,0.5185185185185185,0.9259259259259259,0.1111111111111111,1.1,2.5,0.8571428571428571,1.25,2.076923076923077,10,6,7,8,13,27,25,684.1851851851852,True,False,0.0,Die Linke,0.37037037037037035,0.2222222222222222,0.25925925925925924,0.2962962962962963,0.48148148148148145,166,57,28,24,46,79,0.060240963855421686,0.03614457831325301,0.04216867469879518,0.04819277108433735,0.0783132530120482,0.17543859649122806,0.21428571428571427,0.2916666666666667,0.17391304347826086,0.16455696202531644,Opposition,0.0,1.0,19,WP19,2018,5,9
16,2018-05-09,2018-05-18,15,spd,18.0,17.0,1.0,1.0,0.03333333333333333,0.1,1.1379310344827587,0.0,0.1,0.0,0.8461538461538461,2.4,0.5,1.2857142857142858,0.631578947368421,13,5,8,7,19,40,29,857.5,True,False,2.0,SPD,0.325,0.125,0.2,0.175,0.475,166,57,28,24,46,79,0.0783132530120482,0.030120481927710843,0.04819277108433735,0.04216867469879518,0.1144578313253012,0.22807017543859648,0.17857142857142858,0.3333333333333333,0.15217391304347827,0.24050632911392406,Regierung,1.0,0.0,19,WP19,2018,5,9
17,2018-05-18,2018-06-14,14,afd,14.0,15.0,-1.0,1.0,1.032520325203252,3.097560975609756,7.458333333333334,1.0,1.5121951219512195,0.5853658536585366,7.666666666666667,8.055555555555555,8.0,6.615384615384615,7.903225806451613,6,18,6,13,31,41,34,715.3170731707318,False,True,,,0.14634146341463414,0.43902439024390244,0.14634146341463414,0.3170731707317073,0.7560975609756098,258,45,46,10,59,114,0.023255813953488372,0.06976744186046512,0.023255813953488372,0.050387596899224806,0.12015503875968993,0.13333333333333333,0.391304347826087,0.6,0.22033898305084745,0.2719298245614035,Opposition,0.0,1.0,19,WP19,2018,5,27
17,2018-05-18,2018-06-14,14,cdu/csu,33.0,32.0,1.0,1.0,0.10727969348659003,0.3218390804597701,2.5083333333333333,0.08045977011494253,0.19540229885057472,0.04597701149425287,3.3846153846153846,3.923076923076923,0.0,3.1578947368421053,1.8863636363636365,13,13,1,19,44,87,60,803.1149425287356,True,False,4.0,CDU/CSU,0.14942528735632185,0.14942528735632185,0.011494252873563218,0.21839080459770116,0.5057471264367817,258,45,46,10,59,114,0.050387596899224806,0.050387596899224806,0.003875968992248062,0.07364341085271318,0.17054263565891473,0.28888888888888886,0.2826086956521739,0.1,0.3220338983050847,0.38596491228070173,Regierung,1.0,0.0,19,WP19,2018,5,27
17,2018-05-18,2018-06-14,14,fdp,8.0,8.0,0.0,0.0,0.1794871794871795,0.5384615384615384,2.3044871794871793,0.1282051282051282,0.38461538461538464,0.02564102564102564,3.25,3.857142857142857,0.0,1.6,1.8666666666666667,4,7,1,10,15,39,26,645.7692307692307,True,False,3.0,FDP,0.10256410256410256,0.1794871794871795,0.02564102564102564,0.2564102564102564,0.38461538461538464,258,45,46,10,59,114,0.015503875968992248,0.027131782945736434,0.003875968992248062,0.03875968992248062,0.05813953488372093,0.08888888888888889,0.15217391304347827,0.1,0.1694915254237288,0.13157894736842105,Opposition,0.0,1.0,19,WP19,2018,5,27
17,2018-05-18,2018-06-14,14,grüne,13.0,13.0,0.0,0.0,0.3333333333333333,1.0,1.0416666666666667,0.3157894736842105,0.6842105263157895,0.0,0.6,1.3333333333333333,0.0,0.875,0.9,10,9,3,8,20,38,28,675.0526315789474,True,False,1.0,Bündnis 90/Die Grünen,0.2631578947368421,0.23684210526315788,0.07894736842105263,0.21052631578947367,0.5263157894736842,258,45,46,10,59,114,0.03875968992248062,0.03488372093023256,0.011627906976744186,0.031007751937984496,0.07751937984496124,0.2222222222222222,0.1956521739130435,0.3,0.13559322033898305,0.17543859649122806,Opposition,0.0,1.0,19,WP19,2018,5,27
17,2018-05-18,2018-06-14,14,linke,10.0,9.0,1.0,1.0,0.5714285714285714,1.7142857142857142,1.48015873015873,0.6571428571428571,1.0285714285714285,0.02857142857142857,1.4285714285714286,2.0,0.6666666666666666,1.3333333333333333,1.3333333333333333,7,6,3,9,15,35,21,645.4,True,False,0.0,Die Linke,0.2,0.17142857142857143,0.08571428571428572,0.2571428571428571,0.42857142857142855,258,45,46,10,59,114,0.027131782945736434,0.023255813953488372,0.011627906976744186,0.03488372093023256,0.05813953488372093,0.15555555555555556,0.13043478260869565,0.3,0.15254237288135594,0.13157894736842105,Opposition,0.0,1.0,19,WP19,2018,5,27
17,2018-05-18,2018-06-14,14,spd,17.0,18.0,-1.0,1.0,0.14124293785310732,0.423728813559322,0.9122807017543859,0.0847457627118644,0.3050847457627119,0.03389830508474576,0.9090909090909091,1.9090909090909092,0.0,1.0,0.35,11,11,2,13,20,59,38,691.6440677966102,True,False,2.0,SPD,0.1864406779661017,0.1864406779661017,0.03389830508474576,0.22033898305084745,0.3389830508474576,258,45,46,10,59,114,0.04263565891472868,0.04263565891472868,0.007751937984496124,0.050387596899224806,0.07751937984496124,0.24444444444444444,0.2391304347826087,0.2,0.22033898305084745,0.17543859649122806,Regierung,1.0,0.0,19,WP19,2018,5,27
18,2018-06-14,2018-06-28,15,afd,15.0,14.0,1.0,1.0,1.1888888888888889,3.566666666666667,7.373333333333334,1.1333333333333333,1.5666666666666667,0.8666666666666667,8.0,8.857142857142858,7.75,7.0,7.458333333333333,1,14,8,15,24,30,25,600.5333333333333,False,True,,,0.03333333333333333,0.4666666666666667,0.26666666666666666,0.5,0.8,194,17,62,15,73,107,0.005154639175257732,0.07216494845360824,0.041237113402061855,0.07731958762886598,0.12371134020618557,0.058823529411764705,0.22580645161290322,0.5333333333333333,0.2054794520547945,0.22429906542056074,Opposition,0.0,1.0,19,WP19,2018,6,14
18,2018-06-14,2018-06-28,15,cdu/csu,31.0,33.0,-2.0,2.0,0.20098039215686272,0.6029411764705882,3.284722222222222,0.14705882352941177,0.27941176470588236,0.17647058823529413,2.0,5.714285714285714,1.5,3.4210526315789473,3.0526315789473686,3,21,2,19,38,68,48,711.6323529411765,True,False,4.0,CDU/CSU,0.04411764705882353,0.3088235294117647,0.029411764705882353,0.27941176470588236,0.5588235294117647,194,17,62,15,73,107,0.015463917525773196,0.10824742268041238,0.010309278350515464,0.0979381443298969,0.1958762886597938,0.17647058823529413,0.3387096774193548,0.13333333333333333,0.2602739726027397,0.35514018691588783,Regierung,1.0,0.0,19,WP19,2018,6,14
18,2018-06-14,2018-06-28,15,fdp,8.0,8.0,0.0,0.0,0.2857142857142857,0.8571428571428571,2.7536231884057973,0.21428571428571427,0.5357142857142857,0.10714285714285714,5.666666666666667,5.142857142857143,1.25,2.8461538461538463,1.75,3,7,4,13,16,28,23,583.75,True,False,3.0,FDP,0.10714285714285714,0.25,0.14285714285714285,0.4642857142857143,0.5714285714285714,194,17,62,15,73,107,0.015463917525773196,0.03608247422680412,0.020618556701030927,0.06701030927835051,0.08247422680412371,0.17647058823529413,0.11290322580645161,0.26666666666666666,0.1780821917808219,0.14953271028037382,Opposition,0.0,1.0,19,WP19,2018,6,14
18,2018-06-14,2018-06-28,15,grüne,13.0,13.0,0.0,0.0,0.33333333333333326,1.0,1.1666666666666665,0.28,0.68,0.04,0.5,2.6666666666666665,0.25,0.8,1.0,6,6,4,10,15,25,19,611.36,True,False,1.0,Bündnis 90/Die Grünen,0.24,0.24,0.16,0.4,0.6,194,17,62,15,73,107,0.030927835051546393,0.030927835051546393,0.020618556701030927,0.05154639175257732,0.07731958762886598,0.35294117647058826,0.0967741935483871,0.26666666666666666,0.136986301369863,0.14018691588785046,Opposition,0.0,1.0,19,WP19,2018,6,14
18,2018-06-14,2018-06-28,15,linke,10.0,10.0,0.0,0.0,0.5733333333333333,1.72,1.4523809523809523,0.56,1.04,0.12,0.0,1.5555555555555556,0.0,1.3125,1.4615384615384615,1,9,1,16,13,25,21,624.04,True,False,0.0,Die Linke,0.04,0.36,0.04,0.64,0.52,194,17,62,15,73,107,0.005154639175257732,0.04639175257731959,0.005154639175257732,0.08247422680412371,0.06701030927835051,0.058823529411764705,0.14516129032258066,0.06666666666666667,0.2191780821917808,0.12149532710280374,Opposition,0.0,1.0,19,WP19,2018,6,14
18,2018-06-14,2018-06-28,15,spd,18.0,17.0,1.0,1.0,0.15277777777777776,0.4583333333333333,1.236842105263158,0.16666666666666666,0.2708333333333333,0.020833333333333332,1.25,1.7894736842105263,1.0,0.9333333333333333,0.76,4,19,4,15,25,48,38,677.9166666666666,True,False,2.0,SPD,0.08333333333333333,0.3958333333333333,0.08333333333333333,0.3125,0.5208333333333334,194,17,62,15,73,107,0.020618556701030927,0.0979381443298969,0.020618556701030927,0.07731958762886598,0.12886597938144329,0.23529411764705882,0.3064516129032258,0.26666666666666666,0.2054794520547945,0.2336448598130841,Regierung,1.0,0.0,19,WP19,2018,6,14
19,2018-06-28,2018-07-05,14,afd,14.0,15.0,-1.0,1.0,0.8833333333333333,2.65,7.056,0.8166666666666667,1.3333333333333333,0.5,7.277777777777778,8.24,7.75,6.2631578947368425,7.357142857142857,18,25,16,19,42,60,50,665.5666666666667,False,True,,,0.3,0.4166666666666667,0.26666666666666666,0.31666666666666665,0.7,358,99,61,28,83,156,0.05027932960893855,0.06983240223463687,0.0446927374301676,0.05307262569832402,0.11731843575418995,0.18181818181818182,0.4098360655737705,0.5714285714285714,0.2289156626506024,0.2692307692307692,Opposition,0.0,1.0,19,WP19,2018,6,7
19,2018-06-28,2018-07-05,14,cdu/csu,32.0,31.0,1.0,1.0,0.0790960451977401,0.23728813559322035,2.2745726495726495,0.06779661016949153,0.1440677966101695,0.025423728813559324,2.5555555555555554,3.888888888888889,1.8571428571428572,2.1739130434782608,1.5555555555555556,27,18,7,23,54,118,78,814.2542372881356,True,False,4.0,CDU/CSU,0.2288135593220339,0.15254237288135594,0.059322033898305086,0.19491525423728814,0.4576271186440678,358,99,61,28,83,156,0.07541899441340782,0.05027932960893855,0.019553072625698324,0.06424581005586592,0.15083798882681565,0.2727272727272727,0.29508196721311475,0.25,0.27710843373493976,0.34615384615384615,Regierung,1.0,0.0,19,WP19,2018,6,7
19,2018-06-28,2018-07-05,14,fdp,8.0,8.0,0.0,0.0,0.25157232704402516,0.7547169811320755,3.0925925925925926,0.20754716981132076,0.5094339622641509,0.03773584905660377,3.933333333333333,4.25,2.0,2.6666666666666665,2.15,15,8,1,12,20,53,36,680.622641509434,True,False,3.0,FDP,0.2830188679245283,0.1509433962264151,0.018867924528301886,0.22641509433962265,0.37735849056603776,358,99,61,28,83,156,0.04189944134078212,0.0223463687150838,0.002793296089385475,0.0335195530726257,0.055865921787709494,0.15151515151515152,0.13114754098360656,0.03571428571428571,0.14457831325301204,0.1282051282051282,Opposition,0.0,1.0,19,WP19,2018,6,7
19,2018-06-28,2018-07-05,14,grüne,13.0,13.0,0.0,0.0,0.29559748427672955,0.8867924528301887,1.2396825396825397,0.20754716981132076,0.6226415094339622,0.05660377358490566,1.2083333333333333,2.2,1.5,1.1428571428571428,0.9230769230769231,24,10,6,14,26,53,42,674.811320754717,True,False,1.0,Bündnis 90/Die Grünen,0.4528301886792453,0.18867924528301888,0.11320754716981132,0.2641509433962264,0.49056603773584906,358,99,61,28,83,156,0.0670391061452514,0.027932960893854747,0.01675977653631285,0.03910614525139665,0.07262569832402235,0.24242424242424243,0.16393442622950818,0.21428571428571427,0.1686746987951807,0.16666666666666666,Opposition,0.0,1.0,19,WP19,2018,6,7
19,2018-06-28,2018-07-05,14,linke,9.0,10.0,-1.0,1.0,0.4423076923076923,1.3269230769230769,1.252991452991453,0.4230769230769231,0.8076923076923077,0.09615384615384616,0.5714285714285714,2.75,0.2857142857142857,1.1818181818181819,1.1904761904761905,14,12,7,11,21,52,39,632.7115384615385,True,False,0.0,Die Linke,0.2692307692307692,0.23076923076923078,0.1346153846153846,0.21153846153846154,0.40384615384615385,358,99,61,28,83,156,0.03910614525139665,0.0335195530726257,0.019553072625698324,0.030726256983240222,0.05865921787709497,0.1414141414141414,0.19672131147540983,0.25,0.13253012048192772,0.1346153846153846,Opposition,0.0,1.0,19,WP19,2018,6,7
19,2018-06-28,2018-07-05,14,spd,19.0,18.0,1.0,1.0,0.09349593495934959,0.2804878048780488,1.2077380952380952,0.06097560975609756,0.1951219512195122,0.024390243902439025,1.4736842105263157,1.2307692307692308,0.7142857142857143,0.9565217391304348,0.8285714285714286,19,13,7,23,35,82,56,741.9024390243902,True,False,2.0,SPD,0.23170731707317074,0.15853658536585366,0.08536585365853659,0.2804878048780488,0.4268292682926829,358,99,61,28,83,156,0.05307262569832402,0.036312849162011177,0.019553072625698324,0.06424581005586592,0.09776536312849161,0.1919191919191919,0.21311475409836064,0.25,0.27710843373493976,0.22435897435897437,Regierung,1.0,0.0,19,WP19,2018,6,7
20,2018-07-05,2018-07-27,16,afd,16.0,14.0,2.0,2.0,1.2307692307692308,3.6923076923076925,7.564102564102565,1.1538461538461537,1.6923076923076923,0.8461538461538461,,8.444444444444445,7.8,8.0,7.615384615384615,0,9,5,4,13,13,13,732.5384615384615,False,True,,,0.0,0.6923076923076923,0.38461538461538464,0.3076923076923077,1.0,79,18,22,10,25,30,0.0,0.11392405063291139,0.06329113924050633,0.05063291139240506,0.16455696202531644,0.0,0.4090909090909091,0.5,0.16,0.43333333333333335,Opposition,0.0,1.0,19,WP19,2018,7,22
20,2018-07-05,2018-07-27,16,cdu/csu,30.0,32.0,-2.0,2.0,0.08333333333333333,0.25,2.6302083333333335,0.125,0.041666666666666664,0.08333333333333333,3.75,4.0,3.0,3.142857142857143,1.5454545454545454,4,7,2,7,11,24,16,916.7916666666666,True,False,4.0,CDU/CSU,0.16666666666666666,0.2916666666666667,0.08333333333333333,0.2916666666666667,0.4583333333333333,79,18,22,10,25,30,0.05063291139240506,0.08860759493670886,0.02531645569620253,0.08860759493670886,0.13924050632911392,0.2222222222222222,0.3181818181818182,0.2,0.28,0.36666666666666664,Regierung,1.0,0.0,19,WP19,2018,7,22
20,2018-07-05,2018-07-27,16,fdp,8.0,8.0,0.0,0.0,0.3333333333333333,1.0,3.625,0.35714285714285715,0.6428571428571429,0.0,7.0,4.6,,2.4,3.5,1,5,0,5,4,14,8,694.4285714285714,True,False,3.0,FDP,0.07142857142857142,0.35714285714285715,0.0,0.35714285714285715,0.2857142857142857,79,18,22,10,25,30,0.012658227848101266,0.06329113924050633,0.0,0.06329113924050633,0.05063291139240506,0.05555555555555555,0.22727272727272727,0.0,0.2,0.13333333333333333,Opposition,0.0,1.0,19,WP19,2018,7,22
20,2018-07-05,2018-07-27,16,grüne,14.0,13.0,1.0,1.0,0.48717948717948717,1.4615384615384615,2.591666666666667,0.38461538461538464,0.8461538461538461,0.23076923076923078,1.4,6.25,0.0,2.5,2.75,5,4,2,4,4,13,10,691.9230769230769,True,False,1.0,Bündnis 90/Die Grünen,0.38461538461538464,0.3076923076923077,0.15384615384615385,0.3076923076923077,0.3076923076923077,79,18,22,10,25,30,0.06329113924050633,0.05063291139240506,0.02531645569620253,0.05063291139240506,0.05063291139240506,0.2777777777777778,0.18181818181818182,0.2,0.16,0.13333333333333333,Opposition,0.0,1.0,19,WP19,2018,7,22
20,2018-07-05,2018-07-27,16,linke,9.0,9.0,0.0,0.0,0.6969696969696969,2.090909090909091,1.6833333333333333,0.7272727272727273,1.1818181818181819,0.18181818181818182,1.3333333333333333,3.0,0.0,2.8333333333333335,1.0,3,3,4,6,6,11,8,672.6363636363636,True,False,0.0,Die Linke,0.2727272727272727,0.2727272727272727,0.36363636363636365,0.5454545454545454,0.5454545454545454,79,18,22,10,25,30,0.0379746835443038,0.0379746835443038,0.05063291139240506,0.0759493670886076,0.0759493670886076,0.16666666666666666,0.13636363636363635,0.4,0.24,0.2,Opposition,0.0,1.0,19,WP19,2018,7,22
20,2018-07-05,2018-07-27,16,spd,18.0,19.0,-1.0,1.0,0.058823529411764705,0.17647058823529413,1.3484848484848484,0.0,0.11764705882352941,0.058823529411764705,1.2,2.0,0.5,2.3333333333333335,0.8,5,3,2,3,5,17,11,756.0588235294117,True,False,2.0,SPD,0.29411764705882354,0.17647058823529413,0.11764705882352941,0.17647058823529413,0.29411764705882354,79,18,22,10,25,30,0.06329113924050633,0.0379746835443038,0.02531645569620253,0.0379746835443038,0.06329113924050633,0.2777777777777778,0.13636363636363635,0.2,0.12,0.16666666666666666,Regierung,1.0,0.0,19,WP19,2018,7,22
21,2018-07-27,2018-08-02,16,afd,16.0,16.0,0.0,0.0,,,,,,,,,,,,0,0,0,0,0,0,0,,False,True,,,,,,,,0,0,0,0,0,0,,,,,,,,,,,,,,,,2018,7,6
21,2018-07-27,2018-08-02,16,cdu/csu,30.0,30.0,0.0,0.0,,,,,,,,,,,,0,0,0,0,0,0,0,,True,False,4.0,CDU/CSU,,,,,,0,0,0,0,0,0,,,,,,,,,,,,,,,,2018,7,6
21,2018-07-27,2018-08-02,16,fdp,8.0,8.0,0.0,0.0,,,,,,,,,,,,0,0,0,0,0,0,0,,True,False,3.0,FDP,,,,,,0,0,0,0,0,0,,,,,,,,,,,,,,,,2018,7,6
21,2018-07-27,2018-08-02,16,grüne,15.0,14.0,1.0,1.0,,,,,,,,,,,,0,0,0,0,0,0,0,,True,False,1.0,Bündnis 90/Die Grünen,,,,,,0,0,0,0,0,0,,,,,,,,,,,,,,,,2018,7,6
21,2018-07-27,2018-08-02,16,linke,8.0,9.0,-1.0,1.0,,,,,,,,,,,,0,0,0,0,0,0,0,,True,False,0.0,Die Linke,,,,,,0,0,0,0,0,0,,,,,,,,,,,,,,,,2018,7,6
21,2018-07-27,2018-08-02,16,spd,18.0,18.0,0.0,0.0,,,,,,,,,,,,0,0,0,0,0,0,0,,True,False,2.0,SPD,,,,,,0,0,0,0,0,0,,,,,,,,,,,,,,,,2018,7,6
22,2018-08-02,2018-08-24,17,afd,17.0,16.0,1.0,1.0,,,,,,,,,,,,0,0,0,0,0,0,0,,False,True,,,,,,,,0,0,0,0,0,0,,,,,,,,,,,,,,,,2018,8,22
22,2018-08-02,2018-08-24,17,cdu/csu,29.0,30.0,-1.0,1.0,,,,,,,,,,,,0,0,0,0,0,0,0,,True,False,4.0,CDU/CSU,,,,,,0,0,0,0,0,0,,,,,,,,,,,,,,,,2018,8,22
22,2018-08-02,2018-08-24,17,fdp,7.0,8.0,-1.0,1.0,,,,,,,,,,,,0,0,0,0,0,0,0,,True,False,3.0,FDP,,,,,,0,0,0,0,0,0,,,,,,,,,,,,,,,,2018,8,22
22,2018-08-02,2018-08-24,17,grüne,15.0,15.0,0.0,0.0,,,,,,,,,,,,0,0,0,0,0,0,0,,True,False,1.0,Bündnis 90/Die Grünen,,,,,,0,0,0,0,0,0,,,,,,,,,,,,,,,,2018,8,22
22,2018-08-02,2018-08-24,17,linke,9.0,8.0,1.0,1.0,,,,,,,,,,,,0,0,0,0,0,0,0,,True,False,0.0,Die Linke,,,,,,0,0,0,0,0,0,,,,,,,,,,,,,,,,2018,8,22
22,2018-08-02,2018-08-24,17,spd,18.0,18.0,0.0,0.0,,,,,,,,,,,,0,0,0,0,0,0,0,,True,False,2.0,SPD,,,,,,0,0,0,0,0,0,,,,,,,,,,,,,,,,2018,8,22
23,2018-08-24,2018-09-06,17,afd,17.0,17.0,0.0,0.0,,,,,,,,,,,,0,0,0,0,0,0,0,,False,True,,,,,,,,0,0,0,0,0,0,,,,,,,,,,,,,,,,2018,8,13
23,2018-08-24,2018-09-06,17,cdu/csu,29.0,29.0,0.0,0.0,,,,,,,,,,,,0,0,0,0,0,0,0,,True,False,4.0,CDU/CSU,,,,,,0,0,0,0,0,0,,,,,,,,,,,,,,,,2018,8,13
23,2018-08-24,2018-09-06,17,fdp,8.0,7.0,1.0,1.0,,,,,,,,,,,,0,0,0,0,0,0,0,,True,False,3.0,FDP,,,,,,0,0,0,0,0,0,,,,,,,,,,,,,,,,2018,8,13
23,2018-08-24,2018-09-06,17,grüne,14.0,15.0,-1.0,1.0,,,,,,,,,,,,0,0,0,0,0,0,0,,True,False,1.0,Bündnis 90/Die Grünen,,,,,,0,0,0,0,0,0,,,,,,,,,,,,,,,,2018,8,13
23,2018-08-24,2018-09-06,17,linke,9.0,9.0,0.0,0.0,,,,,,,,,,,,0,0,0,0,0,0,0,,True,False,0.0,Die Linke,,,,,,0,0,0,0,0,0,,,,,,,,,,,,,,,,2018,8,13
23,2018-08-24,2018-09-06,17,spd,18.0,18.0,0.0,0.0,,,,,,,,,,,,0,0,0,0,0,0,0,,True,False,2.0,SPD,,,,,,0,0,0,0,0,0,,,,,,,,,,,,,,,,2018,8,13
24,2018-09-06,2018-09-21,16,afd,16.0,17.0,-1.0,1.0,1.2439024390243902,3.731707317073171,7.6938095238095245,1.2439024390243902,1.6097560975609757,0.8780487804878049,7.916666666666667,8.409090909090908,8.090909090909092,7.352941176470588,7.866666666666666,12,22,11,17,30,41,35,697.390243902439,False,True,,,0.2926829268292683,0.5365853658536586,0.2682926829268293,0.4146341463414634,0.7317073170731707,215,65,41,16,57,105,0.05581395348837209,0.10232558139534884,0.05116279069767442,0.07906976744186046,0.13953488372093023,0.18461538461538463,0.5365853658536586,0.6875,0.2982456140350877,0.2857142857142857,Opposition,0.0,1.0,19,WP19,2018,9,15
24,2018-09-06,2018-09-21,16,cdu/csu,29.0,29.0,0.0,0.0,0.09523809523809523,0.2857142857142857,2.5833333333333335,0.12698412698412698,0.09523809523809523,0.06349206349206349,2.8125,5.3,2.3333333333333335,3.0,2.111111111111111,16,10,6,16,36,63,48,936.7460317460317,True,False,4.0,CDU/CSU,0.25396825396825395,0.15873015873015872,0.09523809523809523,0.25396825396825395,0.5714285714285714,215,65,41,16,57,105,0.07441860465116279,0.046511627906976744,0.027906976744186046,0.07441860465116279,0.16744186046511628,0.24615384615384617,0.24390243902439024,0.375,0.2807017543859649,0.34285714285714286,Regierung,1.0,0.0,19,WP19,2018,9,15
24,2018-09-06,2018-09-21,16,fdp,8.0,8.0,0.0,0.0,0.36363636363636365,1.0909090909090908,2.7698412698412698,0.24242424242424243,0.7878787878787878,0.06060606060606061,3.375,4.428571428571429,2.0,2.5714285714285716,2.533333333333333,8,7,1,7,15,33,21,793.5151515151515,True,False,3.0,FDP,0.24242424242424243,0.21212121212121213,0.030303030303030304,0.21212121212121213,0.45454545454545453,215,65,41,16,57,105,0.037209302325581395,0.03255813953488372,0.004651162790697674,0.03255813953488372,0.06976744186046512,0.12307692307692308,0.17073170731707318,0.0625,0.12280701754385964,0.14285714285714285,Opposition,0.0,1.0,19,WP19,2018,9,15
24,2018-09-06,2018-09-21,16,grüne,14.0,14.0,0.0,0.0,0.41414141414141414,1.2424242424242424,1.4400000000000002,0.36363636363636365,0.7878787878787878,0.09090909090909091,1.0,3.25,1.3333333333333333,1.7,1.411764705882353,17,8,3,10,17,33,30,725.2727272727273,True,False,1.0,Bündnis 90/Die Grünen,0.5151515151515151,0.24242424242424243,0.09090909090909091,0.30303030303030304,0.5151515151515151,215,65,41,16,57,105,0.07906976744186046,0.037209302325581395,0.013953488372093023,0.046511627906976744,0.07906976744186046,0.26153846153846155,0.1951219512195122,0.1875,0.17543859649122806,0.1619047619047619,Opposition,0.0,1.0,19,WP19,2018,9,15
24,2018-09-06,2018-09-21,16,linke,10.0,9.0,1.0,1.0,0.6060606060606061,1.8181818181818181,1.796,0.6363636363636364,1.0303030303030303,0.15151515151515152,1.1111111111111112,3.6,0.6666666666666666,1.4444444444444444,1.9375,9,5,3,9,16,33,25,680.2121212121212,True,False,0.0,Die Linke,0.2727272727272727,0.15151515151515152,0.09090909090909091,0.2727272727272727,0.48484848484848486,215,65,41,16,57,105,0.04186046511627907,0.023255813953488372,0.013953488372093023,0.04186046511627907,0.07441860465116279,0.13846153846153847,0.12195121951219512,0.1875,0.15789473684210525,0.1523809523809524,Opposition,0.0,1.0,19,WP19,2018,9,15
24,2018-09-06,2018-09-21,16,spd,18.0,18.0,0.0,0.0,0.220125786163522,0.660377358490566,1.7222222222222223,0.20754716981132076,0.2641509433962264,0.18867924528301888,1.9333333333333333,2.8181818181818183,1.0,1.8,1.4285714285714286,15,11,3,15,21,53,39,778.3962264150944,True,False,2.0,SPD,0.2830188679245283,0.20754716981132076,0.05660377358490566,0.2830188679245283,0.39622641509433965,215,65,41,16,57,105,0.06976744186046512,0.05116279069767442,0.013953488372093023,0.06976744186046512,0.09767441860465116,0.23076923076923078,0.2682926829268293,0.1875,0.2631578947368421,0.2,Regierung,1.0,0.0,19,WP19,2018,9,15
25,2018-09-21,2018-10-11,18,afd,18.0,16.0,2.0,2.0,0.9147286821705427,2.744186046511628,7.13063063063063,0.8604651162790697,1.3953488372093024,0.4883720930232558,7.6923076923076925,8.058823529411764,7.857142857142857,6.5,7.275862068965517,13,17,7,16,29,43,37,607.7441860465116,False,True,,,0.3023255813953488,0.3953488372093023,0.16279069767441862,0.37209302325581395,0.6744186046511628,242,61,34,13,60,81,0.05371900826446281,0.07024793388429752,0.028925619834710745,0.06611570247933884,0.11983471074380166,0.21311475409836064,0.5,0.5384615384615384,0.26666666666666666,0.35802469135802467,Opposition,0.0,1.0,19,WP19,2018,9,20
25,2018-09-21,2018-10-11,18,cdu/csu,28.0,29.0,-1.0,1.0,0.12916666666666665,0.3875,3.371527777777778,0.1125,0.2375,0.0375,4.0,4.636363636363637,3.3333333333333335,3.6875,3.0384615384615383,18,11,3,16,26,80,48,718.9875,True,False,4.0,CDU/CSU,0.225,0.1375,0.0375,0.2,0.325,242,61,34,13,60,81,0.0743801652892562,0.045454545454545456,0.012396694214876033,0.06611570247933884,0.10743801652892562,0.29508196721311475,0.3235294117647059,0.23076923076923078,0.26666666666666666,0.32098765432098764,Regierung,1.0,0.0,19,WP19,2018,9,20
25,2018-09-21,2018-10-11,18,fdp,9.0,8.0,1.0,1.0,0.21929824561403505,0.6578947368421053,3.013888888888889,0.10526315789473684,0.5,0.05263157894736842,6.571428571428571,4.333333333333333,,1.4444444444444444,1.8,7,3,0,9,15,38,24,600.2894736842105,True,False,3.0,FDP,0.18421052631578946,0.07894736842105263,0.0,0.23684210526315788,0.39473684210526316,242,61,34,13,60,81,0.028925619834710745,0.012396694214876033,0.0,0.0371900826446281,0.06198347107438017,0.11475409836065574,0.08823529411764706,0.0,0.15,0.18518518518518517,Opposition,0.0,1.0,19,WP19,2018,9,20
25,2018-09-21,2018-10-11,18,grüne,15.0,14.0,1.0,1.0,0.37142857142857144,1.1142857142857143,1.4807692307692308,0.3142857142857143,0.6857142857142857,0.11428571428571428,1.0833333333333333,2.5,0.5,1.5555555555555556,1.8,12,4,4,9,10,35,26,680.6285714285714,True,False,1.0,Bündnis 90/Die Grünen,0.34285714285714286,0.11428571428571428,0.11428571428571428,0.2571428571428571,0.2857142857142857,242,61,34,13,60,81,0.049586776859504134,0.01652892561983471,0.01652892561983471,0.0371900826446281,0.04132231404958678,0.19672131147540983,0.11764705882352941,0.3076923076923077,0.15,0.12345679012345678,Opposition,0.0,1.0,19,WP19,2018,9,20
25,2018-09-21,2018-10-11,18,linke,10.0,10.0,0.0,0.0,0.5490196078431372,1.6470588235294117,1.4479166666666667,0.4411764705882353,1.0294117647058822,0.17647058823529413,0.9,2.5,3.0,1.4545454545454546,1.4545454545454546,10,6,3,11,11,34,24,537.4705882352941,True,False,0.0,Die Linke,0.29411764705882354,0.17647058823529413,0.08823529411764706,0.3235294117647059,0.3235294117647059,242,61,34,13,60,81,0.04132231404958678,0.024793388429752067,0.012396694214876033,0.045454545454545456,0.045454545454545456,0.16393442622950818,0.17647058823529413,0.23076923076923078,0.18333333333333332,0.13580246913580246,Opposition,0.0,1.0,19,WP19,2018,9,20
25,2018-09-21,2018-10-11,18,spd,17.0,18.0,-1.0,1.0,0.17575757575757575,0.5272727272727272,1.3872549019607843,0.16363636363636364,0.2909090909090909,0.07272727272727272,1.2857142857142858,2.4,0.6666666666666666,1.2666666666666666,0.8947368421052632,14,10,3,15,19,55,34,703.9636363636364,True,False,2.0,SPD,0.2545454545454545,0.18181818181818182,0.05454545454545454,0.2727272727272727,0.34545454545454546,242,61,34,13,60,81,0.05785123966942149,0.04132231404958678,0.012396694214876033,0.06198347107438017,0.07851239669421488,0.22950819672131148,0.29411764705882354,0.23076923076923078,0.25,0.2345679012345679,Regierung,1.0,0.0,19,WP19,2018,9,20
26,2018-10-11,2018-10-19,16,afd,16.0,18.0,-2.0,2.0,0.7976190476190476,2.392857142857143,6.395833333333334,0.7678571428571429,1.2142857142857142,0.4107142857142857,7.888888888888889,7.631578947368421,9.428571428571429,5.458333333333333,6.485714285714286,9,19,7,24,35,56,44,606.625,False,True,,,0.16071428571428573,0.3392857142857143,0.125,0.42857142857142855,0.625,350,53,65,45,102,128,0.025714285714285714,0.054285714285714284,0.02,0.06857142857142857,0.1,0.16981132075471697,0.2923076923076923,0.15555555555555556,0.23529411764705882,0.2734375,Opposition,0.0,1.0,19,WP19,2018,10,8
26,2018-10-11,2018-10-19,16,cdu/csu,26.0,28.0,-2.0,2.0,0.09195402298850575,0.27586206896551724,2.6919191919191916,0.07758620689655173,0.10344827586206896,0.09482758620689655,2.533333333333333,4.809523809523809,2.0,1.9615384615384615,2.473684210526316,15,21,11,26,38,116,66,766.8275862068965,True,False,4.0,CDU/CSU,0.12931034482758622,0.1810344827586207,0.09482758620689655,0.22413793103448276,0.3275862068965517,350,53,65,45,102,128,0.04285714285714286,0.06,0.03142857142857143,0.07428571428571429,0.10857142857142857,0.2830188679245283,0.3230769230769231,0.24444444444444444,0.2549019607843137,0.296875,Regierung,1.0,0.0,19,WP19,2018,10,8
26,2018-10-11,2018-10-19,16,fdp,10.0,9.0,1.0,1.0,0.3273809523809524,0.9821428571428571,2.196759259259259,0.25,0.6428571428571429,0.08928571428571429,3.857142857142857,3.5833333333333335,0.8,2.0,2.1666666666666665,7,12,5,18,24,56,36,578.7678571428571,True,False,3.0,FDP,0.125,0.21428571428571427,0.08928571428571429,0.32142857142857145,0.42857142857142855,350,53,65,45,102,128,0.02,0.03428571428571429,0.014285714285714285,0.05142857142857143,0.06857142857142857,0.1320754716981132,0.18461538461538463,0.1111111111111111,0.17647058823529413,0.1875,Opposition,0.0,1.0,19,WP19,2018,10,8
26,2018-10-11,2018-10-19,16,grüne,17.0,15.0,2.0,2.0,0.28,0.84,1.0441176470588236,0.22,0.56,0.06,0.6923076923076923,2.125,0.875,0.9375,0.95,13,8,8,16,20,50,34,621.76,True,False,1.0,Bündnis 90/Die Grünen,0.26,0.16,0.16,0.32,0.4,350,53,65,45,102,128,0.037142857142857144,0.022857142857142857,0.022857142857142857,0.045714285714285714,0.05714285714285714,0.24528301886792453,0.12307692307692308,0.17777777777777778,0.1568627450980392,0.15625,Opposition,0.0,1.0,19,WP19,2018,10,8
26,2018-10-11,2018-10-19,16,linke,10.0,10.0,0.0,0.0,0.4965986394557823,1.489795918367347,1.4375,0.5510204081632653,0.8571428571428571,0.08163265306122448,1.8571428571428572,1.4545454545454546,0.2222222222222222,1.0625,1.1875,7,11,9,16,16,49,32,577.3877551020408,True,False,0.0,Die Linke,0.14285714285714285,0.22448979591836735,0.1836734693877551,0.32653061224489793,0.32653061224489793,350,53,65,45,102,128,0.02,0.03142857142857143,0.025714285714285714,0.045714285714285714,0.045714285714285714,0.1320754716981132,0.16923076923076924,0.2,0.1568627450980392,0.125,Opposition,0.0,1.0,19,WP19,2018,10,8
26,2018-10-11,2018-10-19,16,spd,15.0,17.0,-2.0,2.0,0.16877637130801687,0.5063291139240507,1.2686274509803923,0.13924050632911392,0.2911392405063291,0.0759493670886076,2.0,2.6153846153846154,0.8333333333333334,0.7692307692307693,0.8333333333333334,11,13,12,26,30,79,51,638.3417721518987,True,False,2.0,SPD,0.13924050632911392,0.16455696202531644,0.1518987341772152,0.3291139240506329,0.379746835443038,350,53,65,45,102,128,0.03142857142857143,0.037142857142857144,0.03428571428571429,0.07428571428571429,0.08571428571428572,0.20754716981132076,0.2,0.26666666666666666,0.2549019607843137,0.234375,Regierung,1.0,0.0,19,WP19,2018,10,8
27,2018-10-19,2018-11-15,16,afd,16.0,16.0,0.0,0.0,0.7559523809523808,2.267857142857143,6.4229166666666675,0.6785714285714286,1.25,0.3392857142857143,8.285714285714286,8.428571428571429,7.0,5.45,6.875,7,14,5,20,32,56,40,594.1785714285714,False,True,,,0.125,0.25,0.08928571428571429,0.35714285714285715,0.5714285714285714,320,42,58,25,74,137,0.021875,0.04375,0.015625,0.0625,0.1,0.16666666666666666,0.2413793103448276,0.2,0.2702702702702703,0.23357664233576642,Opposition,0.0,1.0,19,WP19,2018,10,27
27,2018-10-19,2018-11-15,16,cdu/csu,25.0,26.0,-1.0,1.0,0.14492753623188404,0.43478260869565216,2.6207729468599035,0.10434782608695652,0.25217391304347825,0.0782608695652174,3.2222222222222223,5.2631578947368425,1.1666666666666667,3.2083333333333335,2.0961538461538463,9,19,6,24,52,115,69,703.5391304347826,True,False,4.0,CDU/CSU,0.0782608695652174,0.16521739130434782,0.05217391304347826,0.20869565217391303,0.45217391304347826,320,42,58,25,74,137,0.028125,0.059375,0.01875,0.075,0.1625,0.21428571428571427,0.3275862068965517,0.24,0.32432432432432434,0.3795620437956204,Regierung,1.0,0.0,19,WP19,2018,10,27
27,2018-10-19,2018-11-15,16,fdp,11.0,10.0,1.0,1.0,0.2857142857142857,0.8571428571428571,3.238095238095238,0.22448979591836735,0.5510204081632653,0.08163265306122448,3.8,5.3,3.5,2.090909090909091,2.1,5,10,2,11,20,49,28,548.9387755102041,True,False,3.0,FDP,0.10204081632653061,0.20408163265306123,0.04081632653061224,0.22448979591836735,0.40816326530612246,320,42,58,25,74,137,0.015625,0.03125,0.00625,0.034375,0.0625,0.11904761904761904,0.1724137931034483,0.08,0.14864864864864866,0.145985401459854,Opposition,0.0,1.0,19,WP19,2018,10,27
27,2018-10-19,2018-11-15,16,grüne,19.0,17.0,2.0,2.0,0.28787878787878785,0.8636363636363636,1.1194444444444445,0.1590909090909091,0.6818181818181818,0.022727272727272728,0.75,1.9,0.6,1.0833333333333333,0.8947368421052632,12,10,5,12,19,44,30,614.5909090909091,True,False,1.0,Bündnis 90/Die Grünen,0.2727272727272727,0.22727272727272727,0.11363636363636363,0.2727272727272727,0.4318181818181818,320,42,58,25,74,137,0.0375,0.03125,0.015625,0.0375,0.059375,0.2857142857142857,0.1724137931034483,0.2,0.16216216216216217,0.1386861313868613,Opposition,0.0,1.0,19,WP19,2018,10,27
27,2018-10-19,2018-11-15,16,linke,9.0,10.0,-1.0,1.0,0.46969696969696967,1.4090909090909092,1.5,0.45454545454545453,0.8863636363636364,0.06818181818181818,0.8571428571428571,1.25,0.3333333333333333,2.090909090909091,1.125,7,8,3,11,16,44,29,598.3863636363636,True,False,0.0,Die Linke,0.1590909090909091,0.18181818181818182,0.06818181818181818,0.25,0.36363636363636365,320,42,58,25,74,137,0.021875,0.025,0.009375,0.034375,0.05,0.16666666666666666,0.13793103448275862,0.12,0.14864864864864866,0.11678832116788321,Opposition,0.0,1.0,19,WP19,2018,10,27
27,2018-10-19,2018-11-15,16,spd,14.0,15.0,-1.0,1.0,0.19117647058823528,0.5735294117647058,1.5,0.16176470588235295,0.3235294117647059,0.08823529411764706,1.6666666666666667,3.3636363636363638,0.3333333333333333,1.0625,1.3,9,11,9,16,30,68,42,683.6911764705883,True,False,2.0,SPD,0.1323529411764706,0.16176470588235295,0.1323529411764706,0.23529411764705882,0.4411764705882353,320,42,58,25,74,137,0.028125,0.034375,0.028125,0.05,0.09375,0.21428571428571427,0.1896551724137931,0.36,0.21621621621621623,0.21897810218978103,Regierung,1.0,0.0,19,WP19,2018,10,27
28,2018-11-15,2018-11-30,14,afd,14.0,16.0,-2.0,2.0,0.855072463768116,2.5652173913043477,6.458024691358025,0.8115942028985508,1.3043478260869565,0.4492753623188406,7.6875,8.083333333333334,7.916666666666667,5.25,7.071428571428571,16,24,12,24,42,69,54,671.7536231884058,False,True,,,0.2318840579710145,0.34782608695652173,0.17391304347826086,0.34782608695652173,0.6086956521739131,433,104,64,51,135,151,0.03695150115473441,0.05542725173210162,0.02771362586605081,0.05542725173210162,0.09699769053117784,0.15384615384615385,0.375,0.23529411764705882,0.17777777777777778,0.2781456953642384,Opposition,0.0,1.0,19,WP19,2018,11,15
28,2018-11-15,2018-11-30,14,cdu/csu,26.0,25.0,1.0,1.0,0.07565011820330969,0.22695035460992907,2.3974358974358974,0.04964539007092199,0.1347517730496454,0.0425531914893617,2.1666666666666665,5.1,1.9166666666666667,2.477272727272727,1.94,24,20,12,44,50,141,91,796.1489361702128,True,False,4.0,CDU/CSU,0.1702127659574468,0.14184397163120568,0.0851063829787234,0.3120567375886525,0.3546099290780142,433,104,64,51,135,151,0.05542725173210162,0.046189376443418015,0.02771362586605081,0.10161662817551963,0.11547344110854503,0.23076923076923078,0.3125,0.23529411764705882,0.32592592592592595,0.33112582781456956,Regierung,1.0,0.0,19,WP19,2018,11,15
28,2018-11-15,2018-11-30,14,fdp,8.0,11.0,-3.0,3.0,0.2275132275132275,0.6825396825396826,2.56140350877193,0.1111111111111111,0.5555555555555556,0.015873015873015872,3.9166666666666665,2.888888888888889,0.75,2.111111111111111,2.3333333333333335,12,9,4,18,21,63,38,665.952380952381,True,False,3.0,FDP,0.19047619047619047,0.14285714285714285,0.06349206349206349,0.2857142857142857,0.3333333333333333,433,104,64,51,135,151,0.02771362586605081,0.020785219399538105,0.009237875288683603,0.04157043879907621,0.04849884526558892,0.11538461538461539,0.140625,0.0784313725490196,0.13333333333333333,0.1390728476821192,Opposition,0.0,1.0,19,WP19,2018,11,15
28,2018-11-15,2018-11-30,14,grüne,23.0,19.0,4.0,4.0,0.26775956284153,0.8032786885245902,1.184027777777778,0.18032786885245902,0.6065573770491803,0.01639344262295082,1.0,2.2857142857142856,0.38461538461538464,0.9545454545454546,1.1363636363636365,24,7,13,22,22,61,48,656.983606557377,True,False,1.0,Bündnis 90/Die Grünen,0.39344262295081966,0.11475409836065574,0.21311475409836064,0.36065573770491804,0.36065573770491804,433,104,64,51,135,151,0.05542725173210162,0.016166281755196306,0.03002309468822171,0.050808314087759814,0.050808314087759814,0.23076923076923078,0.109375,0.2549019607843137,0.16296296296296298,0.1456953642384106,Opposition,0.0,1.0,19,WP19,2018,11,15
28,2018-11-15,2018-11-30,14,linke,9.0,9.0,0.0,0.0,0.5027322404371585,1.5081967213114753,1.1632478632478633,0.5573770491803278,0.9180327868852459,0.03278688524590164,1.2857142857142858,0.7,0.25,1.0,0.95,14,10,12,22,20,61,39,611.8360655737705,True,False,0.0,Die Linke,0.22950819672131148,0.16393442622950818,0.19672131147540983,0.36065573770491804,0.32786885245901637,433,104,64,51,135,151,0.03233256351039261,0.023094688221709007,0.02771362586605081,0.050808314087759814,0.046189376443418015,0.1346153846153846,0.15625,0.23529411764705882,0.16296296296296298,0.13245033112582782,Opposition,0.0,1.0,19,WP19,2018,11,15
28,2018-11-15,2018-11-30,14,spd,14.0,14.0,0.0,0.0,0.16199376947040497,0.48598130841121495,1.3043981481481481,0.11214953271028037,0.32710280373831774,0.04672897196261682,1.5333333333333334,1.8888888888888888,0.7,1.0,0.9473684210526315,30,18,10,29,38,107,72,675.0,True,False,2.0,SPD,0.2803738317757009,0.16822429906542055,0.09345794392523364,0.27102803738317754,0.35514018691588783,433,104,64,51,135,151,0.06928406466512702,0.04157043879907621,0.023094688221709007,0.06697459584295612,0.08775981524249422,0.28846153846153844,0.28125,0.19607843137254902,0.21481481481481482,0.25165562913907286,Regierung,1.0,0.0,19,WP19,2018,11,15
29,2018-11-30,2018-12-06,15,afd,15.0,14.0,1.0,1.0,1.0303030303030303,3.090909090909091,8.857142857142858,1.0,1.5454545454545454,0.5454545454545454,9.0,9.5,8.0,7.0,8.666666666666666,2,4,1,1,6,11,7,720.4545454545455,False,True,,,0.18181818181818182,0.36363636363636365,0.09090909090909091,0.09090909090909091,0.5454545454545454,80,22,21,5,16,34,0.025,0.05,0.0125,0.0125,0.075,0.09090909090909091,0.19047619047619047,0.2,0.0625,0.17647058823529413,Opposition,0.0,1.0,19,WP19,2018,11,6
29,2018-11-30,2018-12-06,15,cdu/csu,28.0,26.0,2.0,2.0,0.1264367816091954,0.3793103448275862,2.373015873015873,0.06896551724137931,0.27586206896551724,0.034482758620689655,2.625,2.4444444444444446,,2.25,1.5833333333333333,8,9,0,4,12,29,21,673.1034482758621,True,False,4.0,CDU/CSU,0.27586206896551724,0.3103448275862069,0.0,0.13793103448275862,0.41379310344827586,80,22,21,5,16,34,0.1,0.1125,0.0,0.05,0.15,0.36363636363636365,0.42857142857142855,0.0,0.25,0.35294117647058826,Regierung,1.0,0.0,19,WP19,2018,11,6
29,2018-11-30,2018-12-06,15,fdp,9.0,8.0,1.0,1.0,0.3055555555555555,0.9166666666666666,3.8125,0.08333333333333333,0.6666666666666666,0.16666666666666666,7.0,3.0,0.0,1.5,2.3333333333333335,3,3,1,2,6,12,8,650.5,True,False,3.0,FDP,0.25,0.25,0.08333333333333333,0.16666666666666666,0.5,80,22,21,5,16,34,0.0375,0.0375,0.0125,0.025,0.075,0.13636363636363635,0.14285714285714285,0.2,0.125,0.17647058823529413,Opposition,0.0,1.0,19,WP19,2018,11,6
29,2018-11-30,2018-12-06,15,grüne,21.0,23.0,-2.0,2.0,0.303030303030303,0.9090909090909091,0.8125,0.18181818181818182,0.6363636363636364,0.09090909090909091,0.75,0.5,,1.0,0.5,4,2,0,4,4,11,8,573.1818181818181,True,False,1.0,Bündnis 90/Die Grünen,0.36363636363636365,0.18181818181818182,0.0,0.36363636363636365,0.36363636363636365,80,22,21,5,16,34,0.05,0.025,0.0,0.05,0.05,0.18181818181818182,0.09523809523809523,0.0,0.25,0.11764705882352941,Opposition,0.0,1.0,19,WP19,2018,11,6
29,2018-11-30,2018-12-06,15,linke,8.0,9.0,-1.0,1.0,0.4666666666666666,1.4,0.8333333333333334,0.5,0.9,0.0,0.3333333333333333,1.0,0.0,0.0,0.8,3,2,2,2,5,10,6,578.0,True,False,0.0,Die Linke,0.3,0.2,0.2,0.2,0.5,80,22,21,5,16,34,0.0375,0.025,0.025,0.025,0.0625,0.13636363636363635,0.09523809523809523,0.4,0.125,0.14705882352941177,Opposition,0.0,1.0,19,WP19,2018,11,6
29,2018-11-30,2018-12-06,15,spd,14.0,14.0,0.0,0.0,0.18518518518518517,0.5555555555555556,0.75,0.16666666666666666,0.3888888888888889,0.0,1.25,0.2,0.0,0.0,0.5714285714285714,4,5,2,4,7,18,12,709.5,True,False,2.0,SPD,0.2222222222222222,0.2777777777777778,0.1111111111111111,0.2222222222222222,0.3888888888888889,80,22,21,5,16,34,0.05,0.0625,0.025,0.05,0.0875,0.18181818181818182,0.23809523809523808,0.4,0.25,0.20588235294117646,Regierung,1.0,0.0,19,WP19,2018,11,6
30,2018-12-06,2018-12-14,14,afd,14.0,15.0,-1.0,1.0,0.9166666666666666,2.75,6.6157407407407405,0.9,1.3,0.55,,7.75,7.25,7.285714285714286,6.615384615384615,0,8,8,7,13,20,18,705.15,False,True,,,0.0,0.4,0.4,0.35,0.65,125,4,5,38,43,40,0.0,0.064,0.064,0.056,0.104,0.0,1.6,0.21052631578947367,0.16279069767441862,0.325,Opposition,0.0,1.0,19,WP19,2018,12,8
30,2018-12-06,2018-12-14,14,cdu/csu,30.0,28.0,2.0,2.0,0.04065040650406504,0.12195121951219512,1.9814814814814814,0.0,0.12195121951219512,0.0,7.0,1.0,2.6923076923076925,2.3846153846153846,1.2142857142857142,1,1,13,13,14,41,27,794.0731707317074,True,False,4.0,CDU/CSU,0.024390243902439025,0.024390243902439025,0.3170731707317073,0.3170731707317073,0.34146341463414637,125,4,5,38,43,40,0.008,0.008,0.104,0.104,0.112,0.25,0.2,0.34210526315789475,0.3023255813953488,0.35,Regierung,1.0,0.0,19,WP19,2018,12,8
30,2018-12-06,2018-12-14,14,fdp,8.0,9.0,-1.0,1.0,0.2424242424242424,0.7272727272727273,2.0833333333333335,0.18181818181818182,0.5454545454545454,0.0,0.0,,1.6666666666666667,0.75,2.5714285714285716,1,0,6,8,7,22,12,520.7272727272727,True,False,3.0,FDP,0.045454545454545456,0.0,0.2727272727272727,0.36363636363636365,0.3181818181818182,125,4,5,38,43,40,0.008,0.0,0.048,0.064,0.056,0.25,0.0,0.15789473684210525,0.18604651162790697,0.175,Opposition,0.0,1.0,19,WP19,2018,12,8
30,2018-12-06,2018-12-14,14,grüne,20.0,21.0,-1.0,1.0,0.3125,0.9375,0.9696969696969696,0.25,0.6875,0.0,0.0,2.0,0.5,1.0,0.8,1,1,4,6,5,16,11,710.1875,True,False,1.0,Bündnis 90/Die Grünen,0.0625,0.0625,0.25,0.375,0.3125,125,4,5,38,43,40,0.008,0.008,0.032,0.048,0.04,0.25,0.2,0.10526315789473684,0.13953488372093023,0.125,Opposition,0.0,1.0,19,WP19,2018,12,8
30,2018-12-06,2018-12-14,14,linke,8.0,8.0,0.0,0.0,0.4583333333333333,1.375,1.0555555555555556,0.5,0.875,0.0,,0.0,0.5,1.1428571428571428,1.2,0,1,6,7,5,16,12,624.8125,True,False,0.0,Die Linke,0.0,0.0625,0.375,0.4375,0.3125,125,4,5,38,43,40,0.0,0.008,0.048,0.056,0.04,0.0,0.2,0.15789473684210525,0.16279069767441862,0.125,Opposition,0.0,1.0,19,WP19,2018,12,8
30,2018-12-06,2018-12-14,14,spd,14.0,14.0,0.0,0.0,0.14444444444444443,0.43333333333333335,0.9479166666666666,0.1,0.23333333333333334,0.1,0.0,1.0,0.7777777777777778,0.6666666666666666,1.1111111111111112,1,2,9,9,9,30,16,651.8666666666667,True,False,2.0,SPD,0.03333333333333333,0.06666666666666667,0.3,0.3,0.3,125,4,5,38,43,40,0.008,0.016,0.072,0.072,0.072,0.25,0.4,0.23684210526315788,0.20930232558139536,0.225,Regierung,1.0,0.0,19,WP19,2018,12,8
31,2018-12-14,2019-01-10,13,afd,13.0,14.0,-1.0,1.0,0.9333333333333332,2.8,6.925925925925926,0.7,1.2,0.9,8.0,7.333333333333333,7.5,7.6,6.714285714285714,1,3,4,5,7,10,9,683.3,False,True,,,0.1,0.3,0.4,0.5,0.7,53,7,4,2,12,17,0.018867924528301886,0.05660377358490566,0.07547169811320754,0.09433962264150944,0.1320754716981132,0.14285714285714285,0.75,2.0,0.4166666666666667,0.4117647058823529,Opposition,0.0,1.0,19,WP19,2018,12,27
31,2018-12-14,2019-01-10,13,cdu/csu,31.0,30.0,1.0,1.0,0.0196078431372549,0.058823529411764705,1.9523809523809526,0.0,0.058823529411764705,0.0,10.0,,0.0,3.3333333333333335,1.6,1,0,1,3,5,17,7,932.1176470588235,True,False,4.0,CDU/CSU,0.058823529411764705,0.0,0.058823529411764705,0.17647058823529413,0.29411764705882354,53,7,4,2,12,17,0.018867924528301886,0.0,0.018867924528301886,0.05660377358490566,0.09433962264150944,0.14285714285714285,0.0,0.5,0.25,0.29411764705882354,Regierung,1.0,0.0,19,WP19,2018,12,27
31,2018-12-14,2019-01-10,13,fdp,8.0,8.0,0.0,0.0,0.29166666666666663,0.875,3.1666666666666665,0.125,0.75,0.0,7.0,2.0,,2.0,3.0,1,1,0,1,2,8,3,590.25,True,False,3.0,FDP,0.125,0.125,0.0,0.125,0.25,53,7,4,2,12,17,0.018867924528301886,0.018867924528301886,0.0,0.018867924528301886,0.03773584905660377,0.14285714285714285,0.25,0.0,0.08333333333333333,0.11764705882352941,Opposition,0.0,1.0,19,WP19,2018,12,27
31,2018-12-14,2019-01-10,13,grüne,20.0,20.0,0.0,0.0,0.2857142857142857,0.8571428571428571,0.75,0.2857142857142857,0.42857142857142855,0.14285714285714285,0.6666666666666666,0.0,0.0,0.6666666666666666,0.0,3,1,1,3,3,7,4,679.2857142857143,True,False,1.0,Bündnis 90/Die Grünen,0.42857142857142855,0.14285714285714285,0.14285714285714285,0.42857142857142855,0.42857142857142855,53,7,4,2,12,17,0.05660377358490566,0.018867924528301886,0.018867924528301886,0.05660377358490566,0.05660377358490566,0.42857142857142855,0.25,0.5,0.25,0.17647058823529413,Opposition,0.0,1.0,19,WP19,2018,12,27
31,2018-12-14,2019-01-10,13,linke,8.0,8.0,0.0,0.0,0.23809523809523808,0.7142857142857143,0.9333333333333332,0.2857142857142857,0.2857142857142857,0.14285714285714285,0.0,2.0,,1.3333333333333333,0.6666666666666666,2,1,0,3,3,7,5,793.0,True,False,0.0,Die Linke,0.2857142857142857,0.14285714285714285,0.0,0.42857142857142855,0.42857142857142855,53,7,4,2,12,17,0.03773584905660377,0.018867924528301886,0.0,0.05660377358490566,0.05660377358490566,0.2857142857142857,0.25,0.0,0.25,0.17647058823529413,Opposition,0.0,1.0,19,WP19,2018,12,27
31,2018-12-14,2019-01-10,13,spd,15.0,14.0,1.0,1.0,0.19047619047619047,0.5714285714285714,1.5,0.21428571428571427,0.35714285714285715,0.0,,2.0,,2.0,1.0,0,1,0,2,4,14,6,662.5,True,False,2.0,SPD,0.0,0.07142857142857142,0.0,0.14285714285714285,0.2857142857142857,53,7,4,2,12,17,0.0,0.018867924528301886,0.0,0.03773584905660377,0.07547169811320754,0.0,0.25,0.0,0.16666666666666666,0.23529411764705882,Regierung,1.0,0.0,19,WP19,2018,12,27
32,2019-01-10,2019-01-25,14,afd,14.0,13.0,1.0,1.0,0.7604166666666666,2.28125,6.490384615384615,0.71875,1.15625,0.40625,6.166666666666667,7.181818181818182,7.5,5.6,7.136363636363637,6,11,2,10,22,32,26,596.125,False,True,,,0.1875,0.34375,0.0625,0.3125,0.6875,186,53,35,7,55,82,0.03225806451612903,0.05913978494623656,0.010752688172043012,0.053763440860215055,0.11827956989247312,0.11320754716981132,0.3142857142857143,0.2857142857142857,0.18181818181818182,0.2682926829268293,Opposition,0.0,1.0,19,WP19,2019,1,15
32,2019-01-10,2019-01-25,14,cdu/csu,29.0,31.0,-2.0,2.0,0.18579234972677594,0.5573770491803278,2.7925925925925927,0.13114754098360656,0.2786885245901639,0.14754098360655737,2.0714285714285716,6.555555555555555,,5.0,2.0303030303030303,14,9,0,16,33,61,45,766.9016393442623,True,False,4.0,CDU/CSU,0.22950819672131148,0.14754098360655737,0.0,0.26229508196721313,0.5409836065573771,186,53,35,7,55,82,0.07526881720430108,0.04838709677419355,0.0,0.08602150537634409,0.1774193548387097,0.2641509433962264,0.2571428571428571,0.0,0.2909090909090909,0.4024390243902439,Regierung,1.0,0.0,19,WP19,2019,1,15
32,2019-01-10,2019-01-25,14,fdp,9.0,8.0,1.0,1.0,0.1616161616161616,0.48484848484848486,2.9523809523809526,0.06060606060606061,0.30303030303030304,0.12121212121212122,3.3333333333333335,5.6,2.0,3.5,2.0,6,5,1,10,12,33,21,540.8484848484849,True,False,3.0,FDP,0.18181818181818182,0.15151515151515152,0.030303030303030304,0.30303030303030304,0.36363636363636365,186,53,35,7,55,82,0.03225806451612903,0.026881720430107527,0.005376344086021506,0.053763440860215055,0.06451612903225806,0.11320754716981132,0.14285714285714285,0.14285714285714285,0.18181818181818182,0.14634146341463414,Opposition,0.0,1.0,19,WP19,2019,1,15
32,2019-01-10,2019-01-25,14,grüne,20.0,20.0,0.0,0.0,0.34722222222222215,1.0416666666666667,1.0392156862745097,0.20833333333333334,0.7916666666666666,0.041666666666666664,0.5,3.2,1.0,1.0,0.6363636363636364,8,5,1,6,11,24,17,670.0416666666666,True,False,1.0,Bündnis 90/Die Grünen,0.3333333333333333,0.20833333333333334,0.041666666666666664,0.25,0.4583333333333333,186,53,35,7,55,82,0.043010752688172046,0.026881720430107527,0.005376344086021506,0.03225806451612903,0.05913978494623656,0.1509433962264151,0.14285714285714285,0.14285714285714285,0.10909090909090909,0.13414634146341464,Opposition,0.0,1.0,19,WP19,2019,1,15
32,2019-01-10,2019-01-25,14,linke,9.0,8.0,1.0,1.0,0.4782608695652174,1.434782608695652,1.4824561403508774,0.4782608695652174,0.782608695652174,0.17391304347826086,1.4,2.0,0.5,1.1111111111111112,0.8,10,8,2,9,10,23,19,662.2173913043479,True,False,0.0,Die Linke,0.43478260869565216,0.34782608695652173,0.08695652173913043,0.391304347826087,0.43478260869565216,186,53,35,7,55,82,0.053763440860215055,0.043010752688172046,0.010752688172043012,0.04838709677419355,0.053763440860215055,0.18867924528301888,0.22857142857142856,0.2857142857142857,0.16363636363636364,0.12195121951219512,Opposition,0.0,1.0,19,WP19,2019,1,15
32,2019-01-10,2019-01-25,14,spd,15.0,15.0,0.0,0.0,0.1259259259259259,0.37777777777777777,1.4401041666666667,0.17777777777777778,0.15555555555555556,0.044444444444444446,1.3333333333333333,3.0,0.6666666666666666,1.2857142857142858,1.125,15,8,3,14,16,45,32,703.1111111111111,True,False,2.0,SPD,0.3333333333333333,0.17777777777777778,0.06666666666666667,0.3111111111111111,0.35555555555555557,186,53,35,7,55,82,0.08064516129032258,0.043010752688172046,0.016129032258064516,0.07526881720430108,0.08602150537634409,0.2830188679245283,0.22857142857142856,0.42857142857142855,0.2545454545454545,0.1951219512195122,Regierung,1.0,0.0,19,WP19,2019,1,15
33,2019-01-25,2019-02-14,15,afd,15.0,14.0,1.0,1.0,0.7156862745098039,2.1470588235294117,6.5234375,0.7352941176470589,1.2058823529411764,0.20588235294117646,7.833333333333333,9.0,8.0,5.769230769230769,6.428571428571429,12,5,4,13,28,34,32,636.2352941176471,False,True,,,0.35294117647058826,0.14705882352941177,0.11764705882352941,0.38235294117647056,0.8235294117647058,204,63,19,7,64,122,0.058823529411764705,0.024509803921568627,0.0196078431372549,0.06372549019607843,0.13725490196078433,0.19047619047619047,0.2631578947368421,0.5714285714285714,0.203125,0.22950819672131148,Opposition,0.0,1.0,19,WP19,2019,1,20
33,2019-01-25,2019-02-14,15,cdu/csu,28.0,29.0,-1.0,1.0,0.10952380952380951,0.32857142857142857,2.7672413793103448,0.04285714285714286,0.2714285714285714,0.014285714285714285,4.444444444444445,6.5,,3.0,1.8863636363636365,18,6,0,21,44,70,58,728.8857142857142,True,False,4.0,CDU/CSU,0.2571428571428571,0.08571428571428572,0.0,0.3,0.6285714285714286,204,63,19,7,64,122,0.08823529411764706,0.029411764705882353,0.0,0.10294117647058823,0.21568627450980393,0.2857142857142857,0.3157894736842105,0.0,0.328125,0.36065573770491804,Regierung,1.0,0.0,19,WP19,2019,1,20
33,2019-01-25,2019-02-14,15,fdp,9.0,9.0,0.0,0.0,0.29166666666666663,0.875,3.6818181818181817,0.21875,0.5625,0.09375,7.0,5.5,,3.5,2.473684210526316,7,4,0,8,19,32,22,580.28125,True,False,3.0,FDP,0.21875,0.125,0.0,0.25,0.59375,204,63,19,7,64,122,0.03431372549019608,0.0196078431372549,0.0,0.0392156862745098,0.09313725490196079,0.1111111111111111,0.21052631578947367,0.0,0.125,0.1557377049180328,Opposition,0.0,1.0,19,WP19,2019,1,20
33,2019-01-25,2019-02-14,15,grüne,20.0,20.0,0.0,0.0,0.3333333333333333,1.0,0.9753086419753086,0.21428571428571427,0.7857142857142857,0.0,0.4,2.0,0.0,1.6363636363636365,1.1111111111111112,15,1,2,11,18,28,27,618.1428571428571,True,False,1.0,Bündnis 90/Die Grünen,0.5357142857142857,0.03571428571428571,0.07142857142857142,0.39285714285714285,0.6428571428571429,204,63,19,7,64,122,0.07352941176470588,0.004901960784313725,0.00980392156862745,0.05392156862745098,0.08823529411764706,0.23809523809523808,0.05263157894736842,0.2857142857142857,0.171875,0.14754098360655737,Opposition,0.0,1.0,19,WP19,2019,1,20
33,2019-01-25,2019-02-14,15,linke,8.0,9.0,-1.0,1.0,0.46153846153846156,1.3846153846153846,1.3,0.4230769230769231,0.8846153846153846,0.07692307692307693,0.875,3.0,0.3333333333333333,0.9,1.7857142857142858,8,3,3,10,14,26,20,610.8076923076923,True,False,0.0,Die Linke,0.3076923076923077,0.11538461538461539,0.11538461538461539,0.38461538461538464,0.5384615384615384,204,63,19,7,64,122,0.0392156862745098,0.014705882352941176,0.014705882352941176,0.049019607843137254,0.06862745098039216,0.12698412698412698,0.15789473684210525,0.42857142857142855,0.15625,0.11475409836065574,Opposition,0.0,1.0,19,WP19,2019,1,20
33,2019-01-25,2019-02-14,15,spd,15.0,15.0,0.0,0.0,0.07638888888888888,0.22916666666666666,1.4428571428571428,0.041666666666666664,0.16666666666666666,0.020833333333333332,2.2,2.2,0.5,1.6428571428571428,0.8888888888888888,15,5,2,14,27,48,35,728.7916666666666,True,False,2.0,SPD,0.3125,0.10416666666666667,0.041666666666666664,0.2916666666666667,0.5625,204,63,19,7,64,122,0.07352941176470588,0.024509803921568627,0.00980392156862745,0.06862745098039216,0.1323529411764706,0.23809523809523808,0.2631578947368421,0.2857142857142857,0.21875,0.22131147540983606,Regierung,1.0,0.0,19,WP19,2019,1,20
34,2019-02-14,2019-02-22,13,afd,13.0,15.0,-2.0,2.0,0.7966101694915254,2.389830508474576,7.021317829457365,0.711864406779661,1.2881355932203389,0.3898305084745763,7.444444444444445,7.1,8.7,6.944444444444445,7.228571428571429,9,20,10,18,35,59,43,598.5254237288135,False,True,,,0.15254237288135594,0.3389830508474576,0.1694915254237288,0.3050847457627119,0.5932203389830508,354,54,46,43,95,147,0.025423728813559324,0.05649717514124294,0.02824858757062147,0.05084745762711865,0.09887005649717515,0.16666666666666666,0.43478260869565216,0.23255813953488372,0.18947368421052632,0.23809523809523808,Opposition,0.0,1.0,19,WP19,2019,2,8
34,2019-02-14,2019-02-22,13,cdu/csu,29.0,28.0,1.0,1.0,0.12044817927170867,0.36134453781512604,2.877853881278539,0.1092436974789916,0.17647058823529413,0.07563025210084033,4.4375,4.75,4.25,3.25,2.0833333333333335,16,16,12,28,48,119,73,685.1596638655462,True,False,4.0,CDU/CSU,0.13445378151260504,0.13445378151260504,0.10084033613445378,0.23529411764705882,0.40336134453781514,354,54,46,43,95,147,0.04519774011299435,0.04519774011299435,0.03389830508474576,0.07909604519774012,0.13559322033898305,0.2962962962962963,0.34782608695652173,0.27906976744186046,0.29473684210526313,0.32653061224489793,Regierung,1.0,0.0,19,WP19,2019,2,8
34,2019-02-14,2019-02-22,13,fdp,9.0,9.0,0.0,0.0,0.29761904761904756,0.8928571428571429,2.372549019607843,0.21428571428571427,0.6428571428571429,0.03571428571428571,5.142857142857143,3.8333333333333335,0.75,1.3846153846153846,1.55,7,6,4,13,20,56,34,560.1071428571429,True,False,3.0,FDP,0.125,0.10714285714285714,0.07142857142857142,0.23214285714285715,0.35714285714285715,354,54,46,43,95,147,0.01977401129943503,0.01694915254237288,0.011299435028248588,0.03672316384180791,0.05649717514124294,0.12962962962962962,0.13043478260869565,0.09302325581395349,0.1368421052631579,0.1360544217687075,Opposition,0.0,1.0,19,WP19,2019,2,8
34,2019-02-14,2019-02-22,13,grüne,19.0,20.0,-1.0,1.0,0.2866666666666666,0.86,1.0789473684210527,0.2,0.58,0.08,0.75,1.125,0.8181818181818182,1.25,0.68,12,8,11,16,25,50,38,603.5,True,False,1.0,Bündnis 90/Die Grünen,0.24,0.16,0.22,0.32,0.5,354,54,46,43,95,147,0.03389830508474576,0.022598870056497175,0.031073446327683617,0.04519774011299435,0.07062146892655367,0.2222222222222222,0.17391304347826086,0.2558139534883721,0.16842105263157894,0.17006802721088435,Opposition,0.0,1.0,19,WP19,2019,2,8
34,2019-02-14,2019-02-22,13,linke,8.0,8.0,0.0,0.0,0.4962962962962963,1.488888888888889,0.9023809523809524,0.5555555555555556,0.9111111111111111,0.022222222222222223,0.14285714285714285,1.0,0.3333333333333333,0.9473684210526315,0.9230769230769231,7,7,6,19,26,45,35,601.1555555555556,True,False,0.0,Die Linke,0.15555555555555556,0.15555555555555556,0.13333333333333333,0.4222222222222222,0.5777777777777777,354,54,46,43,95,147,0.01977401129943503,0.01977401129943503,0.01694915254237288,0.05367231638418079,0.07344632768361582,0.12962962962962962,0.15217391304347827,0.13953488372093023,0.2,0.17687074829931973,Opposition,0.0,1.0,19,WP19,2019,2,8
34,2019-02-14,2019-02-22,13,spd,17.0,15.0,2.0,2.0,0.19047619047619047,0.5714285714285714,1.3594771241830064,0.21428571428571427,0.30952380952380953,0.047619047619047616,1.5,3.0,1.7,0.7368421052631579,1.1428571428571428,12,9,10,19,28,84,51,649.6190476190476,True,False,2.0,SPD,0.14285714285714285,0.10714285714285714,0.11904761904761904,0.2261904761904762,0.3333333333333333,354,54,46,43,95,147,0.03389830508474576,0.025423728813559324,0.02824858757062147,0.05367231638418079,0.07909604519774012,0.2222222222222222,0.1956521739130435,0.23255813953488372,0.2,0.19047619047619047,Regierung,1.0,0.0,19,WP19,2019,2,8
35,2019-02-22,2019-03-15,12,afd,12.0,13.0,-1.0,1.0,0.9375,2.8125,6.895061728395062,0.75,1.5,0.5625,8.666666666666666,8.88888888888889,8.333333333333334,5.642857142857143,7.3478260869565215,6,9,6,14,23,32,27,562.875,False,True,,,0.1875,0.28125,0.1875,0.4375,0.71875,191,44,17,16,51,73,0.031413612565445025,0.04712041884816754,0.031413612565445025,0.07329842931937172,0.12041884816753927,0.13636363636363635,0.5294117647058824,0.375,0.27450980392156865,0.3150684931506849,Opposition,0.0,1.0,19,WP19,2019,2,21
35,2019-02-22,2019-03-15,12,cdu/csu,30.0,29.0,1.0,1.0,0.12307692307692308,0.36923076923076925,2.9625,0.07692307692307693,0.2,0.09230769230769231,3.5714285714285716,4.571428571428571,1.2,3.533333333333333,2.727272727272727,14,7,5,15,22,65,40,720.3384615384615,True,False,4.0,CDU/CSU,0.2153846153846154,0.1076923076923077,0.07692307692307693,0.23076923076923078,0.3384615384615385,191,44,17,16,51,73,0.07329842931937172,0.03664921465968586,0.02617801047120419,0.07853403141361257,0.11518324607329843,0.3181818181818182,0.4117647058823529,0.3125,0.29411764705882354,0.3013698630136986,Regierung,1.0,0.0,19,WP19,2019,2,21
35,2019-02-22,2019-03-15,12,fdp,8.0,9.0,-1.0,1.0,0.2738095238095238,0.8214285714285714,3.5104166666666665,0.14285714285714285,0.6428571428571429,0.03571428571428571,6.5,7.0,1.0,3.0,2.4545454545454546,4,1,1,7,11,28,16,513.8928571428571,True,False,3.0,FDP,0.14285714285714285,0.03571428571428571,0.03571428571428571,0.25,0.39285714285714285,191,44,17,16,51,73,0.020942408376963352,0.005235602094240838,0.005235602094240838,0.03664921465968586,0.05759162303664921,0.09090909090909091,0.058823529411764705,0.0625,0.13725490196078433,0.1506849315068493,Opposition,0.0,1.0,19,WP19,2019,2,21
35,2019-02-22,2019-03-15,12,grüne,18.0,19.0,-1.0,1.0,0.264367816091954,0.7931034482758621,0.9833333333333334,0.20689655172413793,0.5862068965517241,0.0,1.0,2.0,0.3333333333333333,1.1111111111111112,0.8461538461538461,9,1,3,9,13,29,20,561.3448275862069,True,False,1.0,Bündnis 90/Die Grünen,0.3103448275862069,0.034482758620689655,0.10344827586206896,0.3103448275862069,0.4482758620689655,191,44,17,16,51,73,0.04712041884816754,0.005235602094240838,0.015706806282722512,0.04712041884816754,0.06806282722513089,0.20454545454545456,0.058823529411764705,0.1875,0.17647058823529413,0.1780821917808219,Opposition,0.0,1.0,19,WP19,2019,2,21
35,2019-02-22,2019-03-15,12,linke,8.0,8.0,0.0,0.0,0.48717948717948717,1.4615384615384615,1.1403508771929824,0.4230769230769231,1.0,0.038461538461538464,1.4285714285714286,3.3333333333333335,0.0,0.8888888888888888,1.0,7,3,2,9,11,26,19,555.6153846153846,True,False,0.0,Die Linke,0.2692307692307692,0.11538461538461539,0.07692307692307693,0.34615384615384615,0.4230769230769231,191,44,17,16,51,73,0.03664921465968586,0.015706806282722512,0.010471204188481676,0.04712041884816754,0.05759162303664921,0.1590909090909091,0.17647058823529413,0.125,0.17647058823529413,0.1506849315068493,Opposition,0.0,1.0,19,WP19,2019,2,21
35,2019-02-22,2019-03-15,12,spd,18.0,17.0,1.0,1.0,0.15503875968992248,0.46511627906976744,1.425595238095238,0.13953488372093023,0.3023255813953488,0.023255813953488372,2.0,1.6,0.4,1.0909090909090908,1.0625,10,5,5,11,16,43,28,636.0232558139535,True,False,2.0,SPD,0.23255813953488372,0.11627906976744186,0.11627906976744186,0.2558139534883721,0.37209302325581395,191,44,17,16,51,73,0.05235602094240838,0.02617801047120419,0.02617801047120419,0.05759162303664921,0.08376963350785341,0.22727272727272727,0.29411764705882354,0.3125,0.21568627450980393,0.2191780821917808,Regierung,1.0,0.0,19,WP19,2019,2,21
36,2019-03-15,2019-03-22,13,afd,13.0,12.0,1.0,1.0,0.75,2.25,6.387096774193548,0.7222222222222222,1.25,0.2777777777777778,8.142857142857142,8.833333333333334,8.5,5.8,6.296296296296297,7,6,4,10,27,36,31,649.6111111111111,False,True,,,0.19444444444444445,0.16666666666666666,0.1111111111111111,0.2777777777777778,0.75,221,51,18,27,50,113,0.03167420814479638,0.027149321266968326,0.01809954751131222,0.04524886877828054,0.12217194570135746,0.13725490196078433,0.3333333333333333,0.14814814814814814,0.2,0.23893805309734514,Opposition,0.0,1.0,19,WP19,2019,3,7
36,2019-03-15,2019-03-22,13,cdu/csu,29.0,30.0,-1.0,1.0,0.10683760683760682,0.32051282051282054,1.3375000000000001,0.10256410256410256,0.20512820512820512,0.01282051282051282,1.5,3.0,0.875,1.3529411764705883,1.135135135135135,14,6,8,17,37,78,56,711.9871794871794,True,False,4.0,CDU/CSU,0.1794871794871795,0.07692307692307693,0.10256410256410256,0.21794871794871795,0.47435897435897434,221,51,18,27,50,113,0.06334841628959276,0.027149321266968326,0.03619909502262444,0.07692307692307693,0.167420814479638,0.27450980392156865,0.3333333333333333,0.2962962962962963,0.34,0.3274336283185841,Regierung,1.0,0.0,19,WP19,2019,3,7
36,2019-03-15,2019-03-22,13,fdp,8.0,8.0,0.0,0.0,0.2222222222222222,0.6666666666666666,1.52,0.1,0.5666666666666667,0.0,3.25,3.0,0.0,1.3333333333333333,1.4210526315789473,4,1,4,6,19,30,25,608.7,True,False,3.0,FDP,0.13333333333333333,0.03333333333333333,0.13333333333333333,0.2,0.6333333333333333,221,51,18,27,50,113,0.01809954751131222,0.004524886877828055,0.01809954751131222,0.027149321266968326,0.08597285067873303,0.0784313725490196,0.05555555555555555,0.14814814814814814,0.12,0.168141592920354,Opposition,0.0,1.0,19,WP19,2019,3,7
36,2019-03-15,2019-03-22,13,grüne,19.0,18.0,1.0,1.0,0.3020833333333333,0.90625,1.05,0.28125,0.625,0.0,0.7692307692307693,4.0,0.0,0.75,1.2777777777777777,13,3,3,8,18,32,25,643.84375,True,False,1.0,Bündnis 90/Die Grünen,0.40625,0.09375,0.09375,0.25,0.5625,221,51,18,27,50,113,0.058823529411764705,0.013574660633484163,0.013574660633484163,0.03619909502262444,0.08144796380090498,0.2549019607843137,0.16666666666666666,0.1111111111111111,0.16,0.1592920353982301,Opposition,0.0,1.0,19,WP19,2019,3,7
36,2019-03-15,2019-03-22,13,linke,9.0,8.0,1.0,1.0,0.4047619047619047,1.2142857142857142,1.869047619047619,0.35714285714285715,0.8214285714285714,0.03571428571428571,1.5,6.25,1.5,1.0,1.8461538461538463,6,4,6,6,13,28,21,623.0714285714286,True,False,0.0,Die Linke,0.21428571428571427,0.14285714285714285,0.21428571428571427,0.21428571428571427,0.4642857142857143,221,51,18,27,50,113,0.027149321266968326,0.01809954751131222,0.027149321266968326,0.027149321266968326,0.058823529411764705,0.11764705882352941,0.2222222222222222,0.2222222222222222,0.12,0.11504424778761062,Opposition,0.0,1.0,19,WP19,2019,3,7
36,2019-03-15,2019-03-22,13,spd,17.0,18.0,-1.0,1.0,0.13836477987421383,0.41509433962264153,0.9047619047619048,0.16981132075471697,0.22641509433962265,0.018867924528301886,0.8571428571428571,2.5,0.8333333333333334,0.7692307692307693,0.6923076923076923,14,4,6,13,26,53,42,651.9811320754717,True,False,2.0,SPD,0.2641509433962264,0.07547169811320754,0.11320754716981132,0.24528301886792453,0.49056603773584906,221,51,18,27,50,113,0.06334841628959276,0.01809954751131222,0.027149321266968326,0.058823529411764705,0.11764705882352941,0.27450980392156865,0.2222222222222222,0.2222222222222222,0.26,0.23008849557522124,Regierung,1.0,0.0,19,WP19,2019,3,7
37,2019-03-22,2019-04-04,12,afd,12.0,13.0,-1.0,1.0,0.9696969696969696,2.909090909090909,6.9,0.8181818181818182,1.1818181818181819,0.9090909090909091,5.0,8.8,7.5,6.5,9.0,1,5,6,8,4,11,10,628.0909090909091,False,True,,,0.09090909090909091,0.45454545454545453,0.5454545454545454,0.7272727272727273,0.36363636363636365,66,6,10,23,39,16,0.015151515151515152,0.07575757575757576,0.09090909090909091,0.12121212121212122,0.06060606060606061,0.16666666666666666,0.5,0.2608695652173913,0.20512820512820512,0.25,Opposition,0.0,1.0,19,WP19,2019,3,13
37,2019-03-22,2019-04-04,12,cdu/csu,29.0,29.0,0.0,0.0,0.20634920634920634,0.6190476190476191,3.4411764705882355,0.14285714285714285,0.2857142857142857,0.19047619047619047,1.5,5.8,3.1,4.909090909090909,3.75,2,5,10,11,8,21,17,825.5238095238095,True,False,4.0,CDU/CSU,0.09523809523809523,0.23809523809523808,0.47619047619047616,0.5238095238095238,0.38095238095238093,66,6,10,23,39,16,0.030303030303030304,0.07575757575757576,0.15151515151515152,0.16666666666666666,0.12121212121212122,0.3333333333333333,0.5,0.43478260869565216,0.28205128205128205,0.5,Regierung,1.0,0.0,19,WP19,2019,3,13
37,2019-03-22,2019-04-04,12,fdp,9.0,8.0,1.0,1.0,0.14814814814814814,0.4444444444444444,1.3611111111111114,0.0,0.3333333333333333,0.1111111111111111,0.0,7.0,0.5,1.5,3.0,1,1,2,4,2,9,6,579.0,True,False,3.0,FDP,0.1111111111111111,0.1111111111111111,0.2222222222222222,0.4444444444444444,0.2222222222222222,66,6,10,23,39,16,0.015151515151515152,0.015151515151515152,0.030303030303030304,0.06060606060606061,0.030303030303030304,0.16666666666666666,0.1,0.08695652173913043,0.10256410256410256,0.125,Opposition,0.0,1.0,19,WP19,2019,3,13
37,2019-03-22,2019-04-04,12,grüne,19.0,19.0,0.0,0.0,0.20833333333333331,0.625,0.7142857142857143,0.125,0.375,0.125,1.0,,0.0,0.6666666666666666,,1,0,3,6,0,8,7,683.375,True,False,1.0,Bündnis 90/Die Grünen,0.125,0.0,0.375,0.75,0.0,66,6,10,23,39,16,0.015151515151515152,0.0,0.045454545454545456,0.09090909090909091,0.0,0.16666666666666666,0.0,0.13043478260869565,0.15384615384615385,0.0,Opposition,0.0,1.0,19,WP19,2019,3,13
37,2019-03-22,2019-04-04,12,linke,8.0,9.0,-1.0,1.0,0.3333333333333333,1.0,1.15625,0.0,0.7777777777777778,0.2222222222222222,1.0,1.75,0.0,1.1666666666666667,0.3333333333333333,1,4,2,6,3,9,8,580.3333333333334,True,False,0.0,Die Linke,0.1111111111111111,0.4444444444444444,0.2222222222222222,0.6666666666666666,0.3333333333333333,66,6,10,23,39,16,0.015151515151515152,0.06060606060606061,0.030303030303030304,0.09090909090909091,0.045454545454545456,0.16666666666666666,0.4,0.08695652173913043,0.15384615384615385,0.1875,Opposition,0.0,1.0,19,WP19,2019,3,13
37,2019-03-22,2019-04-04,12,spd,18.0,17.0,1.0,1.0,0.017543859649122806,0.05263157894736842,1.5,0.0,0.05263157894736842,0.0,2.0,,0.5,1.9166666666666667,1.6666666666666667,1,0,6,12,3,19,16,616.8947368421053,True,False,2.0,SPD,0.05263157894736842,0.0,0.3157894736842105,0.631578947368421,0.15789473684210525,66,6,10,23,39,16,0.015151515151515152,0.0,0.09090909090909091,0.18181818181818182,0.045454545454545456,0.16666666666666666,0.0,0.2608695652173913,0.3076923076923077,0.1875,Regierung,1.0,0.0,19,WP19,2019,3,13
38,2019-04-04,2019-04-18,12,afd,12.0,12.0,0.0,0.0,0.7647058823529411,2.2941176470588234,6.489080459770115,0.7058823529411765,1.1764705882352942,0.4117647058823529,8.666666666666666,8.0,6.214285714285714,4.96,7.0,15,23,14,25,44,68,58,624.6470588235294,False,True,,,0.22058823529411764,0.3382352941176471,0.20588235294117646,0.36764705882352944,0.6470588235294118,446,76,46,50,153,194,0.033632286995515695,0.0515695067264574,0.03139013452914798,0.05605381165919283,0.09865470852017937,0.19736842105263158,0.5,0.28,0.16339869281045752,0.2268041237113402,Opposition,0.0,1.0,19,WP19,2019,4,14
38,2019-04-04,2019-04-18,12,cdu/csu,29.0,29.0,0.0,0.0,0.12236286919831223,0.3670886075949367,2.4572649572649574,0.0759493670886076,0.22151898734177214,0.06962025316455696,3.3181818181818183,4.136363636363637,1.2272727272727273,2.418181818181818,2.391891891891892,22,22,22,55,74,158,117,669.6708860759494,True,False,4.0,CDU/CSU,0.13924050632911392,0.13924050632911392,0.13924050632911392,0.34810126582278483,0.46835443037974683,446,76,46,50,153,194,0.04932735426008968,0.04932735426008968,0.04932735426008968,0.12331838565022421,0.16591928251121077,0.2894736842105263,0.4782608695652174,0.44,0.35947712418300654,0.38144329896907214,Regierung,1.0,0.0,19,WP19,2019,4,14
38,2019-04-04,2019-04-18,12,fdp,9.0,9.0,0.0,0.0,0.23529411764705882,0.7058823529411765,2.57,0.16176470588235295,0.5147058823529411,0.029411764705882353,4.777777777777778,4.0,1.3333333333333333,1.391304347826087,2.212121212121212,9,3,3,23,33,68,50,566.1176470588235,True,False,3.0,FDP,0.1323529411764706,0.04411764705882353,0.04411764705882353,0.3382352941176471,0.4852941176470588,446,76,46,50,153,194,0.020179372197309416,0.006726457399103139,0.006726457399103139,0.0515695067264574,0.07399103139013453,0.11842105263157894,0.06521739130434782,0.06,0.1503267973856209,0.17010309278350516,Opposition,0.0,1.0,19,WP19,2019,4,14
38,2019-04-04,2019-04-18,12,grüne,20.0,19.0,1.0,1.0,0.2804232804232804,0.8412698412698413,1.2534013605442176,0.15873015873015872,0.6031746031746031,0.07936507936507936,0.875,1.75,0.2222222222222222,1.0952380952380953,1.4615384615384615,16,4,9,21,26,63,49,575.8095238095239,True,False,1.0,Bündnis 90/Die Grünen,0.25396825396825395,0.06349206349206349,0.14285714285714285,0.3333333333333333,0.4126984126984127,446,76,46,50,153,194,0.03587443946188341,0.008968609865470852,0.020179372197309416,0.04708520179372197,0.05829596412556054,0.21052631578947367,0.08695652173913043,0.18,0.13725490196078433,0.13402061855670103,Opposition,0.0,1.0,19,WP19,2019,4,14
38,2019-04-04,2019-04-18,12,linke,8.0,8.0,0.0,0.0,0.4971751412429378,1.4915254237288136,1.2259259259259259,0.4576271186440678,0.9491525423728814,0.0847457627118644,0.6363636363636364,2.4,0.6,1.0952380952380953,1.3478260869565217,11,5,5,21,23,59,45,551.2542372881356,True,False,0.0,Die Linke,0.1864406779661017,0.0847457627118644,0.0847457627118644,0.3559322033898305,0.3898305084745763,446,76,46,50,153,194,0.02466367713004484,0.011210762331838564,0.011210762331838564,0.04708520179372197,0.0515695067264574,0.14473684210526316,0.10869565217391304,0.1,0.13725490196078433,0.11855670103092783,Opposition,0.0,1.0,19,WP19,2019,4,14
38,2019-04-04,2019-04-18,12,spd,17.0,18.0,-1.0,1.0,0.15646258503401358,0.46938775510204084,1.3169014084507042,0.16326530612244897,0.25510204081632654,0.05102040816326531,1.2777777777777777,2.6666666666666665,0.8181818181818182,1.2121212121212122,1.131578947368421,18,12,11,33,38,98,71,656.5714285714286,True,False,2.0,SPD,0.1836734693877551,0.12244897959183673,0.11224489795918367,0.336734693877551,0.3877551020408163,446,76,46,50,153,194,0.04035874439461883,0.026905829596412557,0.02466367713004484,0.07399103139013453,0.08520179372197309,0.23684210526315788,0.2608695652173913,0.22,0.21568627450980393,0.1958762886597938,Regierung,1.0,0.0,19,WP19,2019,4,14
39,2019-04-18,2019-05-02,13,afd,13.0,12.0,1.0,1.0,,,,,,,,,,,,0,0,0,0,0,0,0,,False,True,,,,,,,,0,0,0,0,0,0,,,,,,,,,,,,,,,,2019,4,14
39,2019-04-18,2019-05-02,13,cdu/csu,29.0,29.0,0.0,0.0,,,,,,,,,,,,0,0,0,0,0,0,0,,True,False,4.0,CDU/CSU,,,,,,0,0,0,0,0,0,,,,,,,,,,,,,,,,2019,4,14
39,2019-04-18,2019-05-02,13,fdp,8.0,9.0,-1.0,1.0,,,,,,,,,,,,0,0,0,0,0,0,0,,True,False,3.0,FDP,,,,,,0,0,0,0,0,0,,,,,,,,,,,,,,,,2019,4,14
39,2019-04-18,2019-05-02,13,grüne,21.0,20.0,1.0,1.0,,,,,,,,,,,,0,0,0,0,0,0,0,,True,False,1.0,Bündnis 90/Die Grünen,,,,,,0,0,0,0,0,0,,,,,,,,,,,,,,,,2019,4,14
39,2019-04-18,2019-05-02,13,linke,8.0,8.0,0.0,0.0,,,,,,,,,,,,0,0,0,0,0,0,0,,True,False,0.0,Die Linke,,,,,,0,0,0,0,0,0,,,,,,,,,,,,,,,,2019,4,14
39,2019-04-18,2019-05-02,13,spd,16.0,17.0,-1.0,1.0,,,,,,,,,,,,0,0,0,0,0,0,0,,True,False,2.0,SPD,,,,,,0,0,0,0,0,0,,,,,,,,,,,,,,,,2019,4,14
40,2019-05-02,2019-05-17,12,afd,12.0,13.0,-1.0,1.0,0.8737373737373737,2.621212121212121,6.536163522012579,0.8939393939393939,1.3484848484848484,0.3787878787878788,9.125,7.9,7.555555555555555,5.583333333333333,7.170212765957447,8,20,9,24,47,66,53,651.560606060606,False,True,,,0.12121212121212122,0.30303030303030304,0.13636363636363635,0.36363636363636365,0.7121212121212122,414,76,85,25,113,223,0.01932367149758454,0.04830917874396135,0.021739130434782608,0.057971014492753624,0.11352657004830918,0.10526315789473684,0.23529411764705882,0.36,0.21238938053097345,0.21076233183856502,Opposition,0.0,1.0,19,WP19,2019,5,15
40,2019-05-02,2019-05-17,12,cdu/csu,28.0,29.0,-1.0,1.0,0.10714285714285714,0.32142857142857145,2.608910891089109,0.07857142857142857,0.15714285714285714,0.08571428571428572,2.590909090909091,4.580645161290323,3.5714285714285716,3.212121212121212,2.4125,22,31,7,33,80,140,101,694.4857142857143,True,False,4.0,CDU/CSU,0.15714285714285714,0.22142857142857142,0.05,0.2357142857142857,0.5714285714285714,414,76,85,25,113,223,0.05314009661835749,0.0748792270531401,0.016908212560386472,0.07971014492753623,0.1932367149758454,0.2894736842105263,0.36470588235294116,0.28,0.2920353982300885,0.35874439461883406,Regierung,1.0,0.0,19,WP19,2019,5,15
40,2019-05-02,2019-05-17,12,fdp,8.0,8.0,0.0,0.0,0.25,0.75,2.3682170542635657,0.109375,0.546875,0.09375,2.8333333333333335,4.357142857142857,3.5,2.2666666666666666,2.15625,6,14,2,15,32,64,43,559.515625,True,False,3.0,FDP,0.09375,0.21875,0.03125,0.234375,0.5,414,76,85,25,113,223,0.014492753623188406,0.033816425120772944,0.004830917874396135,0.036231884057971016,0.07729468599033816,0.07894736842105263,0.16470588235294117,0.08,0.13274336283185842,0.14349775784753363,Opposition,0.0,1.0,19,WP19,2019,5,15
40,2019-05-02,2019-05-17,12,grüne,20.0,21.0,-1.0,1.0,0.3333333333333333,1.0,1.1145833333333333,0.3157894736842105,0.631578947368421,0.05263157894736842,0.6666666666666666,1.9090909090909092,0.5,1.1176470588235294,1.0666666666666667,18,11,2,17,30,57,48,618.9824561403509,True,False,1.0,Bündnis 90/Die Grünen,0.3157894736842105,0.19298245614035087,0.03508771929824561,0.2982456140350877,0.5263157894736842,414,76,85,25,113,223,0.043478260869565216,0.026570048309178744,0.004830917874396135,0.04106280193236715,0.07246376811594203,0.23684210526315788,0.12941176470588237,0.08,0.1504424778761062,0.13452914798206278,Opposition,0.0,1.0,19,WP19,2019,5,15
40,2019-05-02,2019-05-17,12,linke,9.0,8.0,1.0,1.0,0.47023809523809523,1.4107142857142858,1.2604166666666667,0.48214285714285715,0.9107142857142857,0.017857142857142856,0.8181818181818182,1.6153846153846154,0.0,1.5454545454545454,1.303030303030303,11,13,3,22,33,56,48,550.9642857142857,True,False,0.0,Die Linke,0.19642857142857142,0.23214285714285715,0.05357142857142857,0.39285714285714285,0.5892857142857143,414,76,85,25,113,223,0.026570048309178744,0.03140096618357488,0.007246376811594203,0.05314009661835749,0.07971014492753623,0.14473684210526316,0.15294117647058825,0.12,0.19469026548672566,0.14798206278026907,Opposition,0.0,1.0,19,WP19,2019,5,15
40,2019-05-02,2019-05-17,12,spd,18.0,16.0,2.0,2.0,0.15807560137457044,0.4742268041237113,1.3666666666666667,0.18556701030927836,0.26804123711340205,0.020618556701030927,1.2105263157894737,2.3125,1.0909090909090908,1.4230769230769231,1.3541666666666667,19,16,11,26,48,97,70,690.7938144329897,True,False,2.0,SPD,0.1958762886597938,0.16494845360824742,0.1134020618556701,0.26804123711340205,0.4948453608247423,414,76,85,25,113,223,0.04589371980676329,0.03864734299516908,0.026570048309178744,0.06280193236714976,0.11594202898550725,0.25,0.18823529411764706,0.44,0.23008849557522124,0.21524663677130046,Regierung,1.0,0.0,19,WP19,2019,5,15
41,2019-05-17,2019-06-06,13,afd,13.0,12.0,1.0,1.0,1.1111111111111112,3.3333333333333335,8.044444444444444,0.9333333333333333,1.6,0.8,8.333333333333334,9.0,9.5,7.0,8.083333333333334,6,4,2,5,12,15,15,561.3333333333334,False,True,,,0.4,0.26666666666666666,0.13333333333333333,0.3333333333333333,0.8,86,31,7,12,31,60,0.06976744186046512,0.046511627906976744,0.023255813953488372,0.05813953488372093,0.13953488372093023,0.1935483870967742,0.5714285714285714,0.16666666666666666,0.16129032258064516,0.2,Opposition,0.0,1.0,19,WP19,2019,5,20
41,2019-05-17,2019-06-06,13,cdu/csu,29.0,28.0,1.0,1.0,0.11827956989247311,0.3548387096774194,2.3225806451612905,0.06451612903225806,0.22580645161290322,0.06451612903225806,3.3636363636363638,4.333333333333333,0.75,2.909090909090909,1.5454545454545454,11,3,4,11,22,31,31,702.1935483870968,True,False,4.0,CDU/CSU,0.3548387096774194,0.0967741935483871,0.12903225806451613,0.3548387096774194,0.7096774193548387,86,31,7,12,31,60,0.12790697674418605,0.03488372093023256,0.046511627906976744,0.12790697674418605,0.2558139534883721,0.3548387096774194,0.42857142857142855,0.3333333333333333,0.3548387096774194,0.36666666666666664,Regierung,1.0,0.0,19,WP19,2019,5,20
41,2019-05-17,2019-06-06,13,fdp,8.0,8.0,0.0,0.0,0.23076923076923078,0.6923076923076923,2.474358974358974,0.0,0.6153846153846154,0.07692307692307693,4.0,4.5,0.0,2.5,1.5833333333333333,5,2,2,4,12,13,13,609.1538461538462,True,False,3.0,FDP,0.38461538461538464,0.15384615384615385,0.15384615384615385,0.3076923076923077,0.9230769230769231,86,31,7,12,31,60,0.05813953488372093,0.023255813953488372,0.023255813953488372,0.046511627906976744,0.13953488372093023,0.16129032258064516,0.2857142857142857,0.16666666666666666,0.12903225806451613,0.2,Opposition,0.0,1.0,19,WP19,2019,5,20
41,2019-05-17,2019-06-06,13,grüne,18.0,20.0,-2.0,2.0,0.23809523809523808,0.7142857142857143,0.9615384615384616,0.14285714285714285,0.5,0.07142857142857142,0.8333333333333334,,0.0,0.8333333333333334,1.2222222222222223,6,0,2,6,9,14,13,613.3571428571429,True,False,1.0,Bündnis 90/Die Grünen,0.42857142857142855,0.0,0.14285714285714285,0.42857142857142855,0.6428571428571429,86,31,7,12,31,60,0.06976744186046512,0.0,0.023255813953488372,0.06976744186046512,0.10465116279069768,0.1935483870967742,0.0,0.16666666666666666,0.1935483870967742,0.15,Opposition,0.0,1.0,19,WP19,2019,5,20
41,2019-05-17,2019-06-06,13,linke,8.0,9.0,-1.0,1.0,0.3333333333333333,1.0,1.7333333333333332,0.3,0.7,0.0,1.0,2.0,0.0,0.75,1.875,3,2,1,4,8,10,10,641.4,True,False,0.0,Die Linke,0.3,0.2,0.1,0.4,0.8,86,31,7,12,31,60,0.03488372093023256,0.023255813953488372,0.011627906976744186,0.046511627906976744,0.09302325581395349,0.0967741935483871,0.2857142857142857,0.08333333333333333,0.12903225806451613,0.13333333333333333,Opposition,0.0,1.0,19,WP19,2019,5,20
41,2019-05-17,2019-06-06,13,spd,17.0,18.0,-1.0,1.0,0.14814814814814814,0.4444444444444444,1.03125,0.0,0.3888888888888889,0.05555555555555555,1.1666666666666667,,0.3333333333333333,0.6666666666666666,1.1111111111111112,6,0,3,6,9,18,16,822.7777777777778,True,False,2.0,SPD,0.3333333333333333,0.0,0.16666666666666666,0.3333333333333333,0.5,86,31,7,12,31,60,0.06976744186046512,0.0,0.03488372093023256,0.06976744186046512,0.10465116279069768,0.1935483870967742,0.0,0.25,0.1935483870967742,0.15,Regierung,1.0,0.0,19,WP19,2019,5,20
42,2019-06-06,2019-06-28,13,afd,13.0,13.0,0.0,0.0,0.9452054794520548,2.835616438356164,7.156089743589744,0.9041095890410958,1.356164383561644,0.5753424657534246,8.545454545454545,8.185185185185185,8.176470588235293,6.266666666666667,7.613636363636363,11,27,17,30,44,73,52,612.917808219178,False,True,,,0.1506849315068493,0.3698630136986301,0.2328767123287671,0.410958904109589,0.6027397260273972,450,67,92,56,176,170,0.024444444444444446,0.06,0.03777777777777778,0.06666666666666667,0.09777777777777778,0.16417910447761194,0.29347826086956524,0.30357142857142855,0.17045454545454544,0.25882352941176473,Opposition,0.0,1.0,19,WP19,2019,6,22
42,2019-06-06,2019-06-28,13,cdu/csu,25.0,29.0,-4.0,4.0,0.14035087719298245,0.42105263157894735,2.5906148867313914,0.09210526315789473,0.19736842105263158,0.13157894736842105,2.7142857142857144,4.44,3.0714285714285716,3.0555555555555554,2.4603174603174605,21,25,14,54,63,152,103,675.1907894736842,True,False,4.0,CDU/CSU,0.13815789473684212,0.16447368421052633,0.09210526315789473,0.35526315789473684,0.4144736842105263,450,67,92,56,176,170,0.04666666666666667,0.05555555555555555,0.03111111111111111,0.12,0.14,0.31343283582089554,0.2717391304347826,0.25,0.3068181818181818,0.37058823529411766,Regierung,1.0,0.0,19,WP19,2019,6,22
42,2019-06-06,2019-06-28,13,fdp,8.0,8.0,0.0,0.0,0.26190476190476186,0.7857142857142857,2.2003968253968256,0.18571428571428572,0.4714285714285714,0.12857142857142856,3.4285714285714284,3.9285714285714284,0.8,1.8076923076923077,2.238095238095238,7,14,5,26,21,70,42,598.4571428571429,True,False,3.0,FDP,0.1,0.2,0.07142857142857142,0.37142857142857144,0.3,450,67,92,56,176,170,0.015555555555555555,0.03111111111111111,0.011111111111111112,0.057777777777777775,0.04666666666666667,0.1044776119402985,0.15217391304347827,0.08928571428571429,0.14772727272727273,0.12352941176470589,Opposition,0.0,1.0,19,WP19,2019,6,22
42,2019-06-06,2019-06-28,13,grüne,26.0,18.0,8.0,8.0,0.2711864406779661,0.8135593220338984,1.3138297872340425,0.1864406779661017,0.4915254237288136,0.13559322033898305,1.4615384615384615,2.5,0.16666666666666666,1.4,1.2916666666666667,13,14,12,25,24,59,47,605.6101694915254,True,False,1.0,Bündnis 90/Die Grünen,0.22033898305084745,0.23728813559322035,0.2033898305084746,0.423728813559322,0.4067796610169492,450,67,92,56,176,170,0.028888888888888888,0.03111111111111111,0.02666666666666667,0.05555555555555555,0.05333333333333334,0.19402985074626866,0.15217391304347827,0.21428571428571427,0.14204545454545456,0.1411764705882353,Opposition,0.0,1.0,19,WP19,2019,6,22
42,2019-06-06,2019-06-28,13,linke,7.0,8.0,-1.0,1.0,0.4918032786885246,1.4754098360655739,1.0232558139534884,0.4426229508196721,0.8360655737704918,0.19672131147540983,1.3333333333333333,1.5833333333333333,0.5,1.0344827586206897,0.9,9,12,12,29,20,61,43,564.4098360655738,True,False,0.0,Die Linke,0.14754098360655737,0.19672131147540983,0.19672131147540983,0.47540983606557374,0.32786885245901637,450,67,92,56,176,170,0.02,0.02666666666666667,0.02666666666666667,0.06444444444444444,0.044444444444444446,0.13432835820895522,0.13043478260869565,0.21428571428571427,0.16477272727272727,0.11764705882352941,Opposition,0.0,1.0,19,WP19,2019,6,22
42,2019-06-06,2019-06-28,13,spd,12.0,17.0,-5.0,5.0,0.18827160493827158,0.5648148148148148,1.6469907407407407,0.14814814814814814,0.2777777777777778,0.1388888888888889,1.2941176470588236,2.814814814814815,0.9230769230769231,1.8095238095238095,1.5714285714285714,17,27,13,42,42,108,72,639.7685185185185,True,False,2.0,SPD,0.1574074074074074,0.25,0.12037037037037036,0.3888888888888889,0.3888888888888889,450,67,92,56,176,170,0.03777777777777778,0.06,0.028888888888888888,0.09333333333333334,0.09333333333333334,0.2537313432835821,0.29347826086956524,0.23214285714285715,0.23863636363636365,0.24705882352941178,Regierung,1.0,0.0,19,WP19,2019,6,22
43,2019-06-28,2019-07-04,12,afd,12.0,13.0,-1.0,1.0,0.611111111111111,1.8333333333333333,6.8,0.6666666666666666,0.75,0.4166666666666667,7.6,9.5,8.0,2.0,7.5,5,2,1,2,6,12,10,610.3333333333334,False,True,,,0.4166666666666667,0.16666666666666666,0.08333333333333333,0.16666666666666666,0.5,75,19,7,4,10,20,0.06666666666666667,0.02666666666666667,0.013333333333333334,0.02666666666666667,0.08,0.2631578947368421,0.2857142857142857,0.25,0.2,0.3,Opposition,0.0,1.0,19,WP19,2019,6,6
43,2019-06-28,2019-07-04,12,cdu/csu,26.0,25.0,1.0,1.0,0.039999999999999994,0.12,1.5833333333333333,0.04,0.08,0.0,2.6,2.0,,0.0,1.2857142857142858,5,1,0,2,7,25,12,751.88,True,False,4.0,CDU/CSU,0.2,0.04,0.0,0.08,0.28,75,19,7,4,10,20,0.06666666666666667,0.013333333333333334,0.0,0.02666666666666667,0.09333333333333334,0.2631578947368421,0.14285714285714285,0.0,0.2,0.35,Regierung,1.0,0.0,19,WP19,2019,6,6
43,2019-06-28,2019-07-04,12,fdp,9.0,8.0,1.0,1.0,0.1212121212121212,0.36363636363636365,1.7857142857142858,0.09090909090909091,0.2727272727272727,0.0,4.0,3.0,0.0,0.6666666666666666,3.0,2,1,1,3,2,11,7,542.3636363636364,True,False,3.0,FDP,0.18181818181818182,0.09090909090909091,0.09090909090909091,0.2727272727272727,0.18181818181818182,75,19,7,4,10,20,0.02666666666666667,0.013333333333333334,0.013333333333333334,0.04,0.02666666666666667,0.10526315789473684,0.14285714285714285,0.25,0.3,0.1,Opposition,0.0,1.0,19,WP19,2019,6,6
43,2019-06-28,2019-07-04,12,grüne,25.0,26.0,-1.0,1.0,0.303030303030303,0.9090909090909091,1.1875,0.36363636363636365,0.45454545454545453,0.09090909090909091,1.0,1.5,0.0,0.0,1.75,6,2,2,1,4,11,8,588.1818181818181,True,False,1.0,Bündnis 90/Die Grünen,0.5454545454545454,0.18181818181818182,0.18181818181818182,0.09090909090909091,0.36363636363636365,75,19,7,4,10,20,0.08,0.02666666666666667,0.02666666666666667,0.013333333333333334,0.05333333333333334,0.3157894736842105,0.2857142857142857,0.5,0.1,0.2,Opposition,0.0,1.0,19,WP19,2019,6,6
43,2019-06-28,2019-07-04,12,linke,7.0,7.0,0.0,0.0,0.48148148148148145,1.4444444444444444,3.0666666666666664,0.5555555555555556,0.6666666666666666,0.2222222222222222,0.0,5.0,,2.0,5.0,1,2,0,2,2,9,5,605.0,True,False,0.0,Die Linke,0.1111111111111111,0.2222222222222222,0.0,0.2222222222222222,0.2222222222222222,75,19,7,4,10,20,0.013333333333333334,0.02666666666666667,0.0,0.02666666666666667,0.02666666666666667,0.05263157894736842,0.2857142857142857,0.0,0.2,0.1,Opposition,0.0,1.0,19,WP19,2019,6,6
43,2019-06-28,2019-07-04,12,spd,13.0,12.0,1.0,1.0,0.08771929824561403,0.2631578947368421,0.9545454545454546,0.0,0.2631578947368421,0.0,1.4,0.0,0.0,0.0,1.0,5,1,1,2,5,19,11,705.3684210526316,True,False,2.0,SPD,0.2631578947368421,0.05263157894736842,0.05263157894736842,0.10526315789473684,0.2631578947368421,75,19,7,4,10,20,0.06666666666666667,0.013333333333333334,0.013333333333333334,0.02666666666666667,0.06666666666666667,0.2631578947368421,0.14285714285714285,0.25,0.2,0.25,Regierung,1.0,0.0,19,WP19,2019,6,6
44,2019-07-04,2019-07-26,13,afd,13.0,12.0,1.0,1.0,1.0,3.0,,1.0,2.0,0.0,,,,,,0,0,0,0,0,1,0,824.0,False,True,,,0.0,0.0,0.0,0.0,0.0,9,1,0,0,2,6,0.0,0.0,0.0,0.0,0.0,0.0,,,0.0,0.0,Opposition,0.0,1.0,19,WP19,2019,7,22
44,2019-07-04,2019-07-26,13,cdu/csu,25.0,26.0,-1.0,1.0,0.0,0.0,2.25,0.0,0.0,0.0,,,,2.0,2.5,0,0,0,1,2,3,2,962.0,True,False,4.0,CDU/CSU,0.0,0.0,0.0,0.3333333333333333,0.6666666666666666,9,1,0,0,2,6,0.0,0.0,0.0,0.1111111111111111,0.2222222222222222,0.0,,,0.5,0.3333333333333333,Regierung,1.0,0.0,19,WP19,2019,7,22
44,2019-07-04,2019-07-26,13,fdp,8.0,9.0,-1.0,1.0,0.16666666666666666,0.5,3.0,0.0,0.5,0.0,,,,,3.0,0,0,0,0,1,2,1,525.5,True,False,3.0,FDP,0.0,0.0,0.0,0.0,0.5,9,1,0,0,2,6,0.0,0.0,0.0,0.0,0.1111111111111111,0.0,,,0.0,0.16666666666666666,Opposition,0.0,1.0,19,WP19,2019,7,22
44,2019-07-04,2019-07-26,13,grüne,26.0,25.0,1.0,1.0,0.3333333333333333,1.0,1.0,0.0,1.0,0.0,0.0,,,2.0,1.0,1,0,0,1,1,1,1,906.0,True,False,1.0,Bündnis 90/Die Grünen,1.0,0.0,0.0,1.0,1.0,9,1,0,0,2,6,0.1111111111111111,0.0,0.0,0.1111111111111111,0.1111111111111111,1.0,,,0.5,0.16666666666666666,Opposition,0.0,1.0,19,WP19,2019,7,22
44,2019-07-04,2019-07-26,13,linke,8.0,7.0,1.0,1.0,0.3333333333333333,1.0,3.0,0.0,1.0,0.0,,,,,3.0,0,0,0,0,1,1,1,776.0,True,False,0.0,Die Linke,0.0,0.0,0.0,0.0,1.0,9,1,0,0,2,6,0.0,0.0,0.0,0.0,0.1111111111111111,0.0,,,0.0,0.16666666666666666,Opposition,0.0,1.0,19,WP19,2019,7,22
44,2019-07-04,2019-07-26,13,spd,13.0,13.0,0.0,0.0,0.0,0.0,2.0,0.0,0.0,0.0,,,,,2.0,0,0,0,0,1,2,1,744.0,True,False,2.0,SPD,0.0,0.0,0.0,0.0,0.5,9,1,0,0,2,6,0.0,0.0,0.0,0.0,0.1111111111111111,0.0,,,0.0,0.16666666666666666,Regierung,1.0,0.0,19,WP19,2019,7,22
45,2019-07-26,2019-08-01,12,afd,12.0,13.0,-1.0,1.0,,,,,,,,,,,,0,0,0,0,0,0,0,,False,True,,,,,,,,0,0,0,0,0,0,,,,,,,,,,,,,,,,2019,7,6
45,2019-07-26,2019-08-01,12,cdu/csu,26.0,25.0,1.0,1.0,,,,,,,,,,,,0,0,0,0,0,0,0,,True,False,4.0,CDU/CSU,,,,,,0,0,0,0,0,0,,,,,,,,,,,,,,,,2019,7,6
45,2019-07-26,2019-08-01,12,fdp,9.0,8.0,1.0,1.0,,,,,,,,,,,,0,0,0,0,0,0,0,,True,False,3.0,FDP,,,,,,0,0,0,0,0,0,,,,,,,,,,,,,,,,2019,7,6
45,2019-07-26,2019-08-01,12,grüne,26.0,26.0,0.0,0.0,,,,,,,,,,,,0,0,0,0,0,0,0,,True,False,1.0,Bündnis 90/Die Grünen,,,,,,0,0,0,0,0,0,,,,,,,,,,,,,,,,2019,7,6
45,2019-07-26,2019-08-01,12,linke,8.0,8.0,0.0,0.0,,,,,,,,,,,,0,0,0,0,0,0,0,,True,False,0.0,Die Linke,,,,,,0,0,0,0,0,0,,,,,,,,,,,,,,,,2019,7,6
45,2019-07-26,2019-08-01,12,spd,13.0,13.0,0.0,0.0,,,,,,,,,,,,0,0,0,0,0,0,0,,True,False,2.0,SPD,,,,,,0,0,0,0,0,0,,,,,,,,,,,,,,,,2019,7,6
46,2019-08-01,2019-08-23,14,afd,14.0,12.0,2.0,2.0,,,,,,,,,,,,0,0,0,0,0,0,0,,False,True,,,,,,,,0,0,0,0,0,0,,,,,,,,,,,,,,,,2019,8,22
46,2019-08-01,2019-08-23,14,cdu/csu,26.0,26.0,0.0,0.0,,,,,,,,,,,,0,0,0,0,0,0,0,,True,False,4.0,CDU/CSU,,,,,,0,0,0,0,0,0,,,,,,,,,,,,,,,,2019,8,22
46,2019-08-01,2019-08-23,14,fdp,8.0,9.0,-1.0,1.0,,,,,,,,,,,,0,0,0,0,0,0,0,,True,False,3.0,FDP,,,,,,0,0,0,0,0,0,,,,,,,,,,,,,,,,2019,8,22
46,2019-08-01,2019-08-23,14,grüne,26.0,26.0,0.0,0.0,,,,,,,,,,,,0,0,0,0,0,0,0,,True,False,1.0,Bündnis 90/Die Grünen,,,,,,0,0,0,0,0,0,,,,,,,,,,,,,,,,2019,8,22
46,2019-08-01,2019-08-23,14,linke,7.0,8.0,-1.0,1.0,,,,,,,,,,,,0,0,0,0,0,0,0,,True,False,0.0,Die Linke,,,,,,0,0,0,0,0,0,,,,,,,,,,,,,,,,2019,8,22
46,2019-08-01,2019-08-23,14,spd,12.0,13.0,-1.0,1.0,,,,,,,,,,,,0,0,0,0,0,0,0,,True,False,2.0,SPD,,,,,,0,0,0,0,0,0,,,,,,,,,,,,,,,,2019,8,22
47,2019-08-23,2019-09-05,14,afd,14.0,14.0,0.0,0.0,,,,,,,,,,,,0,0,0,0,0,0,0,,False,True,,,,,,,,0,0,0,0,0,0,,,,,,,,,,,,,,,,2019,8,13
47,2019-08-23,2019-09-05,14,cdu/csu,26.0,26.0,0.0,0.0,,,,,,,,,,,,0,0,0,0,0,0,0,,True,False,4.0,CDU/CSU,,,,,,0,0,0,0,0,0,,,,,,,,,,,,,,,,2019,8,13
47,2019-08-23,2019-09-05,14,fdp,7.0,8.0,-1.0,1.0,,,,,,,,,,,,0,0,0,0,0,0,0,,True,False,3.0,FDP,,,,,,0,0,0,0,0,0,,,,,,,,,,,,,,,,2019,8,13
47,2019-08-23,2019-09-05,14,grüne,25.0,26.0,-1.0,1.0,,,,,,,,,,,,0,0,0,0,0,0,0,,True,False,1.0,Bündnis 90/Die Grünen,,,,,,0,0,0,0,0,0,,,,,,,,,,,,,,,,2019,8,13
47,2019-08-23,2019-09-05,14,linke,7.0,7.0,0.0,0.0,,,,,,,,,,,,0,0,0,0,0,0,0,,True,False,0.0,Die Linke,,,,,,0,0,0,0,0,0,,,,,,,,,,,,,,,,2019,8,13
47,2019-08-23,2019-09-05,14,spd,14.0,12.0,2.0,2.0,,,,,,,,,,,,0,0,0,0,0,0,0,,True,False,2.0,SPD,,,,,,0,0,0,0,0,0,,,,,,,,,,,,,,,,2019,8,13
48,2019-09-05,2019-09-20,15,afd,15.0,14.0,1.0,1.0,1.0350877192982457,3.1052631578947367,7.588571428571429,0.9736842105263158,1.5263157894736843,0.6052631578947368,7.5,8.117647058823529,8.375,7.3076923076923075,7.724137931034483,20,17,8,13,29,38,35,700.8157894736842,False,True,,,0.5263157894736842,0.4473684210526316,0.21052631578947367,0.34210526315789475,0.7631578947368421,214,104,18,23,43,83,0.09345794392523364,0.0794392523364486,0.037383177570093455,0.06074766355140187,0.13551401869158877,0.19230769230769232,0.9444444444444444,0.34782608695652173,0.3023255813953488,0.3493975903614458,Opposition,0.0,1.0,19,WP19,2019,9,15
48,2019-09-05,2019-09-20,15,cdu/csu,27.0,26.0,1.0,1.0,0.08717948717948718,0.26153846153846155,2.6535947712418304,0.1076923076923077,0.12307692307692308,0.03076923076923077,3.064516129032258,3.75,2.1666666666666665,2.6666666666666665,1.9666666666666666,31,8,6,12,30,65,51,894.8153846153846,True,False,4.0,CDU/CSU,0.47692307692307695,0.12307692307692308,0.09230769230769231,0.18461538461538463,0.46153846153846156,214,104,18,23,43,83,0.14485981308411214,0.037383177570093455,0.028037383177570093,0.056074766355140186,0.14018691588785046,0.2980769230769231,0.4444444444444444,0.2608695652173913,0.27906976744186046,0.3614457831325301,Regierung,1.0,0.0,19,WP19,2019,9,15
48,2019-09-05,2019-09-20,15,fdp,7.0,7.0,0.0,0.0,0.26041666666666663,0.78125,2.8157894736842106,0.09375,0.6875,0.0,3.7,4.5,,1.3333333333333333,1.625,10,2,0,6,8,32,19,791.375,True,False,3.0,FDP,0.3125,0.0625,0.0,0.1875,0.25,214,104,18,23,43,83,0.04672897196261682,0.009345794392523364,0.0,0.028037383177570093,0.037383177570093455,0.09615384615384616,0.1111111111111111,0.0,0.13953488372093023,0.0963855421686747,Opposition,0.0,1.0,19,WP19,2019,9,15
48,2019-09-05,2019-09-20,15,grüne,23.0,25.0,-2.0,2.0,0.4270833333333333,1.28125,1.1604938271604939,0.28125,0.96875,0.03125,1.1428571428571428,3.0,0.25,1.2857142857142858,0.8461538461538461,21,1,4,7,13,32,27,735.03125,True,False,1.0,Bündnis 90/Die Grünen,0.65625,0.03125,0.125,0.21875,0.40625,214,104,18,23,43,83,0.09813084112149532,0.004672897196261682,0.018691588785046728,0.03271028037383177,0.06074766355140187,0.20192307692307693,0.05555555555555555,0.17391304347826086,0.16279069767441862,0.1566265060240964,Opposition,0.0,1.0,19,WP19,2019,9,15
48,2019-09-05,2019-09-20,15,linke,7.0,7.0,0.0,0.0,0.6161616161616161,1.8484848484848484,0.9753086419753086,0.6060606060606061,1.1515151515151516,0.09090909090909091,1.1764705882352942,2.0,0.5,0.4,1.1818181818181819,17,2,6,10,11,33,27,685.4545454545455,True,False,0.0,Die Linke,0.5151515151515151,0.06060606060606061,0.18181818181818182,0.30303030303030304,0.3333333333333333,214,104,18,23,43,83,0.0794392523364486,0.009345794392523364,0.028037383177570093,0.04672897196261682,0.0514018691588785,0.16346153846153846,0.1111111111111111,0.2608695652173913,0.23255813953488372,0.13253012048192772,Opposition,0.0,1.0,19,WP19,2019,9,15
48,2019-09-05,2019-09-20,15,spd,14.0,14.0,0.0,0.0,0.14102564102564102,0.4230769230769231,1.4736842105263157,0.17307692307692307,0.23076923076923078,0.019230769230769232,1.48,1.8,0.42857142857142855,2.25,1.1904761904761905,25,5,7,8,21,52,38,758.4615384615385,True,False,2.0,SPD,0.4807692307692308,0.09615384615384616,0.1346153846153846,0.15384615384615385,0.40384615384615385,214,104,18,23,43,83,0.11682242990654206,0.02336448598130841,0.03271028037383177,0.037383177570093455,0.09813084112149532,0.2403846153846154,0.2777777777777778,0.30434782608695654,0.18604651162790697,0.25301204819277107,Regierung,1.0,0.0,19,WP19,2019,9,15
49,2019-09-20,2019-10-11,14,afd,14.0,15.0,-1.0,1.0,0.8333333333333334,2.5,6.645161290322581,0.9047619047619048,1.2619047619047619,0.3333333333333333,8.142857142857142,7.090909090909091,6.0,5.7,7.173913043478261,14,11,4,10,23,42,31,587.7380952380952,False,True,,,0.3333333333333333,0.2619047619047619,0.09523809523809523,0.23809523809523808,0.5476190476190477,261,62,25,18,40,70,0.05363984674329502,0.0421455938697318,0.01532567049808429,0.038314176245210725,0.08812260536398467,0.22580645161290322,0.44,0.2222222222222222,0.25,0.32857142857142857,Opposition,0.0,1.0,19,WP19,2019,9,21
49,2019-09-20,2019-10-11,14,cdu/csu,27.0,27.0,0.0,0.0,0.1317829457364341,0.3953488372093023,1.9625850340136055,0.12790697674418605,0.20930232558139536,0.05813953488372093,2.380952380952381,3.6666666666666665,1.0,2.0833333333333335,1.6521739130434783,21,6,2,12,23,86,49,654.7906976744187,True,False,4.0,CDU/CSU,0.2441860465116279,0.06976744186046512,0.023255813953488372,0.13953488372093023,0.26744186046511625,261,62,25,18,40,70,0.08045977011494253,0.022988505747126436,0.007662835249042145,0.04597701149425287,0.08812260536398467,0.3387096774193548,0.24,0.1111111111111111,0.3,0.32857142857142857,Regierung,1.0,0.0,19,WP19,2019,9,21
49,2019-09-20,2019-10-11,14,fdp,8.0,7.0,1.0,1.0,0.2698412698412698,0.8095238095238095,2.2698412698412698,0.14285714285714285,0.6190476190476191,0.047619047619047616,3.142857142857143,4.2,,1.1666666666666667,1.75,7,5,0,6,12,42,21,527.3809523809524,True,False,3.0,FDP,0.16666666666666666,0.11904761904761904,0.0,0.14285714285714285,0.2857142857142857,261,62,25,18,40,70,0.02681992337164751,0.019157088122605363,0.0,0.022988505747126436,0.04597701149425287,0.11290322580645161,0.2,0.0,0.15,0.17142857142857143,Opposition,0.0,1.0,19,WP19,2019,9,21
49,2019-09-20,2019-10-11,14,grüne,23.0,23.0,0.0,0.0,0.2882882882882883,0.8648648648648649,1.1231884057971013,0.21621621621621623,0.5405405405405406,0.10810810810810811,1.1,2.5,0.5714285714285714,0.42857142857142855,1.1,10,6,7,7,10,37,23,557.972972972973,True,False,1.0,Bündnis 90/Die Grünen,0.2702702702702703,0.16216216216216217,0.1891891891891892,0.1891891891891892,0.2702702702702703,261,62,25,18,40,70,0.038314176245210725,0.022988505747126436,0.02681992337164751,0.02681992337164751,0.038314176245210725,0.16129032258064516,0.24,0.3888888888888889,0.175,0.14285714285714285,Opposition,0.0,1.0,19,WP19,2019,9,21
49,2019-09-20,2019-10-11,14,linke,8.0,7.0,1.0,1.0,0.39814814814814814,1.1944444444444444,1.2037037037037037,0.4166666666666667,0.6944444444444444,0.08333333333333333,0.75,2.0,1.0,1.0,1.25,8,2,3,6,8,36,18,522.8611111111111,True,False,0.0,Die Linke,0.2222222222222222,0.05555555555555555,0.08333333333333333,0.16666666666666666,0.2222222222222222,261,62,25,18,40,70,0.03065134099616858,0.007662835249042145,0.011494252873563218,0.022988505747126436,0.03065134099616858,0.12903225806451613,0.08,0.16666666666666666,0.15,0.11428571428571428,Opposition,0.0,1.0,19,WP19,2019,9,21
49,2019-09-20,2019-10-11,14,spd,14.0,14.0,0.0,0.0,0.18333333333333332,0.55,1.1568627450980393,0.2,0.2833333333333333,0.06666666666666667,0.8125,3.3333333333333335,0.5,0.5555555555555556,1.1176470588235294,16,6,6,9,17,60,34,613.35,True,False,2.0,SPD,0.26666666666666666,0.1,0.1,0.15,0.2833333333333333,261,62,25,18,40,70,0.06130268199233716,0.022988505747126436,0.022988505747126436,0.034482758620689655,0.06513409961685823,0.25806451612903225,0.24,0.3333333333333333,0.225,0.24285714285714285,Regierung,1.0,0.0,19,WP19,2019,9,21
50,2019-10-11,2019-10-18,14,afd,14.0,14.0,0.0,0.0,0.9285714285714286,2.7857142857142856,6.481060606060606,0.9285714285714286,1.3214285714285714,0.5357142857142857,8.333333333333334,7.25,6.0,5.5,7.222222222222222,6,12,5,12,18,28,22,630.6785714285714,False,True,,,0.21428571428571427,0.42857142857142855,0.17857142857142858,0.42857142857142855,0.6428571428571429,185,44,17,13,59,58,0.032432432432432434,0.06486486486486487,0.02702702702702703,0.06486486486486487,0.0972972972972973,0.13636363636363635,0.7058823529411765,0.38461538461538464,0.2033898305084746,0.3103448275862069,Opposition,0.0,1.0,19,WP19,2019,10,7
50,2019-10-11,2019-10-18,14,cdu/csu,28.0,27.0,1.0,1.0,0.09230769230769231,0.27692307692307694,2.252032520325203,0.046153846153846156,0.16923076923076924,0.06153846153846154,2.3333333333333335,3.625,0.5,2.25,1.5217391304347827,12,8,6,20,23,65,41,640.5230769230769,True,False,4.0,CDU/CSU,0.18461538461538463,0.12307692307692308,0.09230769230769231,0.3076923076923077,0.35384615384615387,185,44,17,13,59,58,0.06486486486486487,0.043243243243243246,0.032432432432432434,0.10810810810810811,0.12432432432432433,0.2727272727272727,0.47058823529411764,0.46153846153846156,0.3389830508474576,0.39655172413793105,Regierung,1.0,0.0,19,WP19,2019,10,7
50,2019-10-11,2019-10-18,14,fdp,7.0,8.0,-1.0,1.0,0.20512820512820512,0.6153846153846154,2.739583333333333,0.11538461538461539,0.5,0.0,4.666666666666667,4.5,,2.375,2.0,6,2,0,8,8,26,16,575.2692307692307,True,False,3.0,FDP,0.23076923076923078,0.07692307692307693,0.0,0.3076923076923077,0.3076923076923077,185,44,17,13,59,58,0.032432432432432434,0.010810810810810811,0.0,0.043243243243243246,0.043243243243243246,0.13636363636363635,0.11764705882352941,0.0,0.13559322033898305,0.13793103448275862,Opposition,0.0,1.0,19,WP19,2019,10,7
50,2019-10-11,2019-10-18,14,grüne,24.0,23.0,1.0,1.0,0.2716049382716049,0.8148148148148148,1.3166666666666667,0.07407407407407407,0.5925925925925926,0.14814814814814814,1.0,0.5,,2.0,0.9,9,2,0,10,10,27,20,540.3333333333334,True,False,1.0,Bündnis 90/Die Grünen,0.3333333333333333,0.07407407407407407,0.0,0.37037037037037035,0.37037037037037035,185,44,17,13,59,58,0.04864864864864865,0.010810810810810811,0.0,0.05405405405405406,0.05405405405405406,0.20454545454545456,0.11764705882352941,0.0,0.1694915254237288,0.1724137931034483,Opposition,0.0,1.0,19,WP19,2019,10,7
50,2019-10-11,2019-10-18,14,linke,8.0,8.0,0.0,0.0,0.4567901234567901,1.3703703703703705,1.2416666666666667,0.4444444444444444,0.7407407407407407,0.18518518518518517,1.0,1.25,1.0,1.1818181818181819,1.4285714285714286,7,4,2,11,7,27,20,563.2962962962963,True,False,0.0,Die Linke,0.25925925925925924,0.14814814814814814,0.07407407407407407,0.4074074074074074,0.25925925925925924,185,44,17,13,59,58,0.03783783783783784,0.021621621621621623,0.010810810810810811,0.05945945945945946,0.03783783783783784,0.1590909090909091,0.23529411764705882,0.15384615384615385,0.1864406779661017,0.1206896551724138,Opposition,0.0,1.0,19,WP19,2019,10,7
50,2019-10-11,2019-10-18,14,spd,13.0,14.0,-1.0,1.0,0.15,0.45,0.9027777777777778,0.075,0.25,0.125,0.8,2.0,0.2,1.2,0.5,10,1,5,10,10,40,24,601.425,True,False,2.0,SPD,0.25,0.025,0.125,0.25,0.25,185,44,17,13,59,58,0.05405405405405406,0.005405405405405406,0.02702702702702703,0.05405405405405406,0.05405405405405406,0.22727272727272727,0.058823529411764705,0.38461538461538464,0.1694915254237288,0.1724137931034483,Regierung,1.0,0.0,19,WP19,2019,10,7
51,2019-10-18,2019-11-07,14,afd,14.0,14.0,0.0,0.0,0.8867924528301887,2.660377358490566,7.285714285714286,0.9245283018867925,1.320754716981132,0.41509433962264153,7.666666666666667,7.928571428571429,8.090909090909092,7.5,7.363636363636363,12,14,11,20,33,53,42,629.2830188679245,False,True,,,0.22641509433962265,0.2641509433962264,0.20754716981132076,0.37735849056603776,0.6226415094339622,314,63,25,12,68,78,0.03821656050955414,0.044585987261146494,0.03503184713375796,0.06369426751592357,0.10509554140127389,0.19047619047619047,0.56,0.9166666666666666,0.29411764705882354,0.4230769230769231,Opposition,0.0,1.0,19,WP19,2019,10,20
51,2019-10-18,2019-11-07,14,cdu/csu,28.0,28.0,0.0,0.0,0.10576923076923077,0.3173076923076923,2.412280701754386,0.057692307692307696,0.20192307692307693,0.057692307692307696,2.8095238095238093,4.428571428571429,1.0,2.347826086956522,1.92,21,7,1,23,25,104,57,705.125,True,False,4.0,CDU/CSU,0.20192307692307693,0.0673076923076923,0.009615384615384616,0.22115384615384615,0.2403846153846154,314,63,25,12,68,78,0.06687898089171974,0.022292993630573247,0.0031847133757961785,0.0732484076433121,0.07961783439490445,0.3333333333333333,0.28,0.08333333333333333,0.3382352941176471,0.32051282051282054,Regierung,1.0,0.0,19,WP19,2019,10,20
51,2019-10-18,2019-11-07,14,fdp,7.0,7.0,0.0,0.0,0.3133333333333333,0.94,2.763888888888889,0.28,0.6,0.06,5.0,3.25,,1.8888888888888888,1.875,7,4,0,9,16,50,24,576.44,True,False,3.0,FDP,0.14,0.08,0.0,0.18,0.32,314,63,25,12,68,78,0.022292993630573247,0.012738853503184714,0.0,0.028662420382165606,0.050955414012738856,0.1111111111111111,0.16,0.0,0.1323529411764706,0.20512820512820512,Opposition,0.0,1.0,19,WP19,2019,10,20
51,2019-10-18,2019-11-07,14,grüne,22.0,24.0,-2.0,2.0,0.3181818181818182,0.9545454545454546,0.9652777777777778,0.29545454545454547,0.5909090909090909,0.06818181818181818,0.5833333333333334,1.25,1.0,1.5,0.875,12,4,2,8,8,44,24,581.75,True,False,1.0,Bündnis 90/Die Grünen,0.2727272727272727,0.09090909090909091,0.045454545454545456,0.18181818181818182,0.18181818181818182,314,63,25,12,68,78,0.03821656050955414,0.012738853503184714,0.006369426751592357,0.025477707006369428,0.025477707006369428,0.19047619047619047,0.16,0.16666666666666666,0.11764705882352941,0.10256410256410256,Opposition,0.0,1.0,19,WP19,2019,10,20
51,2019-10-18,2019-11-07,14,linke,8.0,8.0,0.0,0.0,0.46511627906976744,1.3953488372093024,1.2564102564102564,0.4418604651162791,0.7906976744186046,0.16279069767441862,0.5555555555555556,1.5,0.25,1.1818181818181819,1.4545454545454546,9,4,4,11,11,43,26,578.2790697674419,True,False,0.0,Die Linke,0.20930232558139536,0.09302325581395349,0.09302325581395349,0.2558139534883721,0.2558139534883721,314,63,25,12,68,78,0.028662420382165606,0.012738853503184714,0.012738853503184714,0.03503184713375796,0.03503184713375796,0.14285714285714285,0.16,0.3333333333333333,0.16176470588235295,0.14102564102564102,Opposition,0.0,1.0,19,WP19,2019,10,20
51,2019-10-18,2019-11-07,14,spd,14.0,13.0,1.0,1.0,0.1643835616438356,0.4931506849315068,1.3895833333333334,0.1506849315068493,0.2602739726027397,0.0821917808219178,1.2857142857142858,2.8333333333333335,0.4,1.3529411764705883,1.4444444444444444,14,6,5,17,18,73,40,614.3424657534247,True,False,2.0,SPD,0.1917808219178082,0.0821917808219178,0.0684931506849315,0.2328767123287671,0.2465753424657534,314,63,25,12,68,78,0.044585987261146494,0.01910828025477707,0.01592356687898089,0.054140127388535034,0.05732484076433121,0.2222222222222222,0.24,0.4166666666666667,0.25,0.23076923076923078,Regierung,1.0,0.0,19,WP19,2019,10,20
52,2019-11-07,2019-11-15,14,afd,14.0,14.0,0.0,0.0,0.817351598173516,2.452054794520548,6.612962962962963,0.821917808219178,1.2054794520547945,0.4246575342465753,7.421052631578948,7.9523809523809526,7.4,6.0,7.162790697674419,19,21,15,29,43,73,54,626.054794520548,False,True,,,0.2602739726027397,0.2876712328767123,0.2054794520547945,0.3972602739726027,0.589041095890411,427,98,43,45,147,159,0.04449648711943794,0.04918032786885246,0.0351288056206089,0.06791569086651054,0.10070257611241218,0.19387755102040816,0.4883720930232558,0.3333333333333333,0.19727891156462585,0.27044025157232704,Opposition,0.0,1.0,19,WP19,2019,11,8
52,2019-11-07,2019-11-15,14,cdu/csu,26.0,28.0,-2.0,2.0,0.1079136690647482,0.3237410071942446,2.863295880149813,0.09352517985611511,0.17266187050359713,0.05755395683453238,3.3846153846153846,6.285714285714286,0.625,3.3636363636363638,2.25,26,7,8,44,52,139,89,685.5971223021583,True,False,4.0,CDU/CSU,0.18705035971223022,0.050359712230215826,0.05755395683453238,0.31654676258992803,0.37410071942446044,427,98,43,45,147,159,0.06088992974238876,0.01639344262295082,0.01873536299765808,0.10304449648711944,0.12177985948477751,0.2653061224489796,0.16279069767441862,0.17777777777777778,0.29931972789115646,0.3270440251572327,Regierung,1.0,0.0,19,WP19,2019,11,8
52,2019-11-07,2019-11-15,14,fdp,8.0,7.0,1.0,1.0,0.1919191919191919,0.5757575757575758,2.8068181818181817,0.13636363636363635,0.4090909090909091,0.030303030303030304,5.076923076923077,4.166666666666667,0.25,1.7391304347826086,2.1176470588235294,13,6,4,23,17,66,44,549.0454545454545,True,False,3.0,FDP,0.19696969696969696,0.09090909090909091,0.06060606060606061,0.3484848484848485,0.25757575757575757,427,98,43,45,147,159,0.03044496487119438,0.01405152224824356,0.00936768149882904,0.053864168618266976,0.03981264637002342,0.1326530612244898,0.13953488372093023,0.08888888888888889,0.1564625850340136,0.1069182389937107,Opposition,0.0,1.0,19,WP19,2019,11,8
52,2019-11-07,2019-11-15,14,grüne,22.0,22.0,0.0,0.0,0.2611111111111111,0.7833333333333333,1.3983333333333334,0.15,0.5333333333333333,0.1,1.2916666666666667,2.0,0.45454545454545453,1.375,1.0454545454545454,24,10,11,24,22,60,50,573.55,True,False,1.0,Bündnis 90/Die Grünen,0.4,0.16666666666666666,0.18333333333333332,0.4,0.36666666666666664,427,98,43,45,147,159,0.05620608899297424,0.0234192037470726,0.02576112412177986,0.05620608899297424,0.05152224824355972,0.24489795918367346,0.23255813953488372,0.24444444444444444,0.16326530612244897,0.13836477987421383,Opposition,0.0,1.0,19,WP19,2019,11,8
52,2019-11-07,2019-11-15,14,linke,9.0,8.0,1.0,1.0,0.4269005847953216,1.280701754385965,1.3479166666666667,0.3333333333333333,0.8245614035087719,0.12280701754385964,1.0,2.0,0.2857142857142857,0.8947368421052632,1.6153846153846154,14,9,7,19,26,57,40,577.9473684210526,True,False,0.0,Die Linke,0.24561403508771928,0.15789473684210525,0.12280701754385964,0.3333333333333333,0.45614035087719296,427,98,43,45,147,159,0.03278688524590164,0.02107728337236534,0.01639344262295082,0.04449648711943794,0.06088992974238876,0.14285714285714285,0.20930232558139536,0.15555555555555556,0.1292517006802721,0.16352201257861634,Opposition,0.0,1.0,19,WP19,2019,11,8
52,2019-11-07,2019-11-15,14,spd,14.0,14.0,0.0,0.0,0.1523809523809524,0.45714285714285713,1.4748858447488584,0.13333333333333333,0.26666666666666666,0.05714285714285714,1.4285714285714286,3.272727272727273,0.5333333333333333,1.6216216216216217,0.9761904761904762,21,11,15,37,42,105,73,620.2666666666667,True,False,2.0,SPD,0.2,0.10476190476190476,0.14285714285714285,0.3523809523809524,0.4,427,98,43,45,147,159,0.04918032786885246,0.02576112412177986,0.0351288056206089,0.08665105386416862,0.09836065573770492,0.21428571428571427,0.2558139534883721,0.3333333333333333,0.25170068027210885,0.2641509433962264,Regierung,1.0,0.0,19,WP19,2019,11,8
53,2019-11-15,2019-12-05,14,afd,14.0,14.0,0.0,0.0,0.9753086419753086,2.925925925925926,6.777777777777779,0.9259259259259259,1.5185185185185186,0.48148148148148145,7.615384615384615,8.05,7.75,5.3125,6.9743589743589745,26,20,8,16,39,54,51,644.2592592592592,False,True,,,0.48148148148148145,0.37037037037037035,0.14814814814814814,0.2962962962962963,0.7222222222222222,293,133,29,20,66,120,0.08873720136518772,0.06825938566552901,0.027303754266211604,0.05460750853242321,0.13310580204778158,0.19548872180451127,0.6896551724137931,0.4,0.24242424242424243,0.325,Opposition,0.0,1.0,19,WP19,2019,11,20
53,2019-11-15,2019-12-05,14,cdu/csu,25.0,26.0,-1.0,1.0,0.08614232209737827,0.25842696629213485,2.5568181818181817,0.0898876404494382,0.12359550561797752,0.0449438202247191,2.813953488372093,2.9166666666666665,0.6666666666666666,2.8823529411764706,1.75,43,12,3,17,44,89,66,859.3033707865169,True,False,4.0,CDU/CSU,0.48314606741573035,0.1348314606741573,0.033707865168539325,0.19101123595505617,0.4943820224719101,293,133,29,20,66,120,0.14675767918088736,0.040955631399317405,0.010238907849829351,0.05802047781569966,0.15017064846416384,0.3233082706766917,0.41379310344827586,0.15,0.25757575757575757,0.36666666666666664,Regierung,1.0,0.0,19,WP19,2019,11,20
53,2019-11-15,2019-12-05,14,fdp,7.0,8.0,-1.0,1.0,0.31972789115646255,0.9591836734693877,3.0784313725490198,0.1836734693877551,0.7551020408163265,0.02040816326530612,4.125,3.5,4.0,2.923076923076923,2.388888888888889,16,4,3,13,18,49,34,671.7142857142857,True,False,3.0,FDP,0.32653061224489793,0.08163265306122448,0.061224489795918366,0.2653061224489796,0.3673469387755102,293,133,29,20,66,120,0.05460750853242321,0.013651877133105802,0.010238907849829351,0.04436860068259386,0.06143344709897611,0.12030075187969924,0.13793103448275862,0.15,0.19696969696969696,0.15,Opposition,0.0,1.0,19,WP19,2019,11,20
53,2019-11-15,2019-12-05,14,grüne,22.0,22.0,0.0,0.0,0.2727272727272727,0.8181818181818182,1.3101851851851851,0.11363636363636363,0.7045454545454546,0.0,1.0,3.0,0.0,1.7,1.7692307692307692,24,3,2,10,13,44,36,687.25,True,False,1.0,Bündnis 90/Die Grünen,0.5454545454545454,0.06818181818181818,0.045454545454545456,0.22727272727272727,0.29545454545454547,293,133,29,20,66,120,0.08191126279863481,0.010238907849829351,0.006825938566552901,0.034129692832764506,0.04436860068259386,0.18045112781954886,0.10344827586206896,0.1,0.15151515151515152,0.10833333333333334,Opposition,0.0,1.0,19,WP19,2019,11,20
53,2019-11-15,2019-12-05,14,linke,9.0,9.0,0.0,0.0,0.5238095238095238,1.5714285714285714,1.2838541666666667,0.5238095238095238,0.9761904761904762,0.07142857142857142,1.3529411764705883,1.3333333333333333,0.8,1.0769230769230769,1.1333333333333333,17,3,5,13,15,42,32,650.8809523809524,True,False,0.0,Die Linke,0.40476190476190477,0.07142857142857142,0.11904761904761904,0.30952380952380953,0.35714285714285715,293,133,29,20,66,120,0.05802047781569966,0.010238907849829351,0.017064846416382253,0.04436860068259386,0.051194539249146756,0.12781954887218044,0.10344827586206896,0.25,0.19696969696969696,0.125,Opposition,0.0,1.0,19,WP19,2019,11,20
53,2019-11-15,2019-12-05,14,spd,15.0,14.0,1.0,1.0,0.10628019323671498,0.3188405797101449,1.4820261437908495,0.08695652173913043,0.18840579710144928,0.043478260869565216,1.5151515151515151,1.8571428571428572,0.8571428571428571,1.8461538461538463,1.2,33,7,7,13,30,69,51,765.695652173913,True,False,2.0,SPD,0.4782608695652174,0.10144927536231885,0.10144927536231885,0.18840579710144928,0.43478260869565216,293,133,29,20,66,120,0.11262798634812286,0.023890784982935155,0.023890784982935155,0.04436860068259386,0.10238907849829351,0.24812030075187969,0.2413793103448276,0.35,0.19696969696969696,0.25,Regierung,1.0,0.0,19,WP19,2019,11,20
54,2019-12-05,2019-12-13,15,afd,15.0,14.0,1.0,1.0,0.6666666666666667,2.0,5.5740740740740735,0.68,1.12,0.2,5.75,7.4,6.333333333333333,3.7142857142857144,6.2,4,5,3,7,15,25,18,583.72,False,True,,,0.16,0.2,0.12,0.28,0.6,150,17,16,26,49,46,0.02666666666666667,0.03333333333333333,0.02,0.04666666666666667,0.1,0.23529411764705882,0.3125,0.11538461538461539,0.14285714285714285,0.32608695652173914,Opposition,0.0,1.0,19,WP19,2019,12,8
54,2019-12-05,2019-12-13,15,cdu/csu,25.0,25.0,0.0,0.0,0.11805555555555554,0.3541666666666667,2.0972222222222223,0.0625,0.22916666666666666,0.0625,4.75,1.5,2.1666666666666665,1.2857142857142858,1.3571428571428572,4,4,6,14,14,48,24,670.7708333333334,True,False,4.0,CDU/CSU,0.08333333333333333,0.08333333333333333,0.125,0.2916666666666667,0.2916666666666667,150,17,16,26,49,46,0.02666666666666667,0.02666666666666667,0.04,0.09333333333333334,0.09333333333333334,0.23529411764705882,0.25,0.23076923076923078,0.2857142857142857,0.30434782608695654,Regierung,1.0,0.0,19,WP19,2019,12,8
54,2019-12-05,2019-12-13,15,fdp,9.0,7.0,2.0,2.0,0.22222222222222218,0.6666666666666666,1.4583333333333333,0.19047619047619047,0.47619047619047616,0.0,3.0,2.0,0.0,1.0,1.3333333333333333,3,1,2,7,6,21,12,539.3333333333334,True,False,3.0,FDP,0.14285714285714285,0.047619047619047616,0.09523809523809523,0.3333333333333333,0.2857142857142857,150,17,16,26,49,46,0.02,0.006666666666666667,0.013333333333333334,0.04666666666666667,0.04,0.17647058823529413,0.0625,0.07692307692307693,0.14285714285714285,0.13043478260869565,Opposition,0.0,1.0,19,WP19,2019,12,8
54,2019-12-05,2019-12-13,15,grüne,23.0,22.0,1.0,1.0,0.23809523809523808,0.7142857142857143,0.5307692307692308,0.09523809523809523,0.47619047619047616,0.14285714285714285,0.5,0.0,0.16666666666666666,0.6,0.125,4,4,6,10,8,21,13,520.5714285714286,True,False,1.0,Bündnis 90/Die Grünen,0.19047619047619047,0.19047619047619047,0.2857142857142857,0.47619047619047616,0.38095238095238093,150,17,16,26,49,46,0.02666666666666667,0.02666666666666667,0.04,0.06666666666666667,0.05333333333333334,0.23529411764705882,0.25,0.23076923076923078,0.20408163265306123,0.17391304347826086,Opposition,0.0,1.0,19,WP19,2019,12,8
54,2019-12-05,2019-12-13,15,linke,8.0,9.0,-1.0,1.0,0.5,1.5,1.3846153846153846,0.5454545454545454,0.8636363636363636,0.09090909090909091,0.25,0.6666666666666666,1.3333333333333333,1.0,0.7777777777777778,4,3,6,7,9,22,13,511.22727272727275,True,False,0.0,Die Linke,0.18181818181818182,0.13636363636363635,0.2727272727272727,0.3181818181818182,0.4090909090909091,150,17,16,26,49,46,0.02666666666666667,0.02,0.04,0.04666666666666667,0.06,0.23529411764705882,0.1875,0.23076923076923078,0.14285714285714285,0.1956521739130435,Opposition,0.0,1.0,19,WP19,2019,12,8
54,2019-12-05,2019-12-13,15,spd,13.0,15.0,-2.0,2.0,0.20175438596491227,0.6052631578947368,1.0833333333333333,0.23684210526315788,0.2894736842105263,0.07894736842105263,2.0,0.5,0.5,0.9090909090909091,0.5555555555555556,2,4,6,11,9,38,18,600.8157894736842,True,False,2.0,SPD,0.05263157894736842,0.10526315789473684,0.15789473684210525,0.2894736842105263,0.23684210526315788,150,17,16,26,49,46,0.013333333333333334,0.02666666666666667,0.04,0.07333333333333333,0.06,0.11764705882352941,0.25,0.23076923076923078,0.22448979591836735,0.1956521739130435,Regierung,1.0,0.0,19,WP19,2019,12,8
55,2019-12-13,2020-01-09,15,afd,15.0,15.0,0.0,0.0,0.9411764705882353,2.823529411764706,7.060606060606061,0.8627450980392157,1.3137254901960784,0.6470588235294118,7.882352941176471,8.45,7.857142857142857,6.0,7.8,17,20,7,21,35,51,44,590.3725490196078,False,True,,,0.3333333333333333,0.39215686274509803,0.13725490196078433,0.4117647058823529,0.6862745098039216,310,78,32,21,99,108,0.054838709677419356,0.06451612903225806,0.02258064516129032,0.06774193548387097,0.11290322580645161,0.21794871794871795,0.625,0.3333333333333333,0.21212121212121213,0.32407407407407407,Opposition,0.0,1.0,19,WP19,2019,12,27
55,2019-12-13,2020-01-09,15,cdu/csu,27.0,25.0,2.0,2.0,0.15123456790123455,0.4537037037037037,3.022300469483568,0.12037037037037036,0.24074074074074073,0.09259259259259259,3.08,2.8,1.5,4.366666666666666,1.9473684210526316,25,10,6,30,38,108,71,671.9722222222222,True,False,4.0,CDU/CSU,0.23148148148148148,0.09259259259259259,0.05555555555555555,0.2777777777777778,0.35185185185185186,310,78,32,21,99,108,0.08064516129032258,0.03225806451612903,0.01935483870967742,0.0967741935483871,0.12258064516129032,0.32051282051282054,0.3125,0.2857142857142857,0.30303030303030304,0.35185185185185186,Regierung,1.0,0.0,19,WP19,2019,12,27
55,2019-12-13,2020-01-09,15,fdp,8.0,9.0,-1.0,1.0,0.26666666666666666,0.8,3.171875,0.12,0.6,0.08,5.0,1.5,,2.5,2.4,12,2,0,16,15,50,32,513.6,True,False,3.0,FDP,0.24,0.04,0.0,0.32,0.3,310,78,32,21,99,108,0.03870967741935484,0.0064516129032258064,0.0,0.05161290322580645,0.04838709677419355,0.15384615384615385,0.0625,0.0,0.16161616161616163,0.1388888888888889,Opposition,0.0,1.0,19,WP19,2019,12,27
55,2019-12-13,2020-01-09,15,grüne,21.0,23.0,-2.0,2.0,0.3023255813953488,0.9069767441860465,1.46875,0.2558139534883721,0.5348837209302325,0.11627906976744186,1.1333333333333333,1.25,0.2,1.8125,1.0,15,4,5,16,16,43,32,501.4186046511628,True,False,1.0,Bündnis 90/Die Grünen,0.3488372093023256,0.09302325581395349,0.11627906976744186,0.37209302325581395,0.37209302325581395,310,78,32,21,99,108,0.04838709677419355,0.012903225806451613,0.016129032258064516,0.05161290322580645,0.05161290322580645,0.19230769230769232,0.125,0.23809523809523808,0.16161616161616163,0.14814814814814814,Opposition,0.0,1.0,19,WP19,2019,12,27
55,2019-12-13,2020-01-09,15,linke,8.0,8.0,0.0,0.0,0.44715447154471544,1.3414634146341464,1.0993589743589742,0.4146341463414634,0.8048780487804879,0.12195121951219512,0.8,1.2,0.75,1.1176470588235294,0.75,10,5,4,17,12,41,26,506.5365853658537,True,False,0.0,Die Linke,0.24390243902439024,0.12195121951219512,0.0975609756097561,0.4146341463414634,0.2926829268292683,310,78,32,21,99,108,0.03225806451612903,0.016129032258064516,0.012903225806451613,0.054838709677419356,0.03870967741935484,0.1282051282051282,0.15625,0.19047619047619047,0.1717171717171717,0.1111111111111111,Opposition,0.0,1.0,19,WP19,2019,12,27
55,2019-12-13,2020-01-09,15,spd,14.0,13.0,1.0,1.0,0.1323529411764706,0.39705882352941174,1.7814814814814817,0.058823529411764705,0.25,0.08823529411764706,1.4375,1.9090909090909092,0.16666666666666666,2.1,1.1481481481481481,16,11,6,20,27,68,45,704.7352941176471,True,False,2.0,SPD,0.23529411764705882,0.16176470588235295,0.08823529411764706,0.29411764705882354,0.39705882352941174,310,78,32,21,99,108,0.05161290322580645,0.035483870967741936,0.01935483870967742,0.06451612903225806,0.08709677419354839,0.20512820512820512,0.34375,0.2857142857142857,0.20202020202020202,0.25,Regierung,1.0,0.0,19,WP19,2019,12,27
56,2020-01-09,2020-01-24,14,afd,14.0,15.0,-1.0,1.0,0.8070175438596492,2.4210526315789473,6.30787037037037,0.7631578947368421,1.368421052631579,0.2894736842105263,8.571428571428571,9.333333333333334,6.5,4.95,7.375,14,6,4,20,24,38,36,615.1578947368421,False,True,,,0.3684210526315789,0.15789473684210525,0.10526315789473684,0.5263157894736842,0.631578947368421,241,77,19,26,117,89,0.058091286307053944,0.024896265560165973,0.016597510373443983,0.08298755186721991,0.0995850622406639,0.18181818181818182,0.3157894736842105,0.15384615384615385,0.17094017094017094,0.2696629213483146,Opposition,0.0,1.0,19,WP19,2020,1,15
56,2020-01-09,2020-01-24,14,cdu/csu,27.0,27.0,0.0,0.0,0.0695970695970696,0.2087912087912088,2.4548192771084336,0.054945054945054944,0.10989010989010989,0.04395604395604396,3.2962962962962963,3.8333333333333335,1.0,2.5434782608695654,2.28125,27,6,11,46,32,91,83,645.9230769230769,True,False,4.0,CDU/CSU,0.2967032967032967,0.06593406593406594,0.12087912087912088,0.5054945054945055,0.3516483516483517,241,77,19,26,117,89,0.11203319502074689,0.024896265560165973,0.04564315352697095,0.1908713692946058,0.13278008298755187,0.35064935064935066,0.3157894736842105,0.4230769230769231,0.39316239316239315,0.3595505617977528,Regierung,1.0,0.0,19,WP19,2020,1,15
56,2020-01-09,2020-01-24,14,fdp,9.0,8.0,1.0,1.0,0.1388888888888889,0.4166666666666667,2.6796875,0.1111111111111111,0.3055555555555556,0.0,4.5,5.666666666666667,1.0,1.6428571428571428,2.0,12,3,1,14,15,36,32,552.3888888888889,True,False,3.0,FDP,0.3333333333333333,0.08333333333333333,0.027777777777777776,0.3888888888888889,0.4166666666666667,241,77,19,26,117,89,0.04979253112033195,0.012448132780082987,0.004149377593360996,0.058091286307053944,0.06224066390041494,0.15584415584415584,0.15789473684210525,0.038461538461538464,0.11965811965811966,0.16853932584269662,Opposition,0.0,1.0,19,WP19,2020,1,15
56,2020-01-09,2020-01-24,14,grüne,23.0,21.0,2.0,2.0,0.20833333333333331,0.625,1.2413793103448276,0.125,0.46875,0.03125,1.2727272727272727,2.25,0.25,1.2352941176470589,0.8,11,4,4,17,10,32,29,594.5,True,False,1.0,Bündnis 90/Die Grünen,0.34375,0.125,0.125,0.53125,0.3125,241,77,19,26,117,89,0.04564315352697095,0.016597510373443983,0.016597510373443983,0.07053941908713693,0.04149377593360996,0.14285714285714285,0.21052631578947367,0.15384615384615385,0.1452991452991453,0.11235955056179775,Opposition,0.0,1.0,19,WP19,2020,1,15
56,2020-01-09,2020-01-24,14,linke,8.0,8.0,0.0,0.0,0.369047619047619,1.1071428571428572,1.1266666666666667,0.32142857142857145,0.7142857142857143,0.07142857142857142,0.8888888888888888,1.0,0.75,1.2857142857142858,1.2727272727272727,9,2,4,14,11,28,25,545.0357142857143,True,False,0.0,Die Linke,0.32142857142857145,0.07142857142857142,0.14285714285714285,0.5,0.39285714285714285,241,77,19,26,117,89,0.03734439834024896,0.008298755186721992,0.016597510373443983,0.058091286307053944,0.04564315352697095,0.11688311688311688,0.10526315789473684,0.15384615384615385,0.11965811965811966,0.12359550561797752,Opposition,0.0,1.0,19,WP19,2020,1,15
56,2020-01-09,2020-01-24,14,spd,13.0,14.0,-1.0,1.0,0.08641975308641975,0.25925925925925924,1.6180555555555556,0.07407407407407407,0.12962962962962962,0.05555555555555555,1.7222222222222223,3.0,0.3333333333333333,2.0384615384615383,1.0476190476190477,18,4,6,26,21,54,48,620.7592592592592,True,False,2.0,SPD,0.3333333333333333,0.07407407407407407,0.1111111111111111,0.48148148148148145,0.3888888888888889,241,77,19,26,117,89,0.07468879668049792,0.016597510373443983,0.024896265560165973,0.1078838174273859,0.08713692946058091,0.23376623376623376,0.21052631578947367,0.23076923076923078,0.2222222222222222,0.23595505617977527,Regierung,1.0,0.0,19,WP19,2020,1,15
57,2020-01-24,2020-02-06,14,afd,14.0,14.0,0.0,0.0,0.6206896551724138,1.8620689655172413,7.619047619047619,0.4482758620689655,1.1724137931034482,0.2413793103448276,8.625,6.75,7.666666666666667,7.25,7.6875,8,4,6,8,16,29,21,567.7931034482758,False,True,,,0.27586206896551724,0.13793103448275862,0.20689655172413793,0.27586206896551724,0.5517241379310345,194,56,18,19,58,66,0.041237113402061855,0.020618556701030927,0.030927835051546393,0.041237113402061855,0.08247422680412371,0.14285714285714285,0.2222222222222222,0.3157894736842105,0.13793103448275862,0.24242424242424243,Opposition,0.0,1.0,19,WP19,2020,1,13
57,2020-01-24,2020-02-06,14,cdu/csu,26.0,27.0,-1.0,1.0,0.09375,0.28125,2.473170731707317,0.0625,0.203125,0.015625,2.8461538461538463,2.857142857142857,0.5,3.0952380952380953,2.0384615384615383,13,7,4,21,26,64,41,673.234375,True,False,4.0,CDU/CSU,0.203125,0.109375,0.0625,0.328125,0.40625,194,56,18,19,58,66,0.06701030927835051,0.03608247422680412,0.020618556701030927,0.10824742268041238,0.13402061855670103,0.23214285714285715,0.3888888888888889,0.21052631578947367,0.3620689655172414,0.3939393939393939,Regierung,1.0,0.0,19,WP19,2020,1,13
57,2020-01-24,2020-02-06,14,fdp,8.0,9.0,-1.0,1.0,0.29166666666666663,0.875,2.4210526315789473,0.25,0.59375,0.03125,3.5714285714285716,2.3333333333333335,0.3333333333333333,0.5714285714285714,1.7272727272727273,7,3,3,7,11,32,19,507.65625,True,False,3.0,FDP,0.21875,0.09375,0.09375,0.21875,0.34375,194,56,18,19,58,66,0.03608247422680412,0.015463917525773196,0.015463917525773196,0.03608247422680412,0.05670103092783505,0.125,0.16666666666666666,0.15789473684210525,0.1206896551724138,0.16666666666666666,Opposition,0.0,1.0,19,WP19,2020,1,13
57,2020-01-24,2020-02-06,14,grüne,24.0,23.0,1.0,1.0,0.34615384615384615,1.0384615384615385,1.1140350877192984,0.23076923076923078,0.7307692307692307,0.07692307692307693,0.9,0.5,0.5,1.1111111111111112,1.1,10,2,2,9,10,26,19,560.6153846153846,True,False,1.0,Bündnis 90/Die Grünen,0.38461538461538464,0.07692307692307693,0.07692307692307693,0.34615384615384615,0.38461538461538464,194,56,18,19,58,66,0.05154639175257732,0.010309278350515464,0.010309278350515464,0.04639175257731959,0.05154639175257732,0.17857142857142858,0.1111111111111111,0.10526315789473684,0.15517241379310345,0.15151515151515152,Opposition,0.0,1.0,19,WP19,2020,1,13
57,2020-01-24,2020-02-06,14,linke,8.0,8.0,0.0,0.0,0.41025641025641024,1.2307692307692308,1.0555555555555556,0.38461538461538464,0.8461538461538461,0.0,1.2857142857142858,0.0,0.6,0.5,1.5555555555555556,7,1,5,8,9,26,18,502.11538461538464,True,False,0.0,Die Linke,0.2692307692307692,0.038461538461538464,0.19230769230769232,0.3076923076923077,0.34615384615384615,194,56,18,19,58,66,0.03608247422680412,0.005154639175257732,0.02577319587628866,0.041237113402061855,0.04639175257731959,0.125,0.05555555555555555,0.2631578947368421,0.13793103448275862,0.13636363636363635,Opposition,0.0,1.0,19,WP19,2020,1,13
57,2020-01-24,2020-02-06,14,spd,14.0,13.0,1.0,1.0,0.13043478260869565,0.391304347826087,1.5078125,0.15217391304347827,0.1956521739130435,0.043478260869565216,1.5789473684210527,0.8,0.6,1.2307692307692308,0.5,19,5,5,13,10,46,32,616.195652173913,True,False,2.0,SPD,0.41304347826086957,0.10869565217391304,0.10869565217391304,0.2826086956521739,0.21739130434782608,194,56,18,19,58,66,0.0979381443298969,0.02577319587628866,0.02577319587628866,0.06701030927835051,0.05154639175257732,0.3392857142857143,0.2777777777777778,0.2631578947368421,0.22413793103448276,0.15151515151515152,Regierung,1.0,0.0,19,WP19,2020,1,13
58,2020-02-06,2020-02-13,14,afd,14.0,14.0,0.0,0.0,0.5238095238095238,1.5714285714285714,4.309523809523809,0.42857142857142855,0.8571428571428571,0.2857142857142857,,9.0,,4.666666666666667,4.285714285714286,0,1,0,3,7,7,7,548.8571428571429,False,True,,,0.0,0.14285714285714285,0.0,0.42857142857142855,1.0,40,7,4,1,6,29,0.0,0.025,0.0,0.075,0.175,0.0,0.25,0.0,0.5,0.2413793103448276,Opposition,0.0,1.0,19,WP19,2020,2,7
58,2020-02-06,2020-02-13,14,cdu/csu,27.0,26.0,1.0,1.0,0.0,0.0,1.1,0.0,0.0,0.0,1.0,,,2.0,1.0,2,0,0,1,10,13,10,622.6923076923077,True,False,4.0,CDU/CSU,0.15384615384615385,0.0,0.0,0.07692307692307693,0.7692307692307693,40,7,4,1,6,29,0.05,0.0,0.0,0.025,0.25,0.2857142857142857,0.0,0.0,0.16666666666666666,0.3448275862068966,Regierung,1.0,0.0,19,WP19,2020,2,7
58,2020-02-06,2020-02-13,14,fdp,8.0,8.0,0.0,0.0,0.19047619047619047,0.5714285714285714,0.8666666666666666,0.14285714285714285,0.2857142857142857,0.14285714285714285,,0.0,,0.0,1.0,0,1,0,2,5,7,5,484.14285714285717,True,False,3.0,FDP,0.0,0.14285714285714285,0.0,0.2857142857142857,0.7142857142857143,40,7,4,1,6,29,0.0,0.025,0.0,0.05,0.125,0.0,0.25,0.0,0.3333333333333333,0.1724137931034483,Opposition,0.0,1.0,19,WP19,2020,2,7
58,2020-02-06,2020-02-13,14,grüne,22.0,24.0,-2.0,2.0,0.2,0.6,1.2,0.0,0.4,0.2,1.5,,,,1.0,2,0,0,0,4,5,5,545.8,True,False,1.0,Bündnis 90/Die Grünen,0.4,0.0,0.0,0.0,0.8,40,7,4,1,6,29,0.05,0.0,0.0,0.0,0.1,0.2857142857142857,0.0,0.0,0.0,0.13793103448275862,Opposition,0.0,1.0,19,WP19,2020,2,7
58,2020-02-06,2020-02-13,14,linke,9.0,8.0,1.0,1.0,0.27777777777777773,0.8333333333333334,1.625,0.3333333333333333,0.5,0.0,,3.0,,0.0,2.0,0,1,0,1,3,6,4,412.0,True,False,0.0,Die Linke,0.0,0.16666666666666666,0.0,0.16666666666666666,0.5,40,7,4,1,6,29,0.0,0.025,0.0,0.025,0.075,0.0,0.25,0.0,0.16666666666666666,0.10344827586206896,Opposition,0.0,1.0,19,WP19,2020,2,7
58,2020-02-06,2020-02-13,14,spd,14.0,14.0,0.0,0.0,0.25925925925925924,0.7777777777777778,0.5714285714285714,0.3333333333333333,0.3333333333333333,0.1111111111111111,0.6666666666666666,0.5,0.0,0.0,0.5714285714285714,3,2,1,2,7,9,7,579.8888888888889,True,False,2.0,SPD,0.3333333333333333,0.2222222222222222,0.1111111111111111,0.2222222222222222,0.7777777777777778,40,7,4,1,6,29,0.075,0.05,0.025,0.05,0.175,0.42857142857142855,0.5,1.0,0.3333333333333333,0.2413793103448276,Regierung,1.0,0.0,19,WP19,2020,2,7
59,2020-02-13,2020-03-05,14,afd,14.0,14.0,0.0,0.0,0.8787878787878788,2.6363636363636362,6.872222222222223,0.7575757575757576,1.303030303030303,0.5757575757575758,7.0,7.166666666666667,6.625,6.75,6.85,9,12,8,12,20,33,27,562.1818181818181,False,True,,,0.2727272727272727,0.36363636363636365,0.24242424242424243,0.36363636363636365,0.6060606060606061,222,45,36,18,57,98,0.04054054054054054,0.05405405405405406,0.036036036036036036,0.05405405405405406,0.09009009009009009,0.2,0.3333333333333333,0.4444444444444444,0.21052631578947367,0.20408163265306123,Opposition,0.0,1.0,19,WP19,2020,2,21
59,2020-02-13,2020-03-05,14,cdu/csu,26.0,27.0,-1.0,1.0,0.13513513513513514,0.40540540540540543,2.796666666666667,0.08108108108108109,0.20270270270270271,0.12162162162162163,3.8181818181818183,5.333333333333333,4.0,2.5625,2.45,11,12,5,16,40,74,50,685.5135135135135,True,False,4.0,CDU/CSU,0.14864864864864866,0.16216216216216217,0.06756756756756757,0.21621621621621623,0.5405405405405406,222,45,36,18,57,98,0.04954954954954955,0.05405405405405406,0.02252252252252252,0.07207207207207207,0.18018018018018017,0.24444444444444444,0.3333333333333333,0.2777777777777778,0.2807017543859649,0.40816326530612246,Regierung,1.0,0.0,19,WP19,2020,2,21
59,2020-02-13,2020-03-05,14,fdp,7.0,8.0,-1.0,1.0,0.15740740740740738,0.4722222222222222,2.371212121212121,0.08333333333333333,0.3333333333333333,0.05555555555555555,4.0,3.6666666666666665,2.0,1.9,2.0,6,3,1,10,15,36,22,473.0833333333333,True,False,3.0,FDP,0.16666666666666666,0.08333333333333333,0.027777777777777776,0.2777777777777778,0.4166666666666667,222,45,36,18,57,98,0.02702702702702703,0.013513513513513514,0.0045045045045045045,0.04504504504504504,0.06756756756756757,0.13333333333333333,0.08333333333333333,0.05555555555555555,0.17543859649122806,0.15306122448979592,Opposition,0.0,1.0,19,WP19,2020,2,21
59,2020-02-13,2020-03-05,14,grüne,22.0,22.0,0.0,0.0,0.23958333333333331,0.71875,0.9583333333333334,0.1875,0.46875,0.0625,1.0,2.0,0.5,0.6666666666666666,0.8333333333333334,11,5,4,9,12,32,24,525.03125,True,False,1.0,Bündnis 90/Die Grünen,0.34375,0.15625,0.125,0.28125,0.375,222,45,36,18,57,98,0.04954954954954955,0.02252252252252252,0.018018018018018018,0.04054054054054054,0.05405405405405406,0.24444444444444444,0.1388888888888889,0.2222222222222222,0.15789473684210525,0.12244897959183673,Opposition,0.0,1.0,19,WP19,2020,2,21
59,2020-02-13,2020-03-05,14,linke,9.0,9.0,0.0,0.0,0.42857142857142855,1.2857142857142858,0.9053030303030304,0.39285714285714285,0.7857142857142857,0.10714285714285714,0.75,1.8571428571428572,0.3333333333333333,0.4166666666666667,0.8333333333333334,8,7,3,12,12,28,22,538.3571428571429,True,False,0.0,Die Linke,0.2857142857142857,0.25,0.10714285714285714,0.42857142857142855,0.42857142857142855,222,45,36,18,57,98,0.036036036036036036,0.03153153153153153,0.013513513513513514,0.05405405405405406,0.05405405405405406,0.17777777777777778,0.19444444444444445,0.16666666666666666,0.21052631578947367,0.12244897959183673,Opposition,0.0,1.0,19,WP19,2020,2,21
59,2020-02-13,2020-03-05,14,spd,16.0,14.0,2.0,2.0,0.19230769230769232,0.5769230769230769,1.3203125,0.17307692307692307,0.2692307692307692,0.1346153846153846,1.6666666666666667,1.3333333333333333,0.8,1.0,1.0526315789473684,9,9,5,10,19,52,32,597.25,True,False,2.0,SPD,0.17307692307692307,0.17307692307692307,0.09615384615384616,0.19230769230769232,0.36538461538461536,222,45,36,18,57,98,0.04054054054054054,0.04054054054054054,0.02252252252252252,0.04504504504504504,0.08558558558558559,0.2,0.25,0.2777777777777778,0.17543859649122806,0.19387755102040816,Regierung,1.0,0.0,19,WP19,2020,2,21
60,2020-03-05,2020-03-20,12,afd,12.0,14.0,-2.0,2.0,0.7570621468926553,2.2711864406779663,6.52689393939394,0.6949152542372882,1.152542372881356,0.423728813559322,7.363636363636363,7.473684210526316,8.4,6.45,6.545454545454546,11,19,5,20,33,59,44,597.3220338983051,False,True,,,0.1864406779661017,0.3220338983050847,0.0847457627118644,0.3389830508474576,0.559322033898305,372,67,71,49,102,152,0.02956989247311828,0.051075268817204304,0.013440860215053764,0.053763440860215055,0.08870967741935484,0.16417910447761194,0.2676056338028169,0.10204081632653061,0.19607843137254902,0.21710526315789475,Opposition,0.0,1.0,19,WP19,2020,3,15
60,2020-03-05,2020-03-20,12,cdu/csu,27.0,26.0,1.0,1.0,0.1472222222222222,0.44166666666666665,2.427777777777778,0.075,0.275,0.09166666666666666,2.3125,3.9130434782608696,0.9090909090909091,3.1481481481481484,1.7959183673469388,16,23,11,27,49,120,75,677.3,True,False,4.0,CDU/CSU,0.13333333333333333,0.19166666666666668,0.09166666666666666,0.225,0.4083333333333333,372,67,71,49,102,152,0.043010752688172046,0.06182795698924731,0.02956989247311828,0.07258064516129033,0.13172043010752688,0.23880597014925373,0.323943661971831,0.22448979591836735,0.2647058823529412,0.3223684210526316,Regierung,1.0,0.0,19,WP19,2020,3,15
60,2020-03-05,2020-03-20,12,fdp,6.0,7.0,-1.0,1.0,0.2222222222222222,0.6666666666666666,2.2364341085271318,0.1,0.43333333333333335,0.13333333333333333,4.1,3.0833333333333335,0.3333333333333333,1.7058823529411764,1.96,10,12,6,17,25,60,43,507.46666666666664,True,False,3.0,FDP,0.16666666666666666,0.2,0.1,0.2833333333333333,0.4166666666666667,372,67,71,49,102,152,0.026881720430107527,0.03225806451612903,0.016129032258064516,0.0456989247311828,0.06720430107526881,0.14925373134328357,0.16901408450704225,0.12244897959183673,0.16666666666666666,0.16447368421052633,Opposition,0.0,1.0,19,WP19,2020,3,15
60,2020-03-05,2020-03-20,12,grüne,23.0,22.0,1.0,1.0,0.25862068965517243,0.7758620689655172,1.1924603174603174,0.1724137931034483,0.5344827586206896,0.06896551724137931,1.125,1.5833333333333333,0.42857142857142855,1.0666666666666667,0.8636363636363636,16,12,7,15,22,58,42,518.8620689655172,True,False,1.0,Bündnis 90/Die Grünen,0.27586206896551724,0.20689655172413793,0.1206896551724138,0.25862068965517243,0.3793103448275862,372,67,71,49,102,152,0.043010752688172046,0.03225806451612903,0.01881720430107527,0.04032258064516129,0.05913978494623656,0.23880597014925373,0.16901408450704225,0.14285714285714285,0.14705882352941177,0.14473684210526316,Opposition,0.0,1.0,19,WP19,2020,3,15
60,2020-03-05,2020-03-20,12,linke,9.0,9.0,0.0,0.0,0.4066666666666666,1.22,0.8587962962962963,0.4,0.72,0.1,0.875,1.0,0.25,0.6470588235294118,0.9047619047619048,8,12,8,17,21,50,36,525.62,True,False,0.0,Die Linke,0.16,0.24,0.16,0.34,0.42,372,67,71,49,102,152,0.021505376344086023,0.03225806451612903,0.021505376344086023,0.0456989247311828,0.056451612903225805,0.11940298507462686,0.16901408450704225,0.16326530612244897,0.16666666666666666,0.13815789473684212,Opposition,0.0,1.0,19,WP19,2020,3,15
60,2020-03-05,2020-03-20,12,spd,16.0,16.0,0.0,0.0,0.13095238095238096,0.39285714285714285,1.1724137931034482,0.07142857142857142,0.25,0.07142857142857142,1.0588235294117647,1.4166666666666667,0.5294117647058824,1.3846153846153846,0.8285714285714286,17,12,17,26,35,84,58,612.6428571428571,True,False,2.0,SPD,0.20238095238095238,0.14285714285714285,0.20238095238095238,0.30952380952380953,0.4166666666666667,372,67,71,49,102,152,0.0456989247311828,0.03225806451612903,0.0456989247311828,0.06989247311827956,0.09408602150537634,0.2537313432835821,0.16901408450704225,0.3469387755102041,0.2549019607843137,0.23026315789473684,Regierung,1.0,0.0,19,WP19,2020,3,15
61,2020-03-20,2020-04-02,10,afd,10.0,12.0,-2.0,2.0,0.38095238095238093,1.1428571428571428,4.545454545454546,0.42857142857142855,0.5714285714285714,0.14285714285714285,,10.0,10.0,3.111111111111111,7.4,0,1,1,9,5,14,11,443.85714285714283,False,True,,,0.0,0.07142857142857142,0.07142857142857142,0.6428571428571429,0.35714285714285715,47,2,2,1,23,18,0.0,0.02127659574468085,0.02127659574468085,0.19148936170212766,0.10638297872340426,0.0,0.5,1.0,0.391304347826087,0.2777777777777778,Opposition,0.0,1.0,19,WP19,2020,3,13
61,2020-03-20,2020-04-02,10,cdu/csu,30.0,27.0,3.0,3.0,0.10526315789473684,0.3157894736842105,2.05,0.21052631578947367,0.05263157894736842,0.05263157894736842,,6.0,,2.0,1.8,0,1,0,8,5,19,10,588.9473684210526,True,False,4.0,CDU/CSU,0.0,0.05263157894736842,0.0,0.42105263157894735,0.2631578947368421,47,2,2,1,23,18,0.0,0.02127659574468085,0.0,0.1702127659574468,0.10638297872340426,0.0,0.5,0.0,0.34782608695652173,0.2777777777777778,Regierung,1.0,0.0,19,WP19,2020,3,13
61,2020-03-20,2020-04-02,10,fdp,7.0,6.0,1.0,1.0,0.041666666666666664,0.125,1.6,0.0,0.125,0.0,,,,1.6,1.6666666666666667,0,0,0,5,3,8,5,575.875,True,False,3.0,FDP,0.0,0.0,0.0,0.625,0.375,47,2,2,1,23,18,0.0,0.0,0.0,0.10638297872340426,0.06382978723404255,0.0,0.0,0.0,0.21739130434782608,0.16666666666666666,Opposition,0.0,1.0,19,WP19,2020,3,13
61,2020-03-20,2020-04-02,10,grüne,23.0,23.0,0.0,0.0,0.047619047619047616,0.14285714285714285,1.523809523809524,0.0,0.14285714285714285,0.0,1.0,,,1.6666666666666667,1.25,2,0,0,6,4,7,7,754.5714285714286,True,False,1.0,Bündnis 90/Die Grünen,0.2857142857142857,0.0,0.0,0.8571428571428571,0.5714285714285714,47,2,2,1,23,18,0.0425531914893617,0.0,0.0,0.1276595744680851,0.0851063829787234,1.0,0.0,0.0,0.2608695652173913,0.2222222222222222,Opposition,0.0,1.0,19,WP19,2020,3,13
61,2020-03-20,2020-04-02,10,linke,9.0,9.0,0.0,0.0,0.5333333333333333,1.6,1.35,0.8,0.6,0.2,,2.0,0.0,1.6666666666666667,0.6666666666666666,0,1,1,3,3,5,5,869.2,True,False,0.0,Die Linke,0.0,0.2,0.2,0.6,0.6,47,2,2,1,23,18,0.0,0.02127659574468085,0.02127659574468085,0.06382978723404255,0.06382978723404255,0.0,0.5,1.0,0.13043478260869565,0.16666666666666666,Opposition,0.0,1.0,19,WP19,2020,3,13
61,2020-03-20,2020-04-02,10,spd,14.0,16.0,-2.0,2.0,0.041666666666666664,0.125,0.5,0.125,0.0,0.0,,,,0.0,0.6666666666666666,0,0,0,1,3,8,4,614.375,True,False,2.0,SPD,0.0,0.0,0.0,0.125,0.375,47,2,2,1,23,18,0.0,0.0,0.0,0.02127659574468085,0.06382978723404255,0.0,0.0,0.0,0.043478260869565216,0.16666666666666666,Regierung,1.0,0.0,19,WP19,2020,3,13
62,2020-04-02,2020-04-17,10,afd,10.0,10.0,0.0,0.0,,,,,,,,,,,,0,0,0,0,0,0,0,,False,True,,,,,,,,0,0,0,0,0,0,,,,,,,,,,,,,,,,2020,4,15
62,2020-04-02,2020-04-17,10,cdu/csu,34.0,30.0,4.0,4.0,,,,,,,,,,,,0,0,0,0,0,0,0,,True,False,4.0,CDU/CSU,,,,,,0,0,0,0,0,0,,,,,,,,,,,,,,,,2020,4,15
62,2020-04-02,2020-04-17,10,fdp,5.0,7.0,-2.0,2.0,,,,,,,,,,,,0,0,0,0,0,0,0,,True,False,3.0,FDP,,,,,,0,0,0,0,0,0,,,,,,,,,,,,,,,,2020,4,15
62,2020-04-02,2020-04-17,10,grüne,22.0,23.0,-1.0,1.0,,,,,,,,,,,,0,0,0,0,0,0,0,,True,False,1.0,Bündnis 90/Die Grünen,,,,,,0,0,0,0,0,0,,,,,,,,,,,,,,,,2020,4,15
62,2020-04-02,2020-04-17,10,linke,7.0,9.0,-2.0,2.0,,,,,,,,,,,,0,0,0,0,0,0,0,,True,False,0.0,Die Linke,,,,,,0,0,0,0,0,0,,,,,,,,,,,,,,,,2020,4,15
62,2020-04-02,2020-04-17,10,spd,16.0,14.0,2.0,2.0,,,,,,,,,,,,0,0,0,0,0,0,0,,True,False,2.0,SPD,,,,,,0,0,0,0,0,0,,,,,,,,,,,,,,,,2020,4,15
63,2020-04-17,2020-05-07,9,afd,9.0,10.0,-1.0,1.0,0.8589743589743589,2.576923076923077,7.132575757575757,0.9230769230769231,1.4230769230769231,0.23076923076923078,8.0,8.833333333333334,7.666666666666667,5.7,7.583333333333333,6,6,3,10,12,26,22,578.3076923076923,False,True,,,0.23076923076923078,0.23076923076923078,0.11538461538461539,0.38461538461538464,0.46153846153846156,167,32,16,10,44,55,0.03592814371257485,0.03592814371257485,0.017964071856287425,0.059880239520958084,0.0718562874251497,0.1875,0.375,0.3,0.22727272727272727,0.21818181818181817,Opposition,0.0,1.0,19,WP19,2020,4,20
63,2020-04-17,2020-05-07,9,cdu/csu,38.0,34.0,4.0,4.0,0.04678362573099415,0.14035087719298245,2.538095238095238,0.03508771929824561,0.10526315789473684,0.0,2.0,4.8,1.5,2.5384615384615383,2.8095238095238093,11,5,2,13,21,57,35,701.9649122807018,True,False,4.0,CDU/CSU,0.19298245614035087,0.08771929824561403,0.03508771929824561,0.22807017543859648,0.3684210526315789,167,32,16,10,44,55,0.0658682634730539,0.029940119760479042,0.011976047904191617,0.07784431137724551,0.12574850299401197,0.34375,0.3125,0.2,0.29545454545454547,0.38181818181818183,Regierung,1.0,0.0,19,WP19,2020,4,20
63,2020-04-17,2020-05-07,9,fdp,5.0,5.0,0.0,0.0,0.16666666666666666,0.5,2.1470588235294117,0.08333333333333333,0.4166666666666667,0.0,5.0,2.0,0.0,1.6666666666666667,1.4285714285714286,3,1,2,9,7,24,17,537.9583333333334,True,False,3.0,FDP,0.125,0.041666666666666664,0.08333333333333333,0.375,0.2916666666666667,167,32,16,10,44,55,0.017964071856287425,0.005988023952095809,0.011976047904191617,0.05389221556886228,0.041916167664670656,0.09375,0.0625,0.2,0.20454545454545456,0.12727272727272726,Opposition,0.0,1.0,19,WP19,2020,4,20
63,2020-04-17,2020-05-07,9,grüne,19.0,22.0,-3.0,3.0,0.28,0.84,1.2745098039215685,0.28,0.52,0.04,0.625,4.5,1.0,2.2,1.2857142857142858,8,2,2,5,7,25,17,530.24,True,False,1.0,Bündnis 90/Die Grünen,0.32,0.08,0.08,0.2,0.28,167,32,16,10,44,55,0.04790419161676647,0.011976047904191617,0.011976047904191617,0.029940119760479042,0.041916167664670656,0.25,0.125,0.2,0.11363636363636363,0.12727272727272726,Opposition,0.0,1.0,19,WP19,2020,4,20
63,2020-04-17,2020-05-07,9,linke,7.0,7.0,0.0,0.0,0.4861111111111111,1.4583333333333333,1.2888888888888888,0.5833333333333334,0.75,0.125,0.75,3.0,0.5,1.5,1.125,4,5,2,6,8,24,15,497.3333333333333,True,False,0.0,Die Linke,0.16666666666666666,0.20833333333333334,0.08333333333333333,0.25,0.3333333333333333,167,32,16,10,44,55,0.023952095808383235,0.029940119760479042,0.011976047904191617,0.03592814371257485,0.04790419161676647,0.125,0.3125,0.2,0.13636363636363635,0.14545454545454545,Opposition,0.0,1.0,19,WP19,2020,4,20
63,2020-04-17,2020-05-07,9,spd,17.0,16.0,1.0,1.0,0.12612612612612611,0.3783783783783784,1.2727272727272727,0.13513513513513514,0.24324324324324326,0.0,1.0,1.6666666666666667,1.5,2.090909090909091,0.8333333333333334,6,3,2,11,12,37,22,581.2162162162163,True,False,2.0,SPD,0.16216216216216217,0.08108108108108109,0.05405405405405406,0.2972972972972973,0.32432432432432434,167,32,16,10,44,55,0.03592814371257485,0.017964071856287425,0.011976047904191617,0.0658682634730539,0.0718562874251497,0.1875,0.1875,0.2,0.25,0.21818181818181817,Regierung,1.0,0.0,19,WP19,2020,4,20
64,2020-05-07,2020-05-15,9,afd,9.0,9.0,0.0,0.0,0.8592592592592592,2.577777777777778,6.894715447154471,0.8444444444444444,1.4444444444444444,0.28888888888888886,8.285714285714286,8.2,8.25,6.166666666666667,7.3,7,10,8,24,30,45,41,589.2666666666667,False,True,,,0.15555555555555556,0.2222222222222222,0.17777777777777778,0.5333333333333333,0.6666666666666666,304,43,28,18,89,110,0.023026315789473683,0.03289473684210526,0.02631578947368421,0.07894736842105263,0.09868421052631579,0.16279069767441862,0.35714285714285715,0.4444444444444444,0.2696629213483146,0.2727272727272727,Opposition,0.0,1.0,19,WP19,2020,5,8
64,2020-05-07,2020-05-15,9,cdu/csu,39.0,38.0,1.0,1.0,0.0737179487179487,0.22115384615384615,1.9112903225806452,0.038461538461538464,0.15384615384615385,0.028846153846153848,1.8181818181818181,3.5,1.25,1.8333333333333333,1.7804878048780488,11,8,4,30,41,104,62,648.6153846153846,True,False,4.0,CDU/CSU,0.10576923076923077,0.07692307692307693,0.038461538461538464,0.28846153846153844,0.3942307692307692,304,43,28,18,89,110,0.03618421052631579,0.02631578947368421,0.013157894736842105,0.09868421052631579,0.13486842105263158,0.2558139534883721,0.2857142857142857,0.2222222222222222,0.33707865168539325,0.37272727272727274,Regierung,1.0,0.0,19,WP19,2020,5,8
64,2020-05-07,2020-05-15,9,fdp,5.0,5.0,0.0,0.0,0.20289855072463767,0.6086956521739131,2.072222222222222,0.15217391304347827,0.43478260869565216,0.021739130434782608,4.4,3.0,1.0,1.4285714285714286,2.0555555555555554,5,4,1,14,18,46,30,514.5652173913044,True,False,3.0,FDP,0.10869565217391304,0.08695652173913043,0.021739130434782608,0.30434782608695654,0.391304347826087,304,43,28,18,89,110,0.01644736842105263,0.013157894736842105,0.003289473684210526,0.046052631578947366,0.05921052631578947,0.11627906976744186,0.14285714285714285,0.05555555555555555,0.15730337078651685,0.16363636363636364,Opposition,0.0,1.0,19,WP19,2020,5,8
64,2020-05-07,2020-05-15,9,grüne,18.0,19.0,-1.0,1.0,0.2619047619047619,0.7857142857142857,1.4807692307692308,0.23809523809523808,0.47619047619047616,0.07142857142857142,0.625,3.0,0.0,2.2857142857142856,1.2,8,2,2,14,15,42,26,564.0,True,False,1.0,Bündnis 90/Die Grünen,0.19047619047619047,0.047619047619047616,0.047619047619047616,0.3333333333333333,0.35714285714285715,304,43,28,18,89,110,0.02631578947368421,0.006578947368421052,0.006578947368421052,0.046052631578947366,0.049342105263157895,0.18604651162790697,0.07142857142857142,0.1111111111111111,0.15730337078651685,0.13636363636363635,Opposition,0.0,1.0,19,WP19,2020,5,8
64,2020-05-07,2020-05-15,9,linke,8.0,7.0,1.0,1.0,0.41666666666666663,1.25,1.5804597701149423,0.45454545454545453,0.7272727272727273,0.06818181818181818,0.8333333333333334,2.6666666666666665,0.8333333333333334,1.5,1.6923076923076923,6,6,6,12,13,44,29,488.0,True,False,0.0,Die Linke,0.13636363636363635,0.13636363636363635,0.13636363636363635,0.2727272727272727,0.29545454545454547,304,43,28,18,89,110,0.019736842105263157,0.019736842105263157,0.019736842105263157,0.039473684210526314,0.04276315789473684,0.13953488372093023,0.21428571428571427,0.3333333333333333,0.1348314606741573,0.11818181818181818,Opposition,0.0,1.0,19,WP19,2020,5,8
64,2020-05-07,2020-05-15,9,spd,16.0,17.0,-1.0,1.0,0.12254901960784312,0.36764705882352944,1.4326241134751772,0.10294117647058823,0.23529411764705882,0.029411764705882353,1.2307692307692308,2.75,0.6,1.263157894736842,1.2173913043478262,13,8,5,19,23,68,47,600.6176470588235,True,False,2.0,SPD,0.19117647058823528,0.11764705882352941,0.07352941176470588,0.27941176470588236,0.3382352941176471,304,43,28,18,89,110,0.04276315789473684,0.02631578947368421,0.01644736842105263,0.0625,0.0756578947368421,0.3023255813953488,0.2857142857142857,0.2777777777777778,0.21348314606741572,0.20909090909090908,Regierung,1.0,0.0,19,WP19,2020,5,8
65,2020-05-15,2020-06-04,10,afd,10.0,9.0,1.0,1.0,0.75,2.25,6.519629629629629,0.6964285714285714,1.2857142857142858,0.26785714285714285,7.583333333333333,8.125,6.714285714285714,5.666666666666667,7.206896551724138,12,8,7,21,29,56,45,566.5357142857143,False,True,,,0.21428571428571427,0.14285714285714285,0.125,0.375,0.5178571428571429,331,64,30,51,104,145,0.03625377643504532,0.02416918429003021,0.021148036253776436,0.0634441087613293,0.08761329305135952,0.1875,0.26666666666666666,0.13725490196078433,0.20192307692307693,0.2,Opposition,0.0,1.0,19,WP19,2020,5,20
65,2020-05-15,2020-06-04,10,cdu/csu,38.0,39.0,-1.0,1.0,0.08123249299719887,0.24369747899159663,2.2888888888888888,0.04201680672268908,0.14285714285714285,0.058823529411764705,2.5789473684210527,4.75,2.1538461538461537,2.5757575757575757,1.5,19,8,13,33,50,119,75,674.2352941176471,True,False,4.0,CDU/CSU,0.15966386554621848,0.06722689075630252,0.1092436974789916,0.2773109243697479,0.42016806722689076,331,64,30,51,104,145,0.05740181268882175,0.02416918429003021,0.03927492447129909,0.09969788519637462,0.1510574018126888,0.296875,0.26666666666666666,0.2549019607843137,0.3173076923076923,0.3448275862068966,Regierung,1.0,0.0,19,WP19,2020,5,20
65,2020-05-15,2020-06-04,10,fdp,6.0,5.0,1.0,1.0,0.2,0.6,1.7745098039215688,0.1,0.46,0.04,4.428571428571429,2.0,1.0,1.0,1.0416666666666667,7,5,6,16,24,50,34,551.28,True,False,3.0,FDP,0.14,0.1,0.12,0.32,0.48,331,64,30,51,104,145,0.021148036253776436,0.015105740181268883,0.01812688821752266,0.04833836858006042,0.07250755287009064,0.109375,0.16666666666666666,0.11764705882352941,0.15384615384615385,0.16551724137931034,Opposition,0.0,1.0,19,WP19,2020,5,20
65,2020-05-15,2020-06-04,10,grüne,18.0,18.0,0.0,0.0,0.22727272727272727,0.6818181818181818,1.0144144144144143,0.13636363636363635,0.4772727272727273,0.06818181818181818,0.6666666666666666,2.8,0.45454545454545453,1.0,0.6470588235294118,12,5,11,16,17,44,37,547.0454545454545,True,False,1.0,Bündnis 90/Die Grünen,0.2727272727272727,0.11363636363636363,0.25,0.36363636363636365,0.38636363636363635,331,64,30,51,104,145,0.03625377643504532,0.015105740181268883,0.03323262839879154,0.04833836858006042,0.0513595166163142,0.1875,0.16666666666666666,0.21568627450980393,0.15384615384615385,0.11724137931034483,Opposition,0.0,1.0,19,WP19,2020,5,20
65,2020-05-15,2020-06-04,10,linke,7.0,8.0,-1.0,1.0,0.40310077519379844,1.2093023255813953,0.9301075268817204,0.4186046511627907,0.7674418604651163,0.023255813953488372,1.8333333333333333,1.0,0.25,0.8888888888888888,0.5263157894736842,6,5,8,18,19,43,31,562.1395348837209,True,False,0.0,Die Linke,0.13953488372093023,0.11627906976744186,0.18604651162790697,0.4186046511627907,0.4418604651162791,331,64,30,51,104,145,0.01812688821752266,0.015105740181268883,0.02416918429003021,0.054380664652567974,0.05740181268882175,0.09375,0.16666666666666666,0.1568627450980392,0.17307692307692307,0.1310344827586207,Opposition,0.0,1.0,19,WP19,2020,5,20
65,2020-05-15,2020-06-04,10,spd,15.0,16.0,-1.0,1.0,0.12444444444444443,0.37333333333333335,0.9727272727272728,0.13333333333333333,0.18666666666666668,0.05333333333333334,1.05,1.4285714285714286,0.6153846153846154,0.9047619047619048,0.6571428571428571,20,7,13,21,35,75,55,617.3066666666666,True,False,2.0,SPD,0.26666666666666666,0.09333333333333334,0.17333333333333334,0.28,0.4666666666666667,331,64,30,51,104,145,0.06042296072507553,0.021148036253776436,0.03927492447129909,0.0634441087613293,0.10574018126888217,0.3125,0.23333333333333334,0.2549019607843137,0.20192307692307693,0.2413793103448276,Regierung,1.0,0.0,19,WP19,2020,5,20
66,2020-06-04,2020-06-26,9,afd,9.0,10.0,-1.0,1.0,0.8730158730158729,2.619047619047619,7.72979797979798,0.7619047619047619,1.380952380952381,0.47619047619047616,8.875,7.833333333333333,8.727272727272727,7.705882352941177,7.75,8,6,11,17,20,42,33,582.1428571428571,False,True,,,0.19047619047619047,0.14285714285714285,0.2619047619047619,0.40476190476190477,0.47619047619047616,274,54,22,35,89,105,0.029197080291970802,0.021897810218978103,0.040145985401459854,0.06204379562043796,0.072992700729927,0.14814814814814814,0.2727272727272727,0.3142857142857143,0.19101123595505617,0.19047619047619047,Opposition,0.0,1.0,19,WP19,2020,6,22
66,2020-06-04,2020-06-26,9,cdu/csu,38.0,38.0,0.0,0.0,0.1374570446735395,0.41237113402061853,2.698717948717949,0.07216494845360824,0.25773195876288657,0.08247422680412371,2.4210526315789473,3.2857142857142856,2.2222222222222223,3.1818181818181817,2.5,19,7,9,33,46,97,78,663.5979381443299,True,False,4.0,CDU/CSU,0.1958762886597938,0.07216494845360824,0.09278350515463918,0.3402061855670103,0.4742268041237113,274,54,22,35,89,105,0.06934306569343066,0.025547445255474453,0.032846715328467155,0.12043795620437957,0.1678832116788321,0.35185185185185186,0.3181818181818182,0.2571428571428571,0.3707865168539326,0.4380952380952381,Regierung,1.0,0.0,19,WP19,2020,6,22
66,2020-06-04,2020-06-26,9,fdp,6.0,6.0,0.0,0.0,0.15447154471544713,0.4634146341463415,2.25,0.0975609756097561,0.34146341463414637,0.024390243902439025,3.2857142857142856,4.333333333333333,0.6666666666666666,1.5833333333333333,1.7142857142857142,7,3,3,12,14,41,28,543.8536585365854,True,False,3.0,FDP,0.17073170731707318,0.07317073170731707,0.07317073170731707,0.2926829268292683,0.34146341463414637,274,54,22,35,89,105,0.025547445255474453,0.010948905109489052,0.010948905109489052,0.043795620437956206,0.051094890510948905,0.12962962962962962,0.13636363636363635,0.08571428571428572,0.1348314606741573,0.13333333333333333,Opposition,0.0,1.0,19,WP19,2020,6,22
66,2020-06-04,2020-06-26,9,grüne,19.0,18.0,1.0,1.0,0.2037037037037037,0.6111111111111112,1.1111111111111112,0.1388888888888889,0.4444444444444444,0.027777777777777776,1.1,0.0,0.0,1.1,1.0,10,1,6,10,9,36,24,562.5277777777778,True,False,1.0,Bündnis 90/Die Grünen,0.2777777777777778,0.027777777777777776,0.16666666666666666,0.2777777777777778,0.25,274,54,22,35,89,105,0.0364963503649635,0.0036496350364963502,0.021897810218978103,0.0364963503649635,0.032846715328467155,0.18518518518518517,0.045454545454545456,0.17142857142857143,0.11235955056179775,0.08571428571428572,Opposition,0.0,1.0,19,WP19,2020,6,22
66,2020-06-04,2020-06-26,9,linke,8.0,7.0,1.0,1.0,0.4722222222222222,1.4166666666666667,1.3633333333333335,0.5,0.8333333333333334,0.08333333333333333,1.4285714285714286,0.5714285714285714,0.5,1.0,1.6428571428571428,7,7,8,11,14,36,25,544.0833333333334,True,False,0.0,Die Linke,0.19444444444444445,0.19444444444444445,0.2222222222222222,0.3055555555555556,0.3888888888888889,274,54,22,35,89,105,0.025547445255474453,0.025547445255474453,0.029197080291970802,0.040145985401459854,0.051094890510948905,0.12962962962962962,0.3181818181818182,0.22857142857142856,0.12359550561797752,0.13333333333333333,Opposition,0.0,1.0,19,WP19,2020,6,22
66,2020-06-04,2020-06-26,9,spd,15.0,15.0,0.0,0.0,0.13020833333333331,0.390625,1.3055555555555556,0.125,0.203125,0.0625,0.9090909090909091,3.0,0.4444444444444444,1.6956521739130435,1.0909090909090908,11,4,9,23,22,64,48,619.6875,True,False,2.0,SPD,0.171875,0.0625,0.140625,0.359375,0.34375,274,54,22,35,89,105,0.040145985401459854,0.014598540145985401,0.032846715328467155,0.08394160583941605,0.08029197080291971,0.2037037037037037,0.18181818181818182,0.2571428571428571,0.25842696629213485,0.20952380952380953,Regierung,1.0,0.0,19,WP19,2020,6,22
67,2020-06-26,2020-07-02,10,afd,10.0,9.0,1.0,1.0,0.9166666666666666,2.75,7.985714285714286,0.75,1.375,0.625,8.333333333333334,8.0,9.0,8.0,8.142857142857142,3,2,2,1,7,8,7,620.875,False,True,,,0.375,0.25,0.25,0.125,0.875,55,9,2,0,7,27,0.05454545454545454,0.03636363636363636,0.03636363636363636,0.01818181818181818,0.12727272727272726,0.3333333333333333,1.0,,0.14285714285714285,0.25925925925925924,Opposition,0.0,1.0,19,WP19,2020,6,6
67,2020-06-26,2020-07-02,10,cdu/csu,37.0,38.0,-1.0,1.0,0.015873015873015872,0.047619047619047616,1.2638888888888888,0.0,0.047619047619047616,0.0,2.0,6.0,,1.3333333333333333,1.0,4,1,0,3,11,21,12,668.8095238095239,True,False,4.0,CDU/CSU,0.19047619047619047,0.047619047619047616,0.0,0.14285714285714285,0.5238095238095238,55,9,2,0,7,27,0.07272727272727272,0.01818181818181818,0.0,0.05454545454545454,0.2,0.4444444444444444,0.5,,0.42857142857142855,0.4074074074074074,Regierung,1.0,0.0,19,WP19,2020,6,6
67,2020-06-26,2020-07-02,10,fdp,5.0,6.0,-1.0,1.0,0.14814814814814814,0.4444444444444444,1.25,0.0,0.4444444444444444,0.0,,,,0.0,1.5,0,0,0,1,4,9,4,564.7777777777778,True,False,3.0,FDP,0.0,0.0,0.0,0.1111111111111111,0.4444444444444444,55,9,2,0,7,27,0.0,0.0,0.0,0.01818181818181818,0.07272727272727272,0.0,0.0,,0.14285714285714285,0.14814814814814814,Opposition,0.0,1.0,19,WP19,2020,6,6
67,2020-06-26,2020-07-02,10,grüne,20.0,19.0,1.0,1.0,0.16666666666666666,0.5,1.6333333333333333,0.0,0.5,0.0,2.0,,,0.0,1.6,3,0,0,1,5,8,5,561.125,True,False,1.0,Bündnis 90/Die Grünen,0.375,0.0,0.0,0.125,0.625,55,9,2,0,7,27,0.05454545454545454,0.0,0.0,0.01818181818181818,0.09090909090909091,0.3333333333333333,0.0,,0.14285714285714285,0.18518518518518517,Opposition,0.0,1.0,19,WP19,2020,6,6
67,2020-06-26,2020-07-02,10,linke,7.0,8.0,-1.0,1.0,0.37037037037037035,1.1111111111111112,1.25,0.4444444444444444,0.6666666666666666,0.0,,5.0,,0.0,1.2,0,1,0,1,5,9,6,478.6666666666667,True,False,0.0,Die Linke,0.0,0.1111111111111111,0.0,0.1111111111111111,0.5555555555555556,55,9,2,0,7,27,0.0,0.01818181818181818,0.0,0.01818181818181818,0.09090909090909091,0.0,0.5,,0.14285714285714285,0.18518518518518517,Opposition,0.0,1.0,19,WP19,2020,6,6
67,2020-06-26,2020-07-02,10,spd,16.0,15.0,1.0,1.0,0.0,0.0,1.0833333333333333,0.0,0.0,0.0,2.0,,,0.0,0.5,2,0,0,1,2,8,2,868.625,True,False,2.0,SPD,0.25,0.0,0.0,0.125,0.25,55,9,2,0,7,27,0.03636363636363636,0.0,0.0,0.01818181818181818,0.03636363636363636,0.2222222222222222,0.0,,0.14285714285714285,0.07407407407407407,Regierung,1.0,0.0,19,WP19,2020,6,6
68,2020-07-02,2020-07-24,10,afd,10.0,10.0,0.0,0.0,0.7567567567567568,2.27027027027027,6.5,0.7567567567567568,1.2702702702702702,0.24324324324324326,7.888888888888889,8.428571428571429,7.0,5.846153846153846,7.421052631578948,9,7,5,13,19,37,25,582.1891891891892,False,True,,,0.24324324324324326,0.1891891891891892,0.13513513513513514,0.35135135135135137,0.5135135135135135,228,50,14,13,57,56,0.039473684210526314,0.03070175438596491,0.021929824561403508,0.05701754385964912,0.08333333333333333,0.18,0.5,0.38461538461538464,0.22807017543859648,0.3392857142857143,Opposition,0.0,1.0,19,WP19,2020,7,22
68,2020-07-02,2020-07-24,10,cdu/csu,37.0,37.0,0.0,0.0,0.10256410256410256,0.3076923076923077,2.8903508771929824,0.038461538461538464,0.23076923076923078,0.038461538461538464,3.3125,5.333333333333333,4.0,2.85,1.5,16,3,2,20,22,78,38,699.7307692307693,True,False,4.0,CDU/CSU,0.20512820512820512,0.038461538461538464,0.02564102564102564,0.2564102564102564,0.28205128205128205,228,50,14,13,57,56,0.07017543859649122,0.013157894736842105,0.008771929824561403,0.08771929824561403,0.09649122807017543,0.32,0.21428571428571427,0.15384615384615385,0.3508771929824561,0.39285714285714285,Regierung,1.0,0.0,19,WP19,2020,7,22
68,2020-07-02,2020-07-24,10,fdp,5.0,5.0,0.0,0.0,0.3333333333333333,1.0,3.3627450980392157,0.23529411764705882,0.7058823529411765,0.058823529411764705,5.0,5.0,,2.6666666666666665,2.857142857142857,6,3,0,9,7,34,17,554.4705882352941,True,False,3.0,FDP,0.17647058823529413,0.08823529411764706,0.0,0.2647058823529412,0.20588235294117646,228,50,14,13,57,56,0.02631578947368421,0.013157894736842105,0.0,0.039473684210526314,0.03070175438596491,0.12,0.21428571428571427,0.0,0.15789473684210525,0.125,Opposition,0.0,1.0,19,WP19,2020,7,22
68,2020-07-02,2020-07-24,10,grüne,20.0,20.0,0.0,0.0,0.30107526881720426,0.9032258064516129,1.1904761904761905,0.22580645161290322,0.6129032258064516,0.06451612903225806,0.9,2.5,1.5,1.5,1.1428571428571428,10,2,2,8,7,31,21,579.2258064516129,True,False,1.0,Bündnis 90/Die Grünen,0.3225806451612903,0.06451612903225806,0.06451612903225806,0.25806451612903225,0.22580645161290322,228,50,14,13,57,56,0.043859649122807015,0.008771929824561403,0.008771929824561403,0.03508771929824561,0.03070175438596491,0.2,0.14285714285714285,0.15384615384615385,0.14035087719298245,0.125,Opposition,0.0,1.0,19,WP19,2020,7,22
68,2020-07-02,2020-07-24,10,linke,7.0,7.0,0.0,0.0,0.5,1.5,1.0294117647058822,0.4666666666666667,0.9666666666666667,0.06666666666666667,0.5714285714285714,0.6666666666666666,0.25,1.7777777777777777,1.1111111111111112,7,3,4,9,9,30,17,553.7666666666667,True,False,0.0,Die Linke,0.23333333333333334,0.1,0.13333333333333333,0.3,0.3,228,50,14,13,57,56,0.03070175438596491,0.013157894736842105,0.017543859649122806,0.039473684210526314,0.039473684210526314,0.14,0.21428571428571427,0.3076923076923077,0.15789473684210525,0.16071428571428573,Opposition,0.0,1.0,19,WP19,2020,7,22
68,2020-07-02,2020-07-24,10,spd,16.0,16.0,0.0,0.0,0.18181818181818182,0.5454545454545454,1.6206896551724137,0.18181818181818182,0.3090909090909091,0.05454545454545454,1.3636363636363635,6.0,1.2,1.9090909090909092,1.1818181818181819,11,3,5,11,11,55,29,622.2181818181818,True,False,2.0,SPD,0.2,0.05454545454545454,0.09090909090909091,0.2,0.2,228,50,14,13,57,56,0.04824561403508772,0.013157894736842105,0.021929824561403508,0.04824561403508772,0.04824561403508772,0.22,0.21428571428571427,0.38461538461538464,0.19298245614035087,0.19642857142857142,Regierung,1.0,0.0,19,WP19,2020,7,22
69,2020-07-24,2020-08-06,11,afd,11.0,10.0,1.0,1.0,,,,,,,,,,,,0,0,0,0,0,0,0,,False,True,,,,,,,,0,0,0,0,0,0,,,,,,,,,,,,,,,,2020,7,13
69,2020-07-24,2020-08-06,11,cdu/csu,37.0,37.0,0.0,0.0,,,,,,,,,,,,0,0,0,0,0,0,0,,True,False,4.0,CDU/CSU,,,,,,0,0,0,0,0,0,,,,,,,,,,,,,,,,2020,7,13
69,2020-07-24,2020-08-06,11,fdp,5.0,5.0,0.0,0.0,,,,,,,,,,,,0,0,0,0,0,0,0,,True,False,3.0,FDP,,,,,,0,0,0,0,0,0,,,,,,,,,,,,,,,,2020,7,13
69,2020-07-24,2020-08-06,11,grüne,20.0,20.0,0.0,0.0,,,,,,,,,,,,0,0,0,0,0,0,0,,True,False,1.0,Bündnis 90/Die Grünen,,,,,,0,0,0,0,0,0,,,,,,,,,,,,,,,,2020,7,13
69,2020-07-24,2020-08-06,11,linke,7.0,7.0,0.0,0.0,,,,,,,,,,,,0,0,0,0,0,0,0,,True,False,0.0,Die Linke,,,,,,0,0,0,0,0,0,,,,,,,,,,,,,,,,2020,7,13
69,2020-07-24,2020-08-06,11,spd,14.0,16.0,-2.0,2.0,,,,,,,,,,,,0,0,0,0,0,0,0,,True,False,2.0,SPD,,,,,,0,0,0,0,0,0,,,,,,,,,,,,,,,,2020,7,13
70,2020-08-06,2020-08-21,11,afd,11.0,11.0,0.0,0.0,,,,,,,,,,,,0,0,0,0,0,0,0,,False,True,,,,,,,,0,0,0,0,0,0,,,,,,,,,,,,,,,,2020,8,15
70,2020-08-06,2020-08-21,11,cdu/csu,38.0,37.0,1.0,1.0,,,,,,,,,,,,0,0,0,0,0,0,0,,True,False,4.0,CDU/CSU,,,,,,0,0,0,0,0,0,,,,,,,,,,,,,,,,2020,8,15
70,2020-08-06,2020-08-21,11,fdp,6.0,5.0,1.0,1.0,,,,,,,,,,,,0,0,0,0,0,0,0,,True,False,3.0,FDP,,,,,,0,0,0,0,0,0,,,,,,,,,,,,,,,,2020,8,15
70,2020-08-06,2020-08-21,11,grüne,18.0,20.0,-2.0,2.0,,,,,,,,,,,,0,0,0,0,0,0,0,,True,False,1.0,Bündnis 90/Die Grünen,,,,,,0,0,0,0,0,0,,,,,,,,,,,,,,,,2020,8,15
70,2020-08-06,2020-08-21,11,linke,7.0,7.0,0.0,0.0,,,,,,,,,,,,0,0,0,0,0,0,0,,True,False,0.0,Die Linke,,,,,,0,0,0,0,0,0,,,,,,,,,,,,,,,,2020,8,15
70,2020-08-06,2020-08-21,11,spd,15.0,14.0,1.0,1.0,,,,,,,,,,,,0,0,0,0,0,0,0,,True,False,2.0,SPD,,,,,,0,0,0,0,0,0,,,,,,,,,,,,,,,,2020,8,15
71,2020-08-21,2020-09-03,10,afd,10.0,11.0,-1.0,1.0,,,,,,,,,,,,0,0,0,0,0,0,0,,False,True,,,,,,,,0,0,0,0,0,0,,,,,,,,,,,,,,,,2020,8,13
71,2020-08-21,2020-09-03,10,cdu/csu,37.0,38.0,-1.0,1.0,,,,,,,,,,,,0,0,0,0,0,0,0,,True,False,4.0,CDU/CSU,,,,,,0,0,0,0,0,0,,,,,,,,,,,,,,,,2020,8,13
71,2020-08-21,2020-09-03,10,fdp,6.0,6.0,0.0,0.0,,,,,,,,,,,,0,0,0,0,0,0,0,,True,False,3.0,FDP,,,,,,0,0,0,0,0,0,,,,,,,,,,,,,,,,2020,8,13
71,2020-08-21,2020-09-03,10,grüne,17.0,18.0,-1.0,1.0,,,,,,,,,,,,0,0,0,0,0,0,0,,True,False,1.0,Bündnis 90/Die Grünen,,,,,,0,0,0,0,0,0,,,,,,,,,,,,,,,,2020,8,13
71,2020-08-21,2020-09-03,10,linke,8.0,7.0,1.0,1.0,,,,,,,,,,,,0,0,0,0,0,0,0,,True,False,0.0,Die Linke,,,,,,0,0,0,0,0,0,,,,,,,,,,,,,,,,2020,8,13
71,2020-08-21,2020-09-03,10,spd,16.0,15.0,1.0,1.0,,,,,,,,,,,,0,0,0,0,0,0,0,,True,False,2.0,SPD,,,,,,0,0,0,0,0,0,,,,,,,,,,,,,,,,2020,8,13
72,2020-09-03,2020-09-18,10,afd,10.0,10.0,0.0,0.0,0.9342723004694835,2.8028169014084505,6.6477401129943505,0.9436619718309859,1.3943661971830985,0.4647887323943662,7.423076923076923,8.473684210526315,8.384615384615385,6.0,7.02,26,19,13,27,50,71,59,561.1267605633802,False,True,,,0.36619718309859156,0.2676056338028169,0.18309859154929578,0.38028169014084506,0.704225352112676,444,156,36,15,112,130,0.05855855855855856,0.04279279279279279,0.02927927927927928,0.060810810810810814,0.11261261261261261,0.16666666666666666,0.5277777777777778,0.8666666666666667,0.24107142857142858,0.38461538461538464,Opposition,0.0,1.0,19,WP19,2020,9,15
72,2020-09-03,2020-09-18,10,cdu/csu,36.0,37.0,-1.0,1.0,0.12962962962962962,0.3888888888888889,2.236254295532646,0.0763888888888889,0.2569444444444444,0.05555555555555555,1.8095238095238095,4.181818181818182,1.4,2.918918918918919,1.6226415094339623,42,11,5,37,53,144,97,677.9652777777778,True,False,4.0,CDU/CSU,0.2916666666666667,0.0763888888888889,0.034722222222222224,0.2569444444444444,0.3680555555555556,444,156,36,15,112,130,0.0945945945945946,0.024774774774774775,0.01126126126126126,0.08333333333333333,0.11936936936936937,0.2692307692307692,0.3055555555555556,0.3333333333333333,0.33035714285714285,0.4076923076923077,Regierung,1.0,0.0,19,WP19,2020,9,15
72,2020-09-03,2020-09-18,10,fdp,6.0,6.0,0.0,0.0,0.22058823529411764,0.6617647058823529,2.95,0.058823529411764705,0.5735294117647058,0.029411764705882353,3.5454545454545454,3.3333333333333335,2.0,2.1538461538461537,2.0714285714285716,22,3,1,13,14,68,40,534.4705882352941,True,False,3.0,FDP,0.3235294117647059,0.04411764705882353,0.014705882352941176,0.19117647058823528,0.20588235294117646,444,156,36,15,112,130,0.04954954954954955,0.006756756756756757,0.0022522522522522522,0.02927927927927928,0.03153153153153153,0.14102564102564102,0.08333333333333333,0.06666666666666667,0.11607142857142858,0.1076923076923077,Opposition,0.0,1.0,19,WP19,2020,9,15
72,2020-09-03,2020-09-18,10,grüne,19.0,17.0,2.0,2.0,0.25,0.75,1.2560606060606059,0.22058823529411764,0.47058823529411764,0.058823529411764705,0.9705882352941176,1.8571428571428572,0.0,1.5,0.8823529411764706,34,7,1,20,17,68,55,482.5,True,False,1.0,Bündnis 90/Die Grünen,0.5,0.10294117647058823,0.014705882352941176,0.29411764705882354,0.25,444,156,36,15,112,130,0.07657657657657657,0.015765765765765764,0.0022522522522522522,0.04504504504504504,0.038288288288288286,0.21794871794871795,0.19444444444444445,0.06666666666666667,0.17857142857142858,0.13076923076923078,Opposition,0.0,1.0,19,WP19,2020,9,15
72,2020-09-03,2020-09-18,10,linke,7.0,8.0,-1.0,1.0,0.45355191256830596,1.360655737704918,0.9954954954954955,0.45901639344262296,0.8688524590163934,0.03278688524590164,0.7083333333333334,1.0,,1.2142857142857142,1.0,24,4,0,14,18,61,37,522.0983606557377,True,False,0.0,Die Linke,0.39344262295081966,0.06557377049180328,0.0,0.22950819672131148,0.29508196721311475,444,156,36,15,112,130,0.05405405405405406,0.009009009009009009,0.0,0.03153153153153153,0.04054054054054054,0.15384615384615385,0.1111111111111111,0.0,0.125,0.13846153846153847,Opposition,0.0,1.0,19,WP19,2020,9,15
72,2020-09-03,2020-09-18,10,spd,17.0,16.0,1.0,1.0,0.14563106796116504,0.4368932038834951,1.2442129629629628,0.1262135922330097,0.24271844660194175,0.06796116504854369,1.0294117647058822,3.4545454545454546,1.25,1.3928571428571428,0.9285714285714286,34,11,8,28,28,103,72,600.3495145631068,True,False,2.0,SPD,0.3300970873786408,0.10679611650485436,0.07766990291262135,0.27184466019417475,0.27184466019417475,444,156,36,15,112,130,0.07657657657657657,0.024774774774774775,0.018018018018018018,0.06306306306306306,0.06306306306306306,0.21794871794871795,0.3055555555555556,0.5333333333333333,0.25,0.2153846153846154,Regierung,1.0,0.0,19,WP19,2020,9,15
73,2020-09-18,2020-10-01,10,afd,10.0,10.0,0.0,0.0,0.9904761904761904,2.9714285714285715,7.218390804597702,0.9142857142857143,1.6,0.45714285714285713,7.461538461538462,8.583333333333334,8.0,6.9,7.166666666666667,13,12,4,10,24,35,29,604.6857142857143,False,True,,,0.37142857142857144,0.34285714285714286,0.11428571428571428,0.2857142857142857,0.6857142857142857,234,65,54,14,39,126,0.05555555555555555,0.05128205128205128,0.017094017094017096,0.042735042735042736,0.10256410256410256,0.2,0.2222222222222222,0.2857142857142857,0.2564102564102564,0.19047619047619047,Opposition,0.0,1.0,19,WP19,2020,9,13
73,2020-09-18,2020-10-01,10,cdu/csu,36.0,36.0,0.0,0.0,0.12698412698412698,0.38095238095238093,2.1777777777777776,0.07936507936507936,0.2698412698412698,0.031746031746031744,3.0454545454545454,2.8,1.5,2.0,1.935483870967742,22,5,4,12,31,63,45,804.9206349206349,True,False,4.0,CDU/CSU,0.3492063492063492,0.07936507936507936,0.06349206349206349,0.19047619047619047,0.49206349206349204,234,65,54,14,39,126,0.09401709401709402,0.021367521367521368,0.017094017094017096,0.05128205128205128,0.13247863247863248,0.3384615384615385,0.09259259259259259,0.2857142857142857,0.3076923076923077,0.24603174603174602,Regierung,1.0,0.0,19,WP19,2020,9,13
73,2020-09-18,2020-10-01,10,fdp,5.0,6.0,-1.0,1.0,0.28888888888888886,0.8666666666666667,2.504166666666667,0.23333333333333334,0.6333333333333333,0.0,3.75,4.5,1.0,2.0,2.1333333333333333,8,2,1,6,15,30,20,687.6666666666666,True,False,3.0,FDP,0.26666666666666666,0.06666666666666667,0.03333333333333333,0.2,0.5,234,65,54,14,39,126,0.03418803418803419,0.008547008547008548,0.004273504273504274,0.02564102564102564,0.0641025641025641,0.12307692307692308,0.037037037037037035,0.07142857142857142,0.15384615384615385,0.11904761904761904,Opposition,0.0,1.0,19,WP19,2020,9,13
73,2020-09-18,2020-10-01,10,grüne,20.0,19.0,1.0,1.0,0.3444444444444444,1.0333333333333334,1.178030303030303,0.23333333333333334,0.7333333333333333,0.06666666666666667,1.4166666666666667,1.0,0.0,0.5,1.1818181818181819,12,4,4,4,11,30,22,643.0666666666667,True,False,1.0,Bündnis 90/Die Grünen,0.4,0.13333333333333333,0.13333333333333333,0.13333333333333333,0.36666666666666664,234,65,54,14,39,126,0.05128205128205128,0.017094017094017096,0.017094017094017096,0.017094017094017096,0.04700854700854701,0.18461538461538463,0.07407407407407407,0.2857142857142857,0.10256410256410256,0.0873015873015873,Opposition,0.0,1.0,19,WP19,2020,9,13
73,2020-09-18,2020-10-01,10,linke,8.0,7.0,1.0,1.0,0.3888888888888889,1.1666666666666667,1.3083333333333331,0.36666666666666664,0.8,0.0,1.5454545454545454,0.6666666666666666,1.0,1.0,1.5833333333333333,11,3,1,6,12,30,20,619.3,True,False,0.0,Die Linke,0.36666666666666664,0.1,0.03333333333333333,0.2,0.4,234,65,54,14,39,126,0.04700854700854701,0.01282051282051282,0.004273504273504274,0.02564102564102564,0.05128205128205128,0.16923076923076924,0.05555555555555555,0.07142857142857142,0.15384615384615385,0.09523809523809523,Opposition,0.0,1.0,19,WP19,2020,9,13
73,2020-09-18,2020-10-01,10,spd,16.0,17.0,-1.0,1.0,0.11934156378600823,0.35802469135802467,1.0694444444444444,0.12345679012345678,0.2222222222222222,0.012345679012345678,1.9166666666666667,1.075,0.25,0.8181818181818182,0.9649122807017544,12,40,4,11,57,81,66,769.8148148148148,True,False,2.0,SPD,0.14814814814814814,0.49382716049382713,0.04938271604938271,0.13580246913580246,0.7037037037037037,234,65,54,14,39,126,0.05128205128205128,0.17094017094017094,0.017094017094017096,0.04700854700854701,0.24358974358974358,0.18461538461538463,0.7407407407407407,0.2857142857142857,0.28205128205128205,0.4523809523809524,Regierung,1.0,0.0,19,WP19,2020,9,13
74,2020-10-01,2020-10-16,10,afd,10.0,10.0,0.0,0.0,0.9362745098039216,2.8088235294117645,6.989367816091954,0.9411764705882353,1.3823529411764706,0.4852941176470588,8.11111111111111,8.458333333333334,7.705882352941177,5.928571428571429,7.431818181818182,18,24,17,28,44,68,58,568.8382352941177,False,True,,,0.2647058823529412,0.35294117647058826,0.25,0.4117647058823529,0.6470588235294118,384,69,42,45,88,115,0.046875,0.0625,0.044270833333333336,0.07291666666666667,0.11458333333333333,0.2608695652173913,0.5714285714285714,0.37777777777777777,0.3181818181818182,0.3826086956521739,Opposition,0.0,1.0,19,WP19,2020,10,15
74,2020-10-01,2020-10-16,10,cdu/csu,35.0,36.0,-1.0,1.0,0.13661202185792348,0.4098360655737705,2.2816901408450705,0.11475409836065574,0.22950819672131148,0.06557377049180328,3.2222222222222223,3.1333333333333333,0.6923076923076923,2.5,1.4210526315789473,18,15,13,24,38,122,71,752.5,True,False,4.0,CDU/CSU,0.14754098360655737,0.12295081967213115,0.10655737704918032,0.19672131147540983,0.3114754098360656,384,69,42,45,88,115,0.046875,0.0390625,0.033854166666666664,0.0625,0.09895833333333333,0.2608695652173913,0.35714285714285715,0.28888888888888886,0.2727272727272727,0.33043478260869563,Regierung,1.0,0.0,19,WP19,2020,10,15
74,2020-10-01,2020-10-16,10,fdp,6.0,5.0,1.0,1.0,0.2833333333333333,0.85,2.6444444444444444,0.25,0.5666666666666667,0.03333333333333333,4.875,4.0,1.0,2.2,2.0,8,5,3,15,17,60,30,582.8666666666667,True,False,3.0,FDP,0.13333333333333333,0.08333333333333333,0.05,0.25,0.2833333333333333,384,69,42,45,88,115,0.020833333333333332,0.013020833333333334,0.0078125,0.0390625,0.044270833333333336,0.11594202898550725,0.11904761904761904,0.06666666666666667,0.17045454545454544,0.14782608695652175,Opposition,0.0,1.0,19,WP19,2020,10,15
74,2020-10-01,2020-10-16,10,grüne,21.0,20.0,1.0,1.0,0.3273809523809524,0.9821428571428571,0.9900793650793651,0.3392857142857143,0.625,0.017857142857142856,1.0588235294117647,2.25,0.36363636363636365,1.0,0.8,17,8,11,15,20,56,42,562.7857142857143,True,False,1.0,Bündnis 90/Die Grünen,0.30357142857142855,0.14285714285714285,0.19642857142857142,0.26785714285714285,0.35714285714285715,384,69,42,45,88,115,0.044270833333333336,0.020833333333333332,0.028645833333333332,0.0390625,0.052083333333333336,0.2463768115942029,0.19047619047619047,0.24444444444444444,0.17045454545454544,0.17391304347826086,Opposition,0.0,1.0,19,WP19,2020,10,15
74,2020-10-01,2020-10-16,10,linke,8.0,8.0,0.0,0.0,0.5321637426900585,1.5964912280701755,1.15625,0.6140350877192983,0.9473684210526315,0.03508771929824561,1.2222222222222223,1.4,0.3333333333333333,1.1333333333333333,0.9166666666666666,9,5,6,15,12,57,32,544.2982456140351,True,False,0.0,Die Linke,0.15789473684210525,0.08771929824561403,0.10526315789473684,0.2631578947368421,0.21052631578947367,384,69,42,45,88,115,0.0234375,0.013020833333333334,0.015625,0.0390625,0.03125,0.13043478260869565,0.11904761904761904,0.13333333333333333,0.17045454545454544,0.10434782608695652,Opposition,0.0,1.0,19,WP19,2020,10,15
74,2020-10-01,2020-10-16,10,spd,15.0,16.0,-1.0,1.0,0.15355805243445692,0.4606741573033708,1.3989795918367347,0.14606741573033707,0.2696629213483146,0.0449438202247191,1.8823529411764706,1.7777777777777777,0.5,1.3157894736842106,0.8928571428571429,17,9,12,19,28,89,49,655.6067415730337,True,False,2.0,SPD,0.19101123595505617,0.10112359550561797,0.1348314606741573,0.21348314606741572,0.3146067415730337,384,69,42,45,88,115,0.044270833333333336,0.0234375,0.03125,0.049479166666666664,0.07291666666666667,0.2463768115942029,0.21428571428571427,0.26666666666666666,0.2159090909090909,0.24347826086956523,Regierung,1.0,0.0,19,WP19,2020,10,15
75,2020-10-16,2020-11-12,11,afd,11.0,10.0,1.0,1.0,0.8847736625514404,2.654320987654321,6.852564102564103,0.8641975308641975,1.2839506172839505,0.5061728395061729,8.615384615384615,8.12,7.375,6.454545454545454,7.0638297872340425,13,25,16,44,47,81,65,553.1604938271605,False,True,,,0.16049382716049382,0.30864197530864196,0.19753086419753085,0.5432098765432098,0.5802469135802469,493,75,56,46,199,176,0.02636916835699797,0.05070993914807302,0.032454361054766734,0.08924949290060852,0.09533468559837728,0.17333333333333334,0.44642857142857145,0.34782608695652173,0.22110552763819097,0.26704545454545453,Opposition,0.0,1.0,19,WP19,2020,10,27
75,2020-10-16,2020-11-12,11,cdu/csu,35.0,35.0,0.0,0.0,0.11434108527131781,0.3430232558139535,2.967889908256881,0.046511627906976744,0.18023255813953487,0.11627906976744186,1.9545454545454546,6.0,4.0,3.8923076923076922,1.9384615384615385,22,23,12,65,65,172,109,662.5872093023256,True,False,4.0,CDU/CSU,0.12790697674418605,0.13372093023255813,0.06976744186046512,0.37790697674418605,0.37790697674418605,493,75,56,46,199,176,0.04462474645030426,0.04665314401622718,0.02434077079107505,0.13184584178498987,0.13184584178498987,0.29333333333333333,0.4107142857142857,0.2608695652173913,0.32663316582914576,0.3693181818181818,Regierung,1.0,0.0,19,WP19,2020,10,27
75,2020-10-16,2020-11-12,11,fdp,6.0,6.0,0.0,0.0,0.23423423423423423,0.7027027027027027,2.2766666666666664,0.13513513513513514,0.5,0.06756756756756757,4.0,5.166666666666667,2.4285714285714284,2.206896551724138,1.8928571428571428,9,6,7,29,28,74,50,502.3378378378378,True,False,3.0,FDP,0.12162162162162163,0.08108108108108109,0.0945945945945946,0.3918918918918919,0.3783783783783784,493,75,56,46,199,176,0.018255578093306288,0.012170385395537525,0.014198782961460446,0.058823529411764705,0.056795131845841784,0.12,0.10714285714285714,0.15217391304347827,0.1457286432160804,0.1590909090909091,Opposition,0.0,1.0,19,WP19,2020,10,27
75,2020-10-16,2020-11-12,11,grüne,20.0,21.0,-1.0,1.0,0.22705314009661834,0.6811594202898551,1.3692810457516338,0.10144927536231885,0.4927536231884058,0.08695652173913043,0.8823529411764706,3.6666666666666665,0.42857142857142855,1.7586206896551724,1.0,17,6,7,29,26,69,51,535.6521739130435,True,False,1.0,Bündnis 90/Die Grünen,0.2463768115942029,0.08695652173913043,0.10144927536231885,0.42028985507246375,0.37681159420289856,493,75,56,46,199,176,0.034482758620689655,0.012170385395537525,0.014198782961460446,0.058823529411764705,0.05273833671399594,0.22666666666666666,0.10714285714285714,0.15217391304347827,0.1457286432160804,0.14772727272727273,Opposition,0.0,1.0,19,WP19,2020,10,27
75,2020-10-16,2020-11-12,11,linke,7.0,8.0,-1.0,1.0,0.47761194029850745,1.4328358208955223,1.7240740740740739,0.44776119402985076,0.8059701492537313,0.1791044776119403,1.0909090909090908,4.4,0.6363636363636364,1.4285714285714286,1.15,11,10,11,28,20,67,45,519.0149253731344,True,False,0.0,Die Linke,0.16417910447761194,0.14925373134328357,0.16417910447761194,0.417910447761194,0.29850746268656714,493,75,56,46,199,176,0.02231237322515213,0.02028397565922921,0.02231237322515213,0.056795131845841784,0.04056795131845842,0.14666666666666667,0.17857142857142858,0.2391304347826087,0.1407035175879397,0.11363636363636363,Opposition,0.0,1.0,19,WP19,2020,10,27
75,2020-10-16,2020-11-12,11,spd,15.0,15.0,0.0,0.0,0.10810810810810811,0.32432432432432434,1.5819444444444446,0.07207207207207207,0.16216216216216217,0.09009009009009009,1.3125,3.0,0.6666666666666666,1.75,0.7837837837837838,16,11,9,48,37,111,72,630.7657657657658,True,False,2.0,SPD,0.14414414414414414,0.0990990990990991,0.08108108108108109,0.43243243243243246,0.3333333333333333,493,75,56,46,199,176,0.032454361054766734,0.02231237322515213,0.018255578093306288,0.0973630831643002,0.07505070993914807,0.21333333333333335,0.19642857142857142,0.1956521739130435,0.24120603015075376,0.21022727272727273,Regierung,1.0,0.0,19,WP19,2020,10,27
76,2020-11-12,2020-11-27,10,afd,10.0,11.0,-1.0,1.0,0.796875,2.390625,6.556603773584905,0.796875,1.28125,0.3125,7.538461538461538,8.071428571428571,7.222222222222222,6.09375,7.4411764705882355,13,14,9,32,34,64,53,577.5625,False,True,,,0.203125,0.21875,0.140625,0.5,0.53125,402,64,25,41,148,127,0.03233830845771144,0.03482587064676617,0.022388059701492536,0.07960199004975124,0.0845771144278607,0.203125,0.56,0.21951219512195122,0.21621621621621623,0.2677165354330709,Opposition,0.0,1.0,19,WP19,2020,11,15
76,2020-11-12,2020-11-27,10,cdu/csu,36.0,35.0,1.0,1.0,0.1038647342995169,0.3115942028985507,2.1470588235294117,0.057971014492753624,0.21014492753623187,0.043478260869565216,2.6875,4.6,1.3333333333333333,2.4791666666666665,1.4893617021276595,16,5,6,48,47,138,85,673.6594202898551,True,False,4.0,CDU/CSU,0.11594202898550725,0.036231884057971016,0.043478260869565216,0.34782608695652173,0.34057971014492755,402,64,25,41,148,127,0.03980099502487562,0.012437810945273632,0.014925373134328358,0.11940298507462686,0.11691542288557213,0.25,0.2,0.14634146341463414,0.32432432432432434,0.3700787401574803,Regierung,1.0,0.0,19,WP19,2020,11,15
76,2020-11-12,2020-11-27,10,fdp,6.0,6.0,0.0,0.0,0.1919191919191919,0.5757575757575758,2.1595744680851063,0.09090909090909091,0.45454545454545453,0.030303030303030304,4.857142857142857,2.25,1.6666666666666667,1.5769230769230769,1.3888888888888888,7,4,6,26,18,66,47,501.59090909090907,True,False,3.0,FDP,0.10606060606060606,0.06060606060606061,0.09090909090909091,0.3939393939393939,0.2727272727272727,402,64,25,41,148,127,0.017412935323383085,0.009950248756218905,0.014925373134328358,0.06467661691542288,0.04477611940298507,0.109375,0.16,0.14634146341463414,0.17567567567567569,0.14173228346456693,Opposition,0.0,1.0,19,WP19,2020,11,15
76,2020-11-12,2020-11-27,10,grüne,20.0,20.0,0.0,0.0,0.22424242424242422,0.6727272727272727,1.304263565891473,0.10909090909090909,0.4727272727272727,0.09090909090909091,1.3846153846153846,2.75,0.625,1.2173913043478262,0.9444444444444444,13,4,8,23,18,55,43,541.1818181818181,True,False,1.0,Bündnis 90/Die Grünen,0.23636363636363636,0.07272727272727272,0.14545454545454545,0.41818181818181815,0.32727272727272727,402,64,25,41,148,127,0.03233830845771144,0.009950248756218905,0.01990049751243781,0.05721393034825871,0.04477611940298507,0.203125,0.16,0.1951219512195122,0.1554054054054054,0.14173228346456693,Opposition,0.0,1.0,19,WP19,2020,11,15
76,2020-11-12,2020-11-27,10,linke,7.0,7.0,0.0,0.0,0.5094339622641509,1.528301886792453,1.7735042735042736,0.49056603773584906,0.8867924528301887,0.1509433962264151,1.5,5.0,1.6666666666666667,1.8333333333333333,1.9473684210526316,12,4,6,18,19,53,39,549.0754716981132,True,False,0.0,Die Linke,0.22641509433962265,0.07547169811320754,0.11320754716981132,0.33962264150943394,0.3584905660377358,402,64,25,41,148,127,0.029850746268656716,0.009950248756218905,0.014925373134328358,0.04477611940298507,0.0472636815920398,0.1875,0.16,0.14634146341463414,0.12162162162162163,0.14960629921259844,Opposition,0.0,1.0,19,WP19,2020,11,15
76,2020-11-12,2020-11-27,10,spd,15.0,15.0,0.0,0.0,0.14814814814814814,0.4444444444444444,1.441358024691358,0.13333333333333333,0.2222222222222222,0.08888888888888889,1.5,2.0,0.9333333333333333,1.4545454545454546,1.04,16,8,15,33,25,90,54,614.0555555555555,True,False,2.0,SPD,0.17777777777777778,0.08888888888888889,0.16666666666666666,0.36666666666666664,0.2777777777777778,402,64,25,41,148,127,0.03980099502487562,0.01990049751243781,0.03731343283582089,0.08208955223880597,0.06218905472636816,0.25,0.32,0.36585365853658536,0.22297297297297297,0.1968503937007874,Regierung,1.0,0.0,19,WP19,2020,11,15
77,2020-11-27,2020-12-03,11,afd,11.0,10.0,1.0,1.0,1.2121212121212122,3.6363636363636362,7.428571428571429,1.3636363636363635,1.6363636363636365,0.6363636363636364,,9.0,6.666666666666667,8.4,8.333333333333334,0,3,3,5,6,11,7,526.8181818181819,False,True,,,0.0,0.2727272727272727,0.2727272727272727,0.45454545454545453,0.5454545454545454,66,2,5,22,22,14,0.0,0.045454545454545456,0.045454545454545456,0.07575757575757576,0.09090909090909091,0.0,0.6,0.13636363636363635,0.22727272727272727,0.42857142857142855,Opposition,0.0,1.0,19,WP19,2020,11,6
77,2020-11-27,2020-12-03,11,cdu/csu,35.0,36.0,-1.0,1.0,0.0303030303030303,0.09090909090909091,0.9696969696969696,0.0,0.09090909090909091,0.0,2.0,,0.8333333333333334,0.625,0.4,1,0,6,8,5,22,11,720.0,True,False,4.0,CDU/CSU,0.045454545454545456,0.0,0.2727272727272727,0.36363636363636365,0.22727272727272727,66,2,5,22,22,14,0.015151515151515152,0.0,0.09090909090909091,0.12121212121212122,0.07575757575757576,0.5,0.0,0.2727272727272727,0.36363636363636365,0.35714285714285715,Regierung,1.0,0.0,19,WP19,2020,11,6
77,2020-11-27,2020-12-03,11,fdp,7.0,6.0,1.0,1.0,0.1515151515151515,0.45454545454545453,0.7222222222222223,0.09090909090909091,0.36363636363636365,0.0,,1.0,0.6,0.5,0.0,0,1,5,4,2,11,6,522.8181818181819,True,False,3.0,FDP,0.0,0.09090909090909091,0.45454545454545453,0.36363636363636365,0.18181818181818182,66,2,5,22,22,14,0.0,0.015151515151515152,0.07575757575757576,0.06060606060606061,0.030303030303030304,0.0,0.2,0.22727272727272727,0.18181818181818182,0.14285714285714285,Opposition,0.0,1.0,19,WP19,2020,11,6
77,2020-11-27,2020-12-03,11,grüne,21.0,20.0,1.0,1.0,0.125,0.375,1.0,0.125,0.25,0.0,2.0,0.0,0.3333333333333333,0.6666666666666666,0.0,1,1,3,3,2,8,5,617.875,True,False,1.0,Bündnis 90/Die Grünen,0.125,0.125,0.375,0.375,0.25,66,2,5,22,22,14,0.015151515151515152,0.015151515151515152,0.045454545454545456,0.045454545454545456,0.030303030303030304,0.5,0.2,0.13636363636363635,0.13636363636363635,0.14285714285714285,Opposition,0.0,1.0,19,WP19,2020,11,6
77,2020-11-27,2020-12-03,11,linke,7.0,7.0,0.0,0.0,0.37037037037037035,1.1111111111111112,0.16666666666666666,0.5555555555555556,0.5555555555555556,0.0,,0.0,0.3333333333333333,0.0,0.0,0,1,3,2,2,9,3,552.5555555555555,True,False,0.0,Die Linke,0.0,0.1111111111111111,0.3333333333333333,0.2222222222222222,0.2222222222222222,66,2,5,22,22,14,0.0,0.015151515151515152,0.045454545454545456,0.030303030303030304,0.030303030303030304,0.0,0.2,0.13636363636363635,0.09090909090909091,0.14285714285714285,Opposition,0.0,1.0,19,WP19,2020,11,6
77,2020-11-27,2020-12-03,11,spd,15.0,15.0,0.0,0.0,0.10416666666666666,0.3125,0.20833333333333334,0.0625,0.25,0.0,,0.5,0.2,0.0,0.0,0,2,5,5,3,16,6,630.75,True,False,2.0,SPD,0.0,0.125,0.3125,0.3125,0.1875,66,2,5,22,22,14,0.0,0.030303030303030304,0.07575757575757576,0.07575757575757576,0.045454545454545456,0.0,0.4,0.22727272727272727,0.22727272727272727,0.21428571428571427,Regierung,1.0,0.0,19,WP19,2020,11,6
78,2020-12-03,2020-12-11,10,afd,10.0,11.0,-1.0,1.0,1.0555555555555556,3.1666666666666665,7.700537634408602,1.0277777777777777,1.6388888888888888,0.5,8.153846153846153,8.777777777777779,8.333333333333334,7.2631578947368425,8.12,13,9,9,19,25,36,31,605.25,False,True,,,0.3611111111111111,0.25,0.25,0.5277777777777778,0.6944444444444444,198,73,12,24,42,75,0.06565656565656566,0.045454545454545456,0.045454545454545456,0.09595959595959595,0.12626262626262627,0.1780821917808219,0.75,0.375,0.4523809523809524,0.3333333333333333,Opposition,0.0,1.0,19,WP19,2020,12,8
78,2020-12-03,2020-12-11,10,cdu/csu,36.0,35.0,1.0,1.0,0.1016949152542373,0.3050847457627119,2.0723684210526314,0.0847457627118644,0.1694915254237288,0.05084745762711865,2.36,5.5,1.75,2.0,1.5769230769230769,25,4,4,11,26,59,38,922.8813559322034,True,False,4.0,CDU/CSU,0.423728813559322,0.06779661016949153,0.06779661016949153,0.1864406779661017,0.4406779661016949,198,73,12,24,42,75,0.12626262626262627,0.020202020202020204,0.020202020202020204,0.05555555555555555,0.13131313131313133,0.3424657534246575,0.3333333333333333,0.16666666666666666,0.2619047619047619,0.3466666666666667,Regierung,1.0,0.0,19,WP19,2020,12,8
78,2020-12-03,2020-12-11,10,fdp,6.0,7.0,-1.0,1.0,0.23809523809523808,0.7142857142857143,2.666666666666667,0.07142857142857142,0.6071428571428571,0.03571428571428571,4.75,4.0,1.0,1.7142857142857142,2.5555555555555554,4,2,3,7,9,28,14,789.1785714285714,True,False,3.0,FDP,0.14285714285714285,0.07142857142857142,0.10714285714285714,0.25,0.32142857142857145,198,73,12,24,42,75,0.020202020202020204,0.010101010101010102,0.015151515151515152,0.03535353535353535,0.045454545454545456,0.0547945205479452,0.16666666666666666,0.125,0.16666666666666666,0.12,Opposition,0.0,1.0,19,WP19,2020,12,8
78,2020-12-03,2020-12-11,10,grüne,21.0,21.0,0.0,0.0,0.23655913978494622,0.7096774193548387,0.9280303030303031,0.12903225806451613,0.5806451612903226,0.0,1.125,2.0,0.8333333333333334,0.5,0.5454545454545454,16,1,6,6,11,31,22,714.3225806451613,True,False,1.0,Bündnis 90/Die Grünen,0.5161290322580645,0.03225806451612903,0.1935483870967742,0.1935483870967742,0.3548387096774194,198,73,12,24,42,75,0.08080808080808081,0.005050505050505051,0.030303030303030304,0.030303030303030304,0.05555555555555555,0.2191780821917808,0.08333333333333333,0.25,0.14285714285714285,0.14666666666666667,Opposition,0.0,1.0,19,WP19,2020,12,8
78,2020-12-03,2020-12-11,10,linke,7.0,7.0,0.0,0.0,0.5,1.5,1.2142857142857142,0.53125,0.9375,0.03125,1.2727272727272727,2.3333333333333335,0.0,0.4,1.3333333333333333,11,3,4,5,9,32,21,632.84375,True,False,0.0,Die Linke,0.34375,0.09375,0.125,0.15625,0.28125,198,73,12,24,42,75,0.05555555555555555,0.015151515151515152,0.020202020202020204,0.025252525252525252,0.045454545454545456,0.1506849315068493,0.25,0.16666666666666666,0.11904761904761904,0.12,Opposition,0.0,1.0,19,WP19,2020,12,8
78,2020-12-03,2020-12-11,10,spd,15.0,15.0,0.0,0.0,0.08333333333333333,0.25,1.3186274509803921,0.08333333333333333,0.14583333333333334,0.020833333333333332,1.6470588235294117,0.0,0.7142857142857143,1.9230769230769231,0.6,17,2,7,13,20,48,34,802.9791666666666,True,False,2.0,SPD,0.3541666666666667,0.041666666666666664,0.14583333333333334,0.2708333333333333,0.4166666666666667,198,73,12,24,42,75,0.08585858585858586,0.010101010101010102,0.03535353535353535,0.06565656565656566,0.10101010101010101,0.2328767123287671,0.16666666666666666,0.2916666666666667,0.30952380952380953,0.26666666666666666,Regierung,1.0,0.0,19,WP19,2020,12,8
79,2020-12-11,2021-01-07,9,afd,9.0,10.0,-1.0,1.0,0.9892473118279569,2.967741935483871,7.231884057971015,0.967741935483871,1.5161290322580645,0.4838709677419355,9.75,8.6,7.5,6.0,8.117647058823529,4,10,6,17,17,31,23,600.516129032258,False,True,,,0.12903225806451613,0.3225806451612903,0.1935483870967742,0.5483870967741935,0.5483870967741935,213,21,23,23,67,46,0.018779342723004695,0.046948356807511735,0.028169014084507043,0.07981220657276995,0.07981220657276995,0.19047619047619047,0.43478260869565216,0.2608695652173913,0.2537313432835821,0.3695652173913043,Opposition,0.0,1.0,19,WP19,2020,12,27
79,2020-12-11,2021-01-07,9,cdu/csu,36.0,36.0,0.0,0.0,0.12790697674418605,0.38372093023255816,2.6958333333333333,0.09302325581395349,0.23255813953488372,0.05813953488372093,3.0,5.166666666666667,2.0,2.5172413793103448,2.8421052631578947,7,6,5,29,19,86,40,757.3255813953489,True,False,4.0,CDU/CSU,0.08139534883720931,0.06976744186046512,0.05813953488372093,0.3372093023255814,0.22093023255813954,213,21,23,23,67,46,0.03286384976525822,0.028169014084507043,0.023474178403755867,0.13615023474178403,0.0892018779342723,0.3333333333333333,0.2608695652173913,0.21739130434782608,0.43283582089552236,0.41304347826086957,Regierung,1.0,0.0,19,WP19,2020,12,27
79,2020-12-11,2021-01-07,9,fdp,6.0,6.0,0.0,0.0,0.21839080459770113,0.6551724137931034,2.2564102564102564,0.13793103448275862,0.4827586206896552,0.034482758620689655,7.0,4.5,1.3333333333333333,1.7,2.2,1,2,3,10,5,29,13,529.9310344827586,True,False,3.0,FDP,0.034482758620689655,0.06896551724137931,0.10344827586206896,0.3448275862068966,0.1724137931034483,213,21,23,23,67,46,0.004694835680751174,0.009389671361502348,0.014084507042253521,0.046948356807511735,0.023474178403755867,0.047619047619047616,0.08695652173913043,0.13043478260869565,0.14925373134328357,0.10869565217391304,Opposition,0.0,1.0,19,WP19,2020,12,27
79,2020-12-11,2021-01-07,9,grüne,20.0,21.0,-1.0,1.0,0.367816091954023,1.103448275862069,1.0964912280701753,0.3103448275862069,0.5862068965517241,0.20689655172413793,0.8571428571428571,1.75,0.5,1.3,0.8571428571428571,7,4,4,10,7,29,19,524.0689655172414,True,False,1.0,Bündnis 90/Die Grünen,0.2413793103448276,0.13793103448275862,0.13793103448275862,0.3448275862068966,0.2413793103448276,213,21,23,23,67,46,0.03286384976525822,0.018779342723004695,0.018779342723004695,0.046948356807511735,0.03286384976525822,0.3333333333333333,0.17391304347826086,0.17391304347826086,0.14925373134328357,0.15217391304347827,Opposition,0.0,1.0,19,WP19,2020,12,27
79,2020-12-11,2021-01-07,9,linke,7.0,7.0,0.0,0.0,0.5679012345679012,1.7037037037037037,0.9404761904761905,0.5555555555555556,1.037037037037037,0.1111111111111111,1.5,1.0,0.6,0.8888888888888888,0.8,2,4,5,9,5,27,14,526.7777777777778,True,False,0.0,Die Linke,0.07407407407407407,0.14814814814814814,0.18518518518518517,0.3333333333333333,0.18518518518518517,213,21,23,23,67,46,0.009389671361502348,0.018779342723004695,0.023474178403755867,0.04225352112676056,0.023474178403755867,0.09523809523809523,0.17391304347826086,0.21739130434782608,0.13432835820895522,0.10869565217391304,Opposition,0.0,1.0,19,WP19,2020,12,27
79,2020-12-11,2021-01-07,9,spd,16.0,15.0,1.0,1.0,0.12698412698412698,0.38095238095238093,1.0147058823529411,0.11904761904761904,0.23809523809523808,0.023809523809523808,1.25,2.142857142857143,1.1666666666666667,0.8888888888888888,1.5,4,7,6,9,10,42,17,586.7380952380952,True,False,2.0,SPD,0.09523809523809523,0.16666666666666666,0.14285714285714285,0.21428571428571427,0.23809523809523808,213,21,23,23,67,46,0.018779342723004695,0.03286384976525822,0.028169014084507043,0.04225352112676056,0.046948356807511735,0.19047619047619047,0.30434782608695654,0.2608695652173913,0.13432835820895522,0.21739130434782608,Regierung,1.0,0.0,19,WP19,2020,12,27
80,2021-01-07,2021-01-22,10,afd,10.0,9.0,1.0,1.0,0.7738095238095238,2.3214285714285716,6.615079365079365,0.6428571428571429,1.3571428571428572,0.32142857142857145,7.0,8.666666666666666,7.5,6.363636363636363,6.666666666666667,5,3,2,11,18,28,21,571.7142857142857,False,True,,,0.17857142857142858,0.10714285714285714,0.07142857142857142,0.39285714285714285,0.6428571428571429,159,36,18,13,47,63,0.031446540880503145,0.018867924528301886,0.012578616352201259,0.06918238993710692,0.11320754716981132,0.1388888888888889,0.16666666666666666,0.15384615384615385,0.23404255319148937,0.2857142857142857,Opposition,0.0,1.0,19,WP19,2021,1,15
80,2021-01-07,2021-01-22,10,cdu/csu,35.0,36.0,-1.0,1.0,0.17901234567901234,0.5370370370370371,2.4004629629629632,0.07407407407407407,0.3148148148148148,0.14814814814814814,1.5,5.5,3.5,3.875,1.96,10,6,2,16,25,54,36,671.5555555555555,True,False,4.0,CDU/CSU,0.18518518518518517,0.1111111111111111,0.037037037037037035,0.2962962962962963,0.46296296296296297,159,36,18,13,47,63,0.06289308176100629,0.03773584905660377,0.012578616352201259,0.10062893081761007,0.15723270440251572,0.2777777777777778,0.3333333333333333,0.15384615384615385,0.3404255319148936,0.3968253968253968,Regierung,1.0,0.0,19,WP19,2021,1,15
80,2021-01-07,2021-01-22,10,fdp,7.0,6.0,1.0,1.0,0.34782608695652173,1.0434782608695652,2.661764705882353,0.21739130434782608,0.6956521739130435,0.13043478260869565,3.857142857142857,3.0,0.5,1.5714285714285714,1.5555555555555556,7,4,2,7,9,23,17,544.5652173913044,True,False,3.0,FDP,0.30434782608695654,0.17391304347826086,0.08695652173913043,0.30434782608695654,0.391304347826087,159,36,18,13,47,63,0.0440251572327044,0.025157232704402517,0.012578616352201259,0.0440251572327044,0.05660377358490566,0.19444444444444445,0.2222222222222222,0.15384615384615385,0.14893617021276595,0.14285714285714285,Opposition,0.0,1.0,19,WP19,2021,1,15
80,2021-01-07,2021-01-22,10,grüne,21.0,20.0,1.0,1.0,0.44,1.32,0.7916666666666666,0.44,0.8,0.08,0.625,1.0,0.0,1.375,0.1,8,2,2,8,10,25,18,529.12,True,False,1.0,Bündnis 90/Die Grünen,0.32,0.08,0.08,0.32,0.4,159,36,18,13,47,63,0.050314465408805034,0.012578616352201259,0.012578616352201259,0.050314465408805034,0.06289308176100629,0.2222222222222222,0.1111111111111111,0.15384615384615385,0.1702127659574468,0.15873015873015872,Opposition,0.0,1.0,19,WP19,2021,1,15
80,2021-01-07,2021-01-22,10,linke,7.0,7.0,0.0,0.0,0.5277777777777778,1.5833333333333333,1.2549019607843137,0.5833333333333334,0.875,0.125,1.5,1.0,0.6666666666666666,1.2857142857142858,0.8888888888888888,4,2,3,7,9,24,17,474.1666666666667,True,False,0.0,Die Linke,0.16666666666666666,0.08333333333333333,0.125,0.2916666666666667,0.375,159,36,18,13,47,63,0.025157232704402517,0.012578616352201259,0.018867924528301886,0.0440251572327044,0.05660377358490566,0.1111111111111111,0.1111111111111111,0.23076923076923078,0.14893617021276595,0.14285714285714285,Opposition,0.0,1.0,19,WP19,2021,1,15
80,2021-01-07,2021-01-22,10,spd,14.0,16.0,-2.0,2.0,0.1919191919191919,0.5757575757575758,1.2833333333333332,0.15151515151515152,0.30303030303030304,0.12121212121212122,1.0,2.5,0.25,2.111111111111111,1.7,7,4,4,9,10,33,20,703.6363636363636,True,False,2.0,SPD,0.21212121212121213,0.12121212121212122,0.12121212121212122,0.2727272727272727,0.30303030303030304,159,36,18,13,47,63,0.0440251572327044,0.025157232704402517,0.025157232704402517,0.05660377358490566,0.06289308176100629,0.19444444444444445,0.2222222222222222,0.3076923076923077,0.19148936170212766,0.15873015873015872,Regierung,1.0,0.0,19,WP19,2021,1,15
81,2021-01-22,2021-02-04,10,afd,10.0,10.0,0.0,0.0,0.7833333333333333,2.35,5.850574712643678,0.775,1.375,0.2,7.571428571428571,7.5,8.333333333333334,5.235294117647059,6.65,7,2,3,17,20,40,29,574.75,False,True,,,0.175,0.05,0.075,0.425,0.5,262,47,8,17,97,70,0.026717557251908396,0.007633587786259542,0.011450381679389313,0.0648854961832061,0.07633587786259542,0.14893617021276595,0.25,0.17647058823529413,0.17525773195876287,0.2857142857142857,Opposition,0.0,1.0,19,WP19,2021,1,13
81,2021-01-22,2021-02-04,10,cdu/csu,34.0,35.0,-1.0,1.0,0.08812260536398467,0.26436781609195403,2.7891156462585034,0.034482758620689655,0.20689655172413793,0.022988505747126436,2.8461538461538463,3.6666666666666665,1.25,3.0714285714285716,2.230769230769231,13,3,4,28,26,87,49,631.6321839080459,True,False,4.0,CDU/CSU,0.14942528735632185,0.034482758620689655,0.04597701149425287,0.3218390804597701,0.2988505747126437,262,47,8,17,97,70,0.04961832061068702,0.011450381679389313,0.015267175572519083,0.10687022900763359,0.09923664122137404,0.2765957446808511,0.375,0.23529411764705882,0.28865979381443296,0.37142857142857144,Regierung,1.0,0.0,19,WP19,2021,1,13
81,2021-01-22,2021-02-04,10,fdp,7.0,7.0,0.0,0.0,0.2702702702702703,0.8108108108108109,1.826086956521739,0.10810810810810811,0.6486486486486487,0.05405405405405406,3.1666666666666665,2.0,,1.4615384615384615,1.5,6,1,0,13,8,37,23,568.3243243243244,True,False,3.0,FDP,0.16216216216216217,0.02702702702702703,0.0,0.35135135135135137,0.21621621621621623,262,47,8,17,97,70,0.022900763358778626,0.003816793893129771,0.0,0.04961832061068702,0.030534351145038167,0.1276595744680851,0.125,0.0,0.13402061855670103,0.11428571428571428,Opposition,0.0,1.0,19,WP19,2021,1,13
81,2021-01-22,2021-02-04,10,grüne,21.0,21.0,0.0,0.0,0.287037037037037,0.8611111111111112,0.9479166666666666,0.16666666666666666,0.6388888888888888,0.05555555555555555,0.5,2.0,1.5,1.1538461538461537,0.6666666666666666,8,1,2,13,9,36,24,502.72222222222223,True,False,1.0,Bündnis 90/Die Grünen,0.2222222222222222,0.027777777777777776,0.05555555555555555,0.3611111111111111,0.25,262,47,8,17,97,70,0.030534351145038167,0.003816793893129771,0.007633587786259542,0.04961832061068702,0.03435114503816794,0.1702127659574468,0.125,0.11764705882352941,0.13402061855670103,0.12857142857142856,Opposition,0.0,1.0,19,WP19,2021,1,13
81,2021-01-22,2021-02-04,10,linke,6.0,7.0,-1.0,1.0,0.5045045045045045,1.5135135135135136,1.4077380952380951,0.43243243243243246,0.972972972972973,0.10810810810810811,1.4285714285714286,2.0,0.8333333333333334,1.4666666666666666,1.0833333333333333,7,1,6,15,12,37,28,508.94594594594594,True,False,0.0,Die Linke,0.1891891891891892,0.02702702702702703,0.16216216216216217,0.40540540540540543,0.32432432432432434,262,47,8,17,97,70,0.026717557251908396,0.003816793893129771,0.022900763358778626,0.05725190839694656,0.04580152671755725,0.14893617021276595,0.125,0.35294117647058826,0.15463917525773196,0.17142857142857143,Opposition,0.0,1.0,19,WP19,2021,1,13
81,2021-01-22,2021-02-04,10,spd,15.0,14.0,1.0,1.0,0.08205128205128205,0.24615384615384617,1.2333333333333334,0.046153846153846156,0.13846153846153847,0.06153846153846154,1.2307692307692308,4.5,1.0,1.3214285714285714,0.9333333333333333,13,2,5,28,15,65,45,592.6615384615385,True,False,2.0,SPD,0.2,0.03076923076923077,0.07692307692307693,0.4307692307692308,0.23076923076923078,262,47,8,17,97,70,0.04961832061068702,0.007633587786259542,0.019083969465648856,0.10687022900763359,0.05725190839694656,0.2765957446808511,0.25,0.29411764705882354,0.28865979381443296,0.21428571428571427,Regierung,1.0,0.0,19,WP19,2021,1,13
82,2021-02-04,2021-02-19,10,afd,10.0,10.0,0.0,0.0,0.7777777777777777,2.3333333333333335,5.972222222222222,0.8181818181818182,1.3333333333333333,0.18181818181818182,7.5,7.0,5.5,5.9411764705882355,5.958333333333333,6,3,2,17,24,33,30,604.030303030303,False,True,,,0.18181818181818182,0.09090909090909091,0.06060606060606061,0.5151515151515151,0.7272727272727273,220,24,21,12,83,82,0.02727272727272727,0.013636363636363636,0.00909090909090909,0.07727272727272727,0.10909090909090909,0.25,0.14285714285714285,0.16666666666666666,0.20481927710843373,0.2926829268292683,Opposition,0.0,1.0,19,WP19,2021,2,15
82,2021-02-04,2021-02-19,10,cdu/csu,34.0,34.0,0.0,0.0,0.1350210970464135,0.4050632911392405,2.2644927536231885,0.05063291139240506,0.25316455696202533,0.10126582278481013,2.75,3.6,0.0,2.5555555555555554,1.7666666666666666,4,5,1,27,30,79,46,730.2151898734177,True,False,4.0,CDU/CSU,0.05063291139240506,0.06329113924050633,0.012658227848101266,0.34177215189873417,0.379746835443038,220,24,21,12,83,82,0.01818181818181818,0.022727272727272728,0.004545454545454545,0.12272727272727273,0.13636363636363635,0.16666666666666666,0.23809523809523808,0.08333333333333333,0.3253012048192771,0.36585365853658536,Regierung,1.0,0.0,19,WP19,2021,2,15
82,2021-02-04,2021-02-19,10,fdp,8.0,7.0,1.0,1.0,0.2424242424242424,0.7272727272727273,1.75,0.15151515151515152,0.5454545454545454,0.030303030303030304,4.333333333333333,2.5,1.5,1.5454545454545454,1.5555555555555556,3,2,2,11,9,33,19,557.4545454545455,True,False,3.0,FDP,0.09090909090909091,0.06060606060606061,0.06060606060606061,0.3333333333333333,0.2727272727272727,220,24,21,12,83,82,0.013636363636363636,0.00909090909090909,0.00909090909090909,0.05,0.04090909090909091,0.125,0.09523809523809523,0.16666666666666666,0.13253012048192772,0.10975609756097561,Opposition,0.0,1.0,19,WP19,2021,2,15
82,2021-02-04,2021-02-19,10,grüne,21.0,21.0,0.0,0.0,0.36666666666666664,1.1,1.3229166666666667,0.3,0.7333333333333333,0.06666666666666667,0.625,0.3333333333333333,0.0,1.7692307692307692,0.8181818181818182,8,3,2,13,11,30,24,566.3,True,False,1.0,Bündnis 90/Die Grünen,0.26666666666666666,0.1,0.06666666666666667,0.43333333333333335,0.36666666666666664,220,24,21,12,83,82,0.03636363636363636,0.013636363636363636,0.00909090909090909,0.05909090909090909,0.05,0.3333333333333333,0.14285714285714285,0.16666666666666666,0.1566265060240964,0.13414634146341464,Opposition,0.0,1.0,19,WP19,2021,2,15
82,2021-02-04,2021-02-19,10,linke,6.0,6.0,0.0,0.0,0.4827586206896552,1.4482758620689655,0.9841269841269842,0.5172413793103449,0.8275862068965517,0.10344827586206896,0.75,1.2,0.25,1.5,0.7272727272727273,4,5,4,10,11,29,21,541.6206896551724,True,False,0.0,Die Linke,0.13793103448275862,0.1724137931034483,0.13793103448275862,0.3448275862068966,0.3793103448275862,220,24,21,12,83,82,0.01818181818181818,0.022727272727272728,0.01818181818181818,0.045454545454545456,0.05,0.16666666666666666,0.23809523809523808,0.3333333333333333,0.12048192771084337,0.13414634146341464,Opposition,0.0,1.0,19,WP19,2021,2,15
82,2021-02-04,2021-02-19,10,spd,15.0,15.0,0.0,0.0,0.10204081632653061,0.30612244897959184,1.4023809523809525,0.10204081632653061,0.1836734693877551,0.02040816326530612,1.4,1.8333333333333333,1.0,1.5454545454545454,0.9523809523809523,5,6,3,22,21,49,35,689.530612244898,True,False,2.0,SPD,0.10204081632653061,0.12244897959183673,0.061224489795918366,0.4489795918367347,0.42857142857142855,220,24,21,12,83,82,0.022727272727272728,0.02727272727272727,0.013636363636363636,0.1,0.09545454545454546,0.20833333333333334,0.2857142857142857,0.25,0.26506024096385544,0.25609756097560976,Regierung,1.0,0.0,19,WP19,2021,2,15
83,2021-02-19,2021-03-04,11,afd,11.0,10.0,1.0,1.0,0.8034188034188033,2.41025641025641,6.408854166666667,0.7948717948717948,1.358974358974359,0.2564102564102564,7.0,8.142857142857142,8.833333333333334,5.708333333333333,7.523809523809524,7,7,6,24,21,39,32,580.3333333333334,False,True,,,0.1794871794871795,0.1794871794871795,0.15384615384615385,0.6153846153846154,0.5384615384615384,245,33,13,32,74,91,0.02857142857142857,0.02857142857142857,0.024489795918367346,0.09795918367346938,0.08571428571428572,0.21212121212121213,0.5384615384615384,0.1875,0.32432432432432434,0.23076923076923078,Opposition,0.0,1.0,19,WP19,2021,2,13
83,2021-02-19,2021-03-04,11,cdu/csu,33.0,34.0,-1.0,1.0,0.1138211382113821,0.34146341463414637,2.246794871794872,0.04878048780487805,0.21951219512195122,0.07317073170731707,3.6666666666666665,3.5714285714285716,1.8181818181818181,3.0,1.53125,9,7,11,19,32,82,52,686.0,True,False,4.0,CDU/CSU,0.10975609756097561,0.08536585365853659,0.13414634146341464,0.23170731707317074,0.3902439024390244,245,33,13,32,74,91,0.036734693877551024,0.02857142857142857,0.044897959183673466,0.07755102040816327,0.1306122448979592,0.2727272727272727,0.5384615384615384,0.34375,0.25675675675675674,0.3516483516483517,Regierung,1.0,0.0,19,WP19,2021,2,13
83,2021-02-19,2021-03-04,11,fdp,8.0,8.0,0.0,0.0,0.25396825396825395,0.7619047619047619,2.032258064516129,0.23809523809523808,0.47619047619047616,0.047619047619047616,4.0,1.0,1.25,1.7857142857142858,1.1875,6,1,4,14,16,42,31,523.2142857142857,True,False,3.0,FDP,0.14285714285714285,0.023809523809523808,0.09523809523809523,0.3333333333333333,0.38095238095238093,245,33,13,32,74,91,0.024489795918367346,0.004081632653061225,0.0163265306122449,0.05714285714285714,0.0653061224489796,0.18181818181818182,0.07692307692307693,0.125,0.1891891891891892,0.17582417582417584,Opposition,0.0,1.0,19,WP19,2021,2,13
83,2021-02-19,2021-03-04,11,grüne,20.0,21.0,-1.0,1.0,0.2647058823529412,0.7941176470588235,1.4266666666666665,0.20588235294117646,0.5294117647058824,0.058823529411764705,1.2857142857142858,1.0,0.2,2.0,0.9166666666666666,7,1,5,14,12,34,25,547.7647058823529,True,False,1.0,Bündnis 90/Die Grünen,0.20588235294117646,0.029411764705882353,0.14705882352941177,0.4117647058823529,0.35294117647058826,245,33,13,32,74,91,0.02857142857142857,0.004081632653061225,0.02040816326530612,0.05714285714285714,0.04897959183673469,0.21212121212121213,0.07692307692307693,0.15625,0.1891891891891892,0.13186813186813187,Opposition,0.0,1.0,19,WP19,2021,2,13
83,2021-02-19,2021-03-04,11,linke,6.0,6.0,0.0,0.0,0.5686274509803921,1.7058823529411764,1.5256410256410255,0.5882352941176471,1.0588235294117647,0.058823529411764705,0.25,5.0,0.6,1.4545454545454546,1.7333333333333334,4,2,5,11,15,34,26,506.79411764705884,True,False,0.0,Die Linke,0.11764705882352941,0.058823529411764705,0.14705882352941177,0.3235294117647059,0.4411764705882353,245,33,13,32,74,91,0.0163265306122449,0.00816326530612245,0.02040816326530612,0.044897959183673466,0.061224489795918366,0.12121212121212122,0.15384615384615385,0.15625,0.14864864864864866,0.16483516483516483,Opposition,0.0,1.0,19,WP19,2021,2,13
83,2021-02-19,2021-03-04,11,spd,16.0,15.0,1.0,1.0,0.1572327044025157,0.4716981132075472,0.8137254901960784,0.16981132075471697,0.2830188679245283,0.018867924528301886,1.0,0.0,0.7142857142857143,1.0625,0.5625,7,2,7,16,16,53,34,640.7924528301887,True,False,2.0,SPD,0.1320754716981132,0.03773584905660377,0.1320754716981132,0.3018867924528302,0.3018867924528302,245,33,13,32,74,91,0.02857142857142857,0.00816326530612245,0.02857142857142857,0.0653061224489796,0.0653061224489796,0.21212121212121213,0.15384615384615385,0.21875,0.21621621621621623,0.17582417582417584,Regierung,1.0,0.0,19,WP19,2021,2,13
84,2021-03-04,2021-03-19,11,afd,11.0,11.0,0.0,0.0,1.019047619047619,3.057142857142857,6.6867816091954015,1.0571428571428572,1.5142857142857142,0.4857142857142857,9.2,8.625,7.75,6.157894736842105,7.2,5,8,8,19,20,35,29,574.5714285714286,False,True,,,0.14285714285714285,0.22857142857142856,0.22857142857142856,0.5428571428571428,0.5714285714285714,231,43,14,29,79,54,0.021645021645021644,0.03463203463203463,0.03463203463203463,0.08225108225108226,0.08658008658008658,0.11627906976744186,0.5714285714285714,0.27586206896551724,0.24050632911392406,0.37037037037037035,Opposition,0.0,1.0,19,WP19,2021,3,15
84,2021-03-04,2021-03-19,11,cdu/csu,33.0,33.0,0.0,0.0,0.139917695473251,0.41975308641975306,2.6340579710144927,0.08641975308641975,0.2962962962962963,0.037037037037037035,2.75,5.25,2.4,2.6296296296296298,1.3888888888888888,12,4,10,27,18,81,46,663.9012345679013,True,False,4.0,CDU/CSU,0.14814814814814814,0.04938271604938271,0.12345679012345678,0.3333333333333333,0.2222222222222222,231,43,14,29,79,54,0.05194805194805195,0.017316017316017316,0.04329004329004329,0.11688311688311688,0.07792207792207792,0.27906976744186046,0.2857142857142857,0.3448275862068966,0.34177215189873417,0.3333333333333333,Regierung,1.0,0.0,19,WP19,2021,3,15
84,2021-03-04,2021-03-19,11,fdp,7.0,8.0,-1.0,1.0,0.3796296296296296,1.1388888888888888,2.4166666666666665,0.2777777777777778,0.7222222222222222,0.1388888888888889,4.6,1.0,1.25,2.0714285714285716,1.8,5,2,4,14,10,36,24,483.3333333333333,True,False,3.0,FDP,0.1388888888888889,0.05555555555555555,0.1111111111111111,0.3888888888888889,0.2777777777777778,231,43,14,29,79,54,0.021645021645021644,0.008658008658008658,0.017316017316017316,0.06060606060606061,0.04329004329004329,0.11627906976744186,0.14285714285714285,0.13793103448275862,0.17721518987341772,0.18518518518518517,Opposition,0.0,1.0,19,WP19,2021,3,15
84,2021-03-04,2021-03-19,11,grüne,20.0,20.0,0.0,0.0,0.2626262626262626,0.7878787878787878,1.4444444444444444,0.18181818181818182,0.6060606060606061,0.0,0.6,2.6666666666666665,0.6666666666666666,1.7272727272727273,0.8571428571428571,10,3,3,11,7,33,24,559.6969696969697,True,False,1.0,Bündnis 90/Die Grünen,0.30303030303030304,0.09090909090909091,0.09090909090909091,0.3333333333333333,0.21212121212121213,231,43,14,29,79,54,0.04329004329004329,0.012987012987012988,0.012987012987012988,0.047619047619047616,0.030303030303030304,0.23255813953488372,0.21428571428571427,0.10344827586206896,0.13924050632911392,0.12962962962962962,Opposition,0.0,1.0,19,WP19,2021,3,15
84,2021-03-04,2021-03-19,11,linke,7.0,6.0,1.0,1.0,0.44791666666666663,1.34375,1.5416666666666667,0.40625,0.8125,0.125,1.4285714285714286,10.0,0.16666666666666666,1.3636363636363635,2.5,7,1,6,11,8,32,24,483.90625,True,False,0.0,Die Linke,0.21875,0.03125,0.1875,0.34375,0.25,231,43,14,29,79,54,0.030303030303030304,0.004329004329004329,0.025974025974025976,0.047619047619047616,0.03463203463203463,0.16279069767441862,0.07142857142857142,0.20689655172413793,0.13924050632911392,0.14814814814814814,Opposition,0.0,1.0,19,WP19,2021,3,15
84,2021-03-04,2021-03-19,11,spd,16.0,16.0,0.0,0.0,0.2312925170068027,0.6938775510204082,1.4080459770114944,0.16326530612244897,0.4489795918367347,0.08163265306122448,1.8888888888888888,2.0,0.3333333333333333,1.1875,0.9090909090909091,9,4,6,16,11,49,29,655.7755102040817,True,False,2.0,SPD,0.1836734693877551,0.08163265306122448,0.12244897959183673,0.32653061224489793,0.22448979591836735,231,43,14,29,79,54,0.03896103896103896,0.017316017316017316,0.025974025974025976,0.06926406926406926,0.047619047619047616,0.20930232558139536,0.2857142857142857,0.20689655172413793,0.20253164556962025,0.2037037037037037,Regierung,1.0,0.0,19,WP19,2021,3,15
85,2021-03-19,2021-04-01,11,afd,11.0,11.0,0.0,0.0,0.8405797101449275,2.5217391304347827,6.530701754385965,0.8478260869565217,1.4130434782608696,0.2608695652173913,6.125,8.333333333333334,7.454545454545454,6.043478260869565,7.3,8,6,11,23,30,46,38,579.6521739130435,False,True,,,0.17391304347826086,0.13043478260869565,0.2391304347826087,0.5,0.6521739130434783,323,55,23,45,95,127,0.02476780185758514,0.018575851393188854,0.034055727554179564,0.07120743034055728,0.09287925696594428,0.14545454545454545,0.2608695652173913,0.24444444444444444,0.24210526315789474,0.23622047244094488,Opposition,0.0,1.0,19,WP19,2021,3,13
85,2021-03-19,2021-04-01,11,cdu/csu,29.0,33.0,-4.0,4.0,0.07142857142857142,0.21428571428571427,1.8186274509803921,0.05102040816326531,0.1326530612244898,0.030612244897959183,1.6111111111111112,4.75,0.9230769230769231,2.375,1.564102564102564,18,8,13,32,39,98,68,634.5714285714286,True,False,4.0,CDU/CSU,0.1836734693877551,0.08163265306122448,0.1326530612244898,0.32653061224489793,0.3979591836734694,323,55,23,45,95,127,0.05572755417956656,0.02476780185758514,0.04024767801857585,0.09907120743034056,0.12074303405572756,0.32727272727272727,0.34782608695652173,0.28888888888888886,0.3368421052631579,0.30708661417322836,Regierung,1.0,0.0,19,WP19,2021,3,13
85,2021-03-19,2021-04-01,11,fdp,9.0,7.0,2.0,2.0,0.2573099415204678,0.7719298245614035,2.4963768115942027,0.07017543859649122,0.6491228070175439,0.05263157894736842,2.5714285714285716,4.333333333333333,1.0,1.6153846153846154,2.65625,7,3,4,13,32,57,46,479.7894736842105,True,False,3.0,FDP,0.12280701754385964,0.05263157894736842,0.07017543859649122,0.22807017543859648,0.5614035087719298,323,55,23,45,95,127,0.021671826625386997,0.009287925696594427,0.01238390092879257,0.04024767801857585,0.09907120743034056,0.12727272727272726,0.13043478260869565,0.08888888888888889,0.1368421052631579,0.25196850393700787,Opposition,0.0,1.0,19,WP19,2021,3,13
85,2021-03-19,2021-04-01,11,grüne,20.0,20.0,0.0,0.0,0.25157232704402516,0.7547169811320755,1.1166666666666667,0.18867924528301888,0.5283018867924528,0.03773584905660377,0.9230769230769231,1.8,0.5714285714285714,1.0666666666666667,0.9545454545454546,13,5,7,15,22,53,40,480.188679245283,True,False,1.0,Bündnis 90/Die Grünen,0.24528301886792453,0.09433962264150944,0.1320754716981132,0.2830188679245283,0.41509433962264153,323,55,23,45,95,127,0.04024767801857585,0.015479876160990712,0.021671826625386997,0.04643962848297214,0.06811145510835913,0.23636363636363636,0.21739130434782608,0.15555555555555556,0.15789473684210525,0.1732283464566929,Opposition,0.0,1.0,19,WP19,2021,3,13
85,2021-03-19,2021-04-01,11,linke,7.0,7.0,0.0,0.0,0.4126984126984127,1.2380952380952381,1.3777777777777778,0.3333333333333333,0.8333333333333334,0.07142857142857142,1.0,0.5,0.5,1.0,2.0,9,2,6,11,14,42,30,486.1190476190476,True,False,0.0,Die Linke,0.21428571428571427,0.047619047619047616,0.14285714285714285,0.2619047619047619,0.3333333333333333,323,55,23,45,95,127,0.02786377708978328,0.006191950464396285,0.018575851393188854,0.034055727554179564,0.043343653250773995,0.16363636363636364,0.08695652173913043,0.13333333333333333,0.11578947368421053,0.11023622047244094,Opposition,0.0,1.0,19,WP19,2021,3,13
85,2021-03-19,2021-04-01,11,spd,17.0,16.0,1.0,1.0,0.1095890410958904,0.3287671232876712,0.9108527131782945,0.0273972602739726,0.2465753424657534,0.0547945205479452,1.5,2.4,0.7333333333333333,0.6666666666666666,0.75,8,5,15,24,20,73,43,586.6164383561644,True,False,2.0,SPD,0.1095890410958904,0.0684931506849315,0.2054794520547945,0.3287671232876712,0.273972602739726,323,55,23,45,95,127,0.02476780185758514,0.015479876160990712,0.04643962848297214,0.07430340557275542,0.06191950464396285,0.14545454545454545,0.21739130434782608,0.3333333333333333,0.25263157894736843,0.15748031496062992,Regierung,1.0,0.0,19,WP19,2021,3,13
86,2021-04-01,2021-04-16,11,afd,11.0,11.0,0.0,0.0,0.8275862068965517,2.4827586206896552,7.277777777777779,0.8275862068965517,1.3448275862068966,0.3103448275862069,7.6,8.5,8.571428571428571,7.071428571428571,7.6875,5,4,7,14,16,29,21,513.8965517241379,False,True,,,0.1724137931034483,0.13793103448275862,0.2413793103448276,0.4827586206896552,0.5517241379310345,171,48,5,29,54,50,0.029239766081871343,0.023391812865497075,0.04093567251461988,0.08187134502923976,0.0935672514619883,0.10416666666666667,0.8,0.2413793103448276,0.25925925925925924,0.32,Opposition,0.0,1.0,19,WP19,2021,4,15
86,2021-04-01,2021-04-16,11,cdu/csu,27.0,29.0,-2.0,2.0,0.048484848484848485,0.14545454545454545,1.75,0.01818181818181818,0.09090909090909091,0.03636363636363636,1.7333333333333334,3.0,0.7272727272727273,2.35,1.3333333333333333,15,1,11,20,18,55,40,639.1090909090909,True,False,4.0,CDU/CSU,0.2727272727272727,0.01818181818181818,0.2,0.36363636363636365,0.32727272727272727,171,48,5,29,54,50,0.08771929824561403,0.005847953216374269,0.06432748538011696,0.11695906432748537,0.10526315789473684,0.3125,0.2,0.3793103448275862,0.37037037037037035,0.36,Regierung,1.0,0.0,19,WP19,2021,4,15
86,2021-04-01,2021-04-16,11,fdp,9.0,9.0,0.0,0.0,0.1111111111111111,0.3333333333333333,1.688888888888889,0.0,0.3333333333333333,0.0,2.0,,0.8,1.25,1.1428571428571428,6,0,5,8,7,27,15,471.4074074074074,True,False,3.0,FDP,0.2222222222222222,0.0,0.18518518518518517,0.2962962962962963,0.25925925925925924,171,48,5,29,54,50,0.03508771929824561,0.0,0.029239766081871343,0.04678362573099415,0.04093567251461988,0.125,0.0,0.1724137931034483,0.14814814814814814,0.14,Opposition,0.0,1.0,19,WP19,2021,4,15
86,2021-04-01,2021-04-16,11,grüne,22.0,20.0,2.0,2.0,0.21333333333333332,0.64,1.1388888888888888,0.12,0.48,0.04,1.0,,0.0,1.25,1.375,9,0,4,8,8,25,18,499.52,True,False,1.0,Bündnis 90/Die Grünen,0.36,0.0,0.16,0.32,0.32,171,48,5,29,54,50,0.05263157894736842,0.0,0.023391812865497075,0.04678362573099415,0.04678362573099415,0.1875,0.0,0.13793103448275862,0.14814814814814814,0.16,Opposition,0.0,1.0,19,WP19,2021,4,15
86,2021-04-01,2021-04-16,11,linke,7.0,7.0,0.0,0.0,0.4,1.2,1.131578947368421,0.32,0.84,0.04,0.5714285714285714,2.5,0.0,1.5,1.6666666666666667,7,2,3,8,6,25,19,455.76,True,False,0.0,Die Linke,0.28,0.08,0.12,0.32,0.24,171,48,5,29,54,50,0.04093567251461988,0.011695906432748537,0.017543859649122806,0.04678362573099415,0.03508771929824561,0.14583333333333334,0.4,0.10344827586206896,0.14814814814814814,0.12,Opposition,0.0,1.0,19,WP19,2021,4,15
86,2021-04-01,2021-04-16,11,spd,16.0,17.0,-1.0,1.0,0.07692307692307693,0.23076923076923078,1.0714285714285714,0.05128205128205128,0.1282051282051282,0.05128205128205128,0.7272727272727273,3.0,0.16666666666666666,2.1,0.5454545454545454,11,2,6,10,11,39,28,596.1538461538462,True,False,2.0,SPD,0.28205128205128205,0.05128205128205128,0.15384615384615385,0.2564102564102564,0.28205128205128205,171,48,5,29,54,50,0.06432748538011696,0.011695906432748537,0.03508771929824561,0.05847953216374269,0.06432748538011696,0.22916666666666666,0.4,0.20689655172413793,0.18518518518518517,0.22,Regierung,1.0,0.0,19,WP19,2021,4,15
87,2021-04-16,2021-05-06,11,afd,11.0,11.0,0.0,0.0,0.7426160337552742,2.2278481012658227,6.209064327485381,0.7721518987341772,1.1898734177215189,0.26582278481012656,7.846153846153846,7.875,5.818181818181818,5.903225806451613,6.694444444444445,13,16,11,31,36,79,57,510.60759493670884,False,True,,,0.16455696202531644,0.20253164556962025,0.13924050632911392,0.3924050632911392,0.45569620253164556,488,56,26,62,190,148,0.02663934426229508,0.03278688524590164,0.022540983606557378,0.06352459016393443,0.07377049180327869,0.23214285714285715,0.6153846153846154,0.1774193548387097,0.1631578947368421,0.24324324324324326,Opposition,0.0,1.0,19,WP19,2021,4,20
87,2021-04-16,2021-05-06,11,cdu/csu,28.0,27.0,1.0,1.0,0.08431372549019607,0.2529411764705882,2.456896551724138,0.047058823529411764,0.16470588235294117,0.041176470588235294,2.4375,2.8,2.7058823529411766,2.9577464788732395,1.3157894736842106,16,10,17,71,57,170,116,607.464705882353,True,False,4.0,CDU/CSU,0.09411764705882353,0.058823529411764705,0.1,0.4176470588235294,0.3352941176470588,488,56,26,62,190,148,0.03278688524590164,0.020491803278688523,0.03483606557377049,0.14549180327868852,0.1168032786885246,0.2857142857142857,0.38461538461538464,0.27419354838709675,0.3736842105263158,0.38513513513513514,Regierung,1.0,0.0,19,WP19,2021,4,20
87,2021-04-16,2021-05-06,11,fdp,11.0,9.0,2.0,2.0,0.21078431372549017,0.6323529411764706,1.680232558139535,0.1323529411764706,0.4411764705882353,0.058823529411764705,2.0,2.2,0.8333333333333334,1.5769230769230769,1.368421052631579,6,5,6,26,19,68,43,500.05882352941177,True,False,3.0,FDP,0.08823529411764706,0.07352941176470588,0.08823529411764706,0.38235294117647056,0.27941176470588236,488,56,26,62,190,148,0.012295081967213115,0.010245901639344262,0.012295081967213115,0.05327868852459016,0.0389344262295082,0.10714285714285714,0.19230769230769232,0.0967741935483871,0.1368421052631579,0.12837837837837837,Opposition,0.0,1.0,19,WP19,2021,4,20
87,2021-04-16,2021-05-06,11,grüne,21.0,22.0,-1.0,1.0,0.23737373737373738,0.7121212121212122,1.1333333333333333,0.13636363636363635,0.5454545454545454,0.030303030303030304,0.8333333333333334,2.3333333333333335,0.625,1.2916666666666667,0.7894736842105263,12,3,8,24,19,66,45,511.1363636363636,True,False,1.0,Bündnis 90/Die Grünen,0.18181818181818182,0.045454545454545456,0.12121212121212122,0.36363636363636365,0.2878787878787879,488,56,26,62,190,148,0.02459016393442623,0.006147540983606557,0.01639344262295082,0.04918032786885246,0.0389344262295082,0.21428571428571427,0.11538461538461539,0.12903225806451613,0.12631578947368421,0.12837837837837837,Opposition,0.0,1.0,19,WP19,2021,4,20
87,2021-04-16,2021-05-06,11,linke,7.0,7.0,0.0,0.0,0.4278606965174129,1.2835820895522387,1.4678030303030303,0.3880597014925373,0.7910447761194029,0.1044776119402985,0.8571428571428571,2.0,0.6,1.6666666666666667,1.263157894736842,7,4,10,27,19,67,44,529.1194029850747,True,False,0.0,Die Linke,0.1044776119402985,0.05970149253731343,0.14925373134328357,0.40298507462686567,0.2835820895522388,488,56,26,62,190,148,0.014344262295081968,0.00819672131147541,0.020491803278688523,0.055327868852459015,0.0389344262295082,0.125,0.15384615384615385,0.16129032258064516,0.14210526315789473,0.12837837837837837,Opposition,0.0,1.0,19,WP19,2021,4,20
87,2021-04-16,2021-05-06,11,spd,15.0,16.0,-1.0,1.0,0.1396011396011396,0.4188034188034188,1.4345991561181435,0.11965811965811966,0.24786324786324787,0.05128205128205128,1.0666666666666667,3.0,1.0476190476190477,1.5952380952380953,1.2352941176470589,15,4,21,42,34,117,79,565.1282051282051,True,False,2.0,SPD,0.1282051282051282,0.03418803418803419,0.1794871794871795,0.358974358974359,0.2905982905982906,488,56,26,62,190,148,0.030737704918032786,0.00819672131147541,0.0430327868852459,0.0860655737704918,0.06967213114754098,0.26785714285714285,0.15384615384615385,0.3387096774193548,0.22105263157894736,0.22972972972972974,Regierung,1.0,0.0,19,WP19,2021,4,20
88,2021-05-06,2021-05-14,12,afd,12.0,11.0,1.0,1.0,0.7927927927927928,2.3783783783783785,6.508620689655173,0.7567567567567568,1.4324324324324325,0.1891891891891892,8.6,10.0,8.166666666666666,6.375,6.777777777777778,10,2,6,16,18,37,29,533.2972972972973,False,True,,,0.2702702702702703,0.05405405405405406,0.16216216216216217,0.43243243243243246,0.4864864864864865,242,51,5,10,101,72,0.04132231404958678,0.008264462809917356,0.024793388429752067,0.06611570247933884,0.0743801652892562,0.19607843137254902,0.4,0.6,0.15841584158415842,0.25,Opposition,0.0,1.0,19,WP19,2021,5,8
88,2021-05-06,2021-05-14,12,cdu/csu,23.0,28.0,-5.0,5.0,0.12449799196787147,0.37349397590361444,2.5689655172413794,0.0963855421686747,0.2289156626506024,0.04819277108433735,2.823529411764706,7.0,1.0,3.1714285714285713,1.3448275862068966,17,2,2,35,29,83,58,592.2650602409639,True,False,4.0,CDU/CSU,0.20481927710843373,0.024096385542168676,0.024096385542168676,0.42168674698795183,0.3493975903614458,242,51,5,10,101,72,0.07024793388429752,0.008264462809917356,0.008264462809917356,0.1446280991735537,0.11983471074380166,0.3333333333333333,0.4,0.2,0.3465346534653465,0.4027777777777778,Regierung,1.0,0.0,19,WP19,2021,5,8
88,2021-05-06,2021-05-14,12,fdp,11.0,11.0,0.0,0.0,0.2857142857142857,0.8571428571428571,2.166666666666667,0.17142857142857143,0.6285714285714286,0.05714285714285714,3.3333333333333335,4.5,1.0,1.875,1.5454545454545454,6,2,1,16,11,35,26,521.4285714285714,True,False,3.0,FDP,0.17142857142857143,0.05714285714285714,0.02857142857142857,0.45714285714285713,0.3142857142857143,242,51,5,10,101,72,0.024793388429752067,0.008264462809917356,0.004132231404958678,0.06611570247933884,0.045454545454545456,0.11764705882352941,0.4,0.1,0.15841584158415842,0.1527777777777778,Opposition,0.0,1.0,19,WP19,2021,5,8
88,2021-05-06,2021-05-14,12,grüne,26.0,21.0,5.0,5.0,0.22549019607843135,0.6764705882352942,1.4743589743589745,0.11764705882352941,0.5294117647058824,0.029411764705882353,2.0,,1.0,1.6,1.1111111111111112,10,0,1,15,9,34,26,482.7647058823529,True,False,1.0,Bündnis 90/Die Grünen,0.29411764705882354,0.0,0.029411764705882353,0.4411764705882353,0.2647058823529412,242,51,5,10,101,72,0.04132231404958678,0.0,0.004132231404958678,0.06198347107438017,0.0371900826446281,0.19607843137254902,0.0,0.1,0.1485148514851485,0.125,Opposition,0.0,1.0,19,WP19,2021,5,8
88,2021-05-06,2021-05-14,12,linke,6.0,7.0,-1.0,1.0,0.4646464646464646,1.393939393939394,1.277777777777778,0.42424242424242425,0.9090909090909091,0.06060606060606061,1.0,,0.5,1.4666666666666666,1.1,6,0,2,15,10,33,24,483.57575757575756,True,False,0.0,Die Linke,0.18181818181818182,0.0,0.06060606060606061,0.45454545454545453,0.30303030303030304,242,51,5,10,101,72,0.024793388429752067,0.0,0.008264462809917356,0.06198347107438017,0.04132231404958678,0.11764705882352941,0.0,0.2,0.1485148514851485,0.1388888888888889,Opposition,0.0,1.0,19,WP19,2021,5,8
88,2021-05-06,2021-05-14,12,spd,14.0,15.0,-1.0,1.0,0.15204678362573099,0.45614035087719296,1.661764705882353,0.10526315789473684,0.24561403508771928,0.10526315789473684,1.5,0.0,0.75,2.15,0.9230769230769231,12,1,4,20,13,57,34,578.561403508772,True,False,2.0,SPD,0.21052631578947367,0.017543859649122806,0.07017543859649122,0.3508771929824561,0.22807017543859648,242,51,5,10,101,72,0.049586776859504134,0.004132231404958678,0.01652892561983471,0.08264462809917356,0.05371900826446281,0.23529411764705882,0.2,0.4,0.19801980198019803,0.18055555555555555,Regierung,1.0,0.0,19,WP19,2021,5,8
89,2021-05-14,2021-06-10,11,afd,11.0,12.0,-1.0,1.0,0.8557213930348259,2.5671641791044775,6.665846994535519,0.8507462686567164,1.3880597014925373,0.3283582089552239,8.588235294117647,9.0,8.9,5.885714285714286,7.238095238095238,17,9,10,35,42,67,61,540.1044776119403,False,True,,,0.2537313432835821,0.13432835820895522,0.14925373134328357,0.5223880597014925,0.6268656716417911,434,85,30,87,157,107,0.03917050691244239,0.020737327188940093,0.02304147465437788,0.08064516129032258,0.0967741935483871,0.2,0.3,0.11494252873563218,0.2229299363057325,0.3925233644859813,Opposition,0.0,1.0,19,WP19,2021,5,27
89,2021-05-14,2021-06-10,11,cdu/csu,24.0,23.0,1.0,1.0,0.12698412698412698,0.38095238095238093,2.109126984126984,0.07936507936507936,0.1984126984126984,0.10317460317460317,2.5217391304347827,4.416666666666667,1.7142857142857142,1.9090909090909092,1.7073170731707317,23,12,14,33,41,126,84,643.9444444444445,True,False,4.0,CDU/CSU,0.18253968253968253,0.09523809523809523,0.1111111111111111,0.2619047619047619,0.3253968253968254,434,85,30,87,157,107,0.052995391705069124,0.027649769585253458,0.03225806451612903,0.07603686635944701,0.0944700460829493,0.27058823529411763,0.4,0.16091954022988506,0.21019108280254778,0.38317757009345793,Regierung,1.0,0.0,19,WP19,2021,5,27
89,2021-05-14,2021-06-10,11,fdp,12.0,11.0,1.0,1.0,0.21875,0.65625,1.95,0.109375,0.4375,0.109375,2.3,3.5,0.7142857142857143,1.631578947368421,1.6470588235294117,10,4,7,19,17,64,40,474.5,True,False,3.0,FDP,0.15625,0.0625,0.109375,0.296875,0.265625,434,85,30,87,157,107,0.02304147465437788,0.009216589861751152,0.016129032258064516,0.04377880184331797,0.03917050691244239,0.11764705882352941,0.13333333333333333,0.08045977011494253,0.12101910828025478,0.1588785046728972,Opposition,0.0,1.0,19,WP19,2021,5,27
89,2021-05-14,2021-06-10,11,grüne,25.0,26.0,-1.0,1.0,0.25,0.75,1.1825396825396826,0.19642857142857142,0.5178571428571429,0.03571428571428571,1.2,2.2,0.2857142857142857,1.368421052631579,0.75,15,5,7,19,16,56,42,525.6964285714286,True,False,1.0,Bündnis 90/Die Grünen,0.26785714285714285,0.08928571428571429,0.125,0.3392857142857143,0.2857142857142857,434,85,30,87,157,107,0.03456221198156682,0.01152073732718894,0.016129032258064516,0.04377880184331797,0.03686635944700461,0.17647058823529413,0.16666666666666666,0.08045977011494253,0.12101910828025478,0.14953271028037382,Opposition,0.0,1.0,19,WP19,2021,5,27
89,2021-05-14,2021-06-10,11,linke,7.0,6.0,1.0,1.0,0.35714285714285715,1.0714285714285714,1.355263157894737,0.35714285714285715,0.6785714285714286,0.03571428571428571,0.8461538461538461,4.2,0.9,0.8125,2.2222222222222223,13,5,10,16,9,56,38,493.25,True,False,0.0,Die Linke,0.23214285714285715,0.08928571428571429,0.17857142857142858,0.2857142857142857,0.16071428571428573,434,85,30,87,157,107,0.029953917050691243,0.01152073732718894,0.02304147465437788,0.03686635944700461,0.020737327188940093,0.15294117647058825,0.16666666666666666,0.11494252873563218,0.10191082802547771,0.08411214953271028,Opposition,0.0,1.0,19,WP19,2021,5,27
89,2021-05-14,2021-06-10,11,spd,15.0,14.0,1.0,1.0,0.13636363636363635,0.4090909090909091,1.1359223300970873,0.08333333333333333,0.2878787878787879,0.03787878787878788,1.2916666666666667,4.5,0.8571428571428571,0.9,1.4166666666666667,24,4,49,70,24,132,103,601.25,True,False,2.0,SPD,0.18181818181818182,0.030303030303030304,0.3712121212121212,0.5303030303030303,0.18181818181818182,434,85,30,87,157,107,0.055299539170506916,0.009216589861751152,0.11290322580645161,0.16129032258064516,0.055299539170506916,0.2823529411764706,0.13333333333333333,0.5632183908045977,0.445859872611465,0.22429906542056074,Regierung,1.0,0.0,19,WP19,2021,5,27
90,2021-06-10,2021-06-25,12,afd,12.0,11.0,1.0,1.0,0.7468354430379747,2.240506329113924,7.0621212121212125,0.6455696202531646,1.2911392405063291,0.3037974683544304,7.833333333333333,8.785714285714286,8.466666666666667,6.214285714285714,7.780487804878049,18,14,15,28,41,79,55,573.4050632911392,False,True,,,0.22784810126582278,0.17721518987341772,0.189873417721519,0.35443037974683544,0.5189873417721519,563,148,60,59,159,163,0.03197158081705151,0.02486678507992895,0.02664298401420959,0.0497335701598579,0.07282415630550622,0.12162162162162163,0.23333333333333334,0.2542372881355932,0.1761006289308176,0.25153374233128833,Opposition,0.0,1.0,19,WP19,2021,6,15
90,2021-06-10,2021-06-25,12,cdu/csu,28.0,24.0,4.0,4.0,0.12280701754385964,0.3684210526315789,3.1410714285714287,0.09090909090909091,0.215311004784689,0.06220095693779904,3.3870967741935485,4.368421052631579,2.25,3.339622641509434,2.3389830508474576,62,19,12,53,59,209,140,629.7464114832536,True,False,4.0,CDU/CSU,0.2966507177033493,0.09090909090909091,0.05741626794258373,0.2535885167464115,0.2822966507177033,563,148,60,59,159,163,0.11012433392539965,0.03374777975133215,0.021314387211367674,0.0941385435168739,0.10479573712255773,0.4189189189189189,0.31666666666666665,0.2033898305084746,0.3333333333333333,0.3619631901840491,Regierung,1.0,0.0,19,WP19,2021,6,15
90,2021-06-10,2021-06-25,12,fdp,12.0,12.0,0.0,0.0,0.24894514767932485,0.7468354430379747,2.9033333333333333,0.11392405063291139,0.5822784810126582,0.05063291139240506,4.823529411764706,4.111111111111111,1.2,2.272727272727273,2.4814814814814814,17,9,5,22,27,79,50,505.30379746835445,True,False,3.0,FDP,0.21518987341772153,0.11392405063291139,0.06329113924050633,0.27848101265822783,0.34177215189873417,563,148,60,59,159,163,0.03019538188277087,0.015985790408525755,0.008880994671403197,0.03907637655417407,0.047957371225577264,0.11486486486486487,0.15,0.0847457627118644,0.13836477987421383,0.1656441717791411,Opposition,0.0,1.0,19,WP19,2021,6,15
90,2021-06-10,2021-06-25,12,grüne,20.0,25.0,-5.0,5.0,0.3422222222222222,1.0266666666666666,1.026969696969697,0.36,0.6266666666666667,0.04,0.8,1.0,0.35714285714285715,1.0454545454545454,0.7727272727272727,25,7,14,22,22,75,55,480.92,True,False,1.0,Bündnis 90/Die Grünen,0.3333333333333333,0.09333333333333334,0.18666666666666668,0.29333333333333333,0.29333333333333333,563,148,60,59,159,163,0.04440497335701599,0.012433392539964476,0.02486678507992895,0.03907637655417407,0.03907637655417407,0.16891891891891891,0.11666666666666667,0.23728813559322035,0.13836477987421383,0.13496932515337423,Opposition,0.0,1.0,19,WP19,2021,6,15
90,2021-06-10,2021-06-25,12,linke,7.0,7.0,0.0,0.0,0.46491228070175444,1.394736842105263,1.4283333333333335,0.4342105263157895,0.868421052631579,0.09210526315789473,0.8947368421052632,2.1666666666666665,0.45454545454545453,1.5714285714285714,1.3,19,12,11,21,20,76,50,482.75,True,False,0.0,Die Linke,0.25,0.15789473684210525,0.14473684210526316,0.27631578947368424,0.2631578947368421,563,148,60,59,159,163,0.03374777975133215,0.021314387211367674,0.019538188277087035,0.037300177619893425,0.035523978685612786,0.12837837837837837,0.2,0.1864406779661017,0.1320754716981132,0.12269938650306748,Opposition,0.0,1.0,19,WP19,2021,6,15
90,2021-06-10,2021-06-25,12,spd,14.0,15.0,-1.0,1.0,0.12096774193548387,0.3629032258064516,1.571138211382114,0.08870967741935484,0.22580645161290322,0.04838709677419355,1.12,2.6153846153846154,0.8235294117647058,1.951219512195122,1.2285714285714286,25,13,17,41,35,124,82,604.8548387096774,True,False,2.0,SPD,0.20161290322580644,0.10483870967741936,0.13709677419354838,0.33064516129032256,0.28225806451612906,563,148,60,59,159,163,0.04440497335701599,0.023090586145648313,0.03019538188277087,0.07282415630550622,0.06216696269982238,0.16891891891891891,0.21666666666666667,0.288135593220339,0.2578616352201258,0.2147239263803681,Regierung,1.0,0.0,19,WP19,2021,6,15
91,2021-06-25,2021-07-01,12,afd,12.0,12.0,0.0,0.0,0.7272727272727273,2.1818181818181817,6.821428571428571,0.5454545454545454,1.1818181818181819,0.45454545454545453,9.0,8.5,8.0,8.0,6.4,1,2,1,3,5,11,7,632.0,False,True,,,0.09090909090909091,0.18181818181818182,0.09090909090909091,0.2727272727272727,0.45454545454545453,77,8,5,7,22,33,0.012987012987012988,0.025974025974025976,0.012987012987012988,0.03896103896103896,0.06493506493506493,0.125,0.4,0.14285714285714285,0.13636363636363635,0.15151515151515152,Opposition,0.0,1.0,19,WP19,2021,6,6
91,2021-06-25,2021-07-01,12,cdu/csu,28.0,28.0,0.0,0.0,0.19230769230769232,0.5769230769230769,2.0,0.19230769230769232,0.38461538461538464,0.0,2.6666666666666665,0.0,0.0,3.0,1.5,3,1,1,5,12,26,13,731.3846153846154,True,False,4.0,CDU/CSU,0.11538461538461539,0.038461538461538464,0.038461538461538464,0.19230769230769232,0.46153846153846156,77,8,5,7,22,33,0.03896103896103896,0.012987012987012988,0.012987012987012988,0.06493506493506493,0.15584415584415584,0.375,0.2,0.14285714285714285,0.22727272727272727,0.36363636363636365,Regierung,1.0,0.0,19,WP19,2021,6,6
91,2021-06-25,2021-07-01,12,fdp,11.0,12.0,-1.0,1.0,0.2222222222222222,0.6666666666666666,1.1,0.08333333333333333,0.5833333333333334,0.0,,1.5,0.0,1.25,0.5,0,2,1,4,4,12,5,516.4166666666666,True,False,3.0,FDP,0.0,0.16666666666666666,0.08333333333333333,0.3333333333333333,0.3333333333333333,77,8,5,7,22,33,0.0,0.025974025974025976,0.012987012987012988,0.05194805194805195,0.05194805194805195,0.0,0.4,0.14285714285714285,0.18181818181818182,0.12121212121212122,Opposition,0.0,1.0,19,WP19,2021,6,6
91,2021-06-25,2021-07-01,12,grüne,21.0,20.0,1.0,1.0,0.4666666666666666,1.4,1.1111111111111112,0.6,0.8,0.0,0.0,1.0,0.0,1.5,1.0,3,1,2,4,5,10,9,562.1,True,False,1.0,Bündnis 90/Die Grünen,0.3,0.1,0.2,0.4,0.5,77,8,5,7,22,33,0.03896103896103896,0.012987012987012988,0.025974025974025976,0.05194805194805195,0.06493506493506493,0.375,0.2,0.2857142857142857,0.18181818181818182,0.15151515151515152,Opposition,0.0,1.0,19,WP19,2021,6,6
91,2021-06-25,2021-07-01,12,linke,6.0,7.0,-1.0,1.0,0.6,1.8,1.3571428571428572,0.5,1.1,0.2,,2.0,1.5,1.25,1.2,0,1,2,4,5,10,7,637.7,True,False,0.0,Die Linke,0.0,0.1,0.2,0.4,0.5,77,8,5,7,22,33,0.0,0.012987012987012988,0.025974025974025976,0.05194805194805195,0.06493506493506493,0.0,0.2,0.2857142857142857,0.18181818181818182,0.15151515151515152,Opposition,0.0,1.0,19,WP19,2021,6,6
91,2021-06-25,2021-07-01,12,spd,15.0,14.0,1.0,1.0,0.12280701754385963,0.3684210526315789,0.6666666666666666,0.10526315789473684,0.2631578947368421,0.0,0.5,,0.0,1.2,0.2857142857142857,2,0,1,5,7,19,9,628.3684210526316,True,False,2.0,SPD,0.10526315789473684,0.0,0.05263157894736842,0.2631578947368421,0.3684210526315789,77,8,5,7,22,33,0.025974025974025976,0.0,0.012987012987012988,0.06493506493506493,0.09090909090909091,0.25,0.0,0.14285714285714285,0.22727272727272727,0.21212121212121213,Regierung,1.0,0.0,19,WP19,2021,6,6
92,2021-07-01,2021-07-23,11,afd,11.0,12.0,-1.0,1.0,,,,,,,,,,,,0,0,0,0,0,0,0,,False,True,,,,,,,,0,0,0,0,0,0,,,,,,,,,,,,,,,,2021,7,22
92,2021-07-01,2021-07-23,11,cdu/csu,28.0,28.0,0.0,0.0,,,,,,,,,,,,0,0,0,0,0,0,0,,True,False,4.0,CDU/CSU,,,,,,0,0,0,0,0,0,,,,,,,,,,,,,,,,2021,7,22
92,2021-07-01,2021-07-23,11,fdp,11.0,11.0,0.0,0.0,,,,,,,,,,,,0,0,0,0,0,0,0,,True,False,3.0,FDP,,,,,,0,0,0,0,0,0,,,,,,,,,,,,,,,,2021,7,22
92,2021-07-01,2021-07-23,11,grüne,20.0,21.0,-1.0,1.0,,,,,,,,,,,,0,0,0,0,0,0,0,,True,False,1.0,Bündnis 90/Die Grünen,,,,,,0,0,0,0,0,0,,,,,,,,,,,,,,,,2021,7,22
92,2021-07-01,2021-07-23,11,linke,7.0,6.0,1.0,1.0,,,,,,,,,,,,0,0,0,0,0,0,0,,True,False,0.0,Die Linke,,,,,,0,0,0,0,0,0,,,,,,,,,,,,,,,,2021,7,22
92,2021-07-01,2021-07-23,11,spd,15.0,15.0,0.0,0.0,,,,,,,,,,,,0,0,0,0,0,0,0,,True,False,2.0,SPD,,,,,,0,0,0,0,0,0,,,,,,,,,,,,,,,,2021,7,22
93,2021-07-23,2021-08-05,10,afd,10.0,11.0,-1.0,1.0,,,,,,,,,,,,0,0,0,0,0,0,0,,False,True,,,,,,,,0,0,0,0,0,0,,,,,,,,,,,,,,,,2021,7,13
93,2021-07-23,2021-08-05,10,cdu/csu,29.0,28.0,1.0,1.0,,,,,,,,,,,,0,0,0,0,0,0,0,,True,False,4.0,CDU/CSU,,,,,,0,0,0,0,0,0,,,,,,,,,,,,,,,,2021,7,13
93,2021-07-23,2021-08-05,10,fdp,12.0,11.0,1.0,1.0,,,,,,,,,,,,0,0,0,0,0,0,0,,True,False,3.0,FDP,,,,,,0,0,0,0,0,0,,,,,,,,,,,,,,,,2021,7,13
93,2021-07-23,2021-08-05,10,grüne,19.0,20.0,-1.0,1.0,,,,,,,,,,,,0,0,0,0,0,0,0,,True,False,1.0,Bündnis 90/Die Grünen,,,,,,0,0,0,0,0,0,,,,,,,,,,,,,,,,2021,7,13
93,2021-07-23,2021-08-05,10,linke,6.0,7.0,-1.0,1.0,,,,,,,,,,,,0,0,0,0,0,0,0,,True,False,0.0,Die Linke,,,,,,0,0,0,0,0,0,,,,,,,,,,,,,,,,2021,7,13
93,2021-07-23,2021-08-05,10,spd,16.0,15.0,1.0,1.0,,,,,,,,,,,,0,0,0,0,0,0,0,,True,False,2.0,SPD,,,,,,0,0,0,0,0,0,,,,,,,,,,,,,,,,2021,7,13
94,2021-08-05,2021-08-20,10,afd,10.0,10.0,0.0,0.0,,,,,,,,,,,,0,0,0,0,0,0,0,,False,True,,,,,,,,0,0,0,0,0,0,,,,,,,,,,,,,,,,2021,8,15
94,2021-08-05,2021-08-20,10,cdu/csu,27.0,29.0,-2.0,2.0,,,,,,,,,,,,0,0,0,0,0,0,0,,True,False,4.0,CDU/CSU,,,,,,0,0,0,0,0,0,,,,,,,,,,,,,,,,2021,8,15
94,2021-08-05,2021-08-20,10,fdp,12.0,12.0,0.0,0.0,,,,,,,,,,,,0,0,0,0,0,0,0,,True,False,3.0,FDP,,,,,,0,0,0,0,0,0,,,,,,,,,,,,,,,,2021,8,15
94,2021-08-05,2021-08-20,10,grüne,19.0,19.0,0.0,0.0,,,,,,,,,,,,0,0,0,0,0,0,0,,True,False,1.0,Bündnis 90/Die Grünen,,,,,,0,0,0,0,0,0,,,,,,,,,,,,,,,,2021,8,15
94,2021-08-05,2021-08-20,10,linke,6.0,6.0,0.0,0.0,,,,,,,,,,,,0,0,0,0,0,0,0,,True,False,0.0,Die Linke,,,,,,0,0,0,0,0,0,,,,,,,,,,,,,,,,2021,8,15
94,2021-08-05,2021-08-20,10,spd,18.0,16.0,2.0,2.0,,,,,,,,,,,,0,0,0,0,0,0,0,,True,False,2.0,SPD,,,,,,0,0,0,0,0,0,,,,,,,,,,,,,,,,2021,8,15
95,2021-08-20,2021-09-02,11,afd,11.0,10.0,1.0,1.0,1.1,3.3,7.481481481481481,1.0,1.6,0.7,7.0,9.0,8.0,7.0,7.666666666666667,3,3,1,7,6,10,9,555.4,False,True,,,0.3,0.3,0.1,0.7,0.6,50,8,8,2,26,21,0.06,0.06,0.02,0.14,0.12,0.375,0.375,0.5,0.2692307692307692,0.2857142857142857,Opposition,0.0,1.0,19,WP19,2021,8,13
95,2021-08-20,2021-09-02,11,cdu/csu,23.0,27.0,-4.0,4.0,0.2777777777777778,0.8333333333333334,2.9166666666666665,0.3333333333333333,0.4444444444444444,0.05555555555555555,1.5,0.0,0.0,4.0,2.4,2,1,1,11,5,18,15,759.6111111111111,True,False,4.0,CDU/CSU,0.1111111111111111,0.05555555555555555,0.05555555555555555,0.6111111111111112,0.2777777777777778,50,8,8,2,26,21,0.04,0.02,0.02,0.22,0.1,0.25,0.125,0.5,0.4230769230769231,0.23809523809523808,Regierung,1.0,0.0,19,WP19,2021,8,13
95,2021-08-20,2021-09-02,11,fdp,13.0,12.0,1.0,1.0,0.19047619047619047,0.5714285714285714,3.0476190476190474,0.0,0.5714285714285714,0.0,1.0,2.0,,4.75,0.0,3,1,0,4,1,7,7,624.7142857142857,True,False,3.0,FDP,0.42857142857142855,0.14285714285714285,0.0,0.5714285714285714,0.14285714285714285,50,8,8,2,26,21,0.06,0.02,0.0,0.08,0.02,0.375,0.125,0.0,0.15384615384615385,0.047619047619047616,Opposition,0.0,1.0,19,WP19,2021,8,13
95,2021-08-20,2021-09-02,11,grüne,17.0,19.0,-2.0,2.0,0.611111111111111,1.8333333333333333,1.0833333333333333,0.6666666666666666,1.1666666666666667,0.0,0.0,2.0,,2.5,0.5,2,1,0,2,2,6,6,779.1666666666666,True,False,1.0,Bündnis 90/Die Grünen,0.3333333333333333,0.16666666666666666,0.0,0.3333333333333333,0.3333333333333333,50,8,8,2,26,21,0.04,0.02,0.0,0.04,0.04,0.25,0.125,0.0,0.07692307692307693,0.09523809523809523,Opposition,0.0,1.0,19,WP19,2021,8,13
95,2021-08-20,2021-09-02,11,linke,7.0,6.0,1.0,1.0,0.6666666666666666,2.0,1.4270833333333333,0.625,1.375,0.0,0.0,1.0,0.0,1.6,1.5,1,3,1,5,8,8,8,846.625,True,False,0.0,Die Linke,0.125,0.375,0.125,0.625,1.0,50,8,8,2,26,21,0.02,0.06,0.02,0.1,0.16,0.125,0.375,0.5,0.19230769230769232,0.38095238095238093,Opposition,0.0,1.0,19,WP19,2021,8,13
95,2021-08-20,2021-09-02,11,spd,21.0,18.0,3.0,3.0,0.1515151515151515,0.45454545454545453,1.3125,0.18181818181818182,0.2727272727272727,0.0,,2.0,,2.0,0.6,0,2,0,4,5,11,8,555.5454545454545,True,False,2.0,SPD,0.0,0.18181818181818182,0.0,0.36363636363636365,0.45454545454545453,50,8,8,2,26,21,0.0,0.04,0.0,0.08,0.1,0.0,0.25,0.0,0.15384615384615385,0.23809523809523808,Regierung,1.0,0.0,19,WP19,2021,8,13
96,2021-09-02,2021-09-16,12,afd,12.0,11.0,1.0,1.0,1.1666666666666667,3.5,6.316666666666666,1.1666666666666667,1.6666666666666667,0.6666666666666666,6.666666666666667,9.5,8.5,6.6,8.666666666666666,3,2,2,5,3,6,6,745.1666666666666,False,True,,,0.5,0.3333333333333333,0.3333333333333333,0.8333333333333334,0.5,44,11,1,6,25,13,0.06818181818181818,0.045454545454545456,0.045454545454545456,0.11363636363636363,0.06818181818181818,0.2727272727272727,2.0,0.3333333333333333,0.2,0.23076923076923078,Opposition,0.0,1.0,19,WP19,2021,9,14
96,2021-09-02,2021-09-16,12,cdu/csu,20.0,23.0,-3.0,3.0,0.3333333333333333,1.0,4.214285714285714,0.4444444444444444,0.5555555555555556,0.0,3.6666666666666665,,,4.25,5.666666666666667,3,0,0,4,3,9,7,826.3333333333334,True,False,4.0,CDU/CSU,0.3333333333333333,0.0,0.0,0.4444444444444444,0.3333333333333333,44,11,1,6,25,13,0.06818181818181818,0.0,0.0,0.09090909090909091,0.06818181818181818,0.2727272727272727,0.0,0.0,0.16,0.23076923076923078,Regierung,1.0,0.0,19,WP19,2021,9,14
96,2021-09-02,2021-09-16,12,fdp,13.0,13.0,0.0,0.0,0.4,1.2,3.1029411764705883,0.3,0.9,0.0,1.5,,3.0,3.5625,2.75,2,0,1,16,4,20,17,648.9,True,False,3.0,FDP,0.1,0.0,0.05,0.8,0.2,44,11,1,6,25,13,0.045454545454545456,0.0,0.022727272727272728,0.36363636363636365,0.09090909090909091,0.18181818181818182,0.0,0.16666666666666666,0.64,0.3076923076923077,Opposition,0.0,1.0,19,WP19,2021,9,14
96,2021-09-02,2021-09-16,12,grüne,16.0,17.0,-1.0,1.0,0.41666666666666663,1.25,0.55,0.5,0.75,0.0,0.6666666666666666,0.0,0.0,0.0,1.0,3,1,2,1,1,4,4,983.25,True,False,1.0,Bündnis 90/Die Grünen,0.75,0.25,0.5,0.25,0.25,44,11,1,6,25,13,0.06818181818181818,0.022727272727272728,0.045454545454545456,0.022727272727272728,0.022727272727272728,0.2727272727272727,1.0,0.3333333333333333,0.04,0.07692307692307693,Opposition,0.0,1.0,19,WP19,2021,9,14
96,2021-09-02,2021-09-16,12,linke,6.0,7.0,-1.0,1.0,0.75,2.25,2.0833333333333335,0.75,1.5,0.0,3.0,,2.0,2.0,2.0,1,0,1,1,3,4,3,1001.5,True,False,0.0,Die Linke,0.25,0.0,0.25,0.25,0.75,44,11,1,6,25,13,0.022727272727272728,0.0,0.022727272727272728,0.022727272727272728,0.06818181818181818,0.09090909090909091,0.0,0.16666666666666666,0.04,0.23076923076923078,Opposition,0.0,1.0,19,WP19,2021,9,14
96,2021-09-02,2021-09-16,12,spd,25.0,21.0,4.0,4.0,0.23809523809523808,0.7142857142857143,1.95,0.2857142857142857,0.42857142857142855,0.0,3.0,,1.0,2.3333333333333335,2.0,2,0,2,3,2,7,5,622.7142857142857,True,False,2.0,SPD,0.2857142857142857,0.0,0.2857142857142857,0.42857142857142855,0.2857142857142857,44,11,1,6,25,13,0.045454545454545456,0.0,0.045454545454545456,0.06818181818181818,0.045454545454545456,0.18181818181818182,0.0,0.3333333333333333,0.12,0.15384615384615385,Regierung,1.0,0.0,19,WP19,2021,9,14
97,2021-09-16,2021-10-29,11,afd,11.0,12.0,-1.0,1.0,1.6666666666666667,5.0,7.75,2.0,2.0,1.0,,8.0,8.0,7.0,8.0,0,1,1,1,1,1,1,887.0,False,True,,,0.0,1.0,1.0,1.0,1.0,5,0,0,2,3,2,0.0,0.2,0.2,0.2,0.2,,,0.5,0.3333333333333333,0.5,Opposition,0.0,1.0,20,WP20,2021,9,43
97,2021-09-16,2021-10-29,11,cdu/csu,22.0,20.0,2.0,2.0,0.3333333333333333,1.0,1.0,0.0,1.0,0.0,,,,2.0,0.0,0,0,0,1,1,1,1,537.0,True,False,4.0,CDU/CSU,0.0,0.0,0.0,1.0,1.0,5,0,0,2,3,2,0.0,0.0,0.0,0.2,0.2,,,0.0,0.3333333333333333,0.5,Opposition,0.0,1.0,20,WP20,2021,9,43
97,2021-09-16,2021-10-29,11,fdp,11.0,13.0,-2.0,2.0,0.0,0.0,1.0,0.0,0.0,0.0,,,,1.0,,0,0,0,1,0,1,1,653.0,True,False,3.0,FDP,0.0,0.0,0.0,1.0,0.0,5,0,0,2,3,2,0.0,0.0,0.0,0.2,0.0,,,0.0,0.3333333333333333,0.0,Regierung,1.0,0.0,20,WP20,2021,9,43
97,2021-09-16,2021-10-29,11,grüne,15.0,16.0,-1.0,1.0,0.6666666666666666,2.0,3.0,0.0,1.0,1.0,,,3.0,,,0,0,1,0,0,1,1,655.0,True,False,1.0,Bündnis 90/Die Grünen,0.0,0.0,1.0,0.0,0.0,5,0,0,2,3,2,0.0,0.0,0.2,0.0,0.0,,,0.5,0.0,0.0,Regierung,1.0,0.0,20,WP20,2021,9,43
97,2021-09-16,2021-10-29,11,linke,6.0,6.0,0.0,0.0,0.6666666666666666,2.0,1.0,0.0,1.0,1.0,,,2.0,1.0,0.0,0,0,1,1,1,1,1,763.0,True,False,0.0,Die Linke,0.0,0.0,1.0,1.0,1.0,5,0,0,2,3,2,0.0,0.0,0.2,0.2,0.2,,,0.5,0.3333333333333333,0.5,Opposition,0.0,1.0,20,WP20,2021,9,43
97,2021-09-16,2021-10-29,11,spd,26.0,25.0,1.0,1.0,0.0,0.0,,0.0,0.0,0.0,,,,,,0,0,0,0,0,1,0,271.0,True,False,2.0,SPD,0.0,0.0,0.0,0.0,0.0,5,0,0,2,3,2,0.0,0.0,0.0,0.0,0.0,,,0.0,0.0,0.0,Regierung,1.0,0.0,20,WP20,2021,9,43
98,2021-10-29,2021-11-04,10,afd,10.0,11.0,-1.0,1.0,,,,,,,,,,,,0,0,0,0,0,0,0,,False,True,,,,,,,,0,0,0,0,0,0,,,,,,,,,,,,,,,,2021,10,6
98,2021-10-29,2021-11-04,10,cdu/csu,22.0,22.0,0.0,0.0,,,,,,,,,,,,0,0,0,0,0,0,0,,True,False,4.0,CDU/CSU,,,,,,0,0,0,0,0,0,,,,,,,,,,,,,,,,2021,10,6
98,2021-10-29,2021-11-04,10,fdp,13.0,11.0,2.0,2.0,,,,,,,,,,,,0,0,0,0,0,0,0,,True,False,3.0,FDP,,,,,,0,0,0,0,0,0,,,,,,,,,,,,,,,,2021,10,6
98,2021-10-29,2021-11-04,10,grüne,16.0,15.0,1.0,1.0,,,,,,,,,,,,0,0,0,0,0,0,0,,True,False,1.0,Bündnis 90/Die Grünen,,,,,,0,0,0,0,0,0,,,,,,,,,,,,,,,,2021,10,6
98,2021-10-29,2021-11-04,10,linke,4.0,6.0,-2.0,2.0,,,,,,,,,,,,0,0,0,0,0,0,0,,True,False,0.0,Die Linke,,,,,,0,0,0,0,0,0,,,,,,,,,,,,,,,,2021,10,6
98,2021-10-29,2021-11-04,10,spd,26.0,26.0,0.0,0.0,,,,,,,,,,,,0,0,0,0,0,0,0,,True,False,2.0,SPD,,,,,,0,0,0,0,0,0,,,,,,,,,,,,,,,,2021,10,6
99,2021-11-04,2021-11-26,10,afd,10.0,10.0,0.0,0.0,0.8787878787878788,2.6363636363636362,7.684210526315789,0.9090909090909091,1.3181818181818181,0.4090909090909091,7.166666666666667,9.2,7.0,7.444444444444445,8.0,6,5,1,9,11,22,19,448.22727272727275,False,True,,,0.2727272727272727,0.22727272727272727,0.045454545454545456,0.4090909090909091,0.5,109,27,16,0,42,34,0.05504587155963303,0.045871559633027525,0.009174311926605505,0.08256880733944955,0.10091743119266056,0.2222222222222222,0.3125,,0.21428571428571427,0.3235294117647059,Opposition,0.0,1.0,20,WP20,2021,11,22
99,2021-11-04,2021-11-26,10,cdu/csu,21.0,22.0,-1.0,1.0,0.37254901960784315,1.1176470588235294,3.3968253968253967,0.2647058823529412,0.7647058823529411,0.08823529411764706,3.625,5.2,,3.4,3.090909090909091,8,5,0,10,11,34,21,618.8529411764706,True,False,4.0,CDU/CSU,0.23529411764705882,0.14705882352941177,0.0,0.29411764705882354,0.3235294117647059,109,27,16,0,42,34,0.07339449541284404,0.045871559633027525,0.0,0.09174311926605505,0.10091743119266056,0.2962962962962963,0.3125,,0.23809523809523808,0.3235294117647059,Opposition,0.0,1.0,20,WP20,2021,11,22
99,2021-11-04,2021-11-26,10,fdp,13.0,13.0,0.0,0.0,0.2708333333333333,0.8125,1.8333333333333335,0.1875,0.5625,0.0625,1.25,3.0,,2.2857142857142856,1.0,4,2,0,7,3,16,11,613.5,True,False,3.0,FDP,0.25,0.125,0.0,0.4375,0.1875,109,27,16,0,42,34,0.03669724770642202,0.01834862385321101,0.0,0.06422018348623854,0.027522935779816515,0.14814814814814814,0.125,,0.16666666666666666,0.08823529411764706,Regierung,1.0,0.0,20,WP20,2021,11,22
99,2021-11-04,2021-11-26,10,grüne,16.0,16.0,0.0,0.0,0.3333333333333333,1.0,1.5777777777777777,0.2222222222222222,0.7777777777777778,0.0,0.8333333333333334,1.5,,2.0,0.8333333333333334,6,2,0,9,6,18,15,668.4444444444445,True,False,1.0,Bündnis 90/Die Grünen,0.3333333333333333,0.1111111111111111,0.0,0.5,0.3333333333333333,109,27,16,0,42,34,0.05504587155963303,0.01834862385321101,0.0,0.08256880733944955,0.05504587155963303,0.2222222222222222,0.125,,0.21428571428571427,0.17647058823529413,Regierung,1.0,0.0,20,WP20,2021,11,22
99,2021-11-04,2021-11-26,10,linke,5.0,4.0,1.0,1.0,0.5,1.5,1.2083333333333333,0.5714285714285714,0.9285714285714286,0.0,1.0,0.6666666666666666,,1.0,0.5,2,3,0,5,4,14,8,434.92857142857144,True,False,0.0,Die Linke,0.14285714285714285,0.21428571428571427,0.0,0.35714285714285715,0.2857142857142857,109,27,16,0,42,34,0.01834862385321101,0.027522935779816515,0.0,0.045871559633027525,0.03669724770642202,0.07407407407407407,0.1875,,0.11904761904761904,0.11764705882352941,Opposition,0.0,1.0,20,WP20,2021,11,22
99,2021-11-04,2021-11-26,10,spd,27.0,26.0,1.0,1.0,0.2839506172839506,0.8518518518518519,2.1746031746031744,0.14814814814814814,0.6296296296296297,0.07407407407407407,1.1428571428571428,3.5,,2.909090909090909,1.4,7,4,0,11,10,27,21,605.4074074074074,True,False,2.0,SPD,0.25925925925925924,0.14814814814814814,0.0,0.4074074074074074,0.37037037037037035,109,27,16,0,42,34,0.06422018348623854,0.03669724770642202,0.0,0.10091743119266056,0.09174311926605505,0.25925925925925924,0.25,,0.2619047619047619,0.29411764705882354,Regierung,1.0,0.0,20,WP20,2021,11,22
100,2021-11-26,2021-12-02,11,afd,11.0,10.0,1.0,1.0,,,,,,,,,,,,0,0,0,0,0,0,0,,False,True,,,,,,,,0,0,0,0,0,0,,,,,,,,,,,,,,,,2021,11,6
100,2021-11-26,2021-12-02,11,cdu/csu,21.0,21.0,0.0,0.0,,,,,,,,,,,,0,0,0,0,0,0,0,,True,False,4.0,CDU/CSU,,,,,,0,0,0,0,0,0,,,,,,,,,,,,,,,,2021,11,6
100,2021-11-26,2021-12-02,11,fdp,13.0,13.0,0.0,0.0,,,,,,,,,,,,0,0,0,0,0,0,0,,True,False,3.0,FDP,,,,,,0,0,0,0,0,0,,,,,,,,,,,,,,,,2021,11,6
100,2021-11-26,2021-12-02,11,grüne,17.0,16.0,1.0,1.0,,,,,,,,,,,,0,0,0,0,0,0,0,,True,False,1.0,Bündnis 90/Die Grünen,,,,,,0,0,0,0,0,0,,,,,,,,,,,,,,,,2021,11,6
100,2021-11-26,2021-12-02,11,linke,5.0,5.0,0.0,0.0,,,,,,,,,,,,0,0,0,0,0,0,0,,True,False,0.0,Die Linke,,,,,,0,0,0,0,0,0,,,,,,,,,,,,,,,,2021,11,6
100,2021-11-26,2021-12-02,11,spd,25.0,27.0,-2.0,2.0,,,,,,,,,,,,0,0,0,0,0,0,0,,True,False,2.0,SPD,,,,,,0,0,0,0,0,0,,,,,,,,,,,,,,,,2021,11,6
101,2021-12-02,2021-12-10,11,afd,11.0,11.0,0.0,0.0,0.9166666666666666,2.75,7.928571428571429,1.125,1.5,0.125,9.0,10.0,10.0,7.5,8.0,2,1,1,4,2,8,7,458.375,False,True,,,0.25,0.125,0.125,0.5,0.25,64,15,0,0,15,27,0.03125,0.015625,0.015625,0.0625,0.03125,0.13333333333333333,,,0.26666666666666666,0.07407407407407407,Opposition,0.0,1.0,20,WP20,2021,12,8
101,2021-12-02,2021-12-10,11,cdu/csu,23.0,21.0,2.0,2.0,0.20634920634920634,0.6190476190476191,3.7333333333333334,0.14285714285714285,0.42857142857142855,0.047619047619047616,6.25,,,3.4,2.3333333333333335,4,0,0,5,6,21,15,598.2380952380952,True,False,4.0,CDU/CSU,0.19047619047619047,0.0,0.0,0.23809523809523808,0.2857142857142857,64,15,0,0,15,27,0.0625,0.0,0.0,0.078125,0.09375,0.26666666666666666,,,0.3333333333333333,0.2222222222222222,Opposition,0.0,1.0,20,WP20,2021,12,8
101,2021-12-02,2021-12-10,11,fdp,12.0,13.0,-1.0,1.0,0.037037037037037035,0.1111111111111111,2.0,0.0,0.1111111111111111,0.0,3.0,,,2.6666666666666665,1.0,2,0,0,3,4,9,7,619.3333333333334,True,False,3.0,FDP,0.2222222222222222,0.0,0.0,0.3333333333333333,0.4444444444444444,64,15,0,0,15,27,0.03125,0.0,0.0,0.046875,0.0625,0.13333333333333333,,,0.2,0.14814814814814814,Regierung,1.0,0.0,20,WP20,2021,12,8
101,2021-12-02,2021-12-10,11,grüne,17.0,17.0,0.0,0.0,0.16666666666666666,0.5,1.5,0.0,0.5,0.0,1.0,,,3.5,0.5,3,0,0,2,4,10,8,633.2,True,False,1.0,Bündnis 90/Die Grünen,0.3,0.0,0.0,0.2,0.4,64,15,0,0,15,27,0.046875,0.0,0.0,0.03125,0.0625,0.2,,,0.13333333333333333,0.14814814814814814,Regierung,1.0,0.0,20,WP20,2021,12,8
101,2021-12-02,2021-12-10,11,linke,5.0,5.0,0.0,0.0,0.42857142857142855,1.2857142857142858,0.8333333333333334,0.42857142857142855,0.8571428571428571,0.0,2.0,,,2.0,0.4,1,0,0,1,5,7,6,400.0,True,False,0.0,Die Linke,0.14285714285714285,0.0,0.0,0.14285714285714285,0.7142857142857143,64,15,0,0,15,27,0.015625,0.0,0.0,0.015625,0.078125,0.06666666666666667,,,0.06666666666666667,0.18518518518518517,Opposition,0.0,1.0,20,WP20,2021,12,8
101,2021-12-02,2021-12-10,11,spd,25.0,25.0,0.0,0.0,0.1176470588235294,0.35294117647058826,1.3076923076923077,0.058823529411764705,0.29411764705882354,0.0,1.4,,,2.25,1.0,5,0,0,4,8,17,13,617.4117647058823,True,False,2.0,SPD,0.29411764705882354,0.0,0.0,0.23529411764705882,0.47058823529411764,64,15,0,0,15,27,0.078125,0.0,0.0,0.0625,0.125,0.3333333333333333,,,0.26666666666666666,0.2962962962962963,Regierung,1.0,0.0,20,WP20,2021,12,8
102,2021-12-10,2022-01-06,11,afd,11.0,11.0,0.0,0.0,1.238095238095238,3.7142857142857144,6.827272727272727,1.3571428571428572,1.7142857142857142,0.6428571428571429,8.333333333333334,8.333333333333334,6.333333333333333,6.555555555555555,8.5,3,3,3,9,4,14,11,602.4285714285714,False,True,,,0.21428571428571427,0.21428571428571427,0.21428571428571427,0.6428571428571429,0.2857142857142857,110,31,5,10,56,35,0.02727272727272727,0.02727272727272727,0.02727272727272727,0.08181818181818182,0.03636363636363636,0.0967741935483871,0.6,0.3,0.16071428571428573,0.11428571428571428,Opposition,0.0,1.0,20,WP20,2021,12,27
102,2021-12-10,2022-01-06,11,cdu/csu,23.0,23.0,0.0,0.0,0.20833333333333331,0.625,3.8166666666666664,0.125,0.46875,0.03125,4.333333333333333,7.5,2.5,3.5294117647058822,2.7,9,2,2,17,10,32,24,717.65625,True,False,4.0,CDU/CSU,0.28125,0.0625,0.0625,0.53125,0.3125,110,31,5,10,56,35,0.08181818181818182,0.01818181818181818,0.01818181818181818,0.15454545454545454,0.09090909090909091,0.2903225806451613,0.4,0.2,0.30357142857142855,0.2857142857142857,Opposition,0.0,1.0,20,WP20,2021,12,27
102,2021-12-10,2022-01-06,11,fdp,12.0,12.0,0.0,0.0,0.10144927536231883,0.30434782608695654,2.780701754385965,0.0,0.30434782608695654,0.0,1.0,2.0,1.0,3.3333333333333335,0.8571428571428571,3,1,2,15,7,23,19,595.3913043478261,True,False,3.0,FDP,0.13043478260869565,0.043478260869565216,0.08695652173913043,0.6521739130434783,0.30434782608695654,110,31,5,10,56,35,0.02727272727272727,0.00909090909090909,0.01818181818181818,0.13636363636363635,0.06363636363636363,0.0967741935483871,0.2,0.2,0.26785714285714285,0.2,Regierung,1.0,0.0,20,WP20,2021,12,27
102,2021-12-10,2022-01-06,11,grüne,16.0,17.0,-1.0,1.0,0.1111111111111111,0.3333333333333333,1.237179487179487,0.2,0.13333333333333333,0.0,0.875,2.0,0.6666666666666666,1.4285714285714286,0.8333333333333334,8,1,3,7,6,15,13,768.2,True,False,1.0,Bündnis 90/Die Grünen,0.5333333333333333,0.06666666666666667,0.2,0.4666666666666667,0.4,110,31,5,10,56,35,0.07272727272727272,0.00909090909090909,0.02727272727272727,0.06363636363636363,0.05454545454545454,0.25806451612903225,0.2,0.3,0.125,0.17142857142857143,Regierung,1.0,0.0,20,WP20,2021,12,27
102,2021-12-10,2022-01-06,11,linke,5.0,5.0,0.0,0.0,0.42857142857142855,1.2857142857142858,2.0,0.5,0.7857142857142857,0.0,0.0,7.0,3.0,2.2857142857142856,1.0,2,1,1,7,4,14,10,493.85714285714283,True,False,0.0,Die Linke,0.14285714285714285,0.07142857142857142,0.07142857142857142,0.5,0.2857142857142857,110,31,5,10,56,35,0.01818181818181818,0.00909090909090909,0.00909090909090909,0.06363636363636363,0.03636363636363636,0.06451612903225806,0.2,0.1,0.125,0.11428571428571428,Opposition,0.0,1.0,20,WP20,2021,12,27
102,2021-12-10,2022-01-06,11,spd,26.0,25.0,1.0,1.0,0.01282051282051282,0.038461538461538464,1.1,0.038461538461538464,0.0,0.0,0.5555555555555556,,0.5,1.2,0.75,9,0,2,10,8,26,15,733.6538461538462,True,False,2.0,SPD,0.34615384615384615,0.0,0.07692307692307693,0.38461538461538464,0.3076923076923077,110,31,5,10,56,35,0.08181818181818182,0.0,0.01818181818181818,0.09090909090909091,0.07272727272727272,0.2903225806451613,0.0,0.2,0.17857142857142858,0.22857142857142856,Regierung,1.0,0.0,20,WP20,2021,12,27
103,2022-01-06,2022-01-21,11,afd,11.0,11.0,0.0,0.0,1.096774193548387,3.2903225806451615,7.614942528735632,1.032258064516129,1.6451612903225807,0.6129032258064516,8.333333333333334,9.5,9.0,7.35,7.8,12,6,8,20,20,31,29,584.9677419354839,False,True,,,0.3870967741935484,0.1935483870967742,0.25806451612903225,0.6451612903225806,0.6451612903225806,201,86,23,43,61,75,0.05970149253731343,0.029850746268656716,0.03980099502487562,0.09950248756218906,0.09950248756218906,0.13953488372093023,0.2608695652173913,0.18604651162790697,0.32786885245901637,0.26666666666666666,Opposition,0.0,1.0,20,WP20,2022,1,15
103,2022-01-06,2022-01-21,11,cdu/csu,23.0,23.0,0.0,0.0,0.22580645161290322,0.6774193548387096,4.062962962962963,0.1774193548387097,0.41935483870967744,0.08064516129032258,4.05,6.666666666666667,7.5,4.3076923076923075,3.05,20,6,4,13,20,62,45,747.258064516129,True,False,4.0,CDU/CSU,0.3225806451612903,0.0967741935483871,0.06451612903225806,0.20967741935483872,0.3225806451612903,201,86,23,43,61,75,0.09950248756218906,0.029850746268656716,0.01990049751243781,0.06467661691542288,0.09950248756218906,0.23255813953488372,0.2608695652173913,0.09302325581395349,0.21311475409836064,0.26666666666666666,Opposition,0.0,1.0,20,WP20,2022,1,15
103,2022-01-06,2022-01-21,11,fdp,11.0,12.0,-1.0,1.0,0.0967741935483871,0.2903225806451613,1.46,0.0967741935483871,0.16129032258064516,0.03225806451612903,1.75,2.857142857142857,0.4,0.5,0.9285714285714286,12,7,5,8,14,31,25,583.2903225806451,True,False,3.0,FDP,0.3870967741935484,0.22580645161290322,0.16129032258064516,0.25806451612903225,0.45161290322580644,201,86,23,43,61,75,0.05970149253731343,0.03482587064676617,0.024875621890547265,0.03980099502487562,0.06965174129353234,0.13953488372093023,0.30434782608695654,0.11627906976744186,0.13114754098360656,0.18666666666666668,Regierung,1.0,0.0,20,WP20,2022,1,15
103,2022-01-06,2022-01-21,11,grüne,16.0,16.0,0.0,0.0,0.10185185185185185,0.3055555555555556,0.9,0.1388888888888889,0.1388888888888889,0.027777777777777776,0.8333333333333334,0.5,0.4666666666666667,0.9230769230769231,0.625,24,4,15,13,16,36,34,565.3055555555555,True,False,1.0,Bündnis 90/Die Grünen,0.6666666666666666,0.1111111111111111,0.4166666666666667,0.3611111111111111,0.4444444444444444,201,86,23,43,61,75,0.11940298507462686,0.01990049751243781,0.07462686567164178,0.06467661691542288,0.07960199004975124,0.27906976744186046,0.17391304347826086,0.3488372093023256,0.21311475409836064,0.21333333333333335,Regierung,1.0,0.0,20,WP20,2022,1,15
103,2022-01-06,2022-01-21,11,linke,5.0,5.0,0.0,0.0,0.45,1.35,1.5333333333333334,0.6,0.75,0.0,1.2857142857142858,0.5,2.0,1.5,2.1666666666666665,7,2,2,6,6,20,15,522.6,True,False,0.0,Die Linke,0.35,0.1,0.1,0.3,0.3,201,86,23,43,61,75,0.03482587064676617,0.009950248756218905,0.009950248756218905,0.029850746268656716,0.029850746268656716,0.08139534883720931,0.08695652173913043,0.046511627906976744,0.09836065573770492,0.08,Opposition,0.0,1.0,20,WP20,2022,1,15
103,2022-01-06,2022-01-21,11,spd,26.0,26.0,0.0,0.0,0.10897435897435896,0.3269230769230769,1.1180555555555556,0.07692307692307693,0.21153846153846154,0.038461538461538464,1.2608695652173914,2.5,0.5882352941176471,0.9523809523809523,0.5789473684210527,23,4,17,21,19,52,48,677.5384615384615,True,False,2.0,SPD,0.4423076923076923,0.07692307692307693,0.3269230769230769,0.40384615384615385,0.36538461538461536,201,86,23,43,61,75,0.11442786069651742,0.01990049751243781,0.0845771144278607,0.1044776119402985,0.0945273631840796,0.26744186046511625,0.17391304347826086,0.3953488372093023,0.3442622950819672,0.25333333333333335,Regierung,1.0,0.0,20,WP20,2022,1,15
104,2022-01-21,2022-02-03,12,afd,12.0,11.0,1.0,1.0,0.855072463768116,2.5652173913043477,7.238095238095238,0.9130434782608695,1.4782608695652173,0.17391304347826086,7.571428571428571,7.5,7.0,6.8,6.909090909090909,7,2,1,10,11,23,21,466.2173913043478,False,True,,,0.30434782608695654,0.08695652173913043,0.043478260869565216,0.43478260869565216,0.4782608695652174,165,52,7,5,74,69,0.04242424242424243,0.012121212121212121,0.006060606060606061,0.06060606060606061,0.06666666666666667,0.1346153846153846,0.2857142857142857,0.2,0.13513513513513514,0.15942028985507245,Opposition,0.0,1.0,20,WP20,2022,1,13
104,2022-01-21,2022-02-03,12,cdu/csu,24.0,23.0,1.0,1.0,0.2695035460992908,0.8085106382978723,3.2906976744186047,0.2127659574468085,0.574468085106383,0.02127659574468085,5.0625,0.0,,3.3333333333333335,1.8636363636363635,16,1,0,18,22,47,43,606.7446808510638,True,False,4.0,CDU/CSU,0.3404255319148936,0.02127659574468085,0.0,0.3829787234042553,0.46808510638297873,165,52,7,5,74,69,0.09696969696969697,0.006060606060606061,0.0,0.10909090909090909,0.13333333333333333,0.3076923076923077,0.14285714285714285,0.0,0.24324324324324326,0.3188405797101449,Opposition,0.0,1.0,20,WP20,2022,1,13
104,2022-01-21,2022-02-03,12,fdp,10.0,11.0,-1.0,1.0,0.08,0.24,2.5,0.04,0.16,0.04,3.0,7.0,,3.0,1.2727272727272727,6,1,0,11,11,25,22,584.56,True,False,3.0,FDP,0.24,0.04,0.0,0.44,0.44,165,52,7,5,74,69,0.03636363636363636,0.006060606060606061,0.0,0.06666666666666667,0.06666666666666667,0.11538461538461539,0.14285714285714285,0.0,0.14864864864864866,0.15942028985507245,Regierung,1.0,0.0,20,WP20,2022,1,13
104,2022-01-21,2022-02-03,12,grüne,16.0,16.0,0.0,0.0,0.17204301075268816,0.5161290322580645,1.876543209876543,0.22580645161290322,0.25806451612903225,0.03225806451612903,1.1,3.5,0.0,2.5294117647058822,1.2,10,2,2,17,10,31,27,567.5806451612904,True,False,1.0,Bündnis 90/Die Grünen,0.3225806451612903,0.06451612903225806,0.06451612903225806,0.5483870967741935,0.3225806451612903,165,52,7,5,74,69,0.06060606060606061,0.012121212121212121,0.012121212121212121,0.10303030303030303,0.06060606060606061,0.19230769230769232,0.2857142857142857,0.4,0.22972972972972974,0.14492753623188406,Regierung,1.0,0.0,20,WP20,2022,1,13
104,2022-01-21,2022-02-03,12,linke,5.0,5.0,0.0,0.0,0.3958333333333333,1.1875,1.3846153846153846,0.5,0.6875,0.0,1.2,2.0,,1.75,1.0,5,1,0,4,7,16,13,420.1875,True,False,0.0,Die Linke,0.3125,0.0625,0.0,0.25,0.4375,165,52,7,5,74,69,0.030303030303030304,0.006060606060606061,0.0,0.024242424242424242,0.04242424242424243,0.09615384615384616,0.14285714285714285,0.0,0.05405405405405406,0.10144927536231885,Opposition,0.0,1.0,20,WP20,2022,1,13
104,2022-01-21,2022-02-03,12,spd,25.0,26.0,-1.0,1.0,0.10144927536231883,0.30434782608695654,1.7770833333333331,0.13043478260869565,0.15217391304347827,0.021739130434782608,1.2,2.0,3.0,2.1666666666666665,0.7894736842105263,15,2,3,24,19,46,40,655.4565217391304,True,False,2.0,SPD,0.32608695652173914,0.043478260869565216,0.06521739130434782,0.5217391304347826,0.41304347826086957,165,52,7,5,74,69,0.09090909090909091,0.012121212121212121,0.01818181818181818,0.14545454545454545,0.11515151515151516,0.28846153846153844,0.2857142857142857,0.6,0.32432432432432434,0.2753623188405797,Regierung,1.0,0.0,20,WP20,2022,1,13
105,2022-02-03,2022-02-18,12,afd,12.0,12.0,0.0,0.0,0.8730158730158729,2.619047619047619,7.694444444444445,0.7619047619047619,1.1904761904761905,0.6666666666666666,9.0,7.333333333333333,8.285714285714286,7.625,7.615384615384615,3,9,7,8,13,21,18,449.3333333333333,False,True,,,0.14285714285714285,0.42857142857142855,0.3333333333333333,0.38095238095238093,0.6190476190476191,136,32,22,23,55,64,0.022058823529411766,0.0661764705882353,0.051470588235294115,0.058823529411764705,0.09558823529411764,0.09375,0.4090909090909091,0.30434782608695654,0.14545454545454545,0.203125,Opposition,0.0,1.0,20,WP20,2022,2,15
105,2022-02-03,2022-02-18,12,cdu/csu,27.0,24.0,3.0,3.0,0.2051282051282051,0.6153846153846154,3.2580645161290325,0.07692307692307693,0.5128205128205128,0.02564102564102564,3.125,7.666666666666667,1.0,4.333333333333333,2.5625,8,3,4,15,16,39,31,639.8461538461538,True,False,4.0,CDU/CSU,0.20512820512820512,0.07692307692307693,0.10256410256410256,0.38461538461538464,0.41025641025641024,136,32,22,23,55,64,0.058823529411764705,0.022058823529411766,0.029411764705882353,0.11029411764705882,0.11764705882352941,0.25,0.13636363636363635,0.17391304347826086,0.2727272727272727,0.25,Opposition,0.0,1.0,20,WP20,2022,2,15
105,2022-02-03,2022-02-18,12,fdp,10.0,10.0,0.0,0.0,0.016666666666666666,0.05,1.6458333333333333,0.0,0.05,0.0,2.25,1.0,0.6666666666666666,2.2857142857142856,0.8,4,3,3,7,10,20,16,580.1,True,False,3.0,FDP,0.2,0.15,0.15,0.35,0.5,136,32,22,23,55,64,0.029411764705882353,0.022058823529411766,0.022058823529411766,0.051470588235294115,0.07352941176470588,0.125,0.13636363636363635,0.13043478260869565,0.12727272727272726,0.15625,Regierung,1.0,0.0,20,WP20,2022,2,15
105,2022-02-03,2022-02-18,12,grüne,16.0,16.0,0.0,0.0,0.19047619047619047,0.5714285714285714,0.9074074074074073,0.14285714285714285,0.3333333333333333,0.09523809523809523,0.7142857142857143,0.4,0.0,1.1818181818181819,0.4166666666666667,7,5,3,11,12,21,18,598.1428571428571,True,False,1.0,Bündnis 90/Die Grünen,0.3333333333333333,0.23809523809523808,0.14285714285714285,0.5238095238095238,0.5714285714285714,136,32,22,23,55,64,0.051470588235294115,0.03676470588235294,0.022058823529411766,0.08088235294117647,0.08823529411764706,0.21875,0.22727272727272727,0.13043478260869565,0.2,0.1875,Regierung,1.0,0.0,20,WP20,2022,2,15
105,2022-02-03,2022-02-18,12,linke,5.0,5.0,0.0,0.0,0.4901960784313725,1.4705882352941178,1.0681818181818181,0.5294117647058824,0.8823529411764706,0.058823529411764705,0.6666666666666666,0.0,0.5,0.75,1.0,3,3,2,4,7,17,11,422.52941176470586,True,False,0.0,Die Linke,0.17647058823529413,0.17647058823529413,0.11764705882352941,0.23529411764705882,0.4117647058823529,136,32,22,23,55,64,0.022058823529411766,0.022058823529411766,0.014705882352941176,0.029411764705882353,0.051470588235294115,0.09375,0.13636363636363635,0.08695652173913043,0.07272727272727272,0.109375,Opposition,0.0,1.0,20,WP20,2022,2,15
105,2022-02-03,2022-02-18,12,spd,22.0,25.0,-3.0,3.0,0.21367521367521364,0.6410256410256411,0.8914141414141413,0.2564102564102564,0.28205128205128205,0.10256410256410256,0.6,1.125,0.36363636363636365,1.2222222222222223,0.5789473684210527,10,8,11,18,19,39,33,562.2564102564103,True,False,2.0,SPD,0.2564102564102564,0.20512820512820512,0.28205128205128205,0.46153846153846156,0.48717948717948717,136,32,22,23,55,64,0.07352941176470588,0.058823529411764705,0.08088235294117647,0.1323529411764706,0.13970588235294118,0.3125,0.36363636363636365,0.4782608695652174,0.32727272727272727,0.296875,Regierung,1.0,0.0,20,WP20,2022,2,15
106,2022-02-18,2022-03-03,12,afd,12.0,12.0,0.0,0.0,0.8125,2.4375,7.094444444444445,0.8125,1.375,0.25,9.0,6.666666666666667,10.0,6.0,6.538461538461538,7,3,1,8,13,16,15,478.1875,False,True,,,0.4375,0.1875,0.0625,0.5,0.8125,89,36,16,3,23,54,0.07865168539325842,0.033707865168539325,0.011235955056179775,0.0898876404494382,0.14606741573033707,0.19444444444444445,0.1875,0.3333333333333333,0.34782608695652173,0.24074074074074073,Opposition,0.0,1.0,20,WP20,2022,2,13
106,2022-02-18,2022-03-03,12,cdu/csu,26.0,27.0,-1.0,1.0,0.2533333333333333,0.76,3.234848484848485,0.2,0.52,0.04,4.75,5.0,,3.3333333333333335,2.0,8,5,0,6,15,25,22,709.56,True,False,4.0,CDU/CSU,0.32,0.2,0.0,0.24,0.6,89,36,16,3,23,54,0.0898876404494382,0.056179775280898875,0.0,0.06741573033707865,0.16853932584269662,0.2222222222222222,0.3125,0.0,0.2608695652173913,0.2777777777777778,Opposition,0.0,1.0,20,WP20,2022,2,13
106,2022-02-18,2022-03-03,12,fdp,9.0,10.0,-1.0,1.0,0.19444444444444442,0.5833333333333334,2.2733333333333334,0.16666666666666666,0.3333333333333333,0.08333333333333333,3.3333333333333335,3.5,0.0,1.0,2.0,6,2,1,3,7,12,10,657.9166666666666,True,False,3.0,FDP,0.5,0.16666666666666666,0.08333333333333333,0.25,0.5833333333333334,89,36,16,3,23,54,0.06741573033707865,0.02247191011235955,0.011235955056179775,0.033707865168539325,0.07865168539325842,0.16666666666666666,0.125,0.3333333333333333,0.13043478260869565,0.12962962962962962,Regierung,1.0,0.0,20,WP20,2022,2,13
106,2022-02-18,2022-03-03,12,grüne,15.0,16.0,-1.0,1.0,0.24444444444444444,0.7333333333333333,1.0238095238095237,0.06666666666666667,0.5333333333333333,0.13333333333333333,1.375,1.0,0.0,0.3333333333333333,0.4444444444444444,8,3,1,3,9,15,14,537.8666666666667,True,False,1.0,Bündnis 90/Die Grünen,0.5333333333333333,0.2,0.06666666666666667,0.2,0.6,89,36,16,3,23,54,0.0898876404494382,0.033707865168539325,0.011235955056179775,0.033707865168539325,0.10112359550561797,0.2222222222222222,0.1875,0.3333333333333333,0.13043478260869565,0.16666666666666666,Regierung,1.0,0.0,20,WP20,2022,2,13
106,2022-02-18,2022-03-03,12,linke,5.0,5.0,0.0,0.0,0.4444444444444444,1.3333333333333333,1.5277777777777777,0.4444444444444444,0.8888888888888888,0.0,2.5,1.0,,0.0,1.6666666666666667,2,2,0,2,3,9,6,517.0,True,False,0.0,Die Linke,0.2222222222222222,0.2222222222222222,0.0,0.2222222222222222,0.3333333333333333,89,36,16,3,23,54,0.02247191011235955,0.02247191011235955,0.0,0.02247191011235955,0.033707865168539325,0.05555555555555555,0.125,0.0,0.08695652173913043,0.05555555555555555,Opposition,0.0,1.0,20,WP20,2022,2,13
106,2022-02-18,2022-03-03,12,spd,24.0,22.0,2.0,2.0,0.19047619047619047,0.5714285714285714,1.217948717948718,0.21428571428571427,0.35714285714285715,0.0,1.0,1.25,0.0,1.2222222222222223,1.0,12,4,1,9,20,28,26,638.5357142857143,True,False,2.0,SPD,0.42857142857142855,0.14285714285714285,0.03571428571428571,0.32142857142857145,0.7142857142857143,89,36,16,3,23,54,0.1348314606741573,0.0449438202247191,0.011235955056179775,0.10112359550561797,0.2247191011235955,0.3333333333333333,0.25,0.3333333333333333,0.391304347826087,0.37037037037037035,Regierung,1.0,0.0,20,WP20,2022,2,13
107,2022-03-03,2022-03-18,11,afd,11.0,12.0,-1.0,1.0,0.92,2.76,6.413043478260869,1.0,1.44,0.32,8.571428571428571,8.5,6.0,5.642857142857143,6.357142857142857,7,4,3,14,14,25,23,542.88,False,True,,,0.28,0.16,0.12,0.56,0.56,186,49,26,15,83,77,0.03763440860215054,0.021505376344086023,0.016129032258064516,0.07526881720430108,0.07526881720430108,0.14285714285714285,0.15384615384615385,0.2,0.1686746987951807,0.18181818181818182,Opposition,0.0,1.0,20,WP20,2022,3,15
107,2022-03-03,2022-03-18,11,cdu/csu,26.0,26.0,0.0,0.0,0.30864197530864196,0.9259259259259259,2.5946969696969697,0.2037037037037037,0.6296296296296297,0.09259259259259259,3.75,3.142857142857143,0.5,2.6153846153846154,1.6363636363636365,12,7,2,26,22,54,44,646.0370370370371,True,False,4.0,CDU/CSU,0.2222222222222222,0.12962962962962962,0.037037037037037035,0.48148148148148145,0.4074074074074074,186,49,26,15,83,77,0.06451612903225806,0.03763440860215054,0.010752688172043012,0.13978494623655913,0.11827956989247312,0.24489795918367346,0.2692307692307692,0.13333333333333333,0.3132530120481928,0.2857142857142857,Opposition,0.0,1.0,20,WP20,2022,3,15
107,2022-03-03,2022-03-18,11,fdp,9.0,9.0,0.0,0.0,0.14814814814814814,0.4444444444444444,2.015151515151515,0.037037037037037035,0.3333333333333333,0.07407407407407407,2.8333333333333335,4.0,2.5,1.7857142857142858,1.5833333333333333,6,4,2,14,12,27,22,632.6666666666666,True,False,3.0,FDP,0.2222222222222222,0.14814814814814814,0.07407407407407407,0.5185185185185185,0.4444444444444444,186,49,26,15,83,77,0.03225806451612903,0.021505376344086023,0.010752688172043012,0.07526881720430108,0.06451612903225806,0.12244897959183673,0.15384615384615385,0.13333333333333333,0.1686746987951807,0.15584415584415584,Regierung,1.0,0.0,20,WP20,2022,3,15
107,2022-03-03,2022-03-18,11,grüne,16.0,15.0,1.0,1.0,0.25555555555555554,0.7666666666666667,1.425595238095238,0.26666666666666666,0.43333333333333335,0.06666666666666667,1.0,2.5,1.0,1.7857142857142858,1.2142857142857142,12,4,3,14,14,30,28,602.9666666666667,True,False,1.0,Bündnis 90/Die Grünen,0.4,0.13333333333333333,0.1,0.4666666666666667,0.4666666666666667,186,49,26,15,83,77,0.06451612903225806,0.021505376344086023,0.016129032258064516,0.07526881720430108,0.07526881720430108,0.24489795918367346,0.15384615384615385,0.2,0.1686746987951807,0.18181818181818182,Regierung,1.0,0.0,20,WP20,2022,3,15
107,2022-03-03,2022-03-18,11,linke,5.0,5.0,0.0,0.0,0.5277777777777778,1.5833333333333333,1.588235294117647,0.5,0.9166666666666666,0.16666666666666666,1.2,1.5,1.0,2.0,1.25,5,4,2,9,8,24,17,436.1666666666667,True,False,0.0,Die Linke,0.20833333333333334,0.16666666666666666,0.08333333333333333,0.375,0.3333333333333333,186,49,26,15,83,77,0.026881720430107527,0.021505376344086023,0.010752688172043012,0.04838709677419355,0.043010752688172046,0.10204081632653061,0.15384615384615385,0.13333333333333333,0.10843373493975904,0.1038961038961039,Opposition,0.0,1.0,20,WP20,2022,3,15
107,2022-03-03,2022-03-18,11,spd,25.0,24.0,1.0,1.0,0.1699346405228758,0.5098039215686274,1.3841463414634145,0.17647058823529413,0.2549019607843137,0.0784313725490196,1.4285714285714286,1.2857142857142858,1.1666666666666667,1.7,0.6666666666666666,14,7,6,20,21,51,41,653.5098039215686,True,False,2.0,SPD,0.27450980392156865,0.13725490196078433,0.11764705882352941,0.39215686274509803,0.4117647058823529,186,49,26,15,83,77,0.07526881720430108,0.03763440860215054,0.03225806451612903,0.10752688172043011,0.11290322580645161,0.2857142857142857,0.2692307692307692,0.4,0.24096385542168675,0.2727272727272727,Regierung,1.0,0.0,20,WP20,2022,3,15
108,2022-03-18,2022-04-07,11,afd,11.0,11.0,0.0,0.0,0.8045977011494252,2.413793103448276,6.736000000000001,0.7413793103448276,1.4137931034482758,0.25862068965517243,7.866666666666666,8.142857142857142,8.3,6.578947368421052,6.628571428571429,30,7,10,19,35,58,50,602.3275862068965,False,True,,,0.5172413793103449,0.1206896551724138,0.1724137931034483,0.3275862068965517,0.603448275862069,388,151,67,42,87,203,0.07731958762886598,0.01804123711340206,0.02577319587628866,0.04896907216494845,0.09020618556701031,0.1986754966887417,0.1044776119402985,0.23809523809523808,0.21839080459770116,0.1724137931034483,Opposition,0.0,1.0,20,WP20,2022,3,20
108,2022-03-18,2022-04-07,11,cdu/csu,26.0,26.0,0.0,0.0,0.2367601246105919,0.7102803738317757,3.0328947368421053,0.16822429906542055,0.4953271028037383,0.04672897196261682,4.352941176470588,3.3076923076923075,2.0,3.25,2.18,34,13,3,12,50,107,76,761.7009345794393,True,False,4.0,CDU/CSU,0.3177570093457944,0.12149532710280374,0.028037383177570093,0.11214953271028037,0.4672897196261682,388,151,67,42,87,203,0.08762886597938144,0.03350515463917526,0.007731958762886598,0.030927835051546393,0.12886597938144329,0.2251655629139073,0.19402985074626866,0.07142857142857142,0.13793103448275862,0.24630541871921183,Opposition,0.0,1.0,20,WP20,2022,3,20
108,2022-03-18,2022-04-07,11,fdp,9.0,9.0,0.0,0.0,0.10344827586206896,0.3103448275862069,1.8518518518518516,0.08620689655172414,0.22413793103448276,0.0,3.7857142857142856,1.6363636363636365,0.2,1.6,1.032258064516129,14,11,5,10,31,58,45,628.7586206896551,True,False,3.0,FDP,0.2413793103448276,0.1896551724137931,0.08620689655172414,0.1724137931034483,0.5344827586206896,388,151,67,42,87,203,0.03608247422680412,0.028350515463917526,0.01288659793814433,0.02577319587628866,0.07989690721649484,0.09271523178807947,0.16417910447761194,0.11904761904761904,0.11494252873563218,0.15270935960591134,Regierung,1.0,0.0,20,WP20,2022,3,20
108,2022-03-18,2022-04-07,11,grüne,17.0,16.0,1.0,1.0,0.15714285714285714,0.4714285714285714,1.03125,0.1,0.34285714285714286,0.02857142857142857,1.0465116279069768,1.0,0.21428571428571427,1.0909090909090908,0.7674418604651163,43,16,14,22,43,70,64,616.0857142857143,True,False,1.0,Bündnis 90/Die Grünen,0.6142857142857143,0.22857142857142856,0.2,0.3142857142857143,0.6142857142857143,388,151,67,42,87,203,0.11082474226804123,0.041237113402061855,0.03608247422680412,0.05670103092783505,0.11082474226804123,0.2847682119205298,0.23880597014925373,0.3333333333333333,0.25287356321839083,0.21182266009852216,Regierung,1.0,0.0,20,WP20,2022,3,20
108,2022-03-18,2022-04-07,11,linke,4.0,5.0,-1.0,1.0,0.5299145299145298,1.5897435897435896,1.1059999999999999,0.6410256410256411,0.8717948717948718,0.07692307692307693,1.0666666666666667,0.3333333333333333,2.5,1.625,0.5,15,3,4,8,14,39,25,483.02564102564105,True,False,0.0,Die Linke,0.38461538461538464,0.07692307692307693,0.10256410256410256,0.20512820512820512,0.358974358974359,388,151,67,42,87,203,0.03865979381443299,0.007731958762886598,0.010309278350515464,0.020618556701030927,0.03608247422680412,0.09933774834437085,0.04477611940298507,0.09523809523809523,0.09195402298850575,0.06896551724137931,Opposition,0.0,1.0,20,WP20,2022,3,20
108,2022-03-18,2022-04-07,11,spd,25.0,25.0,0.0,0.0,0.08187134502923976,0.24561403508771928,1.2395189003436426,0.09649122807017543,0.13157894736842105,0.017543859649122806,1.5333333333333334,1.25,0.375,1.3142857142857143,0.8769230769230769,45,24,16,35,65,114,97,670.5964912280701,True,False,2.0,SPD,0.39473684210526316,0.21052631578947367,0.14035087719298245,0.30701754385964913,0.5701754385964912,388,151,67,42,87,203,0.11597938144329897,0.061855670103092786,0.041237113402061855,0.09020618556701031,0.16752577319587628,0.2980132450331126,0.3582089552238806,0.38095238095238093,0.40229885057471265,0.32019704433497537,Regierung,1.0,0.0,20,WP20,2022,3,20
109,2022-04-07,2022-04-14,11,afd,11.0,11.0,0.0,0.0,0.7701149425287356,2.310344827586207,7.246212121212121,0.7586206896551724,1.3448275862068966,0.20689655172413793,8.333333333333334,7.5,8.666666666666666,6.75,7.454545454545454,6,6,3,12,11,29,22,480.0689655172414,False,True,,,0.20689655172413793,0.20689655172413793,0.10344827586206896,0.41379310344827586,0.3793103448275862,198,45,40,21,69,80,0.030303030303030304,0.030303030303030304,0.015151515151515152,0.06060606060606061,0.05555555555555555,0.13333333333333333,0.15,0.14285714285714285,0.17391304347826086,0.1375,Opposition,0.0,1.0,20,WP20,2022,4,7
109,2022-04-07,2022-04-14,11,cdu/csu,25.0,26.0,-1.0,1.0,0.21333333333333332,0.64,2.458333333333333,0.18,0.42,0.04,4.666666666666667,2.5,1.0,2.8666666666666667,2.0869565217391304,9,10,3,15,23,50,40,705.96,True,False,4.0,CDU/CSU,0.18,0.2,0.06,0.3,0.46,198,45,40,21,69,80,0.045454545454545456,0.050505050505050504,0.015151515151515152,0.07575757575757576,0.11616161616161616,0.2,0.25,0.14285714285714285,0.21739130434782608,0.2875,Opposition,0.0,1.0,20,WP20,2022,4,7
109,2022-04-07,2022-04-14,11,fdp,9.0,9.0,0.0,0.0,0.12121212121212122,0.36363636363636365,1.8,0.15151515151515152,0.18181818181818182,0.030303030303030304,1.5,1.8571428571428572,0.6666666666666666,2.2857142857142856,1.1666666666666667,4,7,3,14,12,33,25,532.030303030303,True,False,3.0,FDP,0.12121212121212122,0.21212121212121213,0.09090909090909091,0.42424242424242425,0.36363636363636365,198,45,40,21,69,80,0.020202020202020204,0.03535353535353535,0.015151515151515152,0.0707070707070707,0.06060606060606061,0.08888888888888889,0.175,0.14285714285714285,0.2028985507246377,0.15,Regierung,1.0,0.0,20,WP20,2022,4,7
109,2022-04-07,2022-04-14,11,grüne,19.0,17.0,2.0,2.0,0.14912280701754385,0.4473684210526316,1.6041666666666667,0.15789473684210525,0.2631578947368421,0.02631578947368421,1.5714285714285714,1.0,0.6,2.3333333333333335,0.5714285714285714,14,7,5,12,14,38,32,491.07894736842104,True,False,1.0,Bündnis 90/Die Grünen,0.3684210526315789,0.18421052631578946,0.13157894736842105,0.3157894736842105,0.3684210526315789,198,45,40,21,69,80,0.0707070707070707,0.03535353535353535,0.025252525252525252,0.06060606060606061,0.0707070707070707,0.3111111111111111,0.175,0.23809523809523808,0.17391304347826086,0.175,Regierung,1.0,0.0,20,WP20,2022,4,7
109,2022-04-07,2022-04-14,11,linke,4.0,4.0,0.0,0.0,0.5454545454545454,1.6363636363636365,1.7685185185185184,0.5,1.0,0.13636363636363635,2.8333333333333335,1.25,0.5,1.4545454545454546,1.5555555555555556,6,4,4,11,9,22,18,448.0,True,False,0.0,Die Linke,0.2727272727272727,0.18181818181818182,0.18181818181818182,0.5,0.4090909090909091,198,45,40,21,69,80,0.030303030303030304,0.020202020202020204,0.020202020202020204,0.05555555555555555,0.045454545454545456,0.13333333333333333,0.1,0.19047619047619047,0.15942028985507245,0.1125,Opposition,0.0,1.0,20,WP20,2022,4,7
109,2022-04-07,2022-04-14,11,spd,24.0,25.0,-1.0,1.0,0.12727272727272726,0.38181818181818183,1.5104166666666665,0.16363636363636364,0.18181818181818182,0.03636363636363636,1.5,1.5,0.5,1.9411764705882353,0.7727272727272727,12,12,6,17,22,55,40,630.2,True,False,2.0,SPD,0.21818181818181817,0.21818181818181817,0.10909090909090909,0.3090909090909091,0.4,198,45,40,21,69,80,0.06060606060606061,0.06060606060606061,0.030303030303030304,0.08585858585858586,0.1111111111111111,0.26666666666666666,0.3,0.2857142857142857,0.2463768115942029,0.275,Regierung,1.0,0.0,20,WP20,2022,4,7
110,2022-04-14,2022-04-28,11,afd,11.0,11.0,0.0,0.0,0.8,2.4,7.083333333333333,0.8,1.4,0.2,10.0,,10.0,4.333333333333333,8.0,1,0,1,3,3,5,4,596.8,False,True,,,0.2,0.0,0.2,0.6,0.6,40,11,2,10,14,16,0.025,0.0,0.025,0.075,0.075,0.09090909090909091,0.0,0.1,0.21428571428571427,0.1875,Opposition,0.0,1.0,20,WP20,2022,4,14
110,2022-04-14,2022-04-28,11,cdu/csu,26.0,25.0,1.0,1.0,0.13888888888888887,0.4166666666666667,1.5,0.0,0.4166666666666667,0.0,0.6666666666666666,,2.6666666666666665,1.3333333333333333,1.25,3,0,3,3,4,12,7,646.3333333333334,True,False,4.0,CDU/CSU,0.25,0.0,0.25,0.25,0.3333333333333333,40,11,2,10,14,16,0.075,0.0,0.075,0.075,0.1,0.2727272727272727,0.0,0.3,0.21428571428571427,0.25,Opposition,0.0,1.0,20,WP20,2022,4,14
110,2022-04-14,2022-04-28,11,fdp,8.0,9.0,-1.0,1.0,0.1111111111111111,0.3333333333333333,1.0,0.0,0.3333333333333333,0.0,0.5,,2.0,0.0,1.0,2,0,1,1,3,6,4,584.3333333333334,True,False,3.0,FDP,0.3333333333333333,0.0,0.16666666666666666,0.16666666666666666,0.5,40,11,2,10,14,16,0.05,0.0,0.025,0.025,0.075,0.18181818181818182,0.0,0.1,0.07142857142857142,0.1875,Regierung,1.0,0.0,20,WP20,2022,4,14
110,2022-04-14,2022-04-28,11,grüne,18.0,19.0,-1.0,1.0,0.0,0.0,0.7,0.0,0.0,0.0,0.0,,1.0,1.0,0.6666666666666666,2,0,2,3,3,7,5,553.4285714285714,True,False,1.0,Bündnis 90/Die Grünen,0.2857142857142857,0.0,0.2857142857142857,0.42857142857142855,0.42857142857142855,40,11,2,10,14,16,0.05,0.0,0.05,0.075,0.075,0.18181818181818182,0.0,0.2,0.21428571428571427,0.1875,Regierung,1.0,0.0,20,WP20,2022,4,14
110,2022-04-14,2022-04-28,11,linke,4.0,4.0,0.0,0.0,0.8333333333333333,2.5,1.25,0.5,1.5,0.5,0.0,9.0,1.0,0.5,1.5,1,1,1,2,2,4,4,522.5,True,False,0.0,Die Linke,0.25,0.25,0.25,0.5,0.5,40,11,2,10,14,16,0.025,0.025,0.025,0.05,0.05,0.09090909090909091,0.5,0.1,0.14285714285714285,0.125,Opposition,0.0,1.0,20,WP20,2022,4,14
110,2022-04-14,2022-04-28,11,spd,24.0,24.0,0.0,0.0,0.2727272727272727,0.8181818181818182,1.0185185185185184,0.2727272727272727,0.36363636363636365,0.18181818181818182,0.0,7.0,1.3333333333333333,1.4,1.0,3,1,3,5,4,11,9,597.2727272727273,True,False,2.0,SPD,0.2727272727272727,0.09090909090909091,0.2727272727272727,0.45454545454545453,0.36363636363636365,40,11,2,10,14,16,0.075,0.025,0.075,0.125,0.1,0.2727272727272727,0.5,0.3,0.35714285714285715,0.25,Regierung,1.0,0.0,20,WP20,2022,4,14
111,2022-04-28,2022-05-13,11,afd,11.0,11.0,0.0,0.0,0.7650273224043715,2.2950819672131146,6.202614379084967,0.7540983606557377,1.3278688524590163,0.21311475409836064,7.714285714285714,8.125,7.166666666666667,5.2,6.34375,21,8,6,20,32,61,51,535.7868852459017,False,True,,,0.3442622950819672,0.13114754098360656,0.09836065573770492,0.32786885245901637,0.5245901639344263,414,113,56,39,114,175,0.050724637681159424,0.01932367149758454,0.014492753623188406,0.04830917874396135,0.07729468599033816,0.18584070796460178,0.14285714285714285,0.15384615384615385,0.17543859649122806,0.18285714285714286,Opposition,0.0,1.0,20,WP20,2022,4,15
111,2022-04-28,2022-05-13,11,cdu/csu,26.0,26.0,0.0,0.0,0.25474254742547425,0.7642276422764228,2.9753086419753085,0.21138211382113822,0.45528455284552843,0.0975609756097561,4.333333333333333,4.3076923076923075,2.2857142857142856,3.1,2.4680851063829787,27,13,7,30,47,123,81,625.3658536585366,True,False,4.0,CDU/CSU,0.21951219512195122,0.10569105691056911,0.056910569105691054,0.24390243902439024,0.3821138211382114,414,113,56,39,114,175,0.06521739130434782,0.03140096618357488,0.016908212560386472,0.07246376811594203,0.11352657004830918,0.23893805309734514,0.23214285714285715,0.1794871794871795,0.2631578947368421,0.26857142857142857,Opposition,0.0,1.0,20,WP20,2022,4,15
111,2022-04-28,2022-05-13,11,fdp,9.0,8.0,1.0,1.0,0.13661202185792348,0.4098360655737705,1.625,0.08196721311475409,0.3114754098360656,0.01639344262295082,2.0714285714285716,1.9,0.25,1.7222222222222223,1.46875,14,10,4,18,32,61,46,607.9344262295082,True,False,3.0,FDP,0.22950819672131148,0.16393442622950818,0.06557377049180328,0.29508196721311475,0.5245901639344263,414,113,56,39,114,175,0.033816425120772944,0.024154589371980676,0.00966183574879227,0.043478260869565216,0.07729468599033816,0.12389380530973451,0.17857142857142858,0.10256410256410256,0.15789473684210525,0.18285714285714286,Regierung,1.0,0.0,20,WP20,2022,4,15
111,2022-04-28,2022-05-13,11,grüne,18.0,18.0,0.0,0.0,0.16923076923076924,0.5076923076923077,1.1348484848484848,0.16923076923076924,0.27692307692307694,0.06153846153846154,1.5833333333333333,2.0,0.5,0.8947368421052632,0.8275862068965517,24,14,8,19,29,65,55,595.6,True,False,1.0,Bündnis 90/Die Grünen,0.36923076923076925,0.2153846153846154,0.12307692307692308,0.2923076923076923,0.4461538461538462,414,113,56,39,114,175,0.057971014492753624,0.033816425120772944,0.01932367149758454,0.04589371980676329,0.07004830917874397,0.21238938053097345,0.25,0.20512820512820512,0.16666666666666666,0.1657142857142857,Regierung,1.0,0.0,20,WP20,2022,4,15
111,2022-04-28,2022-05-13,11,linke,3.0,4.0,-1.0,1.0,0.5,1.5,1.825980392156863,0.58,0.88,0.04,2.5384615384615383,1.2,0.0,0.8571428571428571,2.2,13,5,5,14,20,50,34,447.06,True,False,0.0,Die Linke,0.26,0.1,0.1,0.28,0.4,414,113,56,39,114,175,0.03140096618357488,0.012077294685990338,0.012077294685990338,0.033816425120772944,0.04830917874396135,0.11504424778761062,0.08928571428571429,0.1282051282051282,0.12280701754385964,0.11428571428571428,Opposition,0.0,1.0,20,WP20,2022,4,15
111,2022-04-28,2022-05-13,11,spd,24.0,24.0,0.0,0.0,0.16231884057971016,0.48695652173913045,1.2265917602996255,0.1565217391304348,0.28695652173913044,0.043478260869565216,1.5142857142857142,1.0,0.26666666666666666,1.4242424242424243,1.148936170212766,35,14,15,33,47,115,89,642.591304347826,True,False,2.0,SPD,0.30434782608695654,0.12173913043478261,0.13043478260869565,0.28695652173913044,0.40869565217391307,414,113,56,39,114,175,0.08454106280193237,0.033816425120772944,0.036231884057971016,0.07971014492753623,0.11352657004830918,0.30973451327433627,0.25,0.38461538461538464,0.2894736842105263,0.26857142857142857,Regierung,1.0,0.0,20,WP20,2022,4,15
112,2022-05-13,2022-06-02,11,afd,11.0,11.0,0.0,0.0,0.8531073446327683,2.559322033898305,7.1342767295597485,0.864406779661017,1.4406779661016949,0.2542372881355932,8.161290322580646,7.615384615384615,8.285714285714286,5.857142857142857,7.170731707317073,31,13,7,21,41,59,53,579.3728813559322,False,True,,,0.5254237288135594,0.22033898305084745,0.11864406779661017,0.3559322033898305,0.6949152542372882,415,158,31,35,89,157,0.0746987951807229,0.03132530120481928,0.016867469879518072,0.05060240963855422,0.09879518072289156,0.1962025316455696,0.41935483870967744,0.2,0.23595505617977527,0.2611464968152866,Opposition,0.0,1.0,20,WP20,2022,5,20
112,2022-05-13,2022-06-02,11,cdu/csu,26.0,26.0,0.0,0.0,0.28248587570621464,0.847457627118644,3.5627705627705626,0.23728813559322035,0.576271186440678,0.03389830508474576,4.575757575757576,2.5,3.8,4.238095238095238,2.358974358974359,33,2,5,21,39,118,77,701.3474576271186,True,False,4.0,CDU/CSU,0.2796610169491525,0.01694915254237288,0.0423728813559322,0.17796610169491525,0.3305084745762712,415,158,31,35,89,157,0.07951807228915662,0.004819277108433735,0.012048192771084338,0.05060240963855422,0.09397590361445783,0.2088607594936709,0.06451612903225806,0.14285714285714285,0.23595505617977527,0.2484076433121019,Opposition,0.0,1.0,20,WP20,2022,5,20
112,2022-05-13,2022-06-02,11,fdp,8.0,9.0,-1.0,1.0,0.08465608465608465,0.25396825396825395,1.751984126984127,0.031746031746031744,0.2222222222222222,0.0,2.4,1.375,0.0,1.7142857142857142,1.0,20,8,3,14,29,63,42,614.7460317460317,True,False,3.0,FDP,0.31746031746031744,0.12698412698412698,0.047619047619047616,0.2222222222222222,0.4603174603174603,415,158,31,35,89,157,0.04819277108433735,0.01927710843373494,0.007228915662650603,0.033734939759036145,0.06987951807228916,0.12658227848101267,0.25806451612903225,0.08571428571428572,0.15730337078651685,0.18471337579617833,Regierung,1.0,0.0,20,WP20,2022,5,20
112,2022-05-13,2022-06-02,11,grüne,20.0,18.0,2.0,2.0,0.1468253968253968,0.44047619047619047,1.181400966183575,0.10714285714285714,0.2976190476190476,0.03571428571428571,1.297872340425532,0.75,0.3076923076923077,0.9047619047619048,0.9393939393939394,47,8,13,21,33,84,69,559.1785714285714,True,False,1.0,Bündnis 90/Die Grünen,0.5595238095238095,0.09523809523809523,0.15476190476190477,0.25,0.39285714285714285,415,158,31,35,89,157,0.11325301204819277,0.01927710843373494,0.03132530120481928,0.05060240963855422,0.07951807228915662,0.2974683544303797,0.25806451612903225,0.37142857142857144,0.23595505617977527,0.21019108280254778,Regierung,1.0,0.0,20,WP20,2022,5,20
112,2022-05-13,2022-06-02,11,linke,4.0,3.0,1.0,1.0,0.5811965811965811,1.7435897435897436,1.5617283950617282,0.6410256410256411,1.0512820512820513,0.05128205128205128,1.5,2.0,0.5,2.0,1.9285714285714286,12,2,2,8,14,39,27,520.8205128205128,True,False,0.0,Die Linke,0.3076923076923077,0.05128205128205128,0.05128205128205128,0.20512820512820512,0.358974358974359,415,158,31,35,89,157,0.02891566265060241,0.004819277108433735,0.004819277108433735,0.01927710843373494,0.033734939759036145,0.0759493670886076,0.06451612903225806,0.05714285714285714,0.0898876404494382,0.08917197452229299,Opposition,0.0,1.0,20,WP20,2022,5,20
112,2022-05-13,2022-06-02,11,spd,22.0,24.0,-2.0,2.0,0.13213213213213212,0.3963963963963964,1.4040697674418605,0.12612612612612611,0.24324324324324326,0.02702702702702703,1.7608695652173914,2.0,0.16666666666666666,1.12,0.9047619047619048,46,11,12,25,42,111,86,661.3423423423424,True,False,2.0,SPD,0.4144144144144144,0.0990990990990991,0.10810810810810811,0.22522522522522523,0.3783783783783784,415,158,31,35,89,157,0.1108433734939759,0.02650602409638554,0.02891566265060241,0.060240963855421686,0.10120481927710843,0.2911392405063291,0.3548387096774194,0.34285714285714286,0.2808988764044944,0.267515923566879,Regierung,1.0,0.0,20,WP20,2022,5,20
113,2022-06-02,2022-06-24,11,afd,11.0,11.0,0.0,0.0,0.896969696969697,2.690909090909091,6.829787234042553,0.9090909090909091,1.490909090909091,0.2909090909090909,8.0,8.555555555555555,8.0,5.526315789473684,6.7,22,9,5,19,40,55,47,542.6909090909091,False,True,,,0.4,0.16363636363636364,0.09090909090909091,0.34545454545454546,0.7272727272727273,381,120,38,16,73,155,0.05774278215223097,0.023622047244094488,0.013123359580052493,0.049868766404199474,0.10498687664041995,0.18333333333333332,0.23684210526315788,0.3125,0.2602739726027397,0.25806451612903225,Opposition,0.0,1.0,20,WP20,2022,6,22
113,2022-06-02,2022-06-24,11,cdu/csu,27.0,26.0,1.0,1.0,0.25,0.75,3.3028846153846154,0.21153846153846154,0.5192307692307693,0.019230769230769232,4.454545454545454,4.6,,3.9375,2.7941176470588234,22,5,0,16,34,104,52,668.4615384615385,True,False,4.0,CDU/CSU,0.21153846153846154,0.04807692307692308,0.0,0.15384615384615385,0.3269230769230769,381,120,38,16,73,155,0.05774278215223097,0.013123359580052493,0.0,0.04199475065616798,0.08923884514435695,0.18333333333333332,0.13157894736842105,0.0,0.2191780821917808,0.21935483870967742,Opposition,0.0,1.0,20,WP20,2022,6,22
113,2022-06-02,2022-06-24,11,fdp,8.0,8.0,0.0,0.0,0.11764705882352941,0.35294117647058826,2.344444444444444,0.11764705882352941,0.21568627450980393,0.0196078431372549,3.2666666666666666,1.75,,3.0,1.5,15,4,0,6,18,51,30,615.6470588235294,True,False,3.0,FDP,0.29411764705882354,0.0784313725490196,0.0,0.11764705882352941,0.35294117647058826,381,120,38,16,73,155,0.03937007874015748,0.010498687664041995,0.0,0.015748031496062992,0.047244094488188976,0.125,0.10526315789473684,0.0,0.0821917808219178,0.11612903225806452,Regierung,1.0,0.0,20,WP20,2022,6,22
113,2022-06-02,2022-06-24,11,grüne,21.0,20.0,1.0,1.0,0.13080168776371306,0.3924050632911392,1.3587570621468927,0.1518987341772152,0.22784810126582278,0.012658227848101266,1.7179487179487178,1.625,0.5,1.4090909090909092,1.1388888888888888,39,8,10,22,36,79,59,588.0632911392405,True,False,1.0,Bündnis 90/Die Grünen,0.4936708860759494,0.10126582278481013,0.12658227848101267,0.27848101265822783,0.45569620253164556,381,120,38,16,73,155,0.10236220472440945,0.02099737532808399,0.026246719160104987,0.05774278215223097,0.09448818897637795,0.325,0.21052631578947367,0.625,0.3013698630136986,0.23225806451612904,Regierung,1.0,0.0,20,WP20,2022,6,22
113,2022-06-02,2022-06-24,11,linke,4.0,4.0,0.0,0.0,0.4700854700854701,1.4102564102564104,1.8240740740740742,0.5641025641025641,0.8461538461538461,0.0,2.0,1.5,0.0,1.0,1.9230769230769231,6,2,1,6,13,39,18,462.7435897435897,True,False,0.0,Die Linke,0.15384615384615385,0.05128205128205128,0.02564102564102564,0.15384615384615385,0.3333333333333333,381,120,38,16,73,155,0.015748031496062992,0.005249343832020997,0.0026246719160104987,0.015748031496062992,0.03412073490813648,0.05,0.05263157894736842,0.0625,0.0821917808219178,0.08387096774193549,Opposition,0.0,1.0,20,WP20,2022,6,22
113,2022-06-02,2022-06-24,11,spd,21.0,22.0,-1.0,1.0,0.10185185185185185,0.3055555555555556,1.30625,0.12962962962962962,0.1574074074074074,0.018518518518518517,1.605263157894737,1.631578947368421,0.8,1.434782608695652,0.8333333333333334,38,19,5,23,54,108,80,646.1296296296297,True,False,2.0,SPD,0.35185185185185186,0.17592592592592593,0.046296296296296294,0.21296296296296297,0.5,381,120,38,16,73,155,0.09973753280839895,0.049868766404199474,0.013123359580052493,0.06036745406824147,0.14173228346456693,0.31666666666666665,0.5,0.3125,0.3150684931506849,0.34838709677419355,Regierung,1.0,0.0,20,WP20,2022,6,22
114,2022-06-24,2022-07-07,12,afd,12.0,11.0,1.0,1.0,0.6333333333333333,1.9,6.777777777777778,0.75,0.95,0.2,9.0,6.0,9.25,6.083333333333333,7.0,5,2,8,12,8,20,18,477.6,False,True,,,0.25,0.1,0.4,0.6,0.4,123,33,6,26,51,32,0.04065040650406504,0.016260162601626018,0.06504065040650407,0.0975609756097561,0.06504065040650407,0.15151515151515152,0.3333333333333333,0.3076923076923077,0.23529411764705882,0.25,Opposition,0.0,1.0,20,WP20,2022,6,13
114,2022-06-24,2022-07-07,12,cdu/csu,26.0,27.0,-1.0,1.0,0.2903225806451613,0.8709677419354839,3.6319444444444446,0.3225806451612903,0.5483870967741935,0.0,5.166666666666667,2.5,3.5555555555555554,4.461538461538462,2.5714285714285716,6,2,9,13,7,31,24,667.9354838709677,True,False,4.0,CDU/CSU,0.1935483870967742,0.06451612903225806,0.2903225806451613,0.41935483870967744,0.22580645161290322,123,33,6,26,51,32,0.04878048780487805,0.016260162601626018,0.07317073170731707,0.10569105691056911,0.056910569105691054,0.18181818181818182,0.3333333333333333,0.34615384615384615,0.2549019607843137,0.21875,Opposition,0.0,1.0,20,WP20,2022,6,13
114,2022-06-24,2022-07-07,12,fdp,8.0,8.0,0.0,0.0,0.08771929824561403,0.2631578947368421,1.3823529411764706,0.0,0.2631578947368421,0.0,2.5,2.5,0.25,1.1111111111111112,1.6666666666666667,4,2,4,9,6,19,17,564.8421052631579,True,False,3.0,FDP,0.21052631578947367,0.10526315789473684,0.21052631578947367,0.47368421052631576,0.3157894736842105,123,33,6,26,51,32,0.032520325203252036,0.016260162601626018,0.032520325203252036,0.07317073170731707,0.04878048780487805,0.12121212121212122,0.3333333333333333,0.15384615384615385,0.17647058823529413,0.1875,Regierung,1.0,0.0,20,WP20,2022,6,13
114,2022-06-24,2022-07-07,12,grüne,23.0,21.0,2.0,2.0,0.18055555555555555,0.5416666666666666,1.1515151515151514,0.08333333333333333,0.4583333333333333,0.0,1.0,2.5,0.6666666666666666,1.3636363636363635,1.1111111111111112,8,2,3,11,9,24,22,526.4166666666666,True,False,1.0,Bündnis 90/Die Grünen,0.3333333333333333,0.08333333333333333,0.125,0.4583333333333333,0.375,123,33,6,26,51,32,0.06504065040650407,0.016260162601626018,0.024390243902439025,0.08943089430894309,0.07317073170731707,0.24242424242424243,0.3333333333333333,0.11538461538461539,0.21568627450980393,0.28125,Regierung,1.0,0.0,20,WP20,2022,6,13
114,2022-06-24,2022-07-07,12,linke,4.0,4.0,0.0,0.0,0.26666666666666666,0.8,1.6666666666666667,0.2,0.6,0.0,1.4285714285714286,,0.0,0.5,4.5,7,0,2,4,2,15,12,445.2,True,False,0.0,Die Linke,0.4666666666666667,0.0,0.13333333333333333,0.26666666666666666,0.13333333333333333,123,33,6,26,51,32,0.056910569105691054,0.0,0.016260162601626018,0.032520325203252036,0.016260162601626018,0.21212121212121213,0.0,0.07692307692307693,0.0784313725490196,0.0625,Opposition,0.0,1.0,20,WP20,2022,6,13
114,2022-06-24,2022-07-07,12,spd,20.0,21.0,-1.0,1.0,0.18627450980392157,0.5588235294117647,0.9375,0.17647058823529413,0.35294117647058826,0.029411764705882353,1.0,,1.0,0.8571428571428571,0.625,8,0,8,14,8,34,24,675.3235294117648,True,False,2.0,SPD,0.23529411764705882,0.0,0.23529411764705882,0.4117647058823529,0.23529411764705882,123,33,6,26,51,32,0.06504065040650407,0.0,0.06504065040650407,0.11382113821138211,0.06504065040650407,0.24242424242424243,0.0,0.3076923076923077,0.27450980392156865,0.25,Regierung,1.0,0.0,20,WP20,2022,6,13
115,2022-07-07,2022-07-22,11,afd,11.0,12.0,-1.0,1.0,0.8468468468468469,2.5405405405405403,7.0055555555555555,0.8648648648648649,1.4054054054054055,0.2702702702702703,8.846153846153847,7.4,6.75,5.454545454545454,7.190476190476191,13,5,4,11,21,37,30,500.72972972972974,False,True,,,0.35135135135135137,0.13513513513513514,0.10810810810810811,0.2972972972972973,0.5675675675675675,250,81,16,13,37,94,0.052,0.02,0.016,0.044,0.084,0.16049382716049382,0.3125,0.3076923076923077,0.2972972972972973,0.22340425531914893,Opposition,0.0,1.0,20,WP20,2022,7,15
115,2022-07-07,2022-07-22,11,cdu/csu,27.0,26.0,1.0,1.0,0.24154589371980673,0.7246376811594203,3.0652173913043477,0.14492753623188406,0.5362318840579711,0.043478260869565216,4.368421052631579,2.8,3.3333333333333335,3.8461538461538463,2.1785714285714284,19,5,3,13,28,69,46,621.3768115942029,True,False,4.0,CDU/CSU,0.2753623188405797,0.07246376811594203,0.043478260869565216,0.18840579710144928,0.4057971014492754,250,81,16,13,37,94,0.076,0.02,0.012,0.052,0.112,0.2345679012345679,0.3125,0.23076923076923078,0.35135135135135137,0.2978723404255319,Opposition,0.0,1.0,20,WP20,2022,7,15
115,2022-07-07,2022-07-22,11,fdp,8.0,8.0,0.0,0.0,0.18803418803418803,0.5641025641025641,1.88,0.10256410256410256,0.4358974358974359,0.02564102564102564,2.6666666666666665,2.25,0.0,1.6666666666666667,1.7058823529411764,9,4,1,3,17,39,25,572.1282051282051,True,False,3.0,FDP,0.23076923076923078,0.10256410256410256,0.02564102564102564,0.07692307692307693,0.4358974358974359,250,81,16,13,37,94,0.036,0.016,0.004,0.012,0.068,0.1111111111111111,0.25,0.07692307692307693,0.08108108108108109,0.18085106382978725,Regierung,1.0,0.0,20,WP20,2022,7,15
115,2022-07-07,2022-07-22,11,grüne,23.0,23.0,0.0,0.0,0.11594202898550723,0.34782608695652173,1.1868686868686869,0.10869565217391304,0.21739130434782608,0.021739130434782608,1.0952380952380953,2.0,0.25,1.375,1.2352941176470589,21,2,4,8,17,46,33,487.2173913043478,True,False,1.0,Bündnis 90/Die Grünen,0.45652173913043476,0.043478260869565216,0.08695652173913043,0.17391304347826086,0.3695652173913043,250,81,16,13,37,94,0.084,0.008,0.016,0.032,0.068,0.25925925925925924,0.125,0.3076923076923077,0.21621621621621623,0.18085106382978725,Regierung,1.0,0.0,20,WP20,2022,7,15
115,2022-07-07,2022-07-22,11,linke,4.0,4.0,0.0,0.0,0.5061728395061729,1.5185185185185186,1.4,0.5185185185185185,0.9629629629629629,0.037037037037037035,0.8571428571428571,5.0,0.0,0.0,2.0,7,1,1,3,8,27,15,457.44444444444446,True,False,0.0,Die Linke,0.25925925925925924,0.037037037037037035,0.037037037037037035,0.1111111111111111,0.2962962962962963,250,81,16,13,37,94,0.028,0.004,0.004,0.012,0.032,0.08641975308641975,0.0625,0.07692307692307693,0.08108108108108109,0.0851063829787234,Opposition,0.0,1.0,20,WP20,2022,7,15
115,2022-07-07,2022-07-22,11,spd,19.0,20.0,-1.0,1.0,0.13043478260869565,0.391304347826087,1.1904761904761905,0.13043478260869565,0.2463768115942029,0.014492753623188406,1.2,4.25,0.75,0.5,1.0416666666666667,25,4,4,10,24,69,49,584.0434782608696,True,False,2.0,SPD,0.36231884057971014,0.057971014492753624,0.057971014492753624,0.14492753623188406,0.34782608695652173,250,81,16,13,37,94,0.1,0.016,0.016,0.04,0.096,0.30864197530864196,0.25,0.3076923076923077,0.2702702702702703,0.2553191489361702,Regierung,1.0,0.0,20,WP20,2022,7,15
116,2022-07-22,2022-08-04,12,afd,12.0,11.0,1.0,1.0,,,,,,,,,,,,0,0,0,0,0,0,0,,False,True,,,,,,,,0,0,0,0,0,0,,,,,,,,,,,,,,,,2022,7,13
116,2022-07-22,2022-08-04,12,cdu/csu,27.0,27.0,0.0,0.0,,,,,,,,,,,,0,0,0,0,0,0,0,,True,False,4.0,CDU/CSU,,,,,,0,0,0,0,0,0,,,,,,,,,,,,,,,,2022,7,13
116,2022-07-22,2022-08-04,12,fdp,7.0,8.0,-1.0,1.0,,,,,,,,,,,,0,0,0,0,0,0,0,,True,False,3.0,FDP,,,,,,0,0,0,0,0,0,,,,,,,,,,,,,,,,2022,7,13
116,2022-07-22,2022-08-04,12,grüne,22.0,23.0,-1.0,1.0,,,,,,,,,,,,0,0,0,0,0,0,0,,True,False,1.0,Bündnis 90/Die Grünen,,,,,,0,0,0,0,0,0,,,,,,,,,,,,,,,,2022,7,13
116,2022-07-22,2022-08-04,12,linke,4.0,4.0,0.0,0.0,,,,,,,,,,,,0,0,0,0,0,0,0,,True,False,0.0,Die Linke,,,,,,0,0,0,0,0,0,,,,,,,,,,,,,,,,2022,7,13
116,2022-07-22,2022-08-04,12,spd,19.0,19.0,0.0,0.0,,,,,,,,,,,,0,0,0,0,0,0,0,,True,False,2.0,SPD,,,,,,0,0,0,0,0,0,,,,,,,,,,,,,,,,2022,7,13
117,2022-08-04,2022-08-19,13,afd,13.0,12.0,1.0,1.0,,,,,,,,,,,,0,0,0,0,0,0,0,,False,True,,,,,,,,0,0,0,0,0,0,,,,,,,,,,,,,,,,2022,8,15
117,2022-08-04,2022-08-19,13,cdu/csu,28.0,27.0,1.0,1.0,,,,,,,,,,,,0,0,0,0,0,0,0,,True,False,4.0,CDU/CSU,,,,,,0,0,0,0,0,0,,,,,,,,,,,,,,,,2022,8,15
117,2022-08-04,2022-08-19,13,fdp,7.0,7.0,0.0,0.0,,,,,,,,,,,,0,0,0,0,0,0,0,,True,False,3.0,FDP,,,,,,0,0,0,0,0,0,,,,,,,,,,,,,,,,2022,8,15
117,2022-08-04,2022-08-19,13,grüne,23.0,22.0,1.0,1.0,,,,,,,,,,,,0,0,0,0,0,0,0,,True,False,1.0,Bündnis 90/Die Grünen,,,,,,0,0,0,0,0,0,,,,,,,,,,,,,,,,2022,8,15
117,2022-08-04,2022-08-19,13,linke,4.0,4.0,0.0,0.0,,,,,,,,,,,,0,0,0,0,0,0,0,,True,False,0.0,Die Linke,,,,,,0,0,0,0,0,0,,,,,,,,,,,,,,,,2022,8,15
117,2022-08-04,2022-08-19,13,spd,17.0,19.0,-2.0,2.0,,,,,,,,,,,,0,0,0,0,0,0,0,,True,False,2.0,SPD,,,,,,0,0,0,0,0,0,,,,,,,,,,,,,,,,2022,8,15
118,2022-08-19,2022-09-01,12,afd,12.0,13.0,-1.0,1.0,,,,,,,,,,,,0,0,0,0,0,0,0,,False,True,,,,,,,,0,0,0,0,0,0,,,,,,,,,,,,,,,,2022,8,13
118,2022-08-19,2022-09-01,12,cdu/csu,28.0,28.0,0.0,0.0,,,,,,,,,,,,0,0,0,0,0,0,0,,True,False,4.0,CDU/CSU,,,,,,0,0,0,0,0,0,,,,,,,,,,,,,,,,2022,8,13
118,2022-08-19,2022-09-01,12,fdp,7.0,7.0,0.0,0.0,,,,,,,,,,,,0,0,0,0,0,0,0,,True,False,3.0,FDP,,,,,,0,0,0,0,0,0,,,,,,,,,,,,,,,,2022,8,13
118,2022-08-19,2022-09-01,12,grüne,23.0,23.0,0.0,0.0,,,,,,,,,,,,0,0,0,0,0,0,0,,True,False,1.0,Bündnis 90/Die Grünen,,,,,,0,0,0,0,0,0,,,,,,,,,,,,,,,,2022,8,13
118,2022-08-19,2022-09-01,12,linke,4.0,4.0,0.0,0.0,,,,,,,,,,,,0,0,0,0,0,0,0,,True,False,0.0,Die Linke,,,,,,0,0,0,0,0,0,,,,,,,,,,,,,,,,2022,8,13
118,2022-08-19,2022-09-01,12,spd,18.0,17.0,1.0,1.0,,,,,,,,,,,,0,0,0,0,0,0,0,,True,False,2.0,SPD,,,,,,0,0,0,0,0,0,,,,,,,,,,,,,,,,2022,8,13
119,2022-09-01,2022-09-16,13,afd,13.0,12.0,1.0,1.0,0.9787234042553191,2.9361702127659575,7.483333333333333,1.0425531914893618,1.6170212765957446,0.2765957446808511,8.36,8.2,8.375,6.214285714285714,7.384615384615385,25,10,8,14,26,47,38,560.2127659574468,False,True,,,0.5319148936170213,0.2127659574468085,0.1702127659574468,0.2978723404255319,0.5531914893617021,292,111,18,19,62,112,0.08561643835616438,0.03424657534246575,0.0273972602739726,0.04794520547945205,0.08904109589041095,0.22522522522522523,0.5555555555555556,0.42105263157894735,0.22580645161290322,0.23214285714285715,Opposition,0.0,1.0,20,WP20,2022,9,15
119,2022-09-01,2022-09-16,13,cdu/csu,27.0,28.0,-1.0,1.0,0.3372549019607843,1.011764705882353,3.9279661016949152,0.24705882352941178,0.7294117647058823,0.03529411764705882,5.0344827586206895,4.833333333333333,3.5,4.363636363636363,3.096774193548387,29,6,2,11,31,85,59,779.0588235294117,True,False,4.0,CDU/CSU,0.3411764705882353,0.07058823529411765,0.023529411764705882,0.12941176470588237,0.36470588235294116,292,111,18,19,62,112,0.09931506849315068,0.02054794520547945,0.00684931506849315,0.03767123287671233,0.10616438356164383,0.26126126126126126,0.3333333333333333,0.10526315789473684,0.1774193548387097,0.2767857142857143,Opposition,0.0,1.0,20,WP20,2022,9,15
119,2022-09-01,2022-09-16,13,fdp,8.0,7.0,1.0,1.0,0.08,0.24,2.861111111111111,0.04,0.18,0.02,4.071428571428571,1.0,1.25,2.9375,1.7222222222222223,14,1,4,16,18,50,36,621.46,True,False,3.0,FDP,0.28,0.02,0.08,0.32,0.36,292,111,18,19,62,112,0.04794520547945205,0.003424657534246575,0.0136986301369863,0.0547945205479452,0.06164383561643835,0.12612612612612611,0.05555555555555555,0.21052631578947367,0.25806451612903225,0.16071428571428573,Regierung,1.0,0.0,20,WP20,2022,9,15
119,2022-09-01,2022-09-16,13,grüne,22.0,23.0,-1.0,1.0,0.17857142857142858,0.5357142857142857,1.1719858156028369,0.16071428571428573,0.35714285714285715,0.017857142857142856,1.3448275862068966,1.6666666666666667,0.75,1.0,0.8275862068965517,29,6,4,17,29,56,47,621.3214285714286,True,False,1.0,Bündnis 90/Die Grünen,0.5178571428571429,0.10714285714285714,0.07142857142857142,0.30357142857142855,0.5178571428571429,292,111,18,19,62,112,0.09931506849315068,0.02054794520547945,0.0136986301369863,0.05821917808219178,0.09931506849315068,0.26126126126126126,0.3333333333333333,0.21052631578947367,0.27419354838709675,0.25892857142857145,Regierung,1.0,0.0,20,WP20,2022,9,15
119,2022-09-01,2022-09-16,13,linke,5.0,4.0,1.0,1.0,0.6933333333333332,2.08,2.476190476190476,0.84,1.24,0.0,2.75,7.0,,2.0,3.0,8,1,0,3,7,25,14,561.6,True,False,0.0,Die Linke,0.32,0.04,0.0,0.12,0.28,292,111,18,19,62,112,0.0273972602739726,0.003424657534246575,0.0,0.010273972602739725,0.023972602739726026,0.07207207207207207,0.05555555555555555,0.0,0.04838709677419355,0.0625,Opposition,0.0,1.0,20,WP20,2022,9,15
119,2022-09-01,2022-09-16,13,spd,17.0,18.0,-1.0,1.0,0.10526315789473684,0.3157894736842105,1.3611111111111112,0.10526315789473684,0.19736842105263158,0.013157894736842105,1.4516129032258065,1.75,0.7777777777777778,1.2666666666666666,1.1111111111111112,31,4,9,15,27,76,54,707.7894736842105,True,False,2.0,SPD,0.40789473684210525,0.05263157894736842,0.11842105263157894,0.19736842105263158,0.35526315789473684,292,111,18,19,62,112,0.10616438356164383,0.0136986301369863,0.030821917808219176,0.05136986301369863,0.09246575342465753,0.27927927927927926,0.2222222222222222,0.47368421052631576,0.24193548387096775,0.24107142857142858,Regierung,1.0,0.0,20,WP20,2022,9,15
120,2022-09-16,2022-10-06,14,afd,14.0,13.0,1.0,1.0,0.9529914529914529,2.858974358974359,7.405952380952381,0.9743589743589743,1.5897435897435896,0.2948717948717949,8.775,8.0,7.818181818181818,5.285714285714286,7.730769230769231,40,12,11,28,52,78,70,505.4871794871795,False,True,,,0.5128205128205128,0.15384615384615385,0.14102564102564102,0.358974358974359,0.6666666666666666,535,209,29,37,104,201,0.07476635514018691,0.022429906542056073,0.020560747663551402,0.052336448598130844,0.09719626168224299,0.19138755980861244,0.41379310344827586,0.2972972972972973,0.2692307692307692,0.25870646766169153,Opposition,0.0,1.0,20,WP20,2022,9,20
120,2022-09-16,2022-10-06,14,cdu/csu,28.0,27.0,1.0,1.0,0.33558558558558554,1.0067567567567568,4.161290322580645,0.25,0.7094594594594594,0.0472972972972973,5.25,5.6,3.2,4.043478260869565,2.466666666666667,52,5,5,23,45,148,93,656.4797297297297,True,False,4.0,CDU/CSU,0.35135135135135137,0.033783783783783786,0.033783783783783786,0.1554054054054054,0.30405405405405406,535,209,29,37,104,201,0.09719626168224299,0.009345794392523364,0.009345794392523364,0.04299065420560748,0.08411214953271028,0.24880382775119617,0.1724137931034483,0.13513513513513514,0.22115384615384615,0.22388059701492538,Opposition,0.0,1.0,20,WP20,2022,9,20
120,2022-09-16,2022-10-06,14,fdp,7.0,8.0,-1.0,1.0,0.18181818181818182,0.5454545454545454,2.0484848484848484,0.09090909090909091,0.42857142857142855,0.025974025974025976,2.65625,2.0,0.3333333333333333,1.3076923076923077,1.588235294117647,32,4,3,13,34,77,55,596.7662337662338,True,False,3.0,FDP,0.4155844155844156,0.05194805194805195,0.03896103896103896,0.16883116883116883,0.44155844155844154,535,209,29,37,104,201,0.059813084112149535,0.007476635514018692,0.005607476635514018,0.024299065420560748,0.06355140186915888,0.15311004784688995,0.13793103448275862,0.08108108108108109,0.125,0.1691542288557214,Regierung,1.0,0.0,20,WP20,2022,9,20
120,2022-09-16,2022-10-06,14,grüne,21.0,22.0,-1.0,1.0,0.25157232704402516,0.7547169811320755,1.1428571428571428,0.19811320754716982,0.5094339622641509,0.04716981132075472,1.2857142857142858,2.142857142857143,0.4166666666666667,0.5,1.1136363636363635,56,7,12,24,44,106,84,544.9056603773585,True,False,1.0,Bündnis 90/Die Grünen,0.5283018867924528,0.0660377358490566,0.11320754716981132,0.22641509433962265,0.41509433962264153,535,209,29,37,104,201,0.10467289719626169,0.013084112149532711,0.022429906542056073,0.044859813084112146,0.08224299065420561,0.2679425837320574,0.2413793103448276,0.32432432432432434,0.23076923076923078,0.21890547263681592,Regierung,1.0,0.0,20,WP20,2022,9,20
120,2022-09-16,2022-10-06,14,linke,5.0,5.0,0.0,0.0,0.4827586206896552,1.4482758620689655,1.5024509803921569,0.5172413793103449,0.9310344827586207,0.0,1.6842105263157894,1.0,0.8,0.8181818181818182,1.7142857142857142,19,3,5,11,14,58,34,483.2068965517241,True,False,0.0,Die Linke,0.3275862068965517,0.05172413793103448,0.08620689655172414,0.1896551724137931,0.2413793103448276,535,209,29,37,104,201,0.03551401869158879,0.005607476635514018,0.009345794392523364,0.020560747663551402,0.026168224299065422,0.09090909090909091,0.10344827586206896,0.13513513513513514,0.10576923076923077,0.06965174129353234,Opposition,0.0,1.0,20,WP20,2022,9,20
120,2022-09-16,2022-10-06,14,spd,17.0,17.0,0.0,0.0,0.18949771689497716,0.5684931506849316,1.3956386292834893,0.1917808219178082,0.3698630136986301,0.00684931506849315,1.78,2.2,0.5,0.9393939393939394,1.296875,50,10,12,33,64,146,107,632.6643835616438,True,False,2.0,SPD,0.3424657534246575,0.0684931506849315,0.0821917808219178,0.22602739726027396,0.4383561643835616,535,209,29,37,104,201,0.09345794392523364,0.018691588785046728,0.022429906542056073,0.0616822429906542,0.11962616822429907,0.23923444976076555,0.3448275862068966,0.32432432432432434,0.3173076923076923,0.31840796019900497,Regierung,1.0,0.0,20,WP20,2022,9,20
121,2022-10-06,2022-10-14,15,afd,15.0,14.0,1.0,1.0,1.1111111111111112,3.3333333333333335,7.714285714285714,1.2916666666666667,1.625,0.4166666666666667,8.666666666666666,8.571428571428571,6.5,6.818181818181818,7.866666666666666,9,7,4,11,15,24,21,550.4583333333334,False,True,,,0.375,0.2916666666666667,0.16666666666666666,0.4583333333333333,0.625,193,51,33,12,49,72,0.046632124352331605,0.03626943005181347,0.02072538860103627,0.05699481865284974,0.07772020725388601,0.17647058823529413,0.21212121212121213,0.3333333333333333,0.22448979591836735,0.20833333333333334,Opposition,0.0,1.0,20,WP20,2022,10,8
121,2022-10-06,2022-10-14,15,cdu/csu,28.0,28.0,0.0,0.0,0.4807692307692308,1.4423076923076923,4.540404040404041,0.4423076923076923,0.8846153846153846,0.11538461538461539,5.846153846153846,7.125,0.0,4.076923076923077,4.0,13,8,1,13,19,52,33,657.5192307692307,True,False,4.0,CDU/CSU,0.25,0.15384615384615385,0.019230769230769232,0.25,0.36538461538461536,193,51,33,12,49,72,0.06735751295336788,0.04145077720207254,0.0051813471502590676,0.06735751295336788,0.09844559585492228,0.2549019607843137,0.24242424242424243,0.08333333333333333,0.2653061224489796,0.2638888888888889,Opposition,0.0,1.0,20,WP20,2022,10,8
121,2022-10-06,2022-10-14,15,fdp,7.0,7.0,0.0,0.0,0.2564102564102564,0.7692307692307693,2.0833333333333335,0.2692307692307692,0.5,0.0,4.0,3.8,0.0,1.4,1.5714285714285714,4,5,1,5,14,26,16,664.4615384615385,True,False,3.0,FDP,0.15384615384615385,0.19230769230769232,0.038461538461538464,0.19230769230769232,0.5384615384615384,193,51,33,12,49,72,0.02072538860103627,0.025906735751295335,0.0051813471502590676,0.025906735751295335,0.07253886010362694,0.0784313725490196,0.15151515151515152,0.08333333333333333,0.10204081632653061,0.19444444444444445,Regierung,1.0,0.0,20,WP20,2022,10,8
121,2022-10-06,2022-10-14,15,grüne,19.0,21.0,-2.0,2.0,0.2252252252252252,0.6756756756756757,0.8787878787878788,0.2972972972972973,0.35135135135135137,0.02702702702702703,1.3571428571428572,1.2857142857142858,0.16666666666666666,0.5,0.6,14,7,6,14,15,37,33,524.8918918918919,True,False,1.0,Bündnis 90/Die Grünen,0.3783783783783784,0.1891891891891892,0.16216216216216217,0.3783783783783784,0.40540540540540543,193,51,33,12,49,72,0.07253886010362694,0.03626943005181347,0.031088082901554404,0.07253886010362694,0.07772020725388601,0.27450980392156865,0.21212121212121213,0.5,0.2857142857142857,0.20833333333333334,Regierung,1.0,0.0,20,WP20,2022,10,8
121,2022-10-06,2022-10-14,15,linke,5.0,5.0,0.0,0.0,0.5454545454545454,1.6363636363636365,0.7878787878787878,0.5909090909090909,0.9545454545454546,0.09090909090909091,0.8333333333333334,1.5,,0.5,0.8,6,4,0,4,5,22,11,440.09090909090907,True,False,0.0,Die Linke,0.2727272727272727,0.18181818181818182,0.0,0.18181818181818182,0.22727272727272727,193,51,33,12,49,72,0.031088082901554404,0.02072538860103627,0.0,0.02072538860103627,0.025906735751295335,0.11764705882352941,0.12121212121212122,0.0,0.08163265306122448,0.06944444444444445,Opposition,0.0,1.0,20,WP20,2022,10,8
121,2022-10-06,2022-10-14,15,spd,17.0,17.0,0.0,0.0,0.21428571428571427,0.6428571428571429,1.25,0.25,0.3392857142857143,0.05357142857142857,1.5714285714285714,1.8888888888888888,1.0,0.38461538461538464,1.0,14,9,4,13,19,56,36,562.8928571428571,True,False,2.0,SPD,0.25,0.16071428571428573,0.07142857142857142,0.23214285714285715,0.3392857142857143,193,51,33,12,49,72,0.07253886010362694,0.046632124352331605,0.02072538860103627,0.06735751295336788,0.09844559585492228,0.27450980392156865,0.2727272727272727,0.3333333333333333,0.2653061224489796,0.2638888888888889,Regierung,1.0,0.0,20,WP20,2022,10,8
122,2022-10-14,2022-11-03,15,afd,15.0,15.0,0.0,0.0,1.0,3.0,7.594736842105264,1.0,1.6,0.4,8.130434782608695,7.923076923076923,8.4,6.733333333333333,7.866666666666666,23,13,5,15,30,45,38,565.5777777777778,False,True,,,0.5111111111111111,0.28888888888888886,0.1111111111111111,0.3333333333333333,0.6666666666666666,325,108,45,15,50,143,0.07076923076923076,0.04,0.015384615384615385,0.046153846153846156,0.09230769230769231,0.21296296296296297,0.28888888888888886,0.3333333333333333,0.3,0.2097902097902098,Opposition,0.0,1.0,20,WP20,2022,10,20
122,2022-10-14,2022-11-03,15,cdu/csu,26.0,28.0,-2.0,2.0,0.3333333333333333,1.0,3.6794871794871797,0.24444444444444444,0.6888888888888889,0.06666666666666667,4.518518518518518,6.777777777777778,3.6666666666666665,4.2727272727272725,3.1707317073170733,27,9,3,11,41,90,52,636.9888888888889,True,False,4.0,CDU/CSU,0.3,0.1,0.03333333333333333,0.12222222222222222,0.45555555555555555,325,108,45,15,50,143,0.08307692307692308,0.027692307692307693,0.009230769230769232,0.033846153846153845,0.12615384615384614,0.25,0.2,0.2,0.22,0.2867132867132867,Opposition,0.0,1.0,20,WP20,2022,10,20
122,2022-10-14,2022-11-03,15,fdp,6.0,7.0,-1.0,1.0,0.1702127659574468,0.5106382978723404,2.0,0.0851063829787234,0.3829787234042553,0.0425531914893617,2.3333333333333335,3.6666666666666665,0.0,2.0,1.4761904761904763,15,6,1,8,21,47,32,629.1702127659574,True,False,3.0,FDP,0.3191489361702128,0.1276595744680851,0.02127659574468085,0.1702127659574468,0.44680851063829785,325,108,45,15,50,143,0.046153846153846156,0.018461538461538463,0.003076923076923077,0.024615384615384615,0.06461538461538462,0.1388888888888889,0.13333333333333333,0.06666666666666667,0.16,0.14685314685314685,Regierung,1.0,0.0,20,WP20,2022,10,20
122,2022-10-14,2022-11-03,15,grüne,20.0,19.0,1.0,1.0,0.19672131147540983,0.5901639344262295,1.2113821138211383,0.14754098360655737,0.39344262295081966,0.04918032786885246,1.2173913043478262,1.5555555555555556,0.5,1.3333333333333333,1.0344827586206897,23,9,2,6,29,61,41,554.0,True,False,1.0,Bündnis 90/Die Grünen,0.3770491803278688,0.14754098360655737,0.03278688524590164,0.09836065573770492,0.47540983606557374,325,108,45,15,50,143,0.07076923076923076,0.027692307692307693,0.006153846153846154,0.018461538461538463,0.08923076923076922,0.21296296296296297,0.2,0.13333333333333333,0.12,0.20279720279720279,Regierung,1.0,0.0,20,WP20,2022,10,20
122,2022-10-14,2022-11-03,15,linke,5.0,5.0,0.0,0.0,0.5128205128205128,1.5384615384615385,1.358974358974359,0.5128205128205128,0.9743589743589743,0.05128205128205128,1.9166666666666667,1.0,0.0,0.6666666666666666,1.4285714285714286,12,7,1,9,14,39,26,450.53846153846155,True,False,0.0,Die Linke,0.3076923076923077,0.1794871794871795,0.02564102564102564,0.23076923076923078,0.358974358974359,325,108,45,15,50,143,0.036923076923076927,0.021538461538461538,0.003076923076923077,0.027692307692307693,0.043076923076923075,0.1111111111111111,0.15555555555555556,0.06666666666666667,0.18,0.0979020979020979,Opposition,0.0,1.0,20,WP20,2022,10,20
122,2022-10-14,2022-11-03,15,spd,19.0,17.0,2.0,2.0,0.20454545454545456,0.6136363636363636,1.3641242937853109,0.14772727272727273,0.375,0.09090909090909091,1.3548387096774193,1.5,0.25,1.0,1.131578947368421,31,14,8,16,38,88,59,637.5795454545455,True,False,2.0,SPD,0.3522727272727273,0.1590909090909091,0.09090909090909091,0.18181818181818182,0.4318181818181818,325,108,45,15,50,143,0.09538461538461539,0.043076923076923075,0.024615384615384615,0.04923076923076923,0.11692307692307692,0.28703703703703703,0.3111111111111111,0.5333333333333333,0.32,0.26573426573426573,Regierung,1.0,0.0,20,WP20,2022,10,20
123,2022-11-03,2022-11-11,14,afd,14.0,15.0,-1.0,1.0,0.9814814814814815,2.9444444444444446,7.272988505747126,0.9166666666666666,1.4722222222222223,0.5555555555555556,8.75,8.875,8.0,6.071428571428571,7.043478260869565,12,8,7,14,23,36,29,497.52777777777777,False,True,,,0.3333333333333333,0.2222222222222222,0.19444444444444445,0.3888888888888889,0.6388888888888888,241,71,14,23,81,69,0.04979253112033195,0.03319502074688797,0.029045643153526972,0.058091286307053944,0.0954356846473029,0.16901408450704225,0.5714285714285714,0.30434782608695654,0.1728395061728395,0.3333333333333333,Opposition,0.0,1.0,20,WP20,2022,11,8
123,2022-11-03,2022-11-11,14,cdu/csu,28.0,26.0,2.0,2.0,0.29797979797979796,0.8939393939393939,3.7751937984496124,0.19696969696969696,0.6515151515151515,0.045454545454545456,5.75,6.0,2.25,2.588235294117647,2.3157894736842106,20,3,4,17,19,66,43,591.5909090909091,True,False,4.0,CDU/CSU,0.30303030303030304,0.045454545454545456,0.06060606060606061,0.25757575757575757,0.2878787878787879,241,71,14,23,81,69,0.08298755186721991,0.012448132780082987,0.016597510373443983,0.07053941908713693,0.07883817427385892,0.28169014084507044,0.21428571428571427,0.17391304347826086,0.20987654320987653,0.2753623188405797,Opposition,0.0,1.0,20,WP20,2022,11,8
123,2022-11-03,2022-11-11,14,fdp,6.0,6.0,0.0,0.0,0.16190476190476188,0.4857142857142857,2.0833333333333335,0.08571428571428572,0.4,0.0,3.7,4.0,0.25,1.8461538461538463,1.7692307692307692,10,2,4,13,13,35,24,632.8857142857142,True,False,3.0,FDP,0.2857142857142857,0.05714285714285714,0.11428571428571428,0.37142857142857144,0.37142857142857144,241,71,14,23,81,69,0.04149377593360996,0.008298755186721992,0.016597510373443983,0.05394190871369295,0.05394190871369295,0.14084507042253522,0.14285714285714285,0.17391304347826086,0.16049382716049382,0.18840579710144928,Regierung,1.0,0.0,20,WP20,2022,11,8
123,2022-11-03,2022-11-11,14,grüne,19.0,20.0,-1.0,1.0,0.15555555555555556,0.4666666666666667,0.9784946236559139,0.17777777777777778,0.26666666666666666,0.022222222222222223,1.2352941176470589,0.6666666666666666,0.0,0.9411764705882353,0.7272727272727273,17,3,5,17,11,45,31,475.97777777777776,True,False,1.0,Bündnis 90/Die Grünen,0.37777777777777777,0.06666666666666667,0.1111111111111111,0.37777777777777777,0.24444444444444444,241,71,14,23,81,69,0.07053941908713693,0.012448132780082987,0.02074688796680498,0.07053941908713693,0.04564315352697095,0.23943661971830985,0.21428571428571427,0.21739130434782608,0.20987654320987653,0.15942028985507245,Regierung,1.0,0.0,20,WP20,2022,11,8
123,2022-11-03,2022-11-11,14,linke,5.0,5.0,0.0,0.0,0.4487179487179487,1.3461538461538463,0.9010416666666666,0.46153846153846156,0.8076923076923077,0.07692307692307693,0.8571428571428571,1.0,0.4,1.3333333333333333,1.0,7,2,5,9,4,26,16,428.5,True,False,0.0,Die Linke,0.2692307692307692,0.07692307692307693,0.19230769230769232,0.34615384615384615,0.15384615384615385,241,71,14,23,81,69,0.029045643153526972,0.008298755186721992,0.02074688796680498,0.03734439834024896,0.016597510373443983,0.09859154929577464,0.14285714285714285,0.21739130434782608,0.1111111111111111,0.057971014492753624,Opposition,0.0,1.0,20,WP20,2022,11,8
123,2022-11-03,2022-11-11,14,spd,19.0,19.0,0.0,0.0,0.15942028985507245,0.4782608695652174,1.1322463768115942,0.15942028985507245,0.30434782608695654,0.014492753623188406,1.411764705882353,1.75,0.6,1.08,0.9090909090909091,17,4,5,25,22,69,46,587.6231884057971,True,False,2.0,SPD,0.2463768115942029,0.057971014492753624,0.07246376811594203,0.36231884057971014,0.3188405797101449,241,71,14,23,81,69,0.07053941908713693,0.016597510373443983,0.02074688796680498,0.1037344398340249,0.0912863070539419,0.23943661971830985,0.2857142857142857,0.21739130434782608,0.30864197530864196,0.3188405797101449,Regierung,1.0,0.0,20,WP20,2022,11,8
124,2022-11-11,2022-12-01,14,afd,14.0,14.0,0.0,0.0,1.0793650793650793,3.238095238095238,7.949999999999999,1.0952380952380953,1.6984126984126984,0.4444444444444444,8.375,9.0,8.076923076923077,7.75,7.675,32,13,13,20,40,63,52,560.2857142857143,False,True,,,0.5079365079365079,0.20634920634920634,0.20634920634920634,0.31746031746031744,0.6349206349206349,409,169,38,46,75,176,0.07823960880195599,0.03178484107579462,0.03178484107579462,0.0488997555012225,0.097799511002445,0.1893491124260355,0.34210526315789475,0.2826086956521739,0.26666666666666666,0.22727272727272727,Opposition,0.0,1.0,20,WP20,2022,11,20
124,2022-11-11,2022-12-01,14,cdu/csu,28.0,28.0,0.0,0.0,0.34180790960451973,1.0254237288135593,3.772300469483568,0.3050847457627119,0.7033898305084746,0.01694915254237288,4.657894736842105,6.0,3.6666666666666665,3.9285714285714284,2.891891891891892,38,7,3,14,37,118,71,707.9830508474577,True,False,4.0,CDU/CSU,0.3220338983050847,0.059322033898305086,0.025423728813559324,0.11864406779661017,0.3135593220338983,409,169,38,46,75,176,0.09290953545232274,0.017114914425427872,0.007334963325183374,0.034229828850855744,0.09046454767726161,0.22485207100591717,0.18421052631578946,0.06521739130434782,0.18666666666666668,0.21022727272727273,Opposition,0.0,1.0,20,WP20,2022,11,20
124,2022-11-11,2022-12-01,14,fdp,7.0,6.0,1.0,1.0,0.15789473684210525,0.47368421052631576,2.1875,0.10526315789473684,0.3333333333333333,0.03508771929824561,3.857142857142857,1.5714285714285714,0.25,1.9,1.4827586206896552,21,7,8,10,29,57,44,636.578947368421,True,False,3.0,FDP,0.3684210526315789,0.12280701754385964,0.14035087719298245,0.17543859649122806,0.5087719298245614,409,169,38,46,75,176,0.05134474327628362,0.017114914425427872,0.019559902200488997,0.02444987775061125,0.07090464547677261,0.1242603550295858,0.18421052631578946,0.17391304347826086,0.13333333333333333,0.16477272727272727,Regierung,1.0,0.0,20,WP20,2022,11,20
124,2022-11-11,2022-12-01,14,grüne,19.0,19.0,0.0,0.0,0.18518518518518517,0.5555555555555556,0.8634259259259259,0.13580246913580246,0.37037037037037035,0.04938271604938271,0.8936170212765957,1.0,0.5333333333333333,0.75,0.8421052631578947,47,8,15,20,38,81,72,593.2345679012345,True,False,1.0,Bündnis 90/Die Grünen,0.5802469135802469,0.09876543209876543,0.18518518518518517,0.24691358024691357,0.4691358024691358,409,169,38,46,75,176,0.11491442542787286,0.019559902200488997,0.03667481662591687,0.0488997555012225,0.09290953545232274,0.2781065088757396,0.21052631578947367,0.32608695652173914,0.26666666666666666,0.2159090909090909,Regierung,1.0,0.0,20,WP20,2022,11,20
124,2022-11-11,2022-12-01,14,linke,4.0,5.0,-1.0,1.0,0.5634920634920635,1.6904761904761905,1.7954545454545454,0.6190476190476191,1.0238095238095237,0.047619047619047616,1.1666666666666667,2.0,0.0,2.0,2.6666666666666665,12,1,1,5,9,42,22,479.1666666666667,True,False,0.0,Die Linke,0.2857142857142857,0.023809523809523808,0.023809523809523808,0.11904761904761904,0.21428571428571427,409,169,38,46,75,176,0.029339853300733496,0.0024449877750611247,0.0024449877750611247,0.012224938875305624,0.022004889975550123,0.07100591715976332,0.02631578947368421,0.021739130434782608,0.06666666666666667,0.05113636363636364,Opposition,0.0,1.0,20,WP20,2022,11,20
124,2022-11-11,2022-12-01,14,spd,18.0,19.0,-1.0,1.0,0.13513513513513514,0.40540540540540543,1.1648148148148147,0.12612612612612611,0.25225225225225223,0.02702702702702703,1.2352941176470589,2.066666666666667,0.7894736842105263,1.1923076923076923,1.0,51,15,19,26,63,111,90,704.5945945945946,True,False,2.0,SPD,0.4594594594594595,0.13513513513513514,0.17117117117117117,0.23423423423423423,0.5675675675675675,409,169,38,46,75,176,0.12469437652811736,0.03667481662591687,0.04645476772616137,0.06356968215158924,0.15403422982885084,0.30177514792899407,0.39473684210526316,0.41304347826086957,0.3466666666666667,0.35795454545454547,Regierung,1.0,0.0,20,WP20,2022,11,20
125,2022-12-01,2022-12-09,15,afd,15.0,14.0,1.0,1.0,1.0166666666666666,3.05,7.434343434343434,1.1,1.5,0.45,8.785714285714286,9.125,7.857142857142857,5.916666666666667,8.0,14,8,7,12,18,40,33,489.625,False,True,,,0.35,0.2,0.175,0.3,0.45,281,103,35,30,67,91,0.0498220640569395,0.028469750889679714,0.02491103202846975,0.042704626334519574,0.06405693950177936,0.13592233009708737,0.22857142857142856,0.23333333333333334,0.1791044776119403,0.1978021978021978,Opposition,0.0,1.0,20,WP20,2022,12,8
125,2022-12-01,2022-12-09,15,cdu/csu,30.0,28.0,2.0,2.0,0.35526315789473684,1.0657894736842106,4.659420289855072,0.27631578947368424,0.6842105263157895,0.10526315789473684,4.6521739130434785,6.6,3.6,5.266666666666667,4.578947368421052,23,10,5,15,19,76,46,608.6973684210526,True,False,4.0,CDU/CSU,0.3026315789473684,0.13157894736842105,0.06578947368421052,0.19736842105263158,0.25,281,103,35,30,67,91,0.08185053380782918,0.03558718861209965,0.017793594306049824,0.05338078291814947,0.06761565836298933,0.22330097087378642,0.2857142857142857,0.16666666666666666,0.22388059701492538,0.2087912087912088,Opposition,0.0,1.0,20,WP20,2022,12,8
125,2022-12-01,2022-12-09,15,fdp,5.0,7.0,-2.0,2.0,0.12195121951219512,0.36585365853658536,2.1666666666666665,0.07317073170731707,0.24390243902439024,0.04878048780487805,3.1538461538461537,2.875,1.3333333333333333,2.4615384615384617,1.4666666666666666,13,8,3,13,15,41,32,545.9268292682926,True,False,3.0,FDP,0.3170731707317073,0.1951219512195122,0.07317073170731707,0.3170731707317073,0.36585365853658536,281,103,35,30,67,91,0.046263345195729534,0.028469750889679714,0.010676156583629894,0.046263345195729534,0.05338078291814947,0.1262135922330097,0.22857142857142856,0.1,0.19402985074626866,0.16483516483516483,Regierung,1.0,0.0,20,WP20,2022,12,8
125,2022-12-01,2022-12-09,15,grüne,18.0,19.0,-1.0,1.0,0.19642857142857142,0.5892857142857143,1.0238095238095237,0.21428571428571427,0.375,0.0,1.0357142857142858,1.8333333333333333,1.0,0.75,0.8695652173913043,28,6,7,12,23,56,42,548.0714285714286,True,False,1.0,Bündnis 90/Die Grünen,0.5,0.10714285714285714,0.125,0.21428571428571427,0.4107142857142857,281,103,35,30,67,91,0.099644128113879,0.021352313167259787,0.02491103202846975,0.042704626334519574,0.08185053380782918,0.27184466019417475,0.17142857142857143,0.23333333333333334,0.1791044776119403,0.25274725274725274,Regierung,1.0,0.0,20,WP20,2022,12,8
125,2022-12-01,2022-12-09,15,linke,5.0,4.0,1.0,1.0,0.45555555555555555,1.3666666666666667,1.373015873015873,0.4,0.9666666666666667,0.0,1.8181818181818181,1.5,0.25,0.8888888888888888,1.8571428571428572,11,2,4,9,7,30,21,433.1666666666667,True,False,0.0,Die Linke,0.36666666666666664,0.06666666666666667,0.13333333333333333,0.3,0.23333333333333334,281,103,35,30,67,91,0.03914590747330961,0.0071174377224199285,0.014234875444839857,0.03202846975088968,0.02491103202846975,0.10679611650485436,0.05714285714285714,0.13333333333333333,0.13432835820895522,0.07692307692307693,Opposition,0.0,1.0,20,WP20,2022,12,8
125,2022-12-01,2022-12-09,15,spd,18.0,18.0,0.0,0.0,0.1581196581196581,0.47435897435897434,1.404970760233918,0.20512820512820512,0.2692307692307692,0.0,1.6071428571428572,1.4444444444444444,1.0,1.1111111111111112,1.0,28,9,11,18,27,78,57,580.9358974358975,True,False,2.0,SPD,0.358974358974359,0.11538461538461539,0.14102564102564102,0.23076923076923078,0.34615384615384615,281,103,35,30,67,91,0.099644128113879,0.03202846975088968,0.03914590747330961,0.06405693950177936,0.09608540925266904,0.27184466019417475,0.2571428571428571,0.36666666666666664,0.26865671641791045,0.2967032967032967,Regierung,1.0,0.0,20,WP20,2022,12,8
126,2022-12-09,2023-01-05,15,afd,15.0,15.0,0.0,0.0,0.9696969696969697,2.909090909090909,7.089080459770115,0.9696969696969697,1.5454545454545454,0.3939393939393939,7.6,8.0,7.2,6.533333333333333,7.454545454545454,15,9,5,15,22,33,29,549.969696969697,False,True,,,0.45454545454545453,0.2727272727272727,0.15151515151515152,0.45454545454545453,0.6666666666666666,267,77,35,20,78,110,0.056179775280898875,0.033707865168539325,0.018726591760299626,0.056179775280898875,0.08239700374531835,0.19480519480519481,0.2571428571428571,0.25,0.19230769230769232,0.2,Opposition,0.0,1.0,20,WP20,2022,12,27
126,2022-12-09,2023-01-05,15,cdu/csu,29.0,30.0,-1.0,1.0,0.30222222222222217,0.9066666666666666,3.380952380952381,0.2,0.6133333333333333,0.09333333333333334,3.4285714285714284,4.857142857142857,5.0,4.133333333333334,3.269230769230769,14,7,3,15,26,75,42,597.08,True,False,4.0,CDU/CSU,0.18666666666666668,0.09333333333333334,0.04,0.2,0.3466666666666667,267,77,35,20,78,110,0.052434456928838954,0.026217228464419477,0.011235955056179775,0.056179775280898875,0.09737827715355805,0.18181818181818182,0.2,0.15,0.19230769230769232,0.23636363636363636,Opposition,0.0,1.0,20,WP20,2022,12,27
126,2022-12-09,2023-01-05,15,fdp,6.0,5.0,1.0,1.0,0.2222222222222222,0.6666666666666666,1.623456790123457,0.1282051282051282,0.4358974358974359,0.10256410256410256,3.0,2.8,0.5,1.5714285714285714,1.3157894736842106,8,5,2,14,19,39,27,607.8717948717949,True,False,3.0,FDP,0.20512820512820512,0.1282051282051282,0.05128205128205128,0.358974358974359,0.48717948717948717,267,77,35,20,78,110,0.0299625468164794,0.018726591760299626,0.00749063670411985,0.052434456928838954,0.07116104868913857,0.1038961038961039,0.14285714285714285,0.1,0.1794871794871795,0.17272727272727273,Regierung,1.0,0.0,20,WP20,2022,12,27
126,2022-12-09,2023-01-05,15,grüne,18.0,18.0,0.0,0.0,0.2553191489361702,0.7659574468085106,1.0,0.1276595744680851,0.5106382978723404,0.1276595744680851,1.2083333333333333,1.8571428571428572,0.2857142857142857,0.8,0.6086956521739131,24,7,7,15,23,47,39,556.5957446808511,True,False,1.0,Bündnis 90/Die Grünen,0.5106382978723404,0.14893617021276595,0.14893617021276595,0.3191489361702128,0.48936170212765956,267,77,35,20,78,110,0.0898876404494382,0.026217228464419477,0.026217228464419477,0.056179775280898875,0.08614232209737828,0.3116883116883117,0.2,0.35,0.19230769230769232,0.20909090909090908,Regierung,1.0,0.0,20,WP20,2022,12,27
126,2022-12-09,2023-01-05,15,linke,5.0,5.0,0.0,0.0,0.4086021505376344,1.2258064516129032,1.6060606060606062,0.3225806451612903,0.7741935483870968,0.12903225806451613,1.5,2.2,0.0,0.6666666666666666,2.5,10,5,3,9,8,31,22,457.38709677419354,True,False,0.0,Die Linke,0.3225806451612903,0.16129032258064516,0.0967741935483871,0.2903225806451613,0.25806451612903225,267,77,35,20,78,110,0.03745318352059925,0.018726591760299626,0.011235955056179775,0.033707865168539325,0.0299625468164794,0.12987012987012986,0.14285714285714285,0.15,0.11538461538461539,0.07272727272727272,Opposition,0.0,1.0,20,WP20,2022,12,27
126,2022-12-09,2023-01-05,15,spd,18.0,18.0,0.0,0.0,0.22222222222222224,0.6666666666666666,1.2666666666666668,0.12,0.37333333333333335,0.17333333333333334,1.5238095238095237,1.8181818181818181,1.0,1.52,0.7941176470588235,21,11,5,25,34,75,55,623.88,True,False,2.0,SPD,0.28,0.14666666666666667,0.06666666666666667,0.3333333333333333,0.4533333333333333,267,77,35,20,78,110,0.07865168539325842,0.04119850187265917,0.018726591760299626,0.09363295880149813,0.12734082397003746,0.2727272727272727,0.3142857142857143,0.25,0.32051282051282054,0.3090909090909091,Regierung,1.0,0.0,20,WP20,2022,12,27
127,2023-01-05,2023-01-19,15,afd,15.0,15.0,0.0,0.0,1.1333333333333333,3.4,8.4,1.2,1.6,0.6,9.0,9.0,8.333333333333334,7.5,8.5,2,2,3,2,4,5,5,625.2,False,True,,,0.4,0.4,0.6,0.4,0.8,44,18,14,9,11,19,0.045454545454545456,0.045454545454545456,0.06818181818181818,0.045454545454545456,0.09090909090909091,0.1111111111111111,0.14285714285714285,0.3333333333333333,0.18181818181818182,0.21052631578947367,Opposition,0.0,1.0,20,WP20,2023,1,14
127,2023-01-05,2023-01-19,15,cdu/csu,29.0,29.0,0.0,0.0,0.43589743589743585,1.3076923076923077,5.296296296296297,0.3076923076923077,0.7692307692307693,0.23076923076923078,4.4,5.666666666666667,7.0,8.333333333333334,5.2,5,3,1,3,5,13,9,589.6153846153846,True,False,4.0,CDU/CSU,0.38461538461538464,0.23076923076923078,0.07692307692307693,0.23076923076923078,0.38461538461538464,44,18,14,9,11,19,0.11363636363636363,0.06818181818181818,0.022727272727272728,0.06818181818181818,0.11363636363636363,0.2777777777777778,0.21428571428571427,0.1111111111111111,0.2727272727272727,0.2631578947368421,Opposition,0.0,1.0,20,WP20,2023,1,14
127,2023-01-05,2023-01-19,15,fdp,6.0,6.0,0.0,0.0,0.26666666666666666,0.8,3.25,0.2,0.4,0.2,5.0,3.5,3.0,2.5,2.3333333333333335,2,2,1,2,3,5,4,695.2,True,False,3.0,FDP,0.4,0.4,0.2,0.4,0.6,44,18,14,9,11,19,0.045454545454545456,0.045454545454545456,0.022727272727272728,0.045454545454545456,0.06818181818181818,0.1111111111111111,0.14285714285714285,0.1111111111111111,0.18181818181818182,0.15789473684210525,Regierung,1.0,0.0,20,WP20,2023,1,14
127,2023-01-05,2023-01-19,15,grüne,19.0,18.0,1.0,1.0,0.4583333333333333,1.375,0.9166666666666666,0.5,0.625,0.25,0.8,1.0,0.2,2.0,0.75,5,4,5,2,4,8,7,569.0,True,False,1.0,Bündnis 90/Die Grünen,0.625,0.5,0.625,0.25,0.5,44,18,14,9,11,19,0.11363636363636363,0.09090909090909091,0.11363636363636363,0.045454545454545456,0.09090909090909091,0.2777777777777778,0.2857142857142857,0.5555555555555556,0.18181818181818182,0.21052631578947367,Regierung,1.0,0.0,20,WP20,2023,1,14
127,2023-01-05,2023-01-19,15,linke,5.0,5.0,0.0,0.0,0.8,2.4,1.75,0.8,1.4,0.2,2.0,1.0,0.0,2.0,0.5,3,1,1,1,2,5,4,465.4,True,False,0.0,Die Linke,0.6,0.2,0.2,0.2,0.4,44,18,14,9,11,19,0.06818181818181818,0.022727272727272728,0.022727272727272728,0.022727272727272728,0.045454545454545456,0.16666666666666666,0.07142857142857142,0.1111111111111111,0.09090909090909091,0.10526315789473684,Opposition,0.0,1.0,20,WP20,2023,1,14
127,2023-01-05,2023-01-19,15,spd,18.0,18.0,0.0,0.0,0.28205128205128205,0.8461538461538461,2.1666666666666665,0.23076923076923078,0.38461538461538464,0.23076923076923078,2.0,2.75,2.0,2.0,1.8,3,4,1,3,5,13,8,618.4615384615385,True,False,2.0,SPD,0.23076923076923078,0.3076923076923077,0.07692307692307693,0.23076923076923078,0.38461538461538464,44,18,14,9,11,19,0.06818181818181818,0.09090909090909091,0.022727272727272728,0.06818181818181818,0.11363636363636363,0.16666666666666666,0.2857142857142857,0.1111111111111111,0.2727272727272727,0.2631578947368421,Regierung,1.0,0.0,20,WP20,2023,1,14
128,2023-01-19,2023-02-02,14,afd,14.0,15.0,-1.0,1.0,0.9583333333333333,2.875,6.665909090909091,0.9464285714285714,1.4821428571428572,0.44642857142857145,7.842105263157895,8.533333333333333,7.846153846153846,5.625,7.0588235294117645,19,15,13,16,34,56,44,529.0892857142857,False,True,,,0.3392857142857143,0.26785714285714285,0.23214285714285715,0.2857142857142857,0.6071428571428571,389,117,53,43,96,177,0.04884318766066838,0.038560411311053984,0.033419023136246784,0.04113110539845758,0.08740359897172237,0.1623931623931624,0.2830188679245283,0.3023255813953488,0.16666666666666666,0.192090395480226,Opposition,0.0,1.0,20,WP20,2023,1,14
128,2023-01-19,2023-02-02,14,cdu/csu,29.0,29.0,0.0,0.0,0.25076452599388377,0.7522935779816514,2.896713615023474,0.13761467889908258,0.5871559633027523,0.027522935779816515,4.2727272727272725,4.571428571428571,2.2,2.4210526315789473,2.0851063829787235,33,7,5,19,47,109,71,621.7981651376147,True,False,4.0,CDU/CSU,0.30275229357798167,0.06422018348623854,0.045871559633027525,0.1743119266055046,0.43119266055045874,389,117,53,43,96,177,0.08483290488431877,0.017994858611825194,0.012853470437017995,0.04884318766066838,0.12082262210796915,0.28205128205128205,0.1320754716981132,0.11627906976744186,0.19791666666666666,0.2655367231638418,Opposition,0.0,1.0,20,WP20,2023,1,14
128,2023-01-19,2023-02-02,14,fdp,6.0,6.0,0.0,0.0,0.08994708994708994,0.2698412698412698,1.5585106382978724,0.047619047619047616,0.2222222222222222,0.0,2.7142857142857144,2.5555555555555554,0.25,1.1333333333333333,1.2424242424242424,14,9,4,15,33,63,47,588.5555555555555,True,False,3.0,FDP,0.2222222222222222,0.14285714285714285,0.06349206349206349,0.23809523809523808,0.5238095238095238,389,117,53,43,96,177,0.03598971722365039,0.02313624678663239,0.010282776349614395,0.038560411311053984,0.08483290488431877,0.11965811965811966,0.16981132075471697,0.09302325581395349,0.15625,0.1864406779661017,Regierung,1.0,0.0,20,WP20,2023,1,14
128,2023-01-19,2023-02-02,14,grüne,19.0,19.0,0.0,0.0,0.1990049751243781,0.5970149253731343,1.005952380952381,0.19402985074626866,0.34328358208955223,0.05970149253731343,1.2307692307692308,1.25,0.45454545454545453,0.65,0.7666666666666667,26,12,11,20,30,67,56,544.5223880597015,True,False,1.0,Bündnis 90/Die Grünen,0.3880597014925373,0.1791044776119403,0.16417910447761194,0.29850746268656714,0.44776119402985076,389,117,53,43,96,177,0.06683804627249357,0.030848329048843187,0.028277634961439587,0.05141388174807198,0.07712082262210797,0.2222222222222222,0.22641509433962265,0.2558139534883721,0.20833333333333334,0.1694915254237288,Regierung,1.0,0.0,20,WP20,2023,1,14
128,2023-01-19,2023-02-02,14,linke,4.0,5.0,-1.0,1.0,0.46153846153846156,1.3846153846153846,1.3735632183908046,0.41025641025641024,0.8461538461538461,0.1282051282051282,1.5,1.8333333333333333,0.3333333333333333,0.4444444444444444,1.6842105263157894,12,6,6,9,19,39,29,479.3333333333333,True,False,0.0,Die Linke,0.3076923076923077,0.15384615384615385,0.15384615384615385,0.23076923076923078,0.48717948717948717,389,117,53,43,96,177,0.030848329048843187,0.015424164524421594,0.015424164524421594,0.02313624678663239,0.04884318766066838,0.10256410256410256,0.11320754716981132,0.13953488372093023,0.09375,0.10734463276836158,Opposition,0.0,1.0,20,WP20,2023,1,14
128,2023-01-19,2023-02-02,14,spd,19.0,18.0,1.0,1.0,0.13513513513513514,0.40540540540540543,1.330168776371308,0.11711711711711711,0.23423423423423423,0.05405405405405406,1.3125,1.894736842105263,0.6470588235294118,1.6666666666666667,1.0625,32,19,17,33,48,111,79,643.6666666666666,True,False,2.0,SPD,0.2882882882882883,0.17117117117117117,0.15315315315315314,0.2972972972972973,0.43243243243243246,389,117,53,43,96,177,0.08226221079691516,0.04884318766066838,0.043701799485861184,0.08483290488431877,0.12339331619537275,0.27350427350427353,0.3584905660377358,0.3953488372093023,0.34375,0.2711864406779661,Regierung,1.0,0.0,20,WP20,2023,1,14
129,2023-02-02,2023-02-17,15,afd,15.0,14.0,1.0,1.0,0.8529411764705882,2.5588235294117645,7.061904761904763,0.7647058823529411,1.3529411764705883,0.4411764705882353,8.076923076923077,9.125,8.0,6.1,7.380952380952381,13,8,3,10,21,34,28,553.6176470588235,False,True,,,0.38235294117647056,0.23529411764705882,0.08823529411764706,0.29411764705882354,0.6176470588235294,242,94,30,10,40,90,0.05371900826446281,0.03305785123966942,0.012396694214876033,0.04132231404958678,0.08677685950413223,0.13829787234042554,0.26666666666666666,0.3,0.25,0.23333333333333334,Opposition,0.0,1.0,20,WP20,2023,2,15
129,2023-02-02,2023-02-17,15,cdu/csu,27.0,29.0,-2.0,2.0,0.25120772946859904,0.7536231884057971,2.8401360544217686,0.18840579710144928,0.5362318840579711,0.028985507246376812,2.96,6.0,,2.6,2.64,25,7,0,10,25,69,49,630.9130434782609,True,False,4.0,CDU/CSU,0.36231884057971014,0.10144927536231885,0.0,0.14492753623188406,0.36231884057971014,242,94,30,10,40,90,0.10330578512396695,0.028925619834710745,0.0,0.04132231404958678,0.10330578512396695,0.26595744680851063,0.23333333333333334,0.0,0.25,0.2777777777777778,Opposition,0.0,1.0,20,WP20,2023,2,15
129,2023-02-02,2023-02-17,15,fdp,7.0,6.0,1.0,1.0,0.16666666666666666,0.5,2.236111111111111,0.08333333333333333,0.3611111111111111,0.05555555555555555,2.9166666666666665,4.25,1.0,2.1666666666666665,1.375,12,4,1,6,16,36,24,610.6944444444445,True,False,3.0,FDP,0.3333333333333333,0.1111111111111111,0.027777777777777776,0.16666666666666666,0.4444444444444444,242,94,30,10,40,90,0.049586776859504134,0.01652892561983471,0.004132231404958678,0.024793388429752067,0.06611570247933884,0.1276595744680851,0.13333333333333333,0.1,0.15,0.17777777777777778,Regierung,1.0,0.0,20,WP20,2023,2,15
129,2023-02-02,2023-02-17,15,grüne,18.0,19.0,-1.0,1.0,0.23015873015873015,0.6904761904761905,1.0833333333333335,0.23809523809523808,0.35714285714285715,0.09523809523809523,0.8947368421052632,2.0,0.3333333333333333,1.3,1.0,19,7,3,10,18,42,34,620.8333333333334,True,False,1.0,Bündnis 90/Die Grünen,0.4523809523809524,0.16666666666666666,0.07142857142857142,0.23809523809523808,0.42857142857142855,242,94,30,10,40,90,0.07851239669421488,0.028925619834710745,0.012396694214876033,0.04132231404958678,0.0743801652892562,0.20212765957446807,0.23333333333333334,0.3,0.25,0.2,Regierung,1.0,0.0,20,WP20,2023,2,15
129,2023-02-02,2023-02-17,15,linke,4.0,4.0,0.0,0.0,0.4666666666666666,1.4,1.6944444444444444,0.52,0.84,0.04,1.7,0.0,1.0,1.3333333333333333,1.875,10,1,2,3,8,25,18,477.36,True,False,0.0,Die Linke,0.4,0.04,0.08,0.12,0.32,242,94,30,10,40,90,0.04132231404958678,0.004132231404958678,0.008264462809917356,0.012396694214876033,0.03305785123966942,0.10638297872340426,0.03333333333333333,0.2,0.075,0.08888888888888889,Opposition,0.0,1.0,20,WP20,2023,2,15
129,2023-02-02,2023-02-17,15,spd,20.0,19.0,1.0,1.0,0.20476190476190476,0.6142857142857143,1.4791666666666667,0.18571428571428572,0.38571428571428573,0.04285714285714286,1.3571428571428572,2.6363636363636362,2.0,1.3636363636363635,0.9130434782608695,28,11,4,11,23,70,48,657.3428571428572,True,False,2.0,SPD,0.4,0.15714285714285714,0.05714285714285714,0.15714285714285714,0.32857142857142857,242,94,30,10,40,90,0.11570247933884298,0.045454545454545456,0.01652892561983471,0.045454545454545456,0.09504132231404959,0.2978723404255319,0.36666666666666664,0.4,0.275,0.25555555555555554,Regierung,1.0,0.0,20,WP20,2023,2,15
130,2023-02-17,2023-03-02,15,afd,15.0,15.0,0.0,0.0,1.25,3.75,7.625,0.75,1.75,1.25,,8.0,,7.5,7.75,0,3,0,2,4,4,4,659.75,False,True,,,0.0,0.75,0.0,0.5,1.0,37,9,5,3,14,28,0.0,0.08108108108108109,0.0,0.05405405405405406,0.10810810810810811,0.0,0.6,0.0,0.14285714285714285,0.14285714285714285,Opposition,0.0,1.0,20,WP20,2023,2,13
130,2023-02-17,2023-03-02,15,cdu/csu,29.0,27.0,2.0,2.0,0.45454545454545453,1.3636363636363635,2.75,0.2727272727272727,1.0,0.09090909090909091,6.0,4.0,,2.0,2.0,2,2,0,4,7,11,8,599.5454545454545,True,False,4.0,CDU/CSU,0.18181818181818182,0.18181818181818182,0.0,0.36363636363636365,0.6363636363636364,37,9,5,3,14,28,0.05405405405405406,0.05405405405405406,0.0,0.10810810810810811,0.1891891891891892,0.2222222222222222,0.4,0.0,0.2857142857142857,0.25,Opposition,0.0,1.0,20,WP20,2023,2,13
130,2023-02-17,2023-03-02,15,fdp,6.0,7.0,-1.0,1.0,0.5833333333333333,1.75,1.125,0.5,1.25,0.0,,,,1.0,1.25,0,0,0,3,4,4,4,766.0,True,False,3.0,FDP,0.0,0.0,0.0,0.75,1.0,37,9,5,3,14,28,0.0,0.0,0.0,0.08108108108108109,0.10810810810810811,0.0,0.0,0.0,0.21428571428571427,0.14285714285714285,Regierung,1.0,0.0,20,WP20,2023,2,13
130,2023-02-17,2023-03-02,15,grüne,17.0,18.0,-1.0,1.0,0.3333333333333333,1.0,0.6547619047619048,0.25,0.5,0.25,0.6666666666666666,2.0,1.0,0.75,0.8333333333333334,3,1,2,4,6,8,7,508.0,True,False,1.0,Bündnis 90/Die Grünen,0.375,0.125,0.25,0.5,0.75,37,9,5,3,14,28,0.08108108108108109,0.02702702702702703,0.05405405405405406,0.10810810810810811,0.16216216216216217,0.3333333333333333,0.2,0.6666666666666666,0.2857142857142857,0.21428571428571427,Regierung,1.0,0.0,20,WP20,2023,2,13
130,2023-02-17,2023-03-02,15,linke,5.0,4.0,1.0,1.0,0.5833333333333333,1.75,1.3333333333333333,0.5,1.0,0.25,2.5,,,0.0,1.0,2,0,0,1,3,4,3,459.0,True,False,0.0,Die Linke,0.5,0.0,0.0,0.25,0.75,37,9,5,3,14,28,0.05405405405405406,0.0,0.0,0.02702702702702703,0.08108108108108109,0.2222222222222222,0.0,0.0,0.07142857142857142,0.10714285714285714,Opposition,0.0,1.0,20,WP20,2023,2,13
130,2023-02-17,2023-03-02,15,spd,19.0,20.0,-1.0,1.0,0.36666666666666664,1.1,1.4375,0.2,0.7,0.2,1.0,2.0,0.0,2.0,1.125,2,2,1,2,8,10,8,667.9,True,False,2.0,SPD,0.2,0.2,0.1,0.2,0.8,37,9,5,3,14,28,0.05405405405405406,0.05405405405405406,0.02702702702702703,0.05405405405405406,0.21621621621621623,0.2222222222222222,0.4,0.3333333333333333,0.14285714285714285,0.2857142857142857,Regierung,1.0,0.0,20,WP20,2023,2,13
131,2023-03-02,2023-03-17,14,afd,14.0,15.0,-1.0,1.0,1.0,3.0,7.200833333333334,1.0588235294117647,1.5098039215686274,0.43137254901960786,8.0,8.692307692307692,8.454545454545455,6.9411764705882355,7.580645161290323,16,13,11,17,31,51,40,551.3529411764706,False,True,,,0.3137254901960784,0.2549019607843137,0.21568627450980393,0.3333333333333333,0.6078431372549019,378,113,66,43,86,155,0.042328042328042326,0.03439153439153439,0.0291005291005291,0.04497354497354497,0.082010582010582,0.1415929203539823,0.19696969696969696,0.2558139534883721,0.19767441860465115,0.2,Opposition,0.0,1.0,20,WP20,2023,3,15
131,2023-03-02,2023-03-17,14,cdu/csu,31.0,29.0,2.0,2.0,0.35714285714285715,1.0714285714285714,3.7054794520547945,0.23214285714285715,0.7232142857142857,0.11607142857142858,4.928571428571429,6.5,2.6666666666666665,3.6551724137931036,3.425925925925926,28,16,6,29,54,112,73,605.75,True,False,4.0,CDU/CSU,0.25,0.14285714285714285,0.05357142857142857,0.25892857142857145,0.48214285714285715,378,113,66,43,86,155,0.07407407407407407,0.042328042328042326,0.015873015873015872,0.07671957671957672,0.14285714285714285,0.24778761061946902,0.24242424242424243,0.13953488372093023,0.3372093023255814,0.34838709677419355,Opposition,0.0,1.0,20,WP20,2023,3,15
131,2023-03-02,2023-03-17,14,fdp,6.0,6.0,0.0,0.0,0.16363636363636364,0.4909090909090909,2.142857142857143,0.12727272727272726,0.23636363636363636,0.12727272727272726,3.066666666666667,2.6666666666666665,4.0,2.125,1.7916666666666667,15,12,1,8,24,55,35,623.7454545454545,True,False,3.0,FDP,0.2727272727272727,0.21818181818181817,0.01818181818181818,0.14545454545454545,0.43636363636363634,378,113,66,43,86,155,0.03968253968253968,0.031746031746031744,0.0026455026455026454,0.021164021164021163,0.06349206349206349,0.13274336283185842,0.18181818181818182,0.023255813953488372,0.09302325581395349,0.15483870967741936,Regierung,1.0,0.0,20,WP20,2023,3,15
131,2023-03-02,2023-03-17,14,grüne,17.0,17.0,0.0,0.0,0.2568306010928962,0.7704918032786885,0.9724489795918367,0.2459016393442623,0.4262295081967213,0.09836065573770492,1.08,1.1666666666666667,0.4,0.6923076923076923,0.9259259259259259,25,12,10,13,27,61,49,616.5409836065573,True,False,1.0,Bündnis 90/Die Grünen,0.4098360655737705,0.19672131147540983,0.16393442622950818,0.21311475409836064,0.4426229508196721,378,113,66,43,86,155,0.06613756613756613,0.031746031746031744,0.026455026455026454,0.03439153439153439,0.07142857142857142,0.22123893805309736,0.18181818181818182,0.23255813953488372,0.1511627906976744,0.17419354838709677,Regierung,1.0,0.0,20,WP20,2023,3,15
131,2023-03-02,2023-03-17,14,linke,5.0,5.0,0.0,0.0,0.5317460317460317,1.5952380952380953,1.4444444444444444,0.5714285714285714,0.8571428571428571,0.16666666666666666,1.4444444444444444,1.4444444444444444,0.14285714285714285,0.9090909090909091,1.4615384615384615,9,9,7,11,13,42,27,475.57142857142856,True,False,0.0,Die Linke,0.21428571428571427,0.21428571428571427,0.16666666666666666,0.2619047619047619,0.30952380952380953,378,113,66,43,86,155,0.023809523809523808,0.023809523809523808,0.018518518518518517,0.0291005291005291,0.03439153439153439,0.07964601769911504,0.13636363636363635,0.16279069767441862,0.12790697674418605,0.08387096774193549,Opposition,0.0,1.0,20,WP20,2023,3,15
131,2023-03-02,2023-03-17,14,spd,18.0,19.0,-1.0,1.0,0.18827160493827158,0.5648148148148148,1.3580246913580247,0.1388888888888889,0.3148148148148148,0.1111111111111111,1.3888888888888888,1.9411764705882353,0.6842105263157895,1.08,1.0,36,17,19,25,37,108,81,644.6018518518518,True,False,2.0,SPD,0.3333333333333333,0.1574074074074074,0.17592592592592593,0.23148148148148148,0.3425925925925926,378,113,66,43,86,155,0.09523809523809523,0.04497354497354497,0.05026455026455026,0.06613756613756613,0.09788359788359788,0.3185840707964602,0.25757575757575757,0.4418604651162791,0.29069767441860467,0.23870967741935484,Regierung,1.0,0.0,20,WP20,2023,3,15
132,2023-03-17,2023-04-06,15,afd,15.0,14.0,1.0,1.0,0.9583333333333334,2.875,7.301801801801802,0.975,1.4,0.5,8.583333333333334,9.0,7.714285714285714,7.0,7.586206896551724,12,9,7,19,29,40,37,524.6,False,True,,,0.3,0.225,0.175,0.475,0.725,293,83,54,29,85,151,0.040955631399317405,0.030716723549488054,0.023890784982935155,0.06484641638225255,0.09897610921501707,0.14457831325301204,0.16666666666666666,0.2413793103448276,0.2235294117647059,0.19205298013245034,Opposition,0.0,1.0,20,WP20,2023,3,20
132,2023-03-17,2023-04-06,15,cdu/csu,30.0,31.0,-1.0,1.0,0.37209302325581395,1.1162790697674418,3.2941176470588234,0.3023255813953488,0.7209302325581395,0.09302325581395349,4.363636363636363,5.0,0.8333333333333334,3.263157894736842,2.772727272727273,22,16,6,19,44,86,68,599.1511627906976,True,False,4.0,CDU/CSU,0.2558139534883721,0.18604651162790697,0.06976744186046512,0.22093023255813954,0.5116279069767442,293,83,54,29,85,151,0.07508532423208192,0.05460750853242321,0.020477815699658702,0.06484641638225255,0.15017064846416384,0.26506024096385544,0.2962962962962963,0.20689655172413793,0.2235294117647059,0.2913907284768212,Opposition,0.0,1.0,20,WP20,2023,3,20
132,2023-03-17,2023-04-06,15,fdp,7.0,6.0,1.0,1.0,0.13043478260869565,0.391304347826087,2.5135135135135136,0.06521739130434782,0.30434782608695654,0.021739130434782608,4.0,3.888888888888889,1.5,1.1666666666666667,1.7083333333333333,12,9,4,12,24,46,37,612.0652173913044,True,False,3.0,FDP,0.2608695652173913,0.1956521739130435,0.08695652173913043,0.2608695652173913,0.5217391304347826,293,83,54,29,85,151,0.040955631399317405,0.030716723549488054,0.013651877133105802,0.040955631399317405,0.08191126279863481,0.14457831325301204,0.16666666666666666,0.13793103448275862,0.1411764705882353,0.15894039735099338,Regierung,1.0,0.0,20,WP20,2023,3,20
132,2023-03-17,2023-04-06,15,grüne,16.0,17.0,-1.0,1.0,0.18115942028985504,0.5434782608695652,0.9603174603174603,0.1956521739130435,0.32608695652173914,0.021739130434782608,1.2857142857142858,1.1666666666666667,0.7142857142857143,0.5,0.7272727272727273,21,6,7,18,22,46,42,624.9347826086956,True,False,1.0,Bündnis 90/Die Grünen,0.45652173913043476,0.13043478260869565,0.15217391304347827,0.391304347826087,0.4782608695652174,293,83,54,29,85,151,0.07167235494880546,0.020477815699658702,0.023890784982935155,0.06143344709897611,0.07508532423208192,0.25301204819277107,0.1111111111111111,0.2413793103448276,0.21176470588235294,0.1456953642384106,Regierung,1.0,0.0,20,WP20,2023,3,20
132,2023-03-17,2023-04-06,15,linke,5.0,5.0,0.0,0.0,0.47058823529411764,1.411764705882353,2.3333333333333335,0.35294117647058826,0.9117647058823529,0.14705882352941177,1.8888888888888888,2.75,1.0,1.8,3.1333333333333333,9,4,2,10,15,34,27,478.52941176470586,True,False,0.0,Die Linke,0.2647058823529412,0.11764705882352941,0.058823529411764705,0.29411764705882354,0.4411764705882353,293,83,54,29,85,151,0.030716723549488054,0.013651877133105802,0.006825938566552901,0.034129692832764506,0.051194539249146756,0.10843373493975904,0.07407407407407407,0.06896551724137931,0.11764705882352941,0.09933774834437085,Opposition,0.0,1.0,20,WP20,2023,3,20
132,2023-03-17,2023-04-06,15,spd,18.0,18.0,0.0,0.0,0.15226337448559668,0.4567901234567901,1.3512820512820511,0.18518518518518517,0.25925925925925924,0.012345679012345678,1.4210526315789473,2.3684210526315788,0.7,1.5769230769230769,0.9130434782608695,19,19,10,26,46,81,65,697.395061728395,True,False,2.0,SPD,0.2345679012345679,0.2345679012345679,0.12345679012345678,0.32098765432098764,0.5679012345679012,293,83,54,29,85,151,0.06484641638225255,0.06484641638225255,0.034129692832764506,0.08873720136518772,0.15699658703071673,0.2289156626506024,0.35185185185185186,0.3448275862068966,0.3058823529411765,0.304635761589404,Regierung,1.0,0.0,20,WP20,2023,3,20
133,2023-04-06,2023-04-14,15,afd,15.0,15.0,0.0,0.0,,,,,,,,,,,,0,0,0,0,0,0,0,,False,True,,,,,,,,0,0,0,0,0,0,,,,,,,,,,,,,,,,2023,4,8
133,2023-04-06,2023-04-14,15,cdu/csu,30.0,30.0,0.0,0.0,,,,,,,,,,,,0,0,0,0,0,0,0,,True,False,4.0,CDU/CSU,,,,,,0,0,0,0,0,0,,,,,,,,,,,,,,,,2023,4,8
133,2023-04-06,2023-04-14,15,fdp,7.0,7.0,0.0,0.0,,,,,,,,,,,,0,0,0,0,0,0,0,,True,False,3.0,FDP,,,,,,0,0,0,0,0,0,,,,,,,,,,,,,,,,2023,4,8
133,2023-04-06,2023-04-14,15,grüne,17.0,16.0,1.0,1.0,,,,,,,,,,,,0,0,0,0,0,0,0,,True,False,1.0,Bündnis 90/Die Grünen,,,,,,0,0,0,0,0,0,,,,,,,,,,,,,,,,2023,4,8
133,2023-04-06,2023-04-14,15,linke,4.0,5.0,-1.0,1.0,,,,,,,,,,,,0,0,0,0,0,0,0,,True,False,0.0,Die Linke,,,,,,0,0,0,0,0,0,,,,,,,,,,,,,,,,2023,4,8
133,2023-04-06,2023-04-14,15,spd,18.0,18.0,0.0,0.0,,,,,,,,,,,,0,0,0,0,0,0,0,,True,False,2.0,SPD,,,,,,0,0,0,0,0,0,,,,,,,,,,,,,,,,2023,4,8
134,2023-04-14,2023-05-04,15,afd,15.0,15.0,0.0,0.0,1.0505050505050504,3.1515151515151514,7.277966101694915,1.0606060606060606,1.5757575757575757,0.5151515151515151,8.366666666666667,9.052631578947368,7.7272727272727275,6.115384615384615,7.372093023255814,30,19,11,26,43,66,59,528.0,False,True,,,0.45454545454545453,0.2878787878787879,0.16666666666666666,0.3939393939393939,0.6515151515151515,481,209,69,31,115,166,0.062370062370062374,0.0395010395010395,0.02286902286902287,0.05405405405405406,0.0893970893970894,0.14354066985645933,0.2753623188405797,0.3548387096774194,0.22608695652173913,0.25903614457831325,Opposition,0.0,1.0,20,WP20,2023,4,20
134,2023-04-14,2023-05-04,15,cdu/csu,29.0,30.0,-1.0,1.0,0.3583959899749373,1.0751879699248121,4.471354166666667,0.23308270676691728,0.7368421052631579,0.10526315789473684,5.254901960784314,6.2105263157894735,3.2,5.038461538461538,4.1568627450980395,51,19,5,26,51,133,96,639.9097744360902,True,False,4.0,CDU/CSU,0.38345864661654133,0.14285714285714285,0.03759398496240601,0.19548872180451127,0.38345864661654133,481,209,69,31,115,166,0.10602910602910603,0.0395010395010395,0.010395010395010396,0.05405405405405406,0.10602910602910603,0.24401913875598086,0.2753623188405797,0.16129032258064516,0.22608695652173913,0.3072289156626506,Opposition,0.0,1.0,20,WP20,2023,4,20
134,2023-04-14,2023-05-04,15,fdp,7.0,7.0,0.0,0.0,0.06746031746031746,0.20238095238095238,2.540983606557377,0.011904761904761904,0.15476190476190477,0.03571428571428571,3.4444444444444446,2.909090909090909,0.0,1.4736842105263157,1.9,36,11,2,19,30,84,61,553.8333333333334,True,False,3.0,FDP,0.42857142857142855,0.13095238095238096,0.023809523809523808,0.2261904761904762,0.35714285714285715,481,209,69,31,115,166,0.07484407484407485,0.02286902286902287,0.004158004158004158,0.0395010395010395,0.062370062370062374,0.1722488038277512,0.15942028985507245,0.06451612903225806,0.16521739130434782,0.18072289156626506,Regierung,1.0,0.0,20,WP20,2023,4,20
134,2023-04-14,2023-05-04,15,grüne,17.0,17.0,0.0,0.0,0.22649572649572647,0.6794871794871795,1.0355392156862746,0.24358974358974358,0.41025641025641024,0.02564102564102564,0.975,1.6666666666666667,1.3,1.04,0.9629629629629629,40,12,10,25,27,78,68,596.0384615384615,True,False,1.0,Bündnis 90/Die Grünen,0.5128205128205128,0.15384615384615385,0.1282051282051282,0.32051282051282054,0.34615384615384615,481,209,69,31,115,166,0.08316008316008316,0.02494802494802495,0.02079002079002079,0.05197505197505198,0.056133056133056136,0.19138755980861244,0.17391304347826086,0.3225806451612903,0.21739130434782608,0.16265060240963855,Regierung,1.0,0.0,20,WP20,2023,4,20
134,2023-04-14,2023-05-04,15,linke,4.0,4.0,0.0,0.0,0.37654320987654316,1.1296296296296295,1.125,0.42592592592592593,0.7037037037037037,0.0,1.0,1.1428571428571428,0.5,1.0,1.4375,22,7,2,13,16,54,40,442.18518518518516,True,False,0.0,Die Linke,0.4074074074074074,0.12962962962962962,0.037037037037037035,0.24074074074074073,0.2962962962962963,481,209,69,31,115,166,0.04573804573804574,0.014553014553014554,0.004158004158004158,0.02702702702702703,0.033264033264033266,0.10526315789473684,0.10144927536231885,0.06451612903225806,0.11304347826086956,0.0963855421686747,Opposition,0.0,1.0,20,WP20,2023,4,20
134,2023-04-14,2023-05-04,15,spd,19.0,18.0,1.0,1.0,0.16414141414141412,0.49242424242424243,1.2324159021406729,0.14393939393939395,0.3106060606060606,0.03787878787878788,1.4,1.8,0.08333333333333333,0.90625,1.1428571428571428,60,20,12,32,42,132,109,600.6515151515151,True,False,2.0,SPD,0.45454545454545453,0.15151515151515152,0.09090909090909091,0.24242424242424243,0.3181818181818182,481,209,69,31,115,166,0.12474012474012475,0.04158004158004158,0.02494802494802495,0.06652806652806653,0.08731808731808732,0.28708133971291866,0.2898550724637681,0.3870967741935484,0.2782608695652174,0.25301204819277107,Regierung,1.0,0.0,20,WP20,2023,4,20
135,2023-05-04,2023-05-12,16,afd,16.0,15.0,1.0,1.0,1.0,3.0,7.726811594202899,1.0740740740740742,1.4814814814814814,0.4444444444444444,8.833333333333334,8.714285714285714,8.5,7.583333333333333,8.266666666666667,12,7,6,12,15,27,23,501.4074074074074,False,True,,,0.4444444444444444,0.25925925925925924,0.2222222222222222,0.4444444444444444,0.5555555555555556,186,70,33,11,64,79,0.06451612903225806,0.03763440860215054,0.03225806451612903,0.06451612903225806,0.08064516129032258,0.17142857142857143,0.21212121212121213,0.5454545454545454,0.1875,0.189873417721519,Opposition,0.0,1.0,20,WP20,2023,5,8
135,2023-05-04,2023-05-12,16,cdu/csu,30.0,29.0,1.0,1.0,0.39766081871345027,1.1929824561403508,4.292592592592593,0.2982456140350877,0.7368421052631579,0.15789473684210525,4.8,6.909090909090909,7.0,4.294117647058823,4.153846153846154,20,11,1,17,26,57,45,574.5087719298245,True,False,4.0,CDU/CSU,0.3508771929824561,0.19298245614035087,0.017543859649122806,0.2982456140350877,0.45614035087719296,186,70,33,11,64,79,0.10752688172043011,0.05913978494623656,0.005376344086021506,0.0913978494623656,0.13978494623655913,0.2857142857142857,0.3333333333333333,0.09090909090909091,0.265625,0.3291139240506329,Opposition,0.0,1.0,20,WP20,2023,5,8
135,2023-05-04,2023-05-12,16,fdp,7.0,7.0,0.0,0.0,0.08974358974358973,0.2692307692307692,2.017543859649123,0.0,0.19230769230769232,0.07692307692307693,2.0,4.333333333333333,0.0,3.142857142857143,1.5,7,3,1,7,12,26,19,615.2307692307693,True,False,3.0,FDP,0.2692307692307692,0.11538461538461539,0.038461538461538464,0.2692307692307692,0.46153846153846156,186,70,33,11,64,79,0.03763440860215054,0.016129032258064516,0.005376344086021506,0.03763440860215054,0.06451612903225806,0.1,0.09090909090909091,0.09090909090909091,0.109375,0.1518987341772152,Regierung,1.0,0.0,20,WP20,2023,5,8
135,2023-05-04,2023-05-12,16,grüne,16.0,17.0,-1.0,1.0,0.3222222222222222,0.9666666666666667,1.1101190476190477,0.26666666666666666,0.5666666666666667,0.13333333333333333,0.8666666666666667,1.2857142857142858,0.2,1.0769230769230769,1.0,15,7,5,13,14,30,28,600.2333333333333,True,False,1.0,Bündnis 90/Die Grünen,0.5,0.23333333333333334,0.16666666666666666,0.43333333333333335,0.4666666666666667,186,70,33,11,64,79,0.08064516129032258,0.03763440860215054,0.026881720430107527,0.06989247311827956,0.07526881720430108,0.21428571428571427,0.21212121212121213,0.45454545454545453,0.203125,0.17721518987341772,Regierung,1.0,0.0,20,WP20,2023,5,8
135,2023-05-04,2023-05-12,16,linke,5.0,4.0,1.0,1.0,0.3181818181818182,0.9545454545454546,1.5392156862745099,0.22727272727272727,0.6363636363636364,0.09090909090909091,0.8181818181818182,0.6666666666666666,0.0,0.625,1.8888888888888888,11,3,1,8,9,22,17,436.3636363636364,True,False,0.0,Die Linke,0.5,0.13636363636363635,0.045454545454545456,0.36363636363636365,0.4090909090909091,186,70,33,11,64,79,0.05913978494623656,0.016129032258064516,0.005376344086021506,0.043010752688172046,0.04838709677419355,0.15714285714285714,0.09090909090909091,0.09090909090909091,0.125,0.11392405063291139,Opposition,0.0,1.0,20,WP20,2023,5,8
135,2023-05-04,2023-05-12,16,spd,17.0,19.0,-2.0,2.0,0.2026143790849673,0.6078431372549019,1.3098290598290596,0.21568627450980393,0.35294117647058826,0.0392156862745098,1.4705882352941178,3.0,0.0,1.2105263157894737,0.9444444444444444,17,9,3,19,18,51,39,634.5490196078431,True,False,2.0,SPD,0.3333333333333333,0.17647058823529413,0.058823529411764705,0.37254901960784315,0.35294117647058826,186,70,33,11,64,79,0.0913978494623656,0.04838709677419355,0.016129032258064516,0.10215053763440861,0.0967741935483871,0.24285714285714285,0.2727272727272727,0.2727272727272727,0.296875,0.22784810126582278,Regierung,1.0,0.0,20,WP20,2023,5,8
136,2023-05-12,2023-06-01,16,afd,16.0,16.0,0.0,0.0,0.9682539682539681,2.9047619047619047,7.31,0.9523809523809523,1.5,0.4523809523809524,8.1875,8.5,8.666666666666666,6.647058823529412,7.566666666666666,16,14,9,17,30,42,40,539.4047619047619,False,True,,,0.38095238095238093,0.3333333333333333,0.21428571428571427,0.40476190476190477,0.7142857142857143,319,95,46,21,68,143,0.050156739811912224,0.0438871473354232,0.02821316614420063,0.05329153605015674,0.09404388714733543,0.16842105263157894,0.30434782608695654,0.42857142857142855,0.25,0.2097902097902098,Opposition,0.0,1.0,20,WP20,2023,5,20
136,2023-05-12,2023-06-01,16,cdu/csu,28.0,30.0,-2.0,2.0,0.3443223443223443,1.032967032967033,3.569672131147541,0.26373626373626374,0.6153846153846154,0.15384615384615385,4.0,7.846153846153846,2.75,4.684210526315789,3.1707317073170733,23,13,4,19,41,91,61,630.6043956043956,True,False,4.0,CDU/CSU,0.25274725274725274,0.14285714285714285,0.04395604395604396,0.2087912087912088,0.45054945054945056,319,95,46,21,68,143,0.07210031347962383,0.04075235109717868,0.012539184952978056,0.05956112852664577,0.12852664576802508,0.24210526315789474,0.2826086956521739,0.19047619047619047,0.27941176470588236,0.2867132867132867,Opposition,0.0,1.0,20,WP20,2023,5,20
136,2023-05-12,2023-06-01,16,fdp,8.0,7.0,1.0,1.0,0.15447154471544713,0.4634146341463415,1.9401041666666667,0.07317073170731707,0.34146341463414637,0.04878048780487805,2.090909090909091,4.0,1.5,1.6666666666666667,1.88,11,6,2,12,25,41,32,708.3170731707318,True,False,3.0,FDP,0.2682926829268293,0.14634146341463414,0.04878048780487805,0.2926829268292683,0.6097560975609756,319,95,46,21,68,143,0.034482758620689655,0.018808777429467086,0.006269592476489028,0.03761755485893417,0.07836990595611286,0.11578947368421053,0.13043478260869565,0.09523809523809523,0.17647058823529413,0.17482517482517482,Regierung,1.0,0.0,20,WP20,2023,5,20
136,2023-05-12,2023-06-01,16,grüne,16.0,16.0,0.0,0.0,0.27586206896551724,0.8275862068965517,0.9974637681159421,0.3103448275862069,0.5,0.017241379310344827,0.9166666666666666,2.125,0.3333333333333333,0.6923076923076923,0.7727272727272727,24,8,6,13,22,58,46,568.5,True,False,1.0,Bündnis 90/Die Grünen,0.41379310344827586,0.13793103448275862,0.10344827586206896,0.22413793103448276,0.3793103448275862,319,95,46,21,68,143,0.07523510971786834,0.025078369905956112,0.018808777429467086,0.04075235109717868,0.06896551724137931,0.25263157894736843,0.17391304347826086,0.2857142857142857,0.19117647058823528,0.15384615384615385,Regierung,1.0,0.0,20,WP20,2023,5,20
136,2023-05-12,2023-06-01,16,linke,5.0,5.0,0.0,0.0,0.46078431372549017,1.3823529411764706,1.3333333333333333,0.4117647058823529,0.8823529411764706,0.08823529411764706,1.2222222222222223,1.4,1.5,0.6666666666666666,1.1538461538461537,9,5,2,6,13,34,22,470.7647058823529,True,False,0.0,Die Linke,0.2647058823529412,0.14705882352941177,0.058823529411764705,0.17647058823529413,0.38235294117647056,319,95,46,21,68,143,0.02821316614420063,0.01567398119122257,0.006269592476489028,0.018808777429467086,0.04075235109717868,0.09473684210526316,0.10869565217391304,0.09523809523809523,0.08823529411764706,0.09090909090909091,Opposition,0.0,1.0,20,WP20,2023,5,20
136,2023-05-12,2023-06-01,16,spd,18.0,17.0,1.0,1.0,0.18245614035087718,0.5473684210526316,1.051643192488263,0.18947368421052632,0.30526315789473685,0.05263157894736842,1.1428571428571428,1.6428571428571428,0.7142857142857143,0.7222222222222222,0.8809523809523809,28,14,7,18,42,95,71,625.4421052631579,True,False,2.0,SPD,0.29473684210526313,0.14736842105263157,0.07368421052631578,0.18947368421052632,0.4421052631578947,319,95,46,21,68,143,0.0877742946708464,0.0438871473354232,0.0219435736677116,0.05642633228840126,0.13166144200626959,0.29473684210526313,0.30434782608695654,0.3333333333333333,0.2647058823529412,0.2937062937062937,Regierung,1.0,0.0,20,WP20,2023,5,20
137,2023-06-01,2023-06-23,18,afd,18.0,16.0,2.0,2.0,1.0376344086021505,3.1129032258064515,7.774358974358974,1.0806451612903225,1.6129032258064515,0.41935483870967744,8.071428571428571,8.235294117647058,8.333333333333334,7.636363636363637,7.888888888888889,28,17,9,22,45,62,52,521.9193548387096,False,True,,,0.45161290322580644,0.27419354838709675,0.14516129032258066,0.3548387096774194,0.7258064516129032,461,114,70,42,139,188,0.06073752711496746,0.0368763557483731,0.019522776572668113,0.04772234273318872,0.09761388286334056,0.24561403508771928,0.24285714285714285,0.21428571428571427,0.15827338129496402,0.2393617021276596,Opposition,0.0,1.0,20,WP20,2023,6,22
137,2023-06-01,2023-06-23,18,cdu/csu,29.0,28.0,1.0,1.0,0.35539215686274506,1.0661764705882353,3.8477011494252875,0.27205882352941174,0.6691176470588235,0.125,5.035714285714286,6.222222222222222,3.1666666666666665,4.4375,3.3962264150943398,28,18,6,32,53,136,87,588.0294117647059,True,False,4.0,CDU/CSU,0.20588235294117646,0.1323529411764706,0.04411764705882353,0.23529411764705882,0.3897058823529412,461,114,70,42,139,188,0.06073752711496746,0.039045553145336226,0.013015184381778741,0.06941431670281996,0.11496746203904555,0.24561403508771928,0.2571428571428571,0.14285714285714285,0.2302158273381295,0.28191489361702127,Opposition,0.0,1.0,20,WP20,2023,6,22
137,2023-06-01,2023-06-23,18,fdp,7.0,8.0,-1.0,1.0,0.15591397849462366,0.46774193548387094,2.151515151515152,0.12903225806451613,0.25806451612903225,0.08064516129032258,3.8,3.7777777777777777,0.8,1.7058823529411764,1.7857142857142858,15,9,5,17,28,62,44,647.3870967741935,True,False,3.0,FDP,0.24193548387096775,0.14516129032258066,0.08064516129032258,0.27419354838709675,0.45161290322580644,461,114,70,42,139,188,0.03253796095444685,0.019522776572668113,0.010845986984815618,0.0368763557483731,0.06073752711496746,0.13157894736842105,0.12857142857142856,0.11904761904761904,0.1223021582733813,0.14893617021276595,Regierung,1.0,0.0,20,WP20,2023,6,22
137,2023-06-01,2023-06-23,18,grüne,15.0,16.0,-1.0,1.0,0.19341563786008228,0.5802469135802469,0.9947916666666666,0.12345679012345678,0.38271604938271603,0.07407407407407407,0.90625,1.2857142857142858,0.3333333333333333,0.8695652173913043,0.8857142857142857,32,14,12,23,35,81,64,559.5185185185185,True,False,1.0,Bündnis 90/Die Grünen,0.3950617283950617,0.1728395061728395,0.14814814814814814,0.2839506172839506,0.43209876543209874,461,114,70,42,139,188,0.06941431670281996,0.03036876355748373,0.026030368763557483,0.049891540130151846,0.07592190889370933,0.2807017543859649,0.2,0.2857142857142857,0.16546762589928057,0.18617021276595744,Regierung,1.0,0.0,20,WP20,2023,6,22
137,2023-06-01,2023-06-23,18,linke,4.0,5.0,-1.0,1.0,0.5533333333333332,1.66,1.530952380952381,0.58,0.92,0.16,1.8181818181818181,1.8571428571428572,0.16666666666666666,1.0,1.588235294117647,11,7,6,19,17,50,35,458.08,True,False,0.0,Die Linke,0.22,0.14,0.12,0.38,0.34,461,114,70,42,139,188,0.02386117136659436,0.015184381778741865,0.013015184381778741,0.04121475054229935,0.0368763557483731,0.09649122807017543,0.1,0.14285714285714285,0.1366906474820144,0.09042553191489362,Opposition,0.0,1.0,20,WP20,2023,6,22
137,2023-06-01,2023-06-23,18,spd,18.0,18.0,0.0,0.0,0.17929292929292928,0.5378787878787878,1.0492831541218637,0.14393939393939395,0.3484848484848485,0.045454545454545456,1.5714285714285714,1.5909090909090908,0.7692307692307693,0.875,0.7636363636363637,28,22,13,48,55,132,93,629.6818181818181,True,False,2.0,SPD,0.21212121212121213,0.16666666666666666,0.09848484848484848,0.36363636363636365,0.4166666666666667,461,114,70,42,139,188,0.06073752711496746,0.04772234273318872,0.028199566160520606,0.10412147505422993,0.1193058568329718,0.24561403508771928,0.3142857142857143,0.30952380952380953,0.34532374100719426,0.2925531914893617,Regierung,1.0,0.0,20,WP20,2023,6,22
138,2023-06-23,2023-07-06,19,afd,19.0,18.0,1.0,1.0,1.1481481481481481,3.4444444444444446,8.130208333333334,1.1666666666666667,1.6666666666666667,0.6111111111111112,8.75,9.0,8.4,7.833333333333333,8.0,8,6,5,6,15,18,16,576.6111111111111,False,True,,,0.4444444444444444,0.3333333333333333,0.2777777777777778,0.3333333333333333,0.8333333333333334,147,48,31,7,23,74,0.05442176870748299,0.04081632653061224,0.034013605442176874,0.04081632653061224,0.10204081632653061,0.16666666666666666,0.1935483870967742,0.7142857142857143,0.2608695652173913,0.20270270270270271,Opposition,0.0,1.0,20,WP20,2023,6,13
138,2023-06-23,2023-07-06,19,cdu/csu,29.0,29.0,0.0,0.0,0.38211382113821135,1.146341463414634,4.633333333333334,0.2682926829268293,0.7804878048780488,0.0975609756097561,7.363636363636363,6.428571428571429,2.0,0.5,4.523809523809524,11,7,1,4,21,41,30,598.609756097561,True,False,4.0,CDU/CSU,0.2682926829268293,0.17073170731707318,0.024390243902439025,0.0975609756097561,0.5121951219512195,147,48,31,7,23,74,0.07482993197278912,0.047619047619047616,0.006802721088435374,0.027210884353741496,0.14285714285714285,0.22916666666666666,0.22580645161290322,0.14285714285714285,0.17391304347826086,0.28378378378378377,Opposition,0.0,1.0,20,WP20,2023,6,13
138,2023-06-23,2023-07-06,19,fdp,6.0,7.0,-1.0,1.0,0.08,0.24,2.1818181818181817,0.12,0.08,0.04,2.4285714285714284,2.8181818181818183,0.0,0.0,1.6153846153846154,7,11,1,4,13,25,22,636.88,True,False,3.0,FDP,0.28,0.44,0.04,0.16,0.52,147,48,31,7,23,74,0.047619047619047616,0.07482993197278912,0.006802721088435374,0.027210884353741496,0.08843537414965986,0.14583333333333334,0.3548387096774194,0.14285714285714285,0.17391304347826086,0.17567567567567569,Regierung,1.0,0.0,20,WP20,2023,6,13
138,2023-06-23,2023-07-06,19,grüne,15.0,15.0,0.0,0.0,0.21333333333333332,0.64,1.2380952380952381,0.2,0.36,0.08,1.1818181818181819,2.2,0.5,0.4,1.4285714285714286,11,5,2,5,14,25,21,620.44,True,False,1.0,Bündnis 90/Die Grünen,0.44,0.2,0.08,0.2,0.56,147,48,31,7,23,74,0.07482993197278912,0.034013605442176874,0.013605442176870748,0.034013605442176874,0.09523809523809523,0.22916666666666666,0.16129032258064516,0.2857142857142857,0.21739130434782608,0.1891891891891892,Regierung,1.0,0.0,20,WP20,2023,6,13
138,2023-06-23,2023-07-06,19,linke,4.0,4.0,0.0,0.0,0.5185185185185185,1.5555555555555556,1.7179487179487178,0.4444444444444444,1.1111111111111112,0.0,1.6666666666666667,1.3333333333333333,1.0,0.6666666666666666,2.1666666666666665,6,3,1,3,6,18,13,454.22222222222223,True,False,0.0,Die Linke,0.3333333333333333,0.16666666666666666,0.05555555555555555,0.16666666666666666,0.3333333333333333,147,48,31,7,23,74,0.04081632653061224,0.02040816326530612,0.006802721088435374,0.02040816326530612,0.04081632653061224,0.125,0.0967741935483871,0.14285714285714285,0.13043478260869565,0.08108108108108109,Opposition,0.0,1.0,20,WP20,2023,6,13
138,2023-06-23,2023-07-06,19,spd,17.0,18.0,-1.0,1.0,0.15789473684210523,0.47368421052631576,1.3988095238095237,0.13157894736842105,0.3157894736842105,0.02631578947368421,1.5384615384615385,2.0,0.5,0.8571428571428571,1.35,13,5,2,7,20,38,28,620.2105263157895,True,False,2.0,SPD,0.34210526315789475,0.13157894736842105,0.05263157894736842,0.18421052631578946,0.5263157894736842,147,48,31,7,23,74,0.08843537414965986,0.034013605442176874,0.013605442176870748,0.047619047619047616,0.1360544217687075,0.2708333333333333,0.16129032258064516,0.2857142857142857,0.30434782608695654,0.2702702702702703,Regierung,1.0,0.0,20,WP20,2023,6,13
139,2023-07-06,2023-07-21,20,afd,20.0,19.0,1.0,1.0,0.8387096774193549,2.5161290322580645,7.352564102564102,0.8387096774193549,1.3870967741935485,0.2903225806451613,8.416666666666666,8.2,8.0,7.1,7.823529411764706,12,5,6,10,17,31,26,495.9032258064516,False,True,,,0.3870967741935484,0.16129032258064516,0.1935483870967742,0.3225806451612903,0.5483870967741935,217,67,25,21,73,79,0.055299539170506916,0.02304147465437788,0.027649769585253458,0.04608294930875576,0.07834101382488479,0.1791044776119403,0.2,0.2857142857142857,0.136986301369863,0.21518987341772153,Opposition,0.0,1.0,20,WP20,2023,7,15
139,2023-07-06,2023-07-21,20,cdu/csu,28.0,29.0,-1.0,1.0,0.3005464480874317,0.9016393442622951,3.575,0.18032786885245902,0.6557377049180327,0.06557377049180328,5.571428571428571,3.5,2.0,2.789473684210526,2.5714285714285716,14,6,6,19,21,61,40,627.311475409836,True,False,4.0,CDU/CSU,0.22950819672131148,0.09836065573770492,0.09836065573770492,0.3114754098360656,0.3442622950819672,217,67,25,21,73,79,0.06451612903225806,0.027649769585253458,0.027649769585253458,0.08755760368663594,0.0967741935483871,0.208955223880597,0.24,0.2857142857142857,0.2602739726027397,0.26582278481012656,Opposition,0.0,1.0,20,WP20,2023,7,15
139,2023-07-06,2023-07-21,20,fdp,7.0,6.0,1.0,1.0,0.125,0.375,2.352272727272727,0.03125,0.21875,0.125,3.142857142857143,3.6,1.0,2.230769230769231,1.75,7,5,3,13,12,32,22,623.4375,True,False,3.0,FDP,0.21875,0.15625,0.09375,0.40625,0.375,217,67,25,21,73,79,0.03225806451612903,0.02304147465437788,0.013824884792626729,0.059907834101382486,0.055299539170506916,0.1044776119402985,0.2,0.14285714285714285,0.1780821917808219,0.1518987341772152,Regierung,1.0,0.0,20,WP20,2023,7,15
139,2023-07-06,2023-07-21,20,grüne,14.0,15.0,-1.0,1.0,0.15833333333333333,0.475,1.140625,0.05,0.325,0.1,1.1875,2.4,0.5,0.75,1.2352941176470589,16,5,6,12,17,40,32,593.8,True,False,1.0,Bündnis 90/Die Grünen,0.4,0.125,0.15,0.3,0.425,217,67,25,21,73,79,0.07373271889400922,0.02304147465437788,0.027649769585253458,0.055299539170506916,0.07834101382488479,0.23880597014925373,0.2,0.2857142857142857,0.1643835616438356,0.21518987341772153,Regierung,1.0,0.0,20,WP20,2023,7,15
139,2023-07-06,2023-07-21,20,linke,4.0,4.0,0.0,0.0,0.47222222222222215,1.4166666666666667,2.0637254901960786,0.3333333333333333,0.9583333333333334,0.125,1.875,1.5,0.0,1.5,2.7142857142857144,8,2,2,10,7,24,17,458.6666666666667,True,False,0.0,Die Linke,0.3333333333333333,0.08333333333333333,0.08333333333333333,0.4166666666666667,0.2916666666666667,217,67,25,21,73,79,0.03686635944700461,0.009216589861751152,0.009216589861751152,0.04608294930875576,0.03225806451612903,0.11940298507462686,0.08,0.09523809523809523,0.136986301369863,0.08860759493670886,Opposition,0.0,1.0,20,WP20,2023,7,15
139,2023-07-06,2023-07-21,20,spd,18.0,17.0,1.0,1.0,0.14444444444444443,0.43333333333333335,1.7192028985507246,0.1,0.26666666666666666,0.06666666666666667,1.8636363636363635,2.7142857142857144,1.25,1.4736842105263157,1.9090909090909092,22,7,4,19,22,60,46,656.1833333333333,True,False,2.0,SPD,0.36666666666666664,0.11666666666666667,0.06666666666666667,0.31666666666666665,0.36666666666666664,217,67,25,21,73,79,0.10138248847926268,0.03225806451612903,0.018433179723502304,0.08755760368663594,0.10138248847926268,0.3283582089552239,0.28,0.19047619047619047,0.2602739726027397,0.27848101265822783,Regierung,1.0,0.0,20,WP20,2023,7,15
140,2023-07-21,2023-08-04,20,afd,20.0,20.0,0.0,0.0,,,,,,,,,,,,0,0,0,0,0,0,0,,False,True,,,,,,,,0,0,0,0,0,0,,,,,,,,,,,,,,,,2023,7,14
140,2023-07-21,2023-08-04,20,cdu/csu,28.0,28.0,0.0,0.0,,,,,,,,,,,,0,0,0,0,0,0,0,,True,False,4.0,CDU/CSU,,,,,,0,0,0,0,0,0,,,,,,,,,,,,,,,,2023,7,14
140,2023-07-21,2023-08-04,20,fdp,7.0,7.0,0.0,0.0,,,,,,,,,,,,0,0,0,0,0,0,0,,True,False,3.0,FDP,,,,,,0,0,0,0,0,0,,,,,,,,,,,,,,,,2023,7,14
140,2023-07-21,2023-08-04,20,grüne,13.0,14.0,-1.0,1.0,,,,,,,,,,,,0,0,0,0,0,0,0,,True,False,1.0,Bündnis 90/Die Grünen,,,,,,0,0,0,0,0,0,,,,,,,,,,,,,,,,2023,7,14
140,2023-07-21,2023-08-04,20,linke,4.0,4.0,0.0,0.0,,,,,,,,,,,,0,0,0,0,0,0,0,,True,False,0.0,Die Linke,,,,,,0,0,0,0,0,0,,,,,,,,,,,,,,,,2023,7,14
140,2023-07-21,2023-08-04,20,spd,18.0,18.0,0.0,0.0,,,,,,,,,,,,0,0,0,0,0,0,0,,True,False,2.0,SPD,,,,,,0,0,0,0,0,0,,,,,,,,,,,,,,,,2023,7,14
141,2023-08-04,2023-08-18,21,afd,21.0,20.0,1.0,1.0,,,,,,,,,,,,0,0,0,0,0,0,0,,False,True,,,,,,,,0,0,0,0,0,0,,,,,,,,,,,,,,,,2023,8,14
141,2023-08-04,2023-08-18,21,cdu/csu,27.0,28.0,-1.0,1.0,,,,,,,,,,,,0,0,0,0,0,0,0,,True,False,4.0,CDU/CSU,,,,,,0,0,0,0,0,0,,,,,,,,,,,,,,,,2023,8,14
141,2023-08-04,2023-08-18,21,fdp,7.0,7.0,0.0,0.0,,,,,,,,,,,,0,0,0,0,0,0,0,,True,False,3.0,FDP,,,,,,0,0,0,0,0,0,,,,,,,,,,,,,,,,2023,8,14
141,2023-08-04,2023-08-18,21,grüne,15.0,13.0,2.0,2.0,,,,,,,,,,,,0,0,0,0,0,0,0,,True,False,1.0,Bündnis 90/Die Grünen,,,,,,0,0,0,0,0,0,,,,,,,,,,,,,,,,2023,8,14
141,2023-08-04,2023-08-18,21,linke,4.0,4.0,0.0,0.0,,,,,,,,,,,,0,0,0,0,0,0,0,,True,False,0.0,Die Linke,,,,,,0,0,0,0,0,0,,,,,,,,,,,,,,,,2023,8,14
141,2023-08-04,2023-08-18,21,spd,17.0,18.0,-1.0,1.0,,,,,,,,,,,,0,0,0,0,0,0,0,,True,False,2.0,SPD,,,,,,0,0,0,0,0,0,,,,,,,,,,,,,,,,2023,8,14
142,2023-08-18,2023-08-31,21,afd,21.0,21.0,0.0,0.0,,,,,,,,,,,,0,0,0,0,0,0,0,,False,True,,,,,,,,0,0,0,0,0,0,,,,,,,,,,,,,,,,2023,8,13
142,2023-08-18,2023-08-31,21,cdu/csu,27.0,27.0,0.0,0.0,,,,,,,,,,,,0,0,0,0,0,0,0,,True,False,4.0,CDU/CSU,,,,,,0,0,0,0,0,0,,,,,,,,,,,,,,,,2023,8,13
142,2023-08-18,2023-08-31,21,fdp,7.0,7.0,0.0,0.0,,,,,,,,,,,,0,0,0,0,0,0,0,,True,False,3.0,FDP,,,,,,0,0,0,0,0,0,,,,,,,,,,,,,,,,2023,8,13
142,2023-08-18,2023-08-31,21,grüne,14.0,15.0,-1.0,1.0,,,,,,,,,,,,0,0,0,0,0,0,0,,True,False,1.0,Bündnis 90/Die Grünen,,,,,,0,0,0,0,0,0,,,,,,,,,,,,,,,,2023,8,13
142,2023-08-18,2023-08-31,21,linke,4.0,4.0,0.0,0.0,,,,,,,,,,,,0,0,0,0,0,0,0,,True,False,0.0,Die Linke,,,,,,0,0,0,0,0,0,,,,,,,,,,,,,,,,2023,8,13
142,2023-08-18,2023-08-31,21,spd,17.0,17.0,0.0,0.0,,,,,,,,,,,,0,0,0,0,0,0,0,,True,False,2.0,SPD,,,,,,0,0,0,0,0,0,,,,,,,,,,,,,,,,2023,8,13
143,2023-08-31,2023-09-15,22,afd,22.0,21.0,1.0,1.0,1.2246376811594202,3.6739130434782608,8.142592592592592,1.2391304347826086,1.8043478260869565,0.6304347826086957,8.758620689655173,8.526315789473685,8.615384615384615,7.173913043478261,8.0,29,19,13,23,35,46,45,582.0217391304348,False,True,,,0.6304347826086957,0.41304347826086957,0.2826086956521739,0.5,0.7608695652173914,300,129,34,27,45,114,0.09666666666666666,0.06333333333333334,0.043333333333333335,0.07666666666666666,0.11666666666666667,0.2248062015503876,0.5588235294117647,0.48148148148148145,0.5111111111111111,0.30701754385964913,Opposition,0.0,1.0,20,WP20,2023,8,15
143,2023-08-31,2023-09-15,22,cdu/csu,29.0,27.0,2.0,2.0,0.5151515151515151,1.5454545454545454,4.928362573099416,0.375,1.1022727272727273,0.06818181818181818,5.21875,7.4,6.4,4.75,4.5,32,10,5,12,30,88,57,751.375,True,False,4.0,CDU/CSU,0.36363636363636365,0.11363636363636363,0.056818181818181816,0.13636363636363635,0.3409090909090909,300,129,34,27,45,114,0.10666666666666667,0.03333333333333333,0.016666666666666666,0.04,0.1,0.24806201550387597,0.29411764705882354,0.18518518518518517,0.26666666666666666,0.2631578947368421,Opposition,0.0,1.0,20,WP20,2023,8,15
143,2023-08-31,2023-09-15,22,fdp,6.0,7.0,-1.0,1.0,0.1111111111111111,0.3333333333333333,2.35,0.044444444444444446,0.26666666666666666,0.022222222222222223,3.2,2.0,3.0,0.75,1.6,15,3,1,4,15,45,30,679.4666666666667,True,False,3.0,FDP,0.3333333333333333,0.06666666666666667,0.022222222222222223,0.08888888888888889,0.3333333333333333,300,129,34,27,45,114,0.05,0.01,0.0033333333333333335,0.013333333333333334,0.05,0.11627906976744186,0.08823529411764706,0.037037037037037035,0.08888888888888889,0.13157894736842105,Regierung,1.0,0.0,20,WP20,2023,8,15
143,2023-08-31,2023-09-15,22,grüne,14.0,14.0,0.0,0.0,0.26543209876543206,0.7962962962962963,1.0988372093023255,0.24074074074074073,0.42592592592592593,0.12962962962962962,1.2580645161290323,1.5,0.4444444444444444,0.8888888888888888,0.75,31,8,9,9,24,54,43,646.5,True,False,1.0,Bündnis 90/Die Grünen,0.5740740740740741,0.14814814814814814,0.16666666666666666,0.16666666666666666,0.4444444444444444,300,129,34,27,45,114,0.10333333333333333,0.02666666666666667,0.03,0.03,0.08,0.24031007751937986,0.23529411764705882,0.3333333333333333,0.2,0.21052631578947367,Regierung,1.0,0.0,20,WP20,2023,8,15
143,2023-08-31,2023-09-15,22,linke,4.0,4.0,0.0,0.0,0.6896551724137931,2.0689655172413794,3.568627450980392,0.7931034482758621,1.2413793103448276,0.034482758620689655,4.0,3.5,,2.0,2.6666666666666665,11,2,0,1,9,29,17,503.3448275862069,True,False,0.0,Die Linke,0.3793103448275862,0.06896551724137931,0.0,0.034482758620689655,0.3103448275862069,300,129,34,27,45,114,0.03666666666666667,0.006666666666666667,0.0,0.0033333333333333335,0.03,0.08527131782945736,0.058823529411764705,0.0,0.022222222222222223,0.07894736842105263,Opposition,0.0,1.0,20,WP20,2023,8,15
143,2023-08-31,2023-09-15,22,spd,16.0,17.0,-1.0,1.0,0.14285714285714285,0.42857142857142855,1.2857142857142858,0.11904761904761904,0.27380952380952384,0.03571428571428571,1.45,2.0,1.0,1.0526315789473684,1.0833333333333333,40,11,12,19,36,84,70,698.797619047619,True,False,2.0,SPD,0.47619047619047616,0.13095238095238096,0.14285714285714285,0.2261904761904762,0.42857142857142855,300,129,34,27,45,114,0.13333333333333333,0.03666666666666667,0.04,0.06333333333333334,0.12,0.31007751937984496,0.3235294117647059,0.4444444444444444,0.4222222222222222,0.3157894736842105,Regierung,1.0,0.0,20,WP20,2023,8,15
144,2023-09-15,2023-09-28,22,afd,22.0,22.0,0.0,0.0,0.8758169934640523,2.627450980392157,7.768018018018019,0.8627450980392157,1.3333333333333333,0.43137254901960786,9.266666666666667,8.714285714285714,8.833333333333334,6.3076923076923075,8.03448275862069,15,14,12,13,29,51,37,503.2156862745098,False,True,,,0.29411764705882354,0.27450980392156865,0.23529411764705882,0.2549019607843137,0.5686274509803921,369,95,59,25,69,111,0.04065040650406504,0.037940379403794036,0.032520325203252036,0.03523035230352303,0.07859078590785908,0.15789473684210525,0.23728813559322035,0.48,0.18840579710144928,0.26126126126126126,Opposition,0.0,1.0,20,WP20,2023,9,13
144,2023-09-15,2023-09-28,22,cdu/csu,28.0,29.0,-1.0,1.0,0.3950617283950617,1.1851851851851851,4.5256410256410255,0.32407407407407407,0.7592592592592593,0.10185185185185185,5.25,6.5,2.25,4.842105263157895,4.447368421052632,28,20,4,19,38,108,65,557.0833333333334,True,False,4.0,CDU/CSU,0.25925925925925924,0.18518518518518517,0.037037037037037035,0.17592592592592593,0.35185185185185186,369,95,59,25,69,111,0.07588075880758807,0.05420054200542006,0.01084010840108401,0.051490514905149054,0.10298102981029811,0.29473684210526313,0.3389830508474576,0.16,0.2753623188405797,0.34234234234234234,Opposition,0.0,1.0,20,WP20,2023,9,13
144,2023-09-15,2023-09-28,22,fdp,7.0,6.0,1.0,1.0,0.13559322033898305,0.4067796610169492,2.4710144927536235,0.05084745762711865,0.3220338983050847,0.03389830508474576,2.5714285714285716,6.0,0.0,2.0,2.0,7,6,1,9,18,59,23,546.9322033898305,True,False,3.0,FDP,0.11864406779661017,0.1016949152542373,0.01694915254237288,0.15254237288135594,0.3050847457627119,369,95,59,25,69,111,0.018970189701897018,0.016260162601626018,0.0027100271002710027,0.024390243902439025,0.04878048780487805,0.07368421052631578,0.1016949152542373,0.04,0.13043478260869565,0.16216216216216217,Regierung,1.0,0.0,20,WP20,2023,9,13
144,2023-09-15,2023-09-28,22,grüne,15.0,14.0,1.0,1.0,0.21839080459770113,0.6551724137931034,1.2060185185185184,0.20689655172413793,0.3793103448275862,0.06896551724137931,1.3333333333333333,1.4444444444444444,0.2857142857142857,0.8461538461538461,1.263157894736842,18,9,7,13,19,58,36,601.9310344827586,True,False,1.0,Bündnis 90/Die Grünen,0.3103448275862069,0.15517241379310345,0.1206896551724138,0.22413793103448276,0.3275862068965517,369,95,59,25,69,111,0.04878048780487805,0.024390243902439025,0.018970189701897018,0.03523035230352303,0.051490514905149054,0.18947368421052632,0.15254237288135594,0.28,0.18840579710144928,0.17117117117117117,Regierung,1.0,0.0,20,WP20,2023,9,13
144,2023-09-15,2023-09-28,22,linke,4.0,4.0,0.0,0.0,0.4308943089430894,1.2926829268292683,1.9545454545454546,0.4146341463414634,0.7560975609756098,0.12195121951219512,1.7272727272727273,3.8333333333333335,1.0,1.4285714285714286,1.7142857142857142,11,6,2,7,7,41,22,464.4146341463415,True,False,0.0,Die Linke,0.2682926829268293,0.14634146341463414,0.04878048780487805,0.17073170731707318,0.17073170731707318,369,95,59,25,69,111,0.02981029810298103,0.016260162601626018,0.005420054200542005,0.018970189701897018,0.018970189701897018,0.11578947368421053,0.1016949152542373,0.08,0.10144927536231885,0.06306306306306306,Opposition,0.0,1.0,20,WP20,2023,9,13
144,2023-09-15,2023-09-28,22,spd,16.0,16.0,0.0,0.0,0.19093851132686082,0.5728155339805825,1.493279569892473,0.1262135922330097,0.3592233009708738,0.08737864077669903,1.3225806451612903,3.2777777777777777,0.7272727272727273,1.0476190476190477,1.2413793103448276,31,18,11,21,29,103,62,586.2038834951456,True,False,2.0,SPD,0.30097087378640774,0.17475728155339806,0.10679611650485436,0.20388349514563106,0.2815533980582524,369,95,59,25,69,111,0.08401084010840108,0.04878048780487805,0.02981029810298103,0.056910569105691054,0.07859078590785908,0.3263157894736842,0.3050847457627119,0.44,0.30434782608695654,0.26126126126126126,Regierung,1.0,0.0,20,WP20,2023,9,13
145,2023-09-28,2023-10-13,22,afd,22.0,22.0,0.0,0.0,1.0714285714285714,3.2142857142857144,7.619934640522876,1.0178571428571428,1.5357142857142858,0.6607142857142857,8.409090909090908,9.15,7.076923076923077,7.043478260869565,7.85,22,20,13,23,40,56,51,493.35714285714283,False,True,,,0.39285714285714285,0.35714285714285715,0.23214285714285715,0.4107142857142857,0.7142857142857143,405,131,76,29,89,164,0.05432098765432099,0.04938271604938271,0.03209876543209877,0.056790123456790124,0.09876543209876543,0.16793893129770993,0.2631578947368421,0.4482758620689655,0.25842696629213485,0.24390243902439024,Opposition,0.0,1.0,20,WP20,2023,9,15
145,2023-09-28,2023-10-13,22,cdu/csu,28.0,28.0,0.0,0.0,0.35574229691876746,1.0672268907563025,4.214430894308943,0.2184873949579832,0.6302521008403361,0.2184873949579832,4.0,6.8,2.0,5.409090909090909,4.4,36,25,7,22,45,119,82,579.1512605042017,True,False,4.0,CDU/CSU,0.3025210084033613,0.21008403361344538,0.058823529411764705,0.18487394957983194,0.37815126050420167,405,131,76,29,89,164,0.08888888888888889,0.06172839506172839,0.01728395061728395,0.05432098765432099,0.1111111111111111,0.2748091603053435,0.32894736842105265,0.2413793103448276,0.24719101123595505,0.27439024390243905,Opposition,0.0,1.0,20,WP20,2023,9,15
145,2023-09-28,2023-10-13,22,fdp,6.0,7.0,-1.0,1.0,0.1581920903954802,0.4745762711864407,2.829710144927536,0.03389830508474576,0.3050847457627119,0.13559322033898305,2.736842105263158,4.857142857142857,,3.176470588235294,1.8518518518518519,19,14,0,17,27,59,46,570.0508474576271,True,False,3.0,FDP,0.3220338983050847,0.23728813559322035,0.0,0.288135593220339,0.4576271186440678,405,131,76,29,89,164,0.04691358024691358,0.0345679012345679,0.0,0.04197530864197531,0.06666666666666667,0.1450381679389313,0.18421052631578946,0.0,0.19101123595505617,0.16463414634146342,Regierung,1.0,0.0,20,WP20,2023,9,15
145,2023-09-28,2023-10-13,22,grüne,14.0,15.0,-1.0,1.0,0.19907407407407407,0.5972222222222222,1.0720338983050848,0.09722222222222222,0.3611111111111111,0.1388888888888889,0.8,1.8461538461538463,0.16666666666666666,1.4444444444444444,0.9,30,13,6,18,30,72,59,519.125,True,False,1.0,Bündnis 90/Die Grünen,0.4166666666666667,0.18055555555555555,0.08333333333333333,0.25,0.4166666666666667,405,131,76,29,89,164,0.07407407407407407,0.03209876543209877,0.014814814814814815,0.044444444444444446,0.07407407407407407,0.22900763358778625,0.17105263157894737,0.20689655172413793,0.20224719101123595,0.18292682926829268,Regierung,1.0,0.0,20,WP20,2023,9,15
145,2023-09-28,2023-10-13,22,linke,4.0,4.0,0.0,0.0,0.4888888888888889,1.4666666666666666,2.1063218390804597,0.4222222222222222,0.8666666666666667,0.17777777777777778,2.0833333333333335,2.4444444444444446,1.4285714285714286,1.7,2.2,12,9,7,10,15,45,29,451.75555555555553,True,False,0.0,Die Linke,0.26666666666666666,0.2,0.15555555555555556,0.2222222222222222,0.3333333333333333,405,131,76,29,89,164,0.02962962962962963,0.022222222222222223,0.01728395061728395,0.024691358024691357,0.037037037037037035,0.0916030534351145,0.11842105263157894,0.2413793103448276,0.11235955056179775,0.09146341463414634,Opposition,0.0,1.0,20,WP20,2023,9,15
145,2023-09-28,2023-10-13,22,spd,16.0,16.0,0.0,0.0,0.16969696969696968,0.509090909090909,1.4294871794871795,0.1,0.2909090909090909,0.11818181818181818,0.7941176470588235,2.8666666666666667,0.8888888888888888,2.3636363636363638,1.1063829787234043,34,15,9,22,47,110,78,644.0090909090909,True,False,2.0,SPD,0.3090909090909091,0.13636363636363635,0.08181818181818182,0.2,0.42727272727272725,405,131,76,29,89,164,0.08395061728395062,0.037037037037037035,0.022222222222222223,0.05432098765432099,0.11604938271604938,0.2595419847328244,0.19736842105263158,0.3103448275862069,0.24719101123595505,0.2865853658536585,Regierung,1.0,0.0,20,WP20,2023,9,15
146,2023-10-13,2023-11-02,23,afd,23.0,22.0,1.0,1.0,1.0326797385620914,3.0980392156862746,6.96780303030303,0.9607843137254902,1.5490196078431373,0.5882352941176471,8.38888888888889,7.777777777777778,8.625,6.0588235294117645,6.935483870967742,18,18,8,17,31,51,44,493.45098039215685,False,True,,,0.35294117647058826,0.35294117647058826,0.1568627450980392,0.3333333333333333,0.6078431372549019,358,118,74,41,94,132,0.05027932960893855,0.05027932960893855,0.0223463687150838,0.04748603351955307,0.08659217877094973,0.15254237288135594,0.24324324324324326,0.1951219512195122,0.18085106382978725,0.23484848484848486,Opposition,0.0,1.0,20,WP20,2023,10,20
146,2023-10-13,2023-11-02,23,cdu/csu,29.0,28.0,1.0,1.0,0.38235294117647056,1.1470588235294117,4.217342342342342,0.24509803921568626,0.7058823529411765,0.19607843137254902,4.67741935483871,7.0,3.4444444444444446,4.761904761904762,4.342105263157895,31,19,9,21,38,102,74,585.3039215686274,True,False,4.0,CDU/CSU,0.30392156862745096,0.18627450980392157,0.08823529411764706,0.20588235294117646,0.37254901960784315,358,118,74,41,94,132,0.08659217877094973,0.05307262569832402,0.025139664804469275,0.05865921787709497,0.10614525139664804,0.2627118644067797,0.25675675675675674,0.21951219512195122,0.22340425531914893,0.2878787878787879,Opposition,0.0,1.0,20,WP20,2023,10,20
146,2023-10-13,2023-11-02,23,fdp,5.0,6.0,-1.0,1.0,0.19333333333333333,0.58,2.363095238095238,0.14,0.28,0.16,2.3125,4.153846153846154,1.1428571428571428,2.0714285714285716,2.3181818181818183,16,13,7,14,22,50,42,540.68,True,False,3.0,FDP,0.32,0.26,0.14,0.28,0.44,358,118,74,41,94,132,0.0446927374301676,0.036312849162011177,0.019553072625698324,0.03910614525139665,0.061452513966480445,0.13559322033898305,0.17567567567567569,0.17073170731707318,0.14893617021276595,0.16666666666666666,Regierung,1.0,0.0,20,WP20,2023,10,20
146,2023-10-13,2023-11-02,23,grüne,13.0,14.0,-1.0,1.0,0.1323529411764706,0.39705882352941174,1.2857142857142858,0.10294117647058823,0.22058823529411764,0.07352941176470588,1.3571428571428572,2.25,0.8,0.8,1.1,28,12,10,20,20,68,56,527.2352941176471,True,False,1.0,Bündnis 90/Die Grünen,0.4117647058823529,0.17647058823529413,0.14705882352941177,0.29411764705882354,0.29411764705882354,358,118,74,41,94,132,0.0782122905027933,0.0335195530726257,0.027932960893854747,0.055865921787709494,0.055865921787709494,0.23728813559322035,0.16216216216216217,0.24390243902439024,0.2127659574468085,0.15151515151515152,Regierung,1.0,0.0,20,WP20,2023,10,20
146,2023-10-13,2023-11-02,23,linke,4.0,4.0,0.0,0.0,0.3412698412698412,1.0238095238095237,1.6290322580645162,0.23809523809523808,0.6666666666666666,0.11904761904761904,1.8333333333333333,2.0,0.5,1.5,1.8888888888888888,12,7,6,12,9,42,31,401.1904761904762,True,False,0.0,Die Linke,0.2857142857142857,0.16666666666666666,0.14285714285714285,0.2857142857142857,0.21428571428571427,358,118,74,41,94,132,0.0335195530726257,0.019553072625698324,0.01675977653631285,0.0335195530726257,0.025139664804469275,0.1016949152542373,0.0945945945945946,0.14634146341463414,0.1276595744680851,0.06818181818181818,Opposition,0.0,1.0,20,WP20,2023,10,20
146,2023-10-13,2023-11-02,23,spd,15.0,16.0,-1.0,1.0,0.19444444444444445,0.5833333333333334,1.4923245614035088,0.15625,0.3125,0.11458333333333333,1.7741935483870968,2.260869565217391,1.0,1.2592592592592593,1.069767441860465,31,23,9,27,43,96,76,627.8229166666666,True,False,2.0,SPD,0.3229166666666667,0.23958333333333334,0.09375,0.28125,0.4479166666666667,358,118,74,41,94,132,0.08659217877094973,0.06424581005586592,0.025139664804469275,0.07541899441340782,0.12011173184357542,0.2627118644067797,0.3108108108108108,0.21951219512195122,0.2872340425531915,0.32575757575757575,Regierung,1.0,0.0,20,WP20,2023,10,20
147,2023-11-02,2023-11-10,22,afd,22.0,23.0,-1.0,1.0,1.125,3.375,7.239583333333333,1.125,1.625,0.625,9.0,9.555555555555555,9.0,6.666666666666667,7.363636363636363,7,9,7,18,22,32,24,493.96875,False,True,,,0.21875,0.28125,0.21875,0.5625,0.6875,214,29,40,23,57,77,0.03271028037383177,0.04205607476635514,0.03271028037383177,0.08411214953271028,0.102803738317757,0.2413793103448276,0.225,0.30434782608695654,0.3157894736842105,0.2857142857142857,Opposition,0.0,1.0,20,WP20,2023,11,8
147,2023-11-02,2023-11-10,22,cdu/csu,30.0,29.0,1.0,1.0,0.43333333333333335,1.3,3.8411458333333335,0.36666666666666664,0.7333333333333333,0.2,6.6,6.916666666666667,5.0,3.0555555555555554,3.84,5,12,2,18,25,60,32,582.7833333333333,True,False,4.0,CDU/CSU,0.08333333333333333,0.2,0.03333333333333333,0.3,0.4166666666666667,214,29,40,23,57,77,0.02336448598130841,0.056074766355140186,0.009345794392523364,0.08411214953271028,0.11682242990654206,0.1724137931034483,0.3,0.08695652173913043,0.3157894736842105,0.3246753246753247,Opposition,0.0,1.0,20,WP20,2023,11,8
147,2023-11-02,2023-11-10,22,fdp,4.0,5.0,-1.0,1.0,0.3333333333333333,1.0,3.9947916666666665,0.3333333333333333,0.4,0.26666666666666666,4.75,6.714285714285714,2.25,4.1,3.1666666666666665,4,7,4,10,12,30,16,573.0,True,False,3.0,FDP,0.13333333333333333,0.23333333333333334,0.13333333333333333,0.3333333333333333,0.4,214,29,40,23,57,77,0.018691588785046728,0.03271028037383177,0.018691588785046728,0.04672897196261682,0.056074766355140186,0.13793103448275862,0.175,0.17391304347826086,0.17543859649122806,0.15584415584415584,Regierung,1.0,0.0,20,WP20,2023,11,8
147,2023-11-02,2023-11-10,22,grüne,14.0,13.0,1.0,1.0,0.2222222222222222,0.6666666666666666,1.259090909090909,0.1111111111111111,0.4444444444444444,0.1111111111111111,1.25,2.3333333333333335,1.3333333333333333,1.3333333333333333,1.1538461538461537,8,6,6,12,13,36,22,550.9444444444445,True,False,1.0,Bündnis 90/Die Grünen,0.2222222222222222,0.16666666666666666,0.16666666666666666,0.3333333333333333,0.3611111111111111,214,29,40,23,57,77,0.037383177570093455,0.028037383177570093,0.028037383177570093,0.056074766355140186,0.06074766355140187,0.27586206896551724,0.15,0.2608695652173913,0.21052631578947367,0.16883116883116883,Regierung,1.0,0.0,20,WP20,2023,11,8
147,2023-11-02,2023-11-10,22,linke,5.0,4.0,1.0,1.0,0.47435897435897434,1.4230769230769231,1.6145833333333333,0.5,0.8461538461538461,0.07692307692307693,2.0,2.0,0.5,1.5,0.7142857142857143,5,5,2,6,7,26,16,413.11538461538464,True,False,0.0,Die Linke,0.19230769230769232,0.19230769230769232,0.07692307692307693,0.23076923076923078,0.2692307692307692,214,29,40,23,57,77,0.02336448598130841,0.02336448598130841,0.009345794392523364,0.028037383177570093,0.03271028037383177,0.1724137931034483,0.125,0.08695652173913043,0.10526315789473684,0.09090909090909091,Opposition,0.0,1.0,20,WP20,2023,11,8
147,2023-11-02,2023-11-10,22,spd,16.0,15.0,1.0,1.0,0.15591397849462366,0.46774193548387094,1.2941176470588236,0.1935483870967742,0.22580645161290322,0.04838709677419355,1.2857142857142858,2.4,0.7777777777777778,1.0,1.15,7,10,9,11,20,62,34,590.9677419354839,True,False,2.0,SPD,0.11290322580645161,0.16129032258064516,0.14516129032258066,0.1774193548387097,0.3225806451612903,214,29,40,23,57,77,0.03271028037383177,0.04672897196261682,0.04205607476635514,0.0514018691588785,0.09345794392523364,0.2413793103448276,0.25,0.391304347826087,0.19298245614035087,0.2597402597402597,Regierung,1.0,0.0,20,WP20,2023,11,8
148,2023-11-10,2023-12-07,21,afd,21.0,22.0,-1.0,1.0,1.0396825396825395,3.119047619047619,7.6833333333333345,1.0952380952380953,1.5119047619047619,0.5119047619047619,8.666666666666666,8.73076923076923,8.055555555555555,6.814814814814815,7.821428571428571,33,26,18,27,56,84,74,530.25,False,True,,,0.39285714285714285,0.30952380952380953,0.21428571428571427,0.32142857142857145,0.6666666666666666,628,203,100,72,195,266,0.052547770700636945,0.041401273885350316,0.028662420382165606,0.042993630573248405,0.08917197452229299,0.1625615763546798,0.26,0.25,0.13846153846153847,0.21052631578947367,Opposition,0.0,1.0,20,WP20,2023,11,27
148,2023-11-10,2023-12-07,21,cdu/csu,30.0,30.0,0.0,0.0,0.4275362318840579,1.2826086956521738,4.243638676844784,0.33152173913043476,0.7880434782608695,0.16304347826086957,5.264150943396227,6.56,3.6875,4.383333333333334,3.8734177215189876,53,25,16,60,79,184,131,599.3478260869565,True,False,4.0,CDU/CSU,0.28804347826086957,0.1358695652173913,0.08695652173913043,0.32608695652173914,0.42934782608695654,628,203,100,72,195,266,0.08439490445859872,0.03980891719745223,0.025477707006369428,0.09554140127388536,0.12579617834394904,0.26108374384236455,0.25,0.2222222222222222,0.3076923076923077,0.29699248120300753,Opposition,0.0,1.0,20,WP20,2023,11,27
148,2023-11-10,2023-12-07,21,fdp,5.0,4.0,1.0,1.0,0.14509803921568626,0.43529411764705883,2.4153225806451615,0.08235294117647059,0.24705882352941178,0.10588235294117647,2.782608695652174,4.357142857142857,1.875,2.5714285714285716,1.875,23,14,8,28,32,85,62,605.7529411764706,True,False,3.0,FDP,0.27058823529411763,0.16470588235294117,0.09411764705882353,0.32941176470588235,0.3764705882352941,628,203,100,72,195,266,0.03662420382165605,0.022292993630573247,0.012738853503184714,0.044585987261146494,0.050955414012738856,0.11330049261083744,0.14,0.1111111111111111,0.14358974358974358,0.12030075187969924,Regierung,1.0,0.0,20,WP20,2023,11,27
148,2023-11-10,2023-12-07,21,grüne,15.0,14.0,1.0,1.0,0.21929824561403508,0.6578947368421053,1.2291666666666667,0.14912280701754385,0.41228070175438597,0.09649122807017543,1.2941176470588236,1.4230769230769231,0.75,1.0,0.847457627118644,51,26,20,37,59,114,100,582.7543859649123,True,False,1.0,Bündnis 90/Die Grünen,0.4473684210526316,0.22807017543859648,0.17543859649122806,0.32456140350877194,0.5175438596491229,628,203,100,72,195,266,0.08121019108280254,0.041401273885350316,0.03184713375796178,0.0589171974522293,0.09394904458598727,0.2512315270935961,0.26,0.2777777777777778,0.18974358974358974,0.22180451127819548,Regierung,1.0,0.0,20,WP20,2023,11,27
148,2023-11-10,2023-12-07,21,linke,4.0,5.0,-1.0,1.0,0.463768115942029,1.391304347826087,1.523809523809524,0.4782608695652174,0.855072463768116,0.057971014492753624,1.875,1.875,0.7142857142857143,1.1363636363636365,1.3333333333333333,24,8,7,22,24,69,49,447.7826086956522,True,False,0.0,Die Linke,0.34782608695652173,0.11594202898550725,0.10144927536231885,0.3188405797101449,0.34782608695652173,628,203,100,72,195,266,0.03821656050955414,0.012738853503184714,0.011146496815286623,0.03503184713375796,0.03821656050955414,0.11822660098522167,0.08,0.09722222222222222,0.11282051282051282,0.09022556390977443,Opposition,0.0,1.0,20,WP20,2023,11,27
148,2023-11-10,2023-12-07,21,spd,15.0,16.0,-1.0,1.0,0.20265151515151514,0.6079545454545454,1.6974358974358974,0.16477272727272727,0.35795454545454547,0.08522727272727272,1.5576923076923077,2.6666666666666665,0.8571428571428571,1.7916666666666667,1.4583333333333333,52,27,21,48,72,176,130,631.4034090909091,True,False,2.0,SPD,0.29545454545454547,0.1534090909090909,0.11931818181818182,0.2727272727272727,0.4090909090909091,628,203,100,72,195,266,0.08280254777070063,0.042993630573248405,0.03343949044585987,0.07643312101910828,0.11464968152866242,0.2561576354679803,0.27,0.2916666666666667,0.24615384615384617,0.2706766917293233,Regierung,1.0,0.0,20,WP20,2023,11,27
149,2023-12-07,2023-12-22,21,afd,21.0,21.0,0.0,0.0,1.1176470588235294,3.3529411764705883,7.804022988505747,1.1176470588235294,1.5588235294117647,0.6764705882352942,8.818181818181818,9.0,8.625,7.3,8.0,11,14,8,10,24,34,29,564.0,False,True,,,0.3235294117647059,0.4117647058823529,0.23529411764705882,0.29411764705882354,0.7058823529411765,219,37,41,24,72,90,0.0502283105022831,0.0639269406392694,0.0365296803652968,0.045662100456621,0.1095890410958904,0.2972972972972973,0.34146341463414637,0.3333333333333333,0.1388888888888889,0.26666666666666666,Opposition,0.0,1.0,20,WP20,2023,12,15
149,2023-12-07,2023-12-22,21,cdu/csu,32.0,30.0,2.0,2.0,0.3952380952380952,1.1857142857142857,3.361842105263158,0.3142857142857143,0.6428571428571429,0.22857142857142856,3.9,7.0,0.14285714285714285,3.0,3.8461538461538463,10,14,7,19,26,70,38,625.6285714285714,True,False,4.0,CDU/CSU,0.14285714285714285,0.2,0.1,0.2714285714285714,0.37142857142857144,219,37,41,24,72,90,0.045662100456621,0.0639269406392694,0.0319634703196347,0.0867579908675799,0.1187214611872146,0.2702702702702703,0.34146341463414637,0.2916666666666667,0.2638888888888889,0.28888888888888886,Opposition,0.0,1.0,20,WP20,2023,12,15
149,2023-12-07,2023-12-22,21,fdp,4.0,5.0,-1.0,1.0,0.10185185185185185,0.3055555555555556,2.0083333333333333,0.027777777777777776,0.19444444444444445,0.08333333333333333,2.3333333333333335,4.2,1.6666666666666667,1.9,2.0714285714285716,6,5,3,10,14,36,20,654.3888888888889,True,False,3.0,FDP,0.16666666666666666,0.1388888888888889,0.08333333333333333,0.2777777777777778,0.3888888888888889,219,37,41,24,72,90,0.0273972602739726,0.0228310502283105,0.0136986301369863,0.045662100456621,0.0639269406392694,0.16216216216216217,0.12195121951219512,0.125,0.1388888888888889,0.15555555555555556,Regierung,1.0,0.0,20,WP20,2023,12,15
149,2023-12-07,2023-12-22,21,grüne,15.0,15.0,0.0,0.0,0.3333333333333333,1.0,1.0252525252525253,0.2826086956521739,0.5217391304347826,0.1956521739130435,0.7777777777777778,1.7142857142857142,1.1666666666666667,0.9,0.8947368421052632,9,7,6,20,19,46,33,609.1739130434783,True,False,1.0,Bündnis 90/Die Grünen,0.1956521739130435,0.15217391304347827,0.13043478260869565,0.43478260869565216,0.41304347826086957,219,37,41,24,72,90,0.0410958904109589,0.0319634703196347,0.0273972602739726,0.091324200913242,0.0867579908675799,0.24324324324324326,0.17073170731707318,0.25,0.2777777777777778,0.2111111111111111,Regierung,1.0,0.0,20,WP20,2023,12,15
149,2023-12-07,2023-12-22,21,linke,3.0,4.0,-1.0,1.0,,,,,,,,,,,,0,0,0,0,0,0,0,,True,False,0.0,Die Linke,,,,,,219,37,41,24,72,90,0.0,0.0,0.0,0.0,0.0,0.0,0.0,0.0,0.0,0.0,,,,,,2023,12,15
149,2023-12-07,2023-12-22,21,spd,14.0,15.0,-1.0,1.0,0.24875621890547261,0.746268656716418,1.2905797101449274,0.208955223880597,0.43283582089552236,0.1044776119402985,1.4166666666666667,2.6666666666666665,0.375,0.9130434782608695,1.1612903225806452,12,15,8,23,31,67,46,668.2686567164179,True,False,2.0,SPD,0.1791044776119403,0.22388059701492538,0.11940298507462686,0.34328358208955223,0.4626865671641791,219,37,41,24,72,90,0.0547945205479452,0.0684931506849315,0.0365296803652968,0.1050228310502283,0.1415525114155251,0.32432432432432434,0.36585365853658536,0.3333333333333333,0.3194444444444444,0.34444444444444444,Regierung,1.0,0.0,20,WP20,2023,12,15
150,2023-12-22,2024-01-04,21,afd,21.0,21.0,0.0,0.0,,,,,,,,,,,,0,0,0,0,0,0,0,,False,True,,,,,,,,0,0,0,0,0,0,,,,,,,,,,,,,,,,2023,12,13
150,2023-12-22,2024-01-04,21,cdu/csu,32.0,32.0,0.0,0.0,,,,,,,,,,,,0,0,0,0,0,0,0,,True,False,4.0,CDU/CSU,,,,,,0,0,0,0,0,0,,,,,,,,,,,,,,,,2023,12,13
150,2023-12-22,2024-01-04,21,fdp,5.0,4.0,1.0,1.0,,,,,,,,,,,,0,0,0,0,0,0,0,,True,False,3.0,FDP,,,,,,0,0,0,0,0,0,,,,,,,,,,,,,,,,2023,12,13
150,2023-12-22,2024-01-04,21,grüne,14.0,15.0,-1.0,1.0,,,,,,,,,,,,0,0,0,0,0,0,0,,True,False,1.0,Bündnis 90/Die Grünen,,,,,,0,0,0,0,0,0,,,,,,,,,,,,,,,,2023,12,13
150,2023-12-22,2024-01-04,21,linke,3.0,3.0,0.0,0.0,,,,,,,,,,,,0,0,0,0,0,0,0,,True,False,0.0,Die Linke,,,,,,0,0,0,0,0,0,,,,,,,,,,,,,,,,2023,12,13
150,2023-12-22,2024-01-04,21,spd,14.0,14.0,0.0,0.0,,,,,,,,,,,,0,0,0,0,0,0,0,,True,False,2.0,SPD,,,,,,0,0,0,0,0,0,,,,,,,,,,,,,,,,2023,12,13
151,2024-01-04,2024-02-01,22,afd,22.0,21.0,1.0,1.0,1.1397849462365592,3.4193548387096775,7.745535714285714,1.1612903225806452,1.6612903225806452,0.5967741935483871,8.44,9.047619047619047,7.8,6.916666666666667,8.14,25,21,10,24,50,62,56,531.6774193548387,False,True,,,0.4032258064516129,0.3387096774193548,0.16129032258064516,0.3870967741935484,0.8064516129032258,385,102,97,37,142,217,0.06493506493506493,0.05454545454545454,0.025974025974025976,0.06233766233766234,0.12987012987012986,0.24509803921568626,0.21649484536082475,0.2702702702702703,0.16901408450704225,0.2304147465437788,Opposition,0.0,1.0,20,WP20,2024,1,28
151,2024-01-04,2024-02-01,22,cdu/csu,31.0,32.0,-1.0,1.0,0.5649717514124294,1.694915254237288,4.586142322097379,0.4830508474576271,1.0,0.211864406779661,5.5,6.615384615384615,4.0,5.529411764705882,3.913793103448276,34,26,3,34,58,118,89,657.8559322033898,True,False,4.0,CDU/CSU,0.288135593220339,0.22033898305084745,0.025423728813559324,0.288135593220339,0.4915254237288136,385,102,97,37,142,217,0.08831168831168831,0.06753246753246753,0.007792207792207792,0.08831168831168831,0.15064935064935064,0.3333333333333333,0.26804123711340205,0.08108108108108109,0.23943661971830985,0.2672811059907834,Opposition,0.0,1.0,20,WP20,2024,1,28
151,2024-01-04,2024-02-01,22,fdp,5.0,5.0,0.0,0.0,0.2564102564102564,0.7692307692307693,2.4901960784313726,0.2153846153846154,0.38461538461538464,0.16923076923076924,4.222222222222222,4.733333333333333,0.0,2.4444444444444446,1.6,9,15,5,18,40,65,51,568.7076923076924,True,False,3.0,FDP,0.13846153846153847,0.23076923076923078,0.07692307692307693,0.27692307692307694,0.6153846153846154,385,102,97,37,142,217,0.023376623376623377,0.03896103896103896,0.012987012987012988,0.046753246753246755,0.1038961038961039,0.08823529411764706,0.15463917525773196,0.13513513513513514,0.1267605633802817,0.18433179723502305,Regierung,1.0,0.0,20,WP20,2024,1,28
151,2024-01-04,2024-02-01,22,grüne,13.0,14.0,-1.0,1.0,0.3639846743295019,1.0919540229885059,1.2305194805194806,0.3448275862068966,0.5402298850574713,0.20689655172413793,1.3448275862068966,2.4285714285714284,0.2857142857142857,1.2045454545454546,0.803921568627451,29,28,14,44,51,87,77,580.7471264367816,True,False,1.0,Bündnis 90/Die Grünen,0.3333333333333333,0.3218390804597701,0.16091954022988506,0.5057471264367817,0.5862068965517241,385,102,97,37,142,217,0.07532467532467532,0.07272727272727272,0.03636363636363636,0.11428571428571428,0.13246753246753246,0.28431372549019607,0.28865979381443296,0.3783783783783784,0.30985915492957744,0.2350230414746544,Regierung,1.0,0.0,20,WP20,2024,1,28
151,2024-01-04,2024-02-01,22,linke,4.0,3.0,1.0,1.0,,,,,,,,,,,,0,0,0,0,0,0,0,,True,False,0.0,Die Linke,,,,,,385,102,97,37,142,217,0.0,0.0,0.0,0.0,0.0,0.0,0.0,0.0,0.0,0.0,,,,,,2024,1,28
151,2024-01-04,2024-02-01,22,spd,14.0,14.0,0.0,0.0,0.2985507246376811,0.8956521739130435,1.6649122807017542,0.26956521739130435,0.43478260869565216,0.19130434782608696,1.8666666666666667,2.0714285714285716,0.3333333333333333,2.0434782608695654,1.1470588235294117,30,28,15,46,68,115,95,665.1652173913044,True,False,2.0,SPD,0.2608695652173913,0.24347826086956523,0.13043478260869565,0.4,0.591304347826087,385,102,97,37,142,217,0.07792207792207792,0.07272727272727272,0.03896103896103896,0.11948051948051948,0.17662337662337663,0.29411764705882354,0.28865979381443296,0.40540540540540543,0.323943661971831,0.31336405529953915,Regierung,1.0,0.0,20,WP20,2024,1,28
152,2024-02-01,2024-03-07,19,afd,19.0,22.0,-3.0,3.0,1.0634920634920635,3.1904761904761907,6.852678571428571,1.1428571428571428,1.6666666666666667,0.38095238095238093,8.5,7.823529411764706,8.5,5.416666666666667,7.177777777777778,22,17,8,24,45,63,56,517.1111111111111,False,True,,,0.3492063492063492,0.2698412698412698,0.12698412698412698,0.38095238095238093,0.7142857142857143,445,132,75,45,132,209,0.04943820224719101,0.038202247191011236,0.017977528089887642,0.05393258426966292,0.10112359550561797,0.16666666666666666,0.22666666666666666,0.17777777777777778,0.18181818181818182,0.215311004784689,Opposition,0.0,1.0,20,WP20,2024,2,35
152,2024-02-01,2024-03-07,19,cdu/csu,30.0,31.0,-1.0,1.0,0.41333333333333333,1.24,4.071161048689138,0.344,0.776,0.12,5.67741935483871,4.947368421052632,3.8,4.290322580645161,3.2033898305084745,31,19,5,31,59,125,89,642.984,True,False,4.0,CDU/CSU,0.248,0.152,0.04,0.248,0.472,445,132,75,45,132,209,0.0696629213483146,0.04269662921348315,0.011235955056179775,0.0696629213483146,0.13258426966292136,0.23484848484848486,0.25333333333333335,0.1111111111111111,0.23484848484848486,0.2822966507177033,Opposition,0.0,1.0,20,WP20,2024,2,35
152,2024-02-01,2024-03-07,19,fdp,4.0,5.0,-1.0,1.0,0.16666666666666666,0.5,2.388888888888889,0.10810810810810811,0.35135135135135137,0.04054054054054054,4.055555555555555,3.9166666666666665,2.8333333333333335,1.9090909090909092,2.0,18,12,6,22,37,74,57,551.4054054054054,True,False,3.0,FDP,0.24324324324324326,0.16216216216216217,0.08108108108108109,0.2972972972972973,0.5,445,132,75,45,132,209,0.04044943820224719,0.02696629213483146,0.01348314606741573,0.04943820224719101,0.08314606741573034,0.13636363636363635,0.16,0.13333333333333333,0.16666666666666666,0.17703349282296652,Regierung,1.0,0.0,20,WP20,2024,2,35
152,2024-02-01,2024-03-07,19,grüne,14.0,13.0,1.0,1.0,0.24806201550387597,0.7441860465116279,1.1833333333333333,0.1744186046511628,0.4418604651162791,0.12790697674418605,1.3428571428571427,2.230769230769231,0.6666666666666666,1.0,0.85,35,13,12,28,40,86,75,556.3488372093024,True,False,1.0,Bündnis 90/Die Grünen,0.4069767441860465,0.1511627906976744,0.13953488372093023,0.32558139534883723,0.46511627906976744,445,132,75,45,132,209,0.07865168539325842,0.029213483146067417,0.02696629213483146,0.06292134831460675,0.0898876404494382,0.26515151515151514,0.17333333333333334,0.26666666666666666,0.21212121212121213,0.19138755980861244,Regierung,1.0,0.0,20,WP20,2024,2,35
152,2024-02-01,2024-03-07,19,linke,3.0,4.0,-1.0,1.0,0.5454545454545454,1.6363636363636365,1.4702380952380951,0.5909090909090909,0.9090909090909091,0.13636363636363635,2.0,3.0,0.75,0.42857142857142855,1.75,4,3,4,7,8,22,14,369.3636363636364,True,False,0.0,Die Linke,0.18181818181818182,0.13636363636363635,0.18181818181818182,0.3181818181818182,0.36363636363636365,445,132,75,45,132,209,0.008988764044943821,0.006741573033707865,0.008988764044943821,0.015730337078651686,0.017977528089887642,0.030303030303030304,0.04,0.08888888888888889,0.05303030303030303,0.03827751196172249,Opposition,0.0,1.0,20,WP20,2024,2,35
152,2024-02-01,2024-03-07,19,spd,16.0,14.0,2.0,2.0,0.1714975845410628,0.5144927536231884,1.5596096096096097,0.12318840579710146,0.30434782608695654,0.08695652173913043,1.7727272727272727,2.0357142857142856,1.6111111111111112,1.6363636363636365,1.2307692307692308,44,28,18,44,65,138,111,595.8333333333334,True,False,2.0,SPD,0.3188405797101449,0.2028985507246377,0.13043478260869565,0.3188405797101449,0.47101449275362317,445,132,75,45,132,209,0.09887640449438202,0.06292134831460675,0.04044943820224719,0.09887640449438202,0.14606741573033707,0.3333333333333333,0.37333333333333335,0.4,0.3333333333333333,0.31100478468899523,Regierung,1.0,0.0,20,WP20,2024,2,35
153,2024-03-07,2024-04-04,19,afd,19.0,19.0,0.0,0.0,1.0,3.0,7.066379310344828,1.0,1.5223880597014925,0.47761194029850745,8.833333333333334,8.705882352941176,7.181818181818182,6.470588235294118,7.304347826086956,18,17,11,34,46,67,58,508.4925373134328,False,True,,,0.26865671641791045,0.2537313432835821,0.16417910447761194,0.5074626865671642,0.6865671641791045,494,102,81,48,160,229,0.03643724696356275,0.03441295546558704,0.022267206477732792,0.06882591093117409,0.0931174089068826,0.17647058823529413,0.20987654320987653,0.22916666666666666,0.2125,0.20087336244541484,Opposition,0.0,1.0,20,WP20,2024,3,28
153,2024-03-07,2024-04-04,19,cdu/csu,29.0,30.0,-1.0,1.0,0.3870967741935484,1.1612903225806452,4.187687687687688,0.3096774193548387,0.6903225806451613,0.16129032258064516,5.848484848484849,6.458333333333333,1.3333333333333333,4.2727272727272725,3.375,33,24,12,44,64,155,111,546.7612903225806,True,False,4.0,CDU/CSU,0.2129032258064516,0.15483870967741936,0.07741935483870968,0.2838709677419355,0.4129032258064516,494,102,81,48,160,229,0.06680161943319839,0.048582995951417005,0.024291497975708502,0.08906882591093117,0.12955465587044535,0.3235294117647059,0.2962962962962963,0.25,0.275,0.2794759825327511,Opposition,0.0,1.0,20,WP20,2024,3,28
153,2024-03-07,2024-04-04,19,fdp,5.0,4.0,1.0,1.0,0.1746031746031746,0.5238095238095238,2.14247311827957,0.07142857142857142,0.34523809523809523,0.10714285714285714,3.9285714285714284,3.7,0.6666666666666666,2.193548387096774,1.6521739130434783,14,10,6,31,46,84,62,559.9880952380952,True,False,3.0,FDP,0.16666666666666666,0.11904761904761904,0.07142857142857142,0.36904761904761907,0.5476190476190477,494,102,81,48,160,229,0.02834008097165992,0.020242914979757085,0.012145748987854251,0.06275303643724696,0.0931174089068826,0.13725490196078433,0.12345679012345678,0.125,0.19375,0.20087336244541484,Regierung,1.0,0.0,20,WP20,2024,3,28
153,2024-03-07,2024-04-04,19,grüne,14.0,14.0,0.0,0.0,0.28682170542635654,0.8604651162790697,1.5681818181818181,0.16279069767441862,0.5232558139534884,0.1744186046511628,1.1304347826086956,3.823529411764706,0.7777777777777778,1.5862068965517242,1.1333333333333333,23,17,9,29,45,86,66,566.7093023255813,True,False,1.0,Bündnis 90/Die Grünen,0.26744186046511625,0.19767441860465115,0.10465116279069768,0.3372093023255814,0.5232558139534884,494,102,81,48,160,229,0.0465587044534413,0.03441295546558704,0.018218623481781375,0.058704453441295545,0.09109311740890688,0.22549019607843138,0.20987654320987653,0.1875,0.18125,0.1965065502183406,Regierung,1.0,0.0,20,WP20,2024,3,28
153,2024-03-07,2024-04-04,19,linke,3.0,3.0,0.0,0.0,0.4411764705882353,1.3235294117647058,1.5476190476190477,0.4411764705882353,0.7941176470588235,0.08823529411764706,2.5,2.0,0.0,1.4166666666666667,1.1111111111111112,4,6,2,12,9,34,21,364.88235294117646,True,False,0.0,Die Linke,0.11764705882352941,0.17647058823529413,0.058823529411764705,0.35294117647058826,0.2647058823529412,494,102,81,48,160,229,0.008097165991902834,0.012145748987854251,0.004048582995951417,0.024291497975708502,0.018218623481781375,0.0392156862745098,0.07407407407407407,0.041666666666666664,0.075,0.039301310043668124,Opposition,0.0,1.0,20,WP20,2024,3,28
153,2024-03-07,2024-04-04,19,spd,16.0,16.0,0.0,0.0,0.3111111111111111,0.9333333333333333,1.4290849673202615,0.24444444444444444,0.5185185185185185,0.17037037037037037,1.5,2.4166666666666665,0.8421052631578947,1.4545454545454546,0.9846153846153847,28,24,19,44,65,135,102,624.8222222222222,True,False,2.0,SPD,0.2074074074074074,0.17777777777777778,0.14074074074074075,0.32592592592592595,0.48148148148148145,494,102,81,48,160,229,0.05668016194331984,0.048582995951417005,0.038461538461538464,0.08906882591093117,0.13157894736842105,0.27450980392156865,0.2962962962962963,0.3958333333333333,0.275,0.2838427947598253,Regierung,1.0,0.0,20,WP20,2024,3,28
154,2024-04-04,2024-05-02,18,afd,18.0,19.0,-1.0,1.0,0.974025974025974,2.9220779220779223,7.631372549019609,0.922077922077922,1.4935064935064934,0.5064935064935064,8.666666666666666,8.6875,8.105263157894736,7.133333333333334,7.588235294117647,27,16,19,30,51,77,68,493.6233766233766,False,True,,,0.35064935064935066,0.2077922077922078,0.24675324675324675,0.38961038961038963,0.6623376623376623,531,169,64,78,174,231,0.05084745762711865,0.030131826741996232,0.035781544256120526,0.05649717514124294,0.096045197740113,0.15976331360946747,0.25,0.24358974358974358,0.1724137931034483,0.22077922077922077,Opposition,0.0,1.0,20,WP20,2024,4,28
154,2024-04-04,2024-05-02,18,cdu/csu,30.0,29.0,1.0,1.0,0.3708609271523179,1.1125827814569536,3.9124293785310735,0.1986754966887417,0.7284768211920529,0.18543046357615894,4.444444444444445,7.375,4.066666666666666,4.25,3.420289855072464,45,16,15,48,69,151,118,589.933774834437,True,False,4.0,CDU/CSU,0.2980132450331126,0.10596026490066225,0.09933774834437085,0.31788079470198677,0.45695364238410596,531,169,64,78,174,231,0.0847457627118644,0.030131826741996232,0.02824858757062147,0.0903954802259887,0.12994350282485875,0.26627218934911245,0.25,0.19230769230769232,0.27586206896551724,0.2987012987012987,Opposition,0.0,1.0,20,WP20,2024,4,28
154,2024-04-04,2024-05-02,18,fdp,4.0,5.0,-1.0,1.0,0.24497991967871485,0.7349397590361446,2.4494949494949494,0.0963855421686747,0.46987951807228917,0.1686746987951807,3.4285714285714284,4.666666666666667,2.3684210526315788,1.6764705882352942,2.3947368421052633,21,9,19,34,38,83,66,571.0,True,False,3.0,FDP,0.25301204819277107,0.10843373493975904,0.2289156626506024,0.40963855421686746,0.4578313253012048,531,169,64,78,174,231,0.03954802259887006,0.01694915254237288,0.035781544256120526,0.064030131826742,0.07156308851224105,0.1242603550295858,0.140625,0.24358974358974358,0.19540229885057472,0.1645021645021645,Regierung,1.0,0.0,20,WP20,2024,4,28
154,2024-04-04,2024-05-02,18,grüne,15.0,14.0,1.0,1.0,0.24853801169590642,0.7456140350877193,1.1241319444444444,0.17543859649122806,0.47368421052631576,0.09649122807017543,0.9565217391304348,2.1052631578947367,0.6,1.0857142857142856,1.2291666666666667,46,19,15,35,48,114,96,541.2719298245614,True,False,1.0,Bündnis 90/Die Grünen,0.40350877192982454,0.16666666666666666,0.13157894736842105,0.30701754385964913,0.42105263157894735,531,169,64,78,174,231,0.08662900188323917,0.035781544256120526,0.02824858757062147,0.06591337099811675,0.0903954802259887,0.27218934911242604,0.296875,0.19230769230769232,0.20114942528735633,0.2077922077922078,Regierung,1.0,0.0,20,WP20,2024,4,28
154,2024-04-04,2024-05-02,18,linke,3.0,3.0,0.0,0.0,0.4761904761904761,1.4285714285714286,1.48,0.5142857142857142,0.8285714285714286,0.08571428571428572,1.0,1.0,1.8571428571428572,2.3333333333333335,1.75,12,4,7,6,12,35,25,354.7142857142857,True,False,0.0,Die Linke,0.34285714285714286,0.11428571428571428,0.2,0.17142857142857143,0.34285714285714286,531,169,64,78,174,231,0.022598870056497175,0.007532956685499058,0.013182674199623353,0.011299435028248588,0.022598870056497175,0.07100591715976332,0.0625,0.08974358974358974,0.034482758620689655,0.05194805194805195,Opposition,0.0,1.0,20,WP20,2024,4,28
154,2024-04-04,2024-05-02,18,spd,15.0,16.0,-1.0,1.0,0.27702702702702703,0.831081081081081,1.3660968660968662,0.19594594594594594,0.47297297297297297,0.16216216216216217,1.1111111111111112,3.5,0.5909090909090909,1.5294117647058822,1.34375,45,16,22,51,64,148,117,620.277027027027,True,False,2.0,SPD,0.30405405405405406,0.10810810810810811,0.14864864864864866,0.34459459459459457,0.43243243243243246,531,169,64,78,174,231,0.0847457627118644,0.030131826741996232,0.04143126177024482,0.096045197740113,0.12052730696798493,0.26627218934911245,0.25,0.28205128205128205,0.29310344827586204,0.27705627705627706,Regierung,1.0,0.0,20,WP20,2024,4,28
155,2024-05-02,2024-05-30,18,afd,18.0,18.0,0.0,0.0,1.0714285714285714,3.2142857142857144,7.060185185185185,1.0714285714285714,1.5,0.6428571428571429,8.6,8.3125,7.222222222222222,6.35,7.857142857142857,10,16,9,20,28,42,36,523.9047619047619,False,True,,,0.23809523809523808,0.38095238095238093,0.21428571428571427,0.47619047619047616,0.6666666666666666,286,52,51,35,116,127,0.03496503496503497,0.055944055944055944,0.03146853146853147,0.06993006993006994,0.0979020979020979,0.19230769230769232,0.3137254901960784,0.2571428571428571,0.1724137931034483,0.2204724409448819,Opposition,0.0,1.0,20,WP20,2024,5,28
155,2024-05-02,2024-05-30,18,cdu/csu,31.0,30.0,1.0,1.0,0.3703703703703703,1.1111111111111112,3.2319444444444443,0.3111111111111111,0.5888888888888889,0.2111111111111111,5.230769230769231,5.8,3.3333333333333335,3.135135135135135,2.3157894736842106,13,15,9,37,38,90,60,562.4,True,False,4.0,CDU/CSU,0.14444444444444443,0.16666666666666666,0.1,0.4111111111111111,0.4222222222222222,286,52,51,35,116,127,0.045454545454545456,0.05244755244755245,0.03146853146853147,0.12937062937062938,0.13286713286713286,0.25,0.29411764705882354,0.2571428571428571,0.31896551724137934,0.2992125984251969,Opposition,0.0,1.0,20,WP20,2024,5,28
155,2024-05-02,2024-05-30,18,fdp,5.0,4.0,1.0,1.0,0.1891891891891892,0.5675675675675675,2.1266666666666665,0.05405405405405406,0.3783783783783784,0.13513513513513514,3.4,4.166666666666667,1.5,1.625,1.7857142857142858,5,6,2,16,14,37,25,637.9459459459459,True,False,3.0,FDP,0.13513513513513514,0.16216216216216217,0.05405405405405406,0.43243243243243246,0.3783783783783784,286,52,51,35,116,127,0.017482517482517484,0.02097902097902098,0.006993006993006993,0.055944055944055944,0.04895104895104895,0.09615384615384616,0.11764705882352941,0.05714285714285714,0.13793103448275862,0.11023622047244094,Regierung,1.0,0.0,20,WP20,2024,5,28
155,2024-05-02,2024-05-30,18,grüne,15.0,15.0,0.0,0.0,0.30128205128205127,0.9038461538461539,1.3583333333333334,0.28846153846153844,0.46153846153846156,0.15384615384615385,1.0,3.5555555555555554,1.2,1.5217391304347827,1.0,16,9,10,23,25,52,40,532.9230769230769,True,False,1.0,Bündnis 90/Die Grünen,0.3076923076923077,0.17307692307692307,0.19230769230769232,0.4423076923076923,0.4807692307692308,286,52,51,35,116,127,0.055944055944055944,0.03146853146853147,0.03496503496503497,0.08041958041958042,0.08741258741258741,0.3076923076923077,0.17647058823529413,0.2857142857142857,0.19827586206896552,0.1968503937007874,Regierung,1.0,0.0,20,WP20,2024,5,28
155,2024-05-02,2024-05-30,18,linke,,3.0,,,0.42105263157894735,1.263157894736842,1.5384615384615385,0.42105263157894735,0.7368421052631579,0.10526315789473684,1.6666666666666667,3.3333333333333335,0.6666666666666666,1.5,1.625,3,3,3,8,8,19,13,365.36842105263156,True,False,0.0,Die Linke,0.15789473684210525,0.15789473684210525,0.15789473684210525,0.42105263157894735,0.42105263157894735,286,52,51,35,116,127,0.01048951048951049,0.01048951048951049,0.01048951048951049,0.027972027972027972,0.027972027972027972,0.057692307692307696,0.058823529411764705,0.08571428571428572,0.06896551724137931,0.06299212598425197,Opposition,0.0,1.0,20,WP20,2024,5,28
155,2024-05-02,2024-05-30,18,spd,15.0,15.0,0.0,0.0,0.19696969696969696,0.5909090909090909,1.4625,0.1590909090909091,0.3068181818181818,0.125,1.4666666666666666,2.6666666666666665,0.9090909090909091,1.53125,1.0714285714285714,15,18,11,32,42,88,60,603.4886363636364,True,False,2.0,SPD,0.17045454545454544,0.20454545454545456,0.125,0.36363636363636365,0.4772727272727273,286,52,51,35,116,127,0.05244755244755245,0.06293706293706294,0.038461538461538464,0.11188811188811189,0.14685314685314685,0.28846153846153844,0.35294117647058826,0.3142857142857143,0.27586206896551724,0.33070866141732286,Regierung,1.0,0.0,20,WP20,2024,5,28
156,2024-05-30,2024-07-04,18,afd,18.0,18.0,0.0,0.0,1.1054421768707483,3.316326530612245,7.710658914728683,1.0612244897959184,1.489795918367347,0.7653061224489796,8.666666666666666,8.770833333333334,8.62962962962963,7.341463414634147,8.152777777777779,27,48,27,41,72,98,86,577.8367346938776,False,True,,,0.2755102040816326,0.4897959183673469,0.2755102040816326,0.41836734693877553,0.7346938775510204,753,191,179,65,218,342,0.035856573705179286,0.06374501992031872,0.035856573705179286,0.05444887118193891,0.09561752988047809,0.14136125654450263,0.2681564245810056,0.4153846153846154,0.18807339449541285,0.21052631578947367,Opposition,0.0,1.0,20,WP20,2024,5,35
156,2024-05-30,2024-07-04,18,cdu/csu,31.0,31.0,0.0,0.0,0.47413793103448276,1.4224137931034482,4.619123931623932,0.36637931034482757,0.75,0.30603448275862066,5.777777777777778,7.036363636363636,5.052631578947368,4.707692307692308,4.176470588235294,45,55,19,65,102,232,156,586.7801724137931,True,False,4.0,CDU/CSU,0.1939655172413793,0.23706896551724138,0.08189655172413793,0.2801724137931034,0.4396551724137931,753,191,179,65,218,342,0.05976095617529881,0.07304116865869854,0.025232403718459494,0.08632138114209828,0.13545816733067728,0.2356020942408377,0.30726256983240224,0.2923076923076923,0.2981651376146789,0.2982456140350877,Opposition,0.0,1.0,20,WP20,2024,5,35
156,2024-05-30,2024-07-04,18,fdp,4.0,5.0,-1.0,1.0,0.2262996941896024,0.6788990825688074,2.4144444444444444,0.09174311926605505,0.41284403669724773,0.1743119266055046,3.772727272727273,3.857142857142857,3.857142857142857,2.64,1.8644067796610169,22,28,7,25,59,109,75,632.4036697247707,True,False,3.0,FDP,0.2018348623853211,0.25688073394495414,0.06422018348623854,0.22935779816513763,0.5412844036697247,753,191,179,65,218,342,0.029216467463479414,0.03718459495351926,0.009296148738379814,0.033200531208499334,0.07835325365205843,0.11518324607329843,0.1564245810055866,0.1076923076923077,0.11467889908256881,0.17251461988304093,Regierung,1.0,0.0,20,WP20,2024,5,35
156,2024-05-30,2024-07-04,18,grüne,14.0,15.0,-1.0,1.0,0.27294685990338163,0.8188405797101449,1.6024464831804281,0.1956521739130435,0.43478260869565216,0.18840579710144928,1.425531914893617,3.0689655172413794,0.6923076923076923,1.6363636363636365,1.3650793650793651,47,29,13,44,63,138,109,596.268115942029,True,False,1.0,Bündnis 90/Die Grünen,0.34057971014492755,0.21014492753623187,0.09420289855072464,0.3188405797101449,0.45652173913043476,753,191,179,65,218,342,0.06241699867197875,0.03851261620185923,0.017264276228419653,0.05843293492695883,0.08366533864541832,0.24607329842931938,0.16201117318435754,0.2,0.2018348623853211,0.18421052631578946,Regierung,1.0,0.0,20,WP20,2024,5,35
156,2024-05-30,2024-07-04,18,linke,3.0,,,,0.5321637426900585,1.5964912280701755,1.3921568627450982,0.5263157894736842,0.9473684210526315,0.12280701754385964,0.7857142857142857,1.75,0.0,2.0625,1.2,14,8,2,16,15,57,34,366.0877192982456,True,False,0.0,Die Linke,0.24561403508771928,0.14035087719298245,0.03508771929824561,0.2807017543859649,0.2631578947368421,753,191,179,65,218,342,0.01859229747675963,0.010624169986719787,0.0026560424966799467,0.021248339973439574,0.0199203187250996,0.07329842931937172,0.0446927374301676,0.03076923076923077,0.07339449541284404,0.043859649122807015,Opposition,0.0,1.0,20,WP20,2024,5,35
156,2024-05-30,2024-07-04,18,spd,15.0,15.0,0.0,0.0,0.2411674347158218,0.7235023041474654,1.677680311890838,0.1889400921658986,0.391705069124424,0.14285714285714285,1.8571428571428572,2.8813559322033897,0.6666666666666666,1.8529411764705883,1.3300970873786409,63,59,24,68,103,217,171,662.1013824884793,True,False,2.0,SPD,0.2903225806451613,0.271889400921659,0.11059907834101383,0.31336405529953915,0.47465437788018433,753,191,179,65,218,342,0.08366533864541832,0.07835325365205843,0.03187250996015936,0.0903054448871182,0.13678618857901725,0.3298429319371728,0.329608938547486,0.36923076923076925,0.3119266055045872,0.30116959064327486,Regierung,1.0,0.0,20,WP20,2024,5,35
157,2024-07-04,2024-08-08,17,afd,17.0,18.0,-1.0,1.0,1.0430107526881722,3.129032258064516,7.4896551724137925,1.1290322580645162,1.5483870967741935,0.45161290322580644,9.166666666666666,9.0,8.625,6.933333333333334,7.36,12,7,8,15,25,31,29,511.5483870967742,False,True,,,0.3870967741935484,0.22580645161290322,0.25806451612903225,0.4838709677419355,0.8064516129032258,220,64,18,43,76,81,0.05454545454545454,0.031818181818181815,0.03636363636363636,0.06818181818181818,0.11363636363636363,0.1875,0.3888888888888889,0.18604651162790697,0.19736842105263158,0.30864197530864196,Opposition,0.0,1.0,20,WP20,2024,7,35
157,2024-07-04,2024-08-08,17,cdu/csu,31.0,31.0,0.0,0.0,0.32863849765258213,0.9859154929577465,3.6902515723270444,0.23943661971830985,0.5915492957746479,0.15492957746478872,4.235294117647059,7.75,3.111111111111111,3.8181818181818183,3.185185185185185,17,8,9,22,27,71,53,572.2112676056338,True,False,4.0,CDU/CSU,0.23943661971830985,0.11267605633802817,0.1267605633802817,0.30985915492957744,0.38028169014084506,220,64,18,43,76,81,0.07727272727272727,0.03636363636363636,0.04090909090909091,0.1,0.12272727272727273,0.265625,0.4444444444444444,0.20930232558139536,0.2894736842105263,0.3333333333333333,Opposition,0.0,1.0,20,WP20,2024,7,35
157,2024-07-04,2024-08-08,17,fdp,5.0,4.0,1.0,1.0,0.1238095238095238,0.37142857142857144,1.988505747126437,0.08571428571428572,0.2571428571428571,0.02857142857142857,3.0,7.0,1.0,2.0,1.5,11,1,7,11,12,35,29,559.0571428571428,True,False,3.0,FDP,0.3142857142857143,0.02857142857142857,0.2,0.3142857142857143,0.34285714285714286,220,64,18,43,76,81,0.05,0.004545454545454545,0.031818181818181815,0.05,0.05454545454545454,0.171875,0.05555555555555555,0.16279069767441862,0.14473684210526316,0.14814814814814814,Regierung,1.0,0.0,20,WP20,2024,7,35
157,2024-07-04,2024-08-08,17,grüne,13.0,14.0,-1.0,1.0,0.15740740740740738,0.4722222222222222,0.9166666666666667,0.08333333333333333,0.3055555555555556,0.08333333333333333,0.8461538461538461,2.3333333333333335,0.4444444444444444,0.9230769230769231,0.9375,13,3,9,13,16,36,31,583.3888888888889,True,False,1.0,Bündnis 90/Die Grünen,0.3611111111111111,0.08333333333333333,0.25,0.3611111111111111,0.4444444444444444,220,64,18,43,76,81,0.05909090909090909,0.013636363636363636,0.04090909090909091,0.05909090909090909,0.07272727272727272,0.203125,0.16666666666666666,0.20930232558139536,0.17105263157894737,0.19753086419753085,Regierung,1.0,0.0,20,WP20,2024,7,35
157,2024-07-04,2024-08-08,17,linke,3.0,3.0,0.0,0.0,0.5714285714285714,1.7142857142857142,0.6363636363636364,0.5714285714285714,1.0714285714285714,0.07142857142857142,0.6666666666666666,,0.25,0.8333333333333334,0.6666666666666666,3,0,4,6,3,14,11,350.92857142857144,True,False,0.0,Die Linke,0.21428571428571427,0.0,0.2857142857142857,0.42857142857142855,0.21428571428571427,220,64,18,43,76,81,0.013636363636363636,0.0,0.01818181818181818,0.02727272727272727,0.013636363636363636,0.046875,0.0,0.09302325581395349,0.07894736842105263,0.037037037037037035,Opposition,0.0,1.0,20,WP20,2024,7,35
157,2024-07-04,2024-08-08,17,spd,14.0,15.0,-1.0,1.0,0.171875,0.515625,1.5897435897435899,0.140625,0.28125,0.09375,1.9,3.5,1.4285714285714286,1.125,1.5217391304347827,20,6,14,24,23,64,52,626.796875,True,False,2.0,SPD,0.3125,0.09375,0.21875,0.375,0.359375,220,64,18,43,76,81,0.09090909090909091,0.02727272727272727,0.06363636363636363,0.10909090909090909,0.10454545454545454,0.3125,0.3333333333333333,0.32558139534883723,0.3157894736842105,0.2839506172839506,Regierung,1.0,0.0,20,WP20,2024,7,35
158,2024-08-08,2024-09-05,16,afd,16.0,17.0,-1.0,1.0,,,,,,,,,,,,0,0,0,0,0,0,0,,False,True,,,,,,,,0,0,0,0,0,0,,,,,,,,,,,,,,,,2024,8,28
158,2024-08-08,2024-09-05,16,cdu/csu,32.0,31.0,1.0,1.0,,,,,,,,,,,,0,0,0,0,0,0,0,,True,False,4.0,CDU/CSU,,,,,,0,0,0,0,0,0,,,,,,,,,,,,,,,,2024,8,28
158,2024-08-08,2024-09-05,16,fdp,5.0,5.0,0.0,0.0,,,,,,,,,,,,0,0,0,0,0,0,0,,True,False,3.0,FDP,,,,,,0,0,0,0,0,0,,,,,,,,,,,,,,,,2024,8,28
158,2024-08-08,2024-09-05,16,grüne,12.0,13.0,-1.0,1.0,,,,,,,,,,,,0,0,0,0,0,0,0,,True,False,1.0,Bündnis 90/Die Grünen,,,,,,0,0,0,0,0,0,,,,,,,,,,,,,,,,2024,8,28
158,2024-08-08,2024-09-05,16,linke,,3.0,,,,,,,,,,,,,,0,0,0,0,0,0,0,,True,False,0.0,Die Linke,,,,,,0,0,0,0,0,0,,,,,,,,,,,,,,,,2024,8,28
158,2024-08-08,2024-09-05,16,spd,15.0,14.0,1.0,1.0,,,,,,,,,,,,0,0,0,0,0,0,0,,True,False,2.0,SPD,,,,,,0,0,0,0,0,0,,,,,,,,,,,,,,,,2024,8,28
159,2024-09-05,2024-10-10,17,afd,17.0,16.0,1.0,1.0,1.184027777777778,3.5520833333333335,8.208943089430894,1.1979166666666667,1.7291666666666667,0.625,8.657894736842104,9.17142857142857,8.619047619047619,7.823529411764706,8.216216216216216,38,35,21,34,74,96,82,536.4791666666666,False,True,,,0.3958333333333333,0.3645833333333333,0.21875,0.3541666666666667,0.7708333333333334,607,205,128,50,149,262,0.06260296540362438,0.057660626029654036,0.03459637561779242,0.05601317957166392,0.12191103789126853,0.18536585365853658,0.2734375,0.42,0.22818791946308725,0.2824427480916031,Opposition,0.0,1.0,20,WP20,2024,9,35
159,2024-09-05,2024-10-10,17,cdu/csu,33.0,32.0,1.0,1.0,0.4741532976827094,1.4224598930481283,4.75,0.37433155080213903,0.9197860962566845,0.12834224598930483,5.396551724137931,7.181818181818182,4.5,4.914285714285715,4.608695652173913,58,33,6,35,69,187,114,654.6363636363636,True,False,4.0,CDU/CSU,0.31016042780748665,0.17647058823529413,0.03208556149732621,0.18716577540106952,0.3689839572192513,607,205,128,50,149,262,0.09555189456342669,0.054365733113673806,0.009884678747940691,0.057660626029654036,0.11367380560131796,0.28292682926829266,0.2578125,0.12,0.2348993288590604,0.2633587786259542,Opposition,0.0,1.0,20,WP20,2024,9,35
159,2024-09-05,2024-10-10,17,fdp,4.0,5.0,-1.0,1.0,0.19850187265917602,0.5955056179775281,3.353448275862069,0.07865168539325842,0.38202247191011235,0.1348314606741573,4.038461538461538,5.666666666666667,1.1666666666666667,3.526315789473684,3.1219512195121952,26,15,6,19,41,89,58,630.3370786516854,True,False,3.0,FDP,0.29213483146067415,0.16853932584269662,0.06741573033707865,0.21348314606741572,0.4606741573033708,607,205,128,50,149,262,0.042833607907743,0.02471169686985173,0.009884678747940691,0.03130148270181219,0.06754530477759473,0.12682926829268293,0.1171875,0.12,0.12751677852348994,0.15648854961832062,Regierung,1.0,0.0,20,WP20,2024,9,35
159,2024-09-05,2024-10-10,17,grüne,11.0,12.0,-1.0,1.0,0.24853801169590642,0.7456140350877193,1.3584249084249083,0.20175438596491227,0.45614035087719296,0.08771929824561403,0.9555555555555556,2.3214285714285716,0.6,1.7878787878787878,1.1851851851851851,45,28,10,33,54,114,91,599.359649122807,True,False,1.0,Bündnis 90/Die Grünen,0.39473684210526316,0.24561403508771928,0.08771929824561403,0.2894736842105263,0.47368421052631576,607,205,128,50,149,262,0.07413509060955518,0.04612850082372323,0.016474464579901153,0.054365733113673806,0.08896210873146623,0.21951219512195122,0.21875,0.2,0.2214765100671141,0.20610687022900764,Regierung,1.0,0.0,20,WP20,2024,9,35
159,2024-09-05,2024-10-10,17,linke,3.0,,,,0.6016260162601625,1.8048780487804879,1.2138888888888888,0.6341463414634146,1.048780487804878,0.12195121951219512,1.5384615384615385,1.5555555555555556,0.4,0.5384615384615384,1.2307692307692308,13,9,5,13,13,41,30,412.7560975609756,True,False,0.0,Die Linke,0.3170731707317073,0.21951219512195122,0.12195121951219512,0.3170731707317073,0.3170731707317073,607,205,128,50,149,262,0.0214168039538715,0.014827018121911038,0.008237232289950576,0.0214168039538715,0.0214168039538715,0.06341463414634146,0.0703125,0.1,0.087248322147651,0.04961832061068702,Opposition,0.0,1.0,20,WP20,2024,9,35
159,2024-09-05,2024-10-10,17,spd,15.0,15.0,0.0,0.0,0.2159090909090909,0.6477272727272727,1.606372549019608,0.19886363636363635,0.3693181818181818,0.07954545454545454,1.5555555555555556,2.883720930232558,0.7391304347826086,1.7551020408163265,1.2470588235294118,63,43,23,49,85,176,136,664.3522727272727,True,False,2.0,SPD,0.35795454545454547,0.24431818181818182,0.13068181818181818,0.2784090909090909,0.48295454545454547,607,205,128,50,149,262,0.10378912685337727,0.07084019769357495,0.03789126853377265,0.08072487644151564,0.1400329489291598,0.3073170731707317,0.3359375,0.46,0.3288590604026846,0.3244274809160305,Regierung,1.0,0.0,20,WP20,2024,9,35
160,2024-10-10,2024-10-31,17,afd,17.0,17.0,0.0,0.0,0.9642857142857143,2.892857142857143,7.394444444444444,1.0,1.3928571428571428,0.5,8.785714285714286,8.647058823529411,8.083333333333334,6.65,7.611111111111111,14,17,12,20,36,56,42,544.7857142857143,False,True,,,0.25,0.30357142857142855,0.21428571428571427,0.35714285714285715,0.6428571428571429,460,78,97,45,148,169,0.030434782608695653,0.03695652173913044,0.02608695652173913,0.043478260869565216,0.0782608695652174,0.1794871794871795,0.17525773195876287,0.26666666666666666,0.13513513513513514,0.21301775147928995,Opposition,0.0,1.0,20,WP20,2024,10,21
160,2024-10-10,2024-10-31,17,cdu/csu,31.0,33.0,-2.0,2.0,0.38567493112947654,1.1570247933884297,4.34037558685446,0.3305785123966942,0.6776859504132231,0.1487603305785124,6.578947368421052,7.5,2.2,4.090909090909091,4.2727272727272725,19,16,5,33,44,121,71,639.4876033057851,True,False,4.0,CDU/CSU,0.15702479338842976,0.1322314049586777,0.04132231404958678,0.2727272727272727,0.36363636363636365,460,78,97,45,148,169,0.041304347826086954,0.034782608695652174,0.010869565217391304,0.07173913043478261,0.09565217391304348,0.24358974358974358,0.16494845360824742,0.1111111111111111,0.22297297297297297,0.2603550295857988,Opposition,0.0,1.0,20,WP20,2024,10,21
160,2024-10-10,2024-10-31,17,fdp,3.0,4.0,-1.0,1.0,0.20952380952380953,0.6285714285714286,3.6159420289855073,0.07142857142857142,0.3,0.2571428571428571,5.333333333333333,6.5,1.1428571428571428,3.52,3.230769230769231,9,14,7,25,26,70,46,576.6285714285714,True,False,3.0,FDP,0.12857142857142856,0.2,0.1,0.35714285714285715,0.37142857142857144,460,78,97,45,148,169,0.01956521739130435,0.030434782608695653,0.015217391304347827,0.05434782608695652,0.05652173913043478,0.11538461538461539,0.14432989690721648,0.15555555555555556,0.16891891891891891,0.15384615384615385,Regierung,1.0,0.0,20,WP20,2024,10,21
160,2024-10-10,2024-10-31,17,grüne,13.0,11.0,2.0,2.0,0.26373626373626374,0.7912087912087912,1.6202702702702703,0.1978021978021978,0.4175824175824176,0.17582417582417584,0.9230769230769231,2.9310344827586206,0.4,2.142857142857143,1.4,26,29,15,35,40,91,74,561.7802197802198,True,False,1.0,Bündnis 90/Die Grünen,0.2857142857142857,0.31868131868131866,0.16483516483516483,0.38461538461538464,0.43956043956043955,460,78,97,45,148,169,0.05652173913043478,0.06304347826086956,0.03260869565217391,0.07608695652173914,0.08695652173913043,0.3333333333333333,0.29896907216494845,0.3333333333333333,0.23648648648648649,0.23668639053254437,Regierung,1.0,0.0,20,WP20,2024,10,21
160,2024-10-10,2024-10-31,17,linke,3.0,3.0,0.0,0.0,0.4666666666666666,1.4,0.7685185185185186,0.42857142857142855,0.8571428571428571,0.11428571428571428,0.4,1.0,0.0,0.625,0.7777777777777778,5,4,6,8,9,35,18,345.7142857142857,True,False,0.0,Die Linke,0.14285714285714285,0.11428571428571428,0.17142857142857143,0.22857142857142856,0.2571428571428571,460,78,97,45,148,169,0.010869565217391304,0.008695652173913044,0.013043478260869565,0.017391304347826087,0.01956521739130435,0.0641025641025641,0.041237113402061855,0.13333333333333333,0.05405405405405406,0.05325443786982249,Opposition,0.0,1.0,20,WP20,2024,10,21
160,2024-10-10,2024-10-31,17,spd,16.0,15.0,1.0,1.0,0.24708624708624705,0.7412587412587412,1.9527777777777777,0.22377622377622378,0.3776223776223776,0.13986013986013987,1.8421052631578947,3.088235294117647,0.4166666666666667,2.276595744680851,1.58,19,34,12,47,50,143,90,588.6643356643357,True,False,2.0,SPD,0.13286713286713286,0.23776223776223776,0.08391608391608392,0.32867132867132864,0.34965034965034963,460,78,97,45,148,169,0.041304347826086954,0.07391304347826087,0.02608695652173913,0.10217391304347827,0.10869565217391304,0.24358974358974358,0.35051546391752575,0.26666666666666666,0.31756756756756754,0.2958579881656805,Regierung,1.0,0.0,20,WP20,2024,10,21
161,2024-10-31,2024-11-07,17,afd,17.0,17.0,0.0,0.0,1.0666666666666667,3.2,8.416666666666668,1.2,1.6,0.4,8.666666666666666,7.0,8.666666666666666,9.0,8.0,3,1,3,2,4,5,5,513.6,False,True,,,0.6,0.2,0.6,0.4,0.8,34,22,0,1,2,16,0.08823529411764706,0.029411764705882353,0.08823529411764706,0.058823529411764705,0.11764705882352941,0.13636363636363635,,3.0,1.0,0.25,Opposition,0.0,1.0,20,WP20,2024,10,7
161,2024-10-31,2024-11-07,17,cdu/csu,34.0,31.0,3.0,3.0,0.36666666666666664,1.1,4.071428571428571,0.4,0.7,0.0,5.166666666666667,,,1.0,3.4,6,0,0,1,5,10,7,597.3,True,False,4.0,CDU/CSU,0.6,0.0,0.0,0.1,0.5,34,22,0,1,2,16,0.17647058823529413,0.0,0.0,0.029411764705882353,0.14705882352941177,0.2727272727272727,,0.0,0.5,0.3125,Opposition,0.0,1.0,20,WP20,2024,10,7
161,2024-10-31,2024-11-07,17,fdp,4.0,3.0,1.0,1.0,0.19999999999999998,0.6,3.375,0.2,0.4,0.0,5.0,,,,2.25,3,0,0,0,4,5,4,574.2,True,False,3.0,FDP,0.6,0.0,0.0,0.0,0.8,34,22,0,1,2,16,0.08823529411764706,0.0,0.0,0.0,0.11764705882352941,0.13636363636363635,,0.0,0.0,0.25,Regierung,1.0,0.0,20,WP20,2024,10,7
161,2024-10-31,2024-11-07,17,grüne,11.0,13.0,-2.0,2.0,0.23809523809523808,0.7142857142857143,1.9,0.14285714285714285,0.5714285714285714,0.0,2.2,,,,1.3333333333333333,5,0,0,0,3,7,5,543.4285714285714,True,False,1.0,Bündnis 90/Die Grünen,0.7142857142857143,0.0,0.0,0.0,0.42857142857142855,34,22,0,1,2,16,0.14705882352941177,0.0,0.0,0.0,0.08823529411764706,0.22727272727272727,,0.0,0.0,0.1875,Regierung,1.0,0.0,20,WP20,2024,10,7
161,2024-10-31,2024-11-07,17,linke,,3.0,,,0.7777777777777777,2.3333333333333335,1.0,0.6666666666666666,1.6666666666666667,0.0,1.0,,,,,2,0,0,0,0,3,2,321.6666666666667,True,False,0.0,Die Linke,0.6666666666666666,0.0,0.0,0.0,0.0,34,22,0,1,2,16,0.058823529411764705,0.0,0.0,0.0,0.0,0.09090909090909091,,0.0,0.0,0.0,Opposition,0.0,1.0,20,WP20,2024,10,7
161,2024-10-31,2024-11-07,17,spd,16.0,16.0,0.0,0.0,0.18518518518518517,0.5555555555555556,1.8571428571428572,0.0,0.4444444444444444,0.1111111111111111,2.0,,1.0,0.0,2.25,6,0,1,1,4,9,7,736.8888888888889,True,False,2.0,SPD,0.6666666666666666,0.0,0.1111111111111111,0.1111111111111111,0.4444444444444444,34,22,0,1,2,16,0.17647058823529413,0.0,0.029411764705882353,0.029411764705882353,0.11764705882352941,0.2727272727272727,,1.0,0.5,0.25,Regierung,1.0,0.0,20,WP20,2024,10,7
162,2024-11-07,2024-11-21,18,afd,18.0,17.0,1.0,1.0,1.4313725490196079,4.294117647058823,8.430208333333333,1.588235294117647,1.7647058823529411,0.9411764705882353,9.6,9.0,9.333333333333334,7.9,8.733333333333333,10,11,6,10,15,17,16,596.8235294117648,False,True,,,0.5882352941176471,0.6470588235294118,0.35294117647058826,0.5882352941176471,0.8823529411764706,131,26,20,21,59,78,0.07633587786259542,0.08396946564885496,0.04580152671755725,0.07633587786259542,0.11450381679389313,0.38461538461538464,0.55,0.2857142857142857,0.1694915254237288,0.19230769230769232,Opposition,0.0,1.0,20,WP20,2024,11,14
162,2024-11-07,2024-11-21,18,cdu/csu,34.0,34.0,0.0,0.0,0.6262626262626262,1.878787878787879,4.410256410256411,0.5454545454545454,1.0,0.3333333333333333,5.833333333333333,6.5,4.0,4.533333333333333,3.6363636363636362,6,6,4,15,22,33,26,690.1515151515151,True,False,4.0,CDU/CSU,0.18181818181818182,0.18181818181818182,0.12121212121212122,0.45454545454545453,0.6666666666666666,131,26,20,21,59,78,0.04580152671755725,0.04580152671755725,0.030534351145038167,0.11450381679389313,0.16793893129770993,0.23076923076923078,0.3,0.19047619047619047,0.2542372881355932,0.28205128205128205,Opposition,0.0,1.0,20,WP20,2024,11,14
162,2024-11-07,2024-11-21,18,fdp,5.0,4.0,1.0,1.0,0.3,0.9,3.0595238095238098,0.25,0.55,0.1,5.0,5.0,4.5,2.4285714285714284,2.8181818181818183,4,2,4,7,11,20,14,715.95,True,False,3.0,FDP,0.2,0.1,0.2,0.35,0.55,131,26,20,21,59,78,0.030534351145038167,0.015267175572519083,0.030534351145038167,0.05343511450381679,0.08396946564885496,0.15384615384615385,0.1,0.19047619047619047,0.11864406779661017,0.14102564102564102,Regierung,1.0,0.0,20,WP20,2024,11,14
162,2024-11-07,2024-11-21,18,grüne,12.0,11.0,1.0,1.0,0.19230769230769232,0.5769230769230769,1.146969696969697,0.15384615384615385,0.2692307692307692,0.15384615384615385,1.0,2.3333333333333335,1.0,1.1818181818181819,1.0,7,3,5,11,17,26,22,612.6153846153846,True,False,1.0,Bündnis 90/Die Grünen,0.2692307692307692,0.11538461538461539,0.19230769230769232,0.4230769230769231,0.6538461538461539,131,26,20,21,59,78,0.05343511450381679,0.022900763358778626,0.03816793893129771,0.08396946564885496,0.1297709923664122,0.2692307692307692,0.15,0.23809523809523808,0.1864406779661017,0.21794871794871795,Regierung,1.0,0.0,20,WP20,2024,11,14
162,2024-11-07,2024-11-21,18,linke,,,,,0.6153846153846153,1.8461538461538463,1.875,0.7692307692307693,1.0,0.07692307692307693,2.0,,2.0,1.5,2.0,1,0,1,4,4,13,8,420.15384615384613,True,False,0.0,Die Linke,0.07692307692307693,0.0,0.07692307692307693,0.3076923076923077,0.3076923076923077,131,26,20,21,59,78,0.007633587786259542,0.0,0.007633587786259542,0.030534351145038167,0.030534351145038167,0.038461538461538464,0.0,0.047619047619047616,0.06779661016949153,0.05128205128205128,Opposition,0.0,1.0,20,WP20,2024,11,14
162,2024-11-07,2024-11-21,18,spd,16.0,16.0,0.0,0.0,0.18803418803418803,0.5641025641025641,1.5757575757575757,0.07692307692307693,0.28205128205128205,0.20512820512820512,1.375,3.5555555555555554,0.7142857142857143,1.2272727272727273,1.1666666666666667,8,9,7,22,24,39,33,709.4358974358975,True,False,2.0,SPD,0.20512820512820512,0.23076923076923078,0.1794871794871795,0.5641025641025641,0.6153846153846154,131,26,20,21,59,78,0.061068702290076333,0.06870229007633588,0.05343511450381679,0.16793893129770993,0.183206106870229,0.3076923076923077,0.45,0.3333333333333333,0.3728813559322034,0.3076923076923077,Regierung,1.0,0.0,20,WP20,2024,11,14
163,2024-11-21,2024-12-05,19,afd,19.0,18.0,1.0,1.0,1.1111111111111112,3.3333333333333335,8.5625,1.3333333333333333,1.8333333333333333,0.16666666666666666,9.0,8.0,,7.5,8.0,3,1,0,2,3,6,4,561.3333333333334,False,True,,,0.5,0.16666666666666666,0.0,0.3333333333333333,0.5,42,18,2,5,9,15,0.07142857142857142,0.023809523809523808,0.0,0.047619047619047616,0.07142857142857142,0.16666666666666666,0.5,0.0,0.2222222222222222,0.2,Opposition,0.0,1.0,20,WP20,2024,11,14
163,2024-11-21,2024-12-05,19,cdu/csu,33.0,34.0,-1.0,1.0,0.5,1.5,4.25,0.4166666666666667,1.0833333333333333,0.0,8.0,8.0,0.0,1.75,5.8,5,1,3,4,5,12,8,618.0833333333334,True,False,4.0,CDU/CSU,0.4166666666666667,0.08333333333333333,0.25,0.3333333333333333,0.4166666666666667,42,18,2,5,9,15,0.11904761904761904,0.023809523809523808,0.07142857142857142,0.09523809523809523,0.11904761904761904,0.2777777777777778,0.5,0.6,0.4444444444444444,0.3333333333333333,Opposition,0.0,1.0,20,WP20,2024,11,14
163,2024-11-21,2024-12-05,19,fdp,4.0,5.0,-1.0,1.0,0.23809523809523808,0.7142857142857143,5.0,0.14285714285714285,0.5714285714285714,0.0,8.0,,,2.0,4.75,3,0,0,1,4,7,5,758.7142857142857,True,False,3.0,FDP,0.42857142857142855,0.0,0.0,0.14285714285714285,0.5714285714285714,42,18,2,5,9,15,0.07142857142857142,0.0,0.0,0.023809523809523808,0.09523809523809523,0.16666666666666666,0.0,0.0,0.1111111111111111,0.26666666666666666,Regierung,1.0,0.0,20,WP20,2024,11,14
163,2024-11-21,2024-12-05,19,grüne,14.0,12.0,2.0,2.0,0.3333333333333333,1.0,1.4,0.375,0.625,0.0,1.5,,1.0,0.0,2.0,4,0,1,1,1,8,5,563.125,True,False,1.0,Bündnis 90/Die Grünen,0.5,0.0,0.125,0.125,0.125,42,18,2,5,9,15,0.09523809523809523,0.0,0.023809523809523808,0.023809523809523808,0.023809523809523808,0.2222222222222222,0.0,0.2,0.1111111111111111,0.06666666666666667,Regierung,1.0,0.0,20,WP20,2024,11,14
163,2024-11-21,2024-12-05,19,linke,3.0,,,,0.41666666666666663,1.25,1.0,0.5,0.75,0.0,1.0,,,,,1,0,0,0,0,4,1,451.25,True,False,0.0,Die Linke,0.25,0.0,0.0,0.0,0.0,42,18,2,5,9,15,0.023809523809523808,0.0,0.0,0.0,0.0,0.05555555555555555,0.0,0.0,0.0,0.0,Opposition,0.0,1.0,20,WP20,2024,11,14
163,2024-11-21,2024-12-05,19,spd,14.0,16.0,-2.0,2.0,0.36363636363636365,1.0909090909090908,1.8333333333333335,0.2727272727272727,0.7272727272727273,0.09090909090909091,1.6,8.0,0.0,2.0,2.0,5,1,1,3,5,11,8,688.1818181818181,True,False,2.0,SPD,0.45454545454545453,0.09090909090909091,0.09090909090909091,0.2727272727272727,0.45454545454545453,42,18,2,5,9,15,0.11904761904761904,0.023809523809523808,0.023809523809523808,0.07142857142857142,0.11904761904761904,0.2777777777777778,0.5,0.2,0.3333333333333333,0.3333333333333333,Regierung,1.0,0.0,20,WP20,2024,11,14
164,2024-12-05,2024-12-19,18,afd,18.0,19.0,-1.0,1.0,1.1166666666666667,3.35,7.560185185185186,1.35,1.625,0.375,8.833333333333334,8.733333333333333,8.090909090909092,6.777777777777778,8.2,12,15,11,18,25,40,36,539.675,False,True,,,0.3,0.375,0.275,0.45,0.625,259,54,32,43,109,103,0.04633204633204633,0.05791505791505792,0.04247104247104247,0.0694980694980695,0.09652509652509653,0.2222222222222222,0.46875,0.2558139534883721,0.1651376146788991,0.24271844660194175,Opposition,0.0,1.0,20,WP20,2024,12,14
164,2024-12-05,2024-12-19,18,cdu/csu,32.0,33.0,-1.0,1.0,0.3755274261603375,1.1265822784810127,3.9753086419753085,0.27848101265822783,0.7341772151898734,0.11392405063291139,5.384615384615385,6.1,6.090909090909091,4.0,3.9285714285714284,13,10,11,32,28,79,54,667.5316455696203,True,False,4.0,CDU/CSU,0.16455696202531644,0.12658227848101267,0.13924050632911392,0.4050632911392405,0.35443037974683544,259,54,32,43,109,103,0.05019305019305019,0.03861003861003861,0.04247104247104247,0.12355212355212356,0.10810810810810811,0.24074074074074073,0.3125,0.2558139534883721,0.29357798165137616,0.27184466019417475,Opposition,0.0,1.0,20,WP20,2024,12,14
164,2024-12-05,2024-12-19,18,fdp,4.0,4.0,0.0,0.0,0.2333333333333333,0.7,2.935483870967742,0.1,0.475,0.125,6.444444444444445,4.25,0.25,2.2857142857142856,2.3,9,4,4,14,20,40,31,605.825,True,False,3.0,FDP,0.225,0.1,0.1,0.35,0.5,259,54,32,43,109,103,0.03474903474903475,0.015444015444015444,0.015444015444015444,0.05405405405405406,0.07722007722007722,0.16666666666666666,0.125,0.09302325581395349,0.12844036697247707,0.1941747572815534,Regierung,1.0,0.0,20,WP20,2024,12,14
164,2024-12-05,2024-12-19,18,grüne,14.0,14.0,0.0,0.0,0.2833333333333333,0.85,1.579047619047619,0.275,0.45,0.125,1.5,4.375,1.1111111111111112,1.6666666666666667,1.0952380952380953,12,8,9,21,21,40,35,622.975,True,False,1.0,Bündnis 90/Die Grünen,0.3,0.2,0.225,0.525,0.525,259,54,32,43,109,103,0.04633204633204633,0.03088803088803089,0.03474903474903475,0.08108108108108109,0.08108108108108109,0.2222222222222222,0.25,0.20930232558139536,0.1926605504587156,0.20388349514563106,Regierung,1.0,0.0,20,WP20,2024,12,14
164,2024-12-05,2024-12-19,18,linke,3.0,3.0,0.0,0.0,0.5333333333333333,1.6,1.6228070175438596,0.72,0.8,0.08,1.8,1.5,0.8,1.3333333333333333,2.5,5,2,5,12,6,25,19,417.88,True,False,0.0,Die Linke,0.2,0.08,0.2,0.48,0.24,259,54,32,43,109,103,0.019305019305019305,0.007722007722007722,0.019305019305019305,0.04633204633204633,0.023166023166023165,0.09259259259259259,0.0625,0.11627906976744186,0.11009174311926606,0.05825242718446602,Opposition,0.0,1.0,20,WP20,2024,12,14
164,2024-12-05,2024-12-19,18,spd,16.0,14.0,2.0,2.0,0.26666666666666666,0.8,1.949685534591195,0.28,0.48,0.04,1.6666666666666667,2.0,1.3571428571428572,2.533333333333333,1.7142857142857142,15,8,14,30,28,75,53,641.9466666666667,True,False,2.0,SPD,0.2,0.10666666666666667,0.18666666666666668,0.4,0.37333333333333335,259,54,32,43,109,103,0.05791505791505792,0.03088803088803089,0.05405405405405406,0.11583011583011583,0.10810810810810811,0.2777777777777778,0.25,0.32558139534883723,0.27522935779816515,0.27184466019417475,Regierung,1.0,0.0,20,WP20,2024,12,14
165,2024-12-19,2025-01-09,19,afd,19.0,18.0,1.0,1.0,1.0595238095238095,3.1785714285714284,7.197368421052632,1.2142857142857142,1.5714285714285714,0.39285714285714285,8.0,8.571428571428571,7.5,7.0,7.352941176470588,6,7,2,9,17,28,19,545.25,False,True,,,0.21428571428571427,0.25,0.07142857142857142,0.32142857142857145,0.6071428571428571,180,58,35,10,56,81,0.03333333333333333,0.03888888888888889,0.011111111111111112,0.05,0.09444444444444444,0.10344827586206896,0.2,0.2,0.16071428571428573,0.20987654320987653,Opposition,0.0,1.0,20,WP20,2024,12,21
165,2024-12-19,2025-01-09,19,cdu/csu,33.0,32.0,1.0,1.0,0.6477987421383649,1.9433962264150944,5.164529914529914,0.6226415094339622,1.0377358490566038,0.2830188679245283,5.5625,8.272727272727273,7.333333333333333,4.947368421052632,5.653846153846154,16,11,3,19,26,53,39,652.9245283018868,True,False,4.0,CDU/CSU,0.3018867924528302,0.20754716981132076,0.05660377358490566,0.3584905660377358,0.49056603773584906,180,58,35,10,56,81,0.08888888888888889,0.06111111111111111,0.016666666666666666,0.10555555555555556,0.14444444444444443,0.27586206896551724,0.3142857142857143,0.3,0.3392857142857143,0.32098765432098764,Opposition,0.0,1.0,20,WP20,2024,12,21
165,2024-12-19,2025-01-09,19,fdp,3.0,4.0,-1.0,1.0,0.3333333333333333,1.0,3.1416666666666666,0.21428571428571427,0.6428571428571429,0.14285714285714285,6.333333333333333,5.6,4.0,1.6,2.2,6,5,2,10,15,28,20,621.8214285714286,True,False,3.0,FDP,0.21428571428571427,0.17857142857142858,0.07142857142857142,0.35714285714285715,0.5357142857142857,180,58,35,10,56,81,0.03333333333333333,0.027777777777777776,0.011111111111111112,0.05555555555555555,0.08333333333333333,0.10344827586206896,0.14285714285714285,0.2,0.17857142857142858,0.18518518518518517,Regierung,1.0,0.0,20,WP20,2024,12,21
165,2024-12-19,2025-01-09,19,grüne,14.0,14.0,0.0,0.0,0.38095238095238093,1.1428571428571428,1.7142857142857142,0.2857142857142857,0.6857142857142857,0.17142857142857143,1.4,2.375,1.6666666666666667,2.0,1.0,15,8,3,12,15,35,28,631.7142857142857,True,False,1.0,Bündnis 90/Die Grünen,0.42857142857142855,0.22857142857142856,0.08571428571428572,0.34285714285714286,0.42857142857142855,180,58,35,10,56,81,0.08333333333333333,0.044444444444444446,0.016666666666666666,0.06666666666666667,0.08333333333333333,0.25862068965517243,0.22857142857142856,0.3,0.21428571428571427,0.18518518518518517,Regierung,1.0,0.0,20,WP20,2024,12,21
165,2024-12-19,2025-01-09,19,linke,3.0,3.0,0.0,0.0,0.5476190476190476,1.6428571428571428,1.3888888888888888,0.7142857142857143,0.9285714285714286,0.0,1.8,2.0,,0.5,1.4,5,1,0,2,5,14,9,374.7142857142857,True,False,0.0,Die Linke,0.35714285714285715,0.07142857142857142,0.0,0.14285714285714285,0.35714285714285715,180,58,35,10,56,81,0.027777777777777776,0.005555555555555556,0.0,0.011111111111111112,0.027777777777777776,0.08620689655172414,0.02857142857142857,0.0,0.03571428571428571,0.06172839506172839,Opposition,0.0,1.0,20,WP20,2024,12,21
165,2024-12-19,2025-01-09,19,spd,14.0,16.0,-2.0,2.0,0.3133333333333333,0.94,1.7476190476190476,0.28,0.56,0.1,1.25,2.7,4.5,2.4615384615384617,0.95,16,10,2,13,20,50,35,710.9,True,False,2.0,SPD,0.32,0.2,0.04,0.26,0.4,180,58,35,10,56,81,0.08888888888888889,0.05555555555555555,0.011111111111111112,0.07222222222222222,0.1111111111111111,0.27586206896551724,0.2857142857142857,0.2,0.23214285714285715,0.24691358024691357,Regierung,1.0,0.0,20,WP20,2024,12,21
166,2025-01-09,2025-01-30,20,afd,20.0,19.0,1.0,1.0,1.6666666666666667,5.0,8.722222222222221,2.0,2.0,1.0,9.0,10.0,8.0,7.5,9.0,1,2,1,2,3,3,3,594.6666666666666,False,True,,,0.3333333333333333,0.6666666666666666,0.3333333333333333,0.6666666666666666,1.0,26,4,17,4,15,20,0.038461538461538464,0.07692307692307693,0.038461538461538464,0.07692307692307693,0.11538461538461539,0.25,0.11764705882352941,0.25,0.13333333333333333,0.15,Opposition,0.0,1.0,20,WP20,2025,1,21
166,2025-01-09,2025-01-30,20,cdu/csu,31.0,33.0,-2.0,2.0,1.0476190476190477,3.142857142857143,7.097222222222222,1.1428571428571428,1.4285714285714286,0.5714285714285714,7.5,8.25,8.0,6.333333333333333,6.666666666666667,2,4,1,3,6,7,6,816.0,True,False,4.0,CDU/CSU,0.2857142857142857,0.5714285714285714,0.14285714285714285,0.42857142857142855,0.8571428571428571,26,4,17,4,15,20,0.07692307692307693,0.15384615384615385,0.038461538461538464,0.11538461538461539,0.23076923076923078,0.5,0.23529411764705882,0.25,0.2,0.3,Opposition,0.0,1.0,20,WP20,2025,1,21
166,2025-01-09,2025-01-30,20,fdp,4.0,3.0,1.0,1.0,0.6666666666666666,2.0,6.0,0.4444444444444444,0.6666666666666666,0.8888888888888888,,7.0,7.0,5.857142857142857,5.285714285714286,0,7,1,7,7,9,7,637.8888888888889,True,False,3.0,FDP,0.0,0.7777777777777778,0.1111111111111111,0.7777777777777778,0.7777777777777778,26,4,17,4,15,20,0.0,0.2692307692307692,0.038461538461538464,0.2692307692307692,0.2692307692307692,0.0,0.4117647058823529,0.25,0.4666666666666667,0.35,Regierung,1.0,0.0,20,WP20,2025,1,21
166,2025-01-09,2025-01-30,20,grüne,14.0,14.0,0.0,0.0,0.8888888888888888,2.6666666666666665,2.1666666666666665,0.6666666666666666,1.3333333333333333,0.6666666666666666,2.0,2.5,,2.0,2.0,1,2,0,1,2,3,2,524.6666666666666,True,False,1.0,Bündnis 90/Die Grünen,0.3333333333333333,0.6666666666666666,0.0,0.3333333333333333,0.6666666666666666,26,4,17,4,15,20,0.038461538461538464,0.07692307692307693,0.0,0.038461538461538464,0.07692307692307693,0.25,0.11764705882352941,0.0,0.06666666666666667,0.1,Regierung,1.0,0.0,20,WP20,2025,1,21
166,2025-01-09,2025-01-30,20,linke,4.0,3.0,1.0,1.0,1.5,4.5,1.25,1.0,2.0,1.5,,2.0,0.0,2.0,1.0,0,1,1,1,1,2,1,485.5,True,False,0.0,Die Linke,0.0,0.5,0.5,0.5,0.5,26,4,17,4,15,20,0.0,0.038461538461538464,0.038461538461538464,0.038461538461538464,0.038461538461538464,0.0,0.058823529411764705,0.25,0.06666666666666667,0.05,Opposition,0.0,1.0,20,WP20,2025,1,21
166,2025-01-09,2025-01-30,20,spd,15.0,14.0,1.0,1.0,0.4,1.2,1.8958333333333333,0.2,0.8,0.2,2.0,2.6666666666666665,1.0,2.3333333333333335,1.25,1,3,1,3,4,5,4,826.2,True,False,2.0,SPD,0.2,0.6,0.2,0.6,0.8,26,4,17,4,15,20,0.038461538461538464,0.11538461538461539,0.038461538461538464,0.11538461538461539,0.15384615384615385,0.25,0.17647058823529413,0.25,0.2,0.2,Regierung,1.0,0.0,20,WP20,2025,1,21
167,2025-01-30,2025-02-06,20,afd,20.0,20.0,0.0,0.0,1.261904761904762,3.7857142857142856,8.565972222222223,1.2857142857142858,1.6428571428571428,0.8571428571428571,9.375,8.818181818181818,8.7,8.357142857142858,8.6,8,11,10,14,20,28,24,554.2857142857143,False,True,,,0.2857142857142857,0.39285714285714285,0.35714285714285715,0.5,0.7142857142857143,213,34,58,45,110,110,0.03755868544600939,0.051643192488262914,0.046948356807511735,0.06572769953051644,0.09389671361502347,0.23529411764705882,0.1896551724137931,0.2222222222222222,0.12727272727272726,0.18181818181818182,Opposition,0.0,1.0,20,WP20,2025,1,7
167,2025-01-30,2025-02-06,20,cdu/csu,30.0,31.0,-1.0,1.0,0.509090909090909,1.5272727272727273,4.360975609756098,0.41818181818181815,0.8545454545454545,0.2545454545454545,6.222222222222222,8.333333333333334,1.7777777777777777,4.214285714285714,5.111111111111111,9,12,9,28,27,55,41,659.6909090909091,True,False,4.0,CDU/CSU,0.16363636363636364,0.21818181818181817,0.16363636363636364,0.509090909090909,0.4909090909090909,213,34,58,45,110,110,0.04225352112676056,0.056338028169014086,0.04225352112676056,0.13145539906103287,0.1267605633802817,0.2647058823529412,0.20689655172413793,0.2,0.2545454545454545,0.24545454545454545,Opposition,0.0,1.0,20,WP20,2025,1,7
167,2025-01-30,2025-02-06,20,fdp,4.0,4.0,0.0,0.0,0.525,1.575,4.693548387096774,0.4,0.825,0.35,7.4,7.333333333333333,3.2,3.7916666666666665,4.4,5,15,5,24,20,40,31,601.525,True,False,3.0,FDP,0.125,0.375,0.125,0.6,0.5,213,34,58,45,110,110,0.023474178403755867,0.07042253521126761,0.023474178403755867,0.11267605633802817,0.09389671361502347,0.14705882352941177,0.25862068965517243,0.1111111111111111,0.21818181818181817,0.18181818181818182,Regierung,1.0,0.0,20,WP20,2025,1,7
167,2025-01-30,2025-02-06,20,grüne,15.0,14.0,1.0,1.0,0.46846846846846846,1.4054054054054055,1.5416666666666665,0.35135135135135137,0.7567567567567568,0.2972972972972973,1.7142857142857142,3.3,0.625,1.3888888888888888,1.1904761904761905,7,10,8,18,21,37,28,601.8108108108108,True,False,1.0,Bündnis 90/Die Grünen,0.1891891891891892,0.2702702702702703,0.21621621621621623,0.4864864864864865,0.5675675675675675,213,34,58,45,110,110,0.03286384976525822,0.046948356807511735,0.03755868544600939,0.08450704225352113,0.09859154929577464,0.20588235294117646,0.1724137931034483,0.17777777777777778,0.16363636363636364,0.19090909090909092,Regierung,1.0,0.0,20,WP20,2025,1,7
167,2025-01-30,2025-02-06,20,linke,5.0,4.0,1.0,1.0,0.8541666666666666,2.5625,1.4821428571428572,0.875,1.125,0.5625,2.6666666666666665,3.2857142857142856,0.6666666666666666,0.9,1.0,3,7,6,10,10,16,14,441.6875,True,False,0.0,Die Linke,0.1875,0.4375,0.375,0.625,0.625,213,34,58,45,110,110,0.014084507042253521,0.03286384976525822,0.028169014084507043,0.046948356807511735,0.046948356807511735,0.08823529411764706,0.1206896551724138,0.13333333333333333,0.09090909090909091,0.09090909090909091,Opposition,0.0,1.0,20,WP20,2025,1,7
167,2025-01-30,2025-02-06,20,spd,15.0,15.0,0.0,0.0,0.5128205128205129,1.5384615384615385,1.411764705882353,0.36923076923076925,0.7384615384615385,0.4307692307692308,1.6,2.2142857142857144,0.8235294117647058,1.5,1.1875,10,14,17,30,32,65,51,608.9384615384615,True,False,2.0,SPD,0.15384615384615385,0.2153846153846154,0.26153846153846155,0.46153846153846156,0.49230769230769234,213,34,58,45,110,110,0.046948356807511735,0.06572769953051644,0.07981220657276995,0.14084507042253522,0.15023474178403756,0.29411764705882354,0.2413793103448276,0.37777777777777777,0.2727272727272727,0.2909090909090909,Regierung,1.0,0.0,20,WP20,2025,1,7
168,2025-02-06,2025-02-13,21,afd,21.0,20.0,1.0,1.0,1.8333333333333335,5.5,8.3,2.0,2.0,1.5,9.0,8.5,8.0,7.5,8.5,2,2,2,2,2,2,2,1148.0,False,True,,,1.0,1.0,1.0,1.0,1.0,12,7,7,4,6,10,0.16666666666666666,0.16666666666666666,0.16666666666666666,0.16666666666666666,0.16666666666666666,0.2857142857142857,0.2857142857142857,0.5,0.3333333333333333,0.2,Opposition,0.0,1.0,20,WP20,2025,2,7
168,2025-02-06,2025-02-13,21,cdu/csu,31.0,30.0,1.0,1.0,1.222222222222222,3.6666666666666665,7.677777777777777,1.3333333333333333,1.6666666666666667,0.6666666666666666,9.0,8.0,7.0,7.5,7.666666666666667,1,3,1,2,3,3,3,2097.0,True,False,4.0,CDU/CSU,0.3333333333333333,1.0,0.3333333333333333,0.6666666666666666,1.0,12,7,7,4,6,10,0.08333333333333333,0.25,0.08333333333333333,0.16666666666666666,0.25,0.14285714285714285,0.42857142857142855,0.25,0.3333333333333333,0.3,Opposition,0.0,1.0,20,WP20,2025,2,7
168,2025-02-06,2025-02-13,21,fdp,4.0,4.0,0.0,0.0,0.8333333333333333,2.5,6.2,0.5,1.5,0.5,7.5,8.0,7.0,7.0,5.0,2,1,1,1,2,2,2,1438.5,True,False,3.0,FDP,1.0,0.5,0.5,0.5,1.0,12,7,7,4,6,10,0.16666666666666666,0.08333333333333333,0.08333333333333333,0.08333333333333333,0.16666666666666666,0.2857142857142857,0.14285714285714285,0.25,0.16666666666666666,0.2,Regierung,1.0,0.0,20,WP20,2025,2,7
168,2025-02-06,2025-02-13,21,grüne,14.0,15.0,-1.0,1.0,0.6666666666666666,2.0,1.6,1.0,1.0,0.0,2.0,2.0,2.0,1.0,1.0,1,1,1,1,1,1,1,1584.0,True,False,1.0,Bündnis 90/Die Grünen,1.0,1.0,1.0,1.0,1.0,12,7,7,4,6,10,0.08333333333333333,0.08333333333333333,0.08333333333333333,0.08333333333333333,0.08333333333333333,0.14285714285714285,0.14285714285714285,0.25,0.16666666666666666,0.1,Regierung,1.0,0.0,20,WP20,2025,2,7
168,2025-02-06,2025-02-13,21,linke,5.0,5.0,0.0,0.0,1.3333333333333333,4.0,1.25,2.0,2.0,0.0,2.0,,1.0,1.0,1.0,1,0,1,1,1,1,1,1481.0,True,False,0.0,Die Linke,1.0,0.0,1.0,1.0,1.0,12,7,7,4,6,10,0.08333333333333333,0.0,0.08333333333333333,0.08333333333333333,0.08333333333333333,0.14285714285714285,0.0,0.25,0.16666666666666666,0.1,Opposition,0.0,1.0,20,WP20,2025,2,7
168,2025-02-06,2025-02-13,21,spd,15.0,15.0,0.0,0.0,0.4,1.2,1.4444444444444446,0.6,0.6,0.0,1.0,2.0,,2.0,1.0,2,2,0,1,3,5,3,703.8,True,False,2.0,SPD,0.4,0.4,0.0,0.2,0.6,12,7,7,4,6,10,0.16666666666666666,0.16666666666666666,0.0,0.08333333333333333,0.25,0.2857142857142857,0.2857142857142857,0.0,0.16666666666666666,0.3,Regierung,1.0,0.0,20,WP20,2025,2,7
169,2025-02-13,2025-03-06,21,afd,21.0,21.0,0.0,0.0,,,,,,,,,,,,0,0,0,0,0,0,0,,False,True,,,,,,,,0,0,0,0,0,0,,,,,,,,,,,,,,,,2025,2,21
169,2025-02-13,2025-03-06,21,cdu/csu,32.0,31.0,1.0,1.0,,,,,,,,,,,,0,0,0,0,0,0,0,,True,False,4.0,CDU/CSU,,,,,,0,0,0,0,0,0,,,,,,,,,,,,,,,,2025,2,21
169,2025-02-13,2025-03-06,21,fdp,4.0,4.0,0.0,0.0,,,,,,,,,,,,0,0,0,0,0,0,0,,True,False,3.0,FDP,,,,,,0,0,0,0,0,0,,,,,,,,,,,,,,,,2025,2,21
169,2025-02-13,2025-03-06,21,grüne,14.0,14.0,0.0,0.0,,,,,,,,,,,,0,0,0,0,0,0,0,,True,False,1.0,Bündnis 90/Die Grünen,,,,,,0,0,0,0,0,0,,,,,,,,,,,,,,,,2025,2,21
169,2025-02-13,2025-03-06,21,linke,6.0,5.0,1.0,1.0,,,,,,,,,,,,0,0,0,0,0,0,0,,True,False,0.0,Die Linke,,,,,,0,0,0,0,0,0,,,,,,,,,,,,,,,,2025,2,21
169,2025-02-13,2025-03-06,21,spd,14.0,15.0,-1.0,1.0,,,,,,,,,,,,0,0,0,0,0,0,0,,True,False,2.0,SPD,,,,,,0,0,0,0,0,0,,,,,,,,,,,,,,,,2025,2,21
170,2025-03-06,2025-04-03,21,afd,21.0,21.0,0.0,0.0,1.0606060606060606,3.1818181818181817,6.25,1.2727272727272727,1.6363636363636365,0.2727272727272727,7.4,8.75,10.0,5.8,6.4,5,4,2,5,5,11,7,612.0,False,True,,,0.45454545454545453,0.36363636363636365,0.18181818181818182,0.45454545454545453,0.45454545454545453,95,40,10,2,29,55,0.05263157894736842,0.042105263157894736,0.021052631578947368,0.05263157894736842,0.05263157894736842,0.125,0.4,1.0,0.1724137931034483,0.09090909090909091,Opposition,0.0,1.0,20,WP20,2025,3,28
170,2025-03-06,2025-04-03,21,cdu/csu,29.0,32.0,-3.0,3.0,0.28735632183908044,0.8620689655172413,3.8068181818181817,0.27586206896551724,0.3448275862068966,0.2413793103448276,4.222222222222222,7.0,,4.333333333333333,3.45,9,6,0,12,20,29,22,734.8275862068965,True,False,4.0,CDU/CSU,0.3103448275862069,0.20689655172413793,0.0,0.41379310344827586,0.6896551724137931,95,40,10,2,29,55,0.09473684210526316,0.06315789473684211,0.0,0.12631578947368421,0.21052631578947367,0.225,0.6,0.0,0.41379310344827586,0.36363636363636365,Opposition,0.0,1.0,20,WP20,2025,3,28
170,2025-03-06,2025-04-03,21,fdp,3.0,4.0,-1.0,1.0,0.4242424242424242,1.2727272727272727,2.7666666666666666,0.36363636363636365,0.9090909090909091,0.0,5.0,,,2.0,2.75,2,0,0,2,4,11,5,820.4545454545455,True,False,3.0,FDP,0.18181818181818182,0.0,0.0,0.18181818181818182,0.36363636363636365,95,40,10,2,29,55,0.021052631578947368,0.0,0.0,0.021052631578947368,0.042105263157894736,0.05,0.0,0.0,0.06896551724137931,0.07272727272727272,Regierung,1.0,0.0,20,WP20,2025,3,28
170,2025-03-06,2025-04-03,21,grüne,12.0,14.0,-2.0,2.0,0.30434782608695654,0.9130434782608695,1.8,0.21739130434782608,0.6086956521739131,0.08695652173913043,1.25,2.0,,2.7777777777777777,1.7222222222222223,16,1,0,9,18,23,20,712.4347826086956,True,False,1.0,Bündnis 90/Die Grünen,0.6956521739130435,0.043478260869565216,0.0,0.391304347826087,0.782608695652174,95,40,10,2,29,55,0.16842105263157894,0.010526315789473684,0.0,0.09473684210526316,0.18947368421052632,0.4,0.1,0.0,0.3103448275862069,0.32727272727272727,Regierung,1.0,0.0,20,WP20,2025,3,28
170,2025-03-06,2025-04-03,21,linke,9.0,6.0,3.0,3.0,0.8888888888888888,2.6666666666666665,3.9333333333333336,0.8333333333333334,1.5,0.3333333333333333,3.0,7.5,7.0,4.5,2.3333333333333335,1,2,1,2,3,6,3,657.0,True,False,0.0,Die Linke,0.16666666666666666,0.3333333333333333,0.16666666666666666,0.3333333333333333,0.5,95,40,10,2,29,55,0.010526315789473684,0.021052631578947368,0.010526315789473684,0.021052631578947368,0.031578947368421054,0.025,0.2,0.5,0.06896551724137931,0.05454545454545454,Opposition,0.0,1.0,20,WP20,2025,3,28
170,2025-03-06,2025-04-03,21,spd,16.0,14.0,2.0,2.0,0.19230769230769232,0.5769230769230769,2.3125,0.2692307692307692,0.3076923076923077,0.0,2.6666666666666665,2.0,2.0,2.25,1.9,12,1,1,4,10,26,16,651.7307692307693,True,False,2.0,SPD,0.46153846153846156,0.038461538461538464,0.038461538461538464,0.15384615384615385,0.38461538461538464,95,40,10,2,29,55,0.12631578947368421,0.010526315789473684,0.010526315789473684,0.042105263157894736,0.10526315789473684,0.3,0.1,0.5,0.13793103448275862,0.18181818181818182,Regierung,1.0,0.0,20,WP20,2025,3,28
171,2025-04-03,2025-05-07,24,afd,24.0,21.0,3.0,3.0,0.6666666666666666,2.0,,1.0,1.0,0.0,,,,,,0,0,0,0,0,1,0,328.0,False,True,,,0.0,0.0,0.0,0.0,0.0,4,1,0,0,0,1,0.0,0.0,0.0,0.0,0.0,0.0,,,,0.0,Opposition,0.0,1.0,21,WP21,2025,4,34
171,2025-04-03,2025-05-07,24,cdu/csu,26.0,29.0,-3.0,3.0,0.0,0.0,,0.0,0.0,0.0,,,,,,0,0,0,0,0,1,0,288.0,True,False,4.0,CDU/CSU,0.0,0.0,0.0,0.0,0.0,4,1,0,0,0,1,0.0,0.0,0.0,0.0,0.0,0.0,,,,0.0,Regierung,1.0,0.0,21,WP21,2025,4,34
171,2025-04-03,2025-05-07,24,fdp,4.0,3.0,1.0,1.0,,,,,,,,,,,,0,0,0,0,0,0,0,,True,False,3.0,FDP,,,,,,4,1,0,0,0,1,0.0,0.0,0.0,0.0,0.0,0.0,,,,0.0,,,,,,2025,4,34
171,2025-04-03,2025-05-07,24,grüne,11.0,12.0,-1.0,1.0,0.0,0.0,0.0,0.0,0.0,0.0,0.0,,,,,1,0,0,0,0,1,1,358.0,True,False,1.0,Bündnis 90/Die Grünen,1.0,0.0,0.0,0.0,0.0,4,1,0,0,0,1,0.25,0.0,0.0,0.0,0.0,1.0,,,,0.0,Opposition,0.0,1.0,21,WP21,2025,4,34
171,2025-04-03,2025-05-07,24,linke,10.0,9.0,1.0,1.0,1.0,3.0,,1.0,1.0,1.0,,,,,,0,0,0,0,0,1,0,295.0,True,False,0.0,Die Linke,0.0,0.0,0.0,0.0,0.0,4,1,0,0,0,1,0.0,0.0,0.0,0.0,0.0,0.0,,,,0.0,Opposition,0.0,1.0,21,WP21,2025,4,34
171,2025-04-03,2025-05-07,24,spd,16.0,16.0,0.0,0.0,0.3333333333333333,1.0,2.0,0.0,1.0,0.0,,,,,2.0,0,0,0,0,1,1,1,321.0,True,False,2.0,SPD,0.0,0.0,0.0,0.0,1.0,4,1,0,0,0,1,0.0,0.0,0.0,0.0,0.25,0.0,,,,1.0,Regierung,1.0,0.0,21,WP21,2025,4,34
172,2025-05-07,2025-06-04,23,afd,23.0,24.0,-1.0,1.0,1.0895061728395061,3.2685185185185186,7.583333333333334,1.1759259259259258,1.537037037037037,0.5555555555555556,8.382978723404255,8.54054054054054,8.12,6.883720930232558,7.75,47,37,25,43,76,108,97,569.1388888888889,False,True,,,0.4351851851851852,0.3425925925925926,0.23148148148148148,0.39814814814814814,0.7037037037037037,328,121,57,50,102,130,0.14329268292682926,0.11280487804878049,0.07621951219512195,0.13109756097560976,0.23170731707317074,0.3884297520661157,0.6491228070175439,0.5,0.4215686274509804,0.5846153846153846,Opposition,0.0,1.0,21,WP21,2025,5,28
172,2025-05-07,2025-06-04,23,cdu/csu,27.0,26.0,1.0,1.0,0.19519519519519518,0.5855855855855856,3.6776470588235295,0.16216216216216217,0.2972972972972973,0.12612612612612611,4.333333333333333,5.476190476190476,2.4545454545454546,5.037037037037037,2.6153846153846154,42,21,11,27,52,111,85,645.3513513513514,True,False,4.0,CDU/CSU,0.3783783783783784,0.1891891891891892,0.0990990990990991,0.24324324324324326,0.46846846846846846,328,121,57,50,102,130,0.12804878048780488,0.06402439024390244,0.03353658536585366,0.08231707317073171,0.15853658536585366,0.34710743801652894,0.3684210526315789,0.22,0.2647058823529412,0.4,Regierung,1.0,0.0,21,WP21,2025,5,28
172,2025-05-07,2025-06-04,23,fdp,4.0,4.0,0.0,0.0,,,,,,,,,,,,0,0,0,0,0,0,0,,True,False,3.0,FDP,,,,,,328,121,57,50,102,130,0.0,0.0,0.0,0.0,0.0,0.0,0.0,0.0,0.0,0.0,,,,,,2025,5,28
172,2025-05-07,2025-06-04,23,grüne,11.0,11.0,0.0,0.0,0.38571428571428573,1.1571428571428573,1.3071428571428572,0.34285714285714286,0.7,0.11428571428571428,1.0,2.25,0.4666666666666667,1.4782608695652173,1.0625,32,12,15,23,32,70,56,562.0571428571428,True,False,1.0,Bündnis 90/Die Grünen,0.45714285714285713,0.17142857142857143,0.21428571428571427,0.32857142857142857,0.45714285714285713,328,121,57,50,102,130,0.0975609756097561,0.036585365853658534,0.04573170731707317,0.0701219512195122,0.0975609756097561,0.2644628099173554,0.21052631578947367,0.3,0.22549019607843138,0.24615384615384617,Opposition,0.0,1.0,21,WP21,2025,5,28
172,2025-05-07,2025-06-04,23,linke,10.0,10.0,0.0,0.0,0.7447916666666666,2.234375,1.019097222222222,0.90625,1.171875,0.15625,0.7272727272727273,1.5,0.8461538461538461,1.1153846153846154,0.85,22,12,13,26,20,64,48,450.546875,True,False,0.0,Die Linke,0.34375,0.1875,0.203125,0.40625,0.3125,328,121,57,50,102,130,0.06707317073170732,0.036585365853658534,0.039634146341463415,0.07926829268292683,0.06097560975609756,0.18181818181818182,0.21052631578947367,0.26,0.2549019607843137,0.15384615384615385,Opposition,0.0,1.0,21,WP21,2025,5,28
172,2025-05-07,2025-06-04,23,spd,16.0,16.0,0.0,0.0,0.12449799196787147,0.37349397590361444,1.5709039548022599,0.14457831325301204,0.14457831325301204,0.08433734939759036,1.44,1.9166666666666667,0.9090909090909091,2.0,1.1153846153846154,25,12,11,26,26,83,59,562.1204819277109,True,False,2.0,SPD,0.30120481927710846,0.14457831325301204,0.13253012048192772,0.3132530120481928,0.3132530120481928,328,121,57,50,102,130,0.07621951219512195,0.036585365853658534,0.03353658536585366,0.07926829268292683,0.07926829268292683,0.2066115702479339,0.21052631578947367,0.22,0.2549019607843137,0.2,Regierung,1.0,0.0,21,WP21,2025,5,28
173,2025-06-04,2025-07-03,23,afd,23.0,23.0,0.0,0.0,1.1566951566951569,3.47008547008547,8.01955782312925,1.1623931623931625,1.5982905982905984,0.7094017094017094,9.166666666666666,8.911111111111111,8.142857142857142,7.372549019607843,8.108433734939759,36,45,28,51,83,117,98,552.8974358974359,False,True,,,0.3076923076923077,0.38461538461538464,0.23931623931623933,0.4358974358974359,0.7094017094017094,400,73,86,36,121,173,0.09,0.1125,0.07,0.1275,0.2075,0.4931506849315068,0.5232558139534884,0.7777777777777778,0.4214876033057851,0.4797687861271676,Opposition,0.0,1.0,21,WP21,2025,6,29
173,2025-06-04,2025-07-03,23,cdu/csu,29.0,27.0,2.0,2.0,0.24708624708624705,0.7412587412587412,3.269927536231884,0.16783216783216784,0.35664335664335667,0.21678321678321677,4.166666666666667,6.666666666666667,3.0,4.131578947368421,2.861111111111111,24,21,9,38,72,143,92,604.3636363636364,True,False,4.0,CDU/CSU,0.16783216783216784,0.14685314685314685,0.06293706293706294,0.26573426573426573,0.5034965034965035,400,73,86,36,121,173,0.06,0.0525,0.0225,0.095,0.18,0.3287671232876712,0.2441860465116279,0.25,0.3140495867768595,0.4161849710982659,Regierung,1.0,0.0,21,WP21,2025,6,29
173,2025-06-04,2025-07-03,23,fdp,4.0,4.0,0.0,0.0,,,,,,,,,,,,0,0,0,0,0,0,0,,True,False,3.0,FDP,,,,,,400,73,86,36,121,173,0.0,0.0,0.0,0.0,0.0,0.0,0.0,0.0,0.0,0.0,,,,,,2025,6,29
173,2025-06-04,2025-07-03,23,grüne,12.0,11.0,1.0,1.0,0.41777777777777775,1.2533333333333334,0.9950980392156863,0.41333333333333333,0.76,0.08,0.6111111111111112,1.35,0.1,0.96,0.9333333333333333,18,20,10,25,30,75,51,567.7866666666666,True,False,1.0,Bündnis 90/Die Grünen,0.24,0.26666666666666666,0.13333333333333333,0.3333333333333333,0.4,400,73,86,36,121,173,0.045,0.05,0.025,0.0625,0.075,0.2465753424657534,0.23255813953488372,0.2777777777777778,0.2066115702479339,0.17341040462427745,Opposition,0.0,1.0,21,WP21,2025,6,29
173,2025-06-04,2025-07-03,23,linke,9.0,10.0,-1.0,1.0,0.6833333333333333,2.05,0.991869918699187,0.7666666666666667,1.1,0.18333333333333332,0.3333333333333333,1.8181818181818181,0.3333333333333333,1.4545454545454546,0.8888888888888888,12,11,9,22,27,60,41,504.03333333333336,True,False,0.0,Die Linke,0.2,0.18333333333333332,0.15,0.36666666666666664,0.45,400,73,86,36,121,173,0.03,0.0275,0.0225,0.055,0.0675,0.1643835616438356,0.12790697674418605,0.25,0.18181818181818182,0.15606936416184972,Opposition,0.0,1.0,21,WP21,2025,6,29
173,2025-06-04,2025-07-03,23,spd,15.0,16.0,-1.0,1.0,0.13934426229508196,0.4180327868852459,1.7784090909090908,0.12295081967213115,0.22131147540983606,0.07377049180327869,1.0526315789473684,3.5,2.625,1.6944444444444444,1.4772727272727273,19,34,8,36,44,122,88,504.4836065573771,True,False,2.0,SPD,0.1557377049180328,0.2786885245901639,0.06557377049180328,0.29508196721311475,0.36065573770491804,400,73,86,36,121,173,0.0475,0.085,0.02,0.09,0.11,0.2602739726027397,0.3953488372093023,0.2222222222222222,0.2975206611570248,0.2543352601156069,Regierung,1.0,0.0,21,WP21,2025,6,29
174,2025-07-03,2025-08-07,23,afd,23.0,23.0,0.0,0.0,1.0952380952380951,3.2857142857142856,7.854214559386974,1.1122448979591837,1.663265306122449,0.5102040816326531,8.604166666666666,8.666666666666666,7.75,7.435897435897436,7.882352941176471,48,36,28,39,68,98,87,596.1734693877551,False,True,,,0.4897959183673469,0.3673469387755102,0.2857142857142857,0.3979591836734694,0.6938775510204082,289,105,53,31,75,126,0.16608996539792387,0.1245674740484429,0.09688581314878893,0.13494809688581316,0.23529411764705882,0.45714285714285713,0.6792452830188679,0.9032258064516129,0.52,0.5396825396825397,Opposition,0.0,1.0,21,WP21,2025,7,35
174,2025-07-03,2025-08-07,23,cdu/csu,30.0,29.0,1.0,1.0,0.11683848797250858,0.35051546391752575,3.16640625,0.14432989690721648,0.1134020618556701,0.09278350515463918,3.814814814814815,6.357142857142857,3.0,3.9545454545454546,2.577777777777778,27,14,4,22,45,97,64,695.7216494845361,True,False,4.0,CDU/CSU,0.27835051546391754,0.14432989690721648,0.041237113402061855,0.2268041237113402,0.4639175257731959,289,105,53,31,75,126,0.09342560553633218,0.04844290657439446,0.01384083044982699,0.07612456747404844,0.15570934256055363,0.2571428571428571,0.2641509433962264,0.12903225806451613,0.29333333333333333,0.35714285714285715,Regierung,1.0,0.0,21,WP21,2025,7,35
174,2025-07-03,2025-08-07,23,fdp,3.0,4.0,-1.0,1.0,,,,,,,,,,,,0,0,0,0,0,0,0,,True,False,3.0,FDP,,,,,,289,105,53,31,75,126,0.0,0.0,0.0,0.0,0.0,0.0,0.0,0.0,0.0,0.0,,,,,,2025,7,35
174,2025-07-03,2025-08-07,23,grüne,12.0,12.0,0.0,0.0,0.484375,1.453125,1.1941176470588235,0.484375,0.875,0.09375,1.28125,2.3333333333333335,1.0,1.3181818181818181,1.0,32,12,11,22,26,64,51,584.203125,True,False,1.0,Bündnis 90/Die Grünen,0.5,0.1875,0.171875,0.34375,0.40625,289,105,53,31,75,126,0.11072664359861592,0.04152249134948097,0.03806228373702422,0.07612456747404844,0.08996539792387544,0.3047619047619048,0.22641509433962265,0.3548387096774194,0.29333333333333333,0.20634920634920634,Opposition,0.0,1.0,21,WP21,2025,7,35
174,2025-07-03,2025-08-07,23,linke,10.0,9.0,1.0,1.0,0.723404255319149,2.1702127659574466,1.5880952380952382,0.8723404255319149,1.2127659574468086,0.0851063829787234,1.25,3.1818181818181817,1.2857142857142858,1.3333333333333333,1.105263157894737,16,11,7,15,19,47,35,596.3617021276596,True,False,0.0,Die Linke,0.3404255319148936,0.23404255319148937,0.14893617021276595,0.3191489361702128,0.40425531914893614,289,105,53,31,75,126,0.05536332179930796,0.03806228373702422,0.02422145328719723,0.05190311418685121,0.0657439446366782,0.1523809523809524,0.20754716981132076,0.22580645161290322,0.2,0.15079365079365079,Opposition,0.0,1.0,21,WP21,2025,7,35
174,2025-07-03,2025-08-07,23,spd,13.0,15.0,-2.0,2.0,0.10288065843621398,0.30864197530864196,1.5516129032258066,0.1111111111111111,0.13580246913580246,0.06172839506172839,1.8,2.625,0.8888888888888888,1.75,1.3333333333333333,30,16,9,16,36,81,62,543.9876543209876,True,False,2.0,SPD,0.37037037037037035,0.19753086419753085,0.1111111111111111,0.19753086419753085,0.4444444444444444,289,105,53,31,75,126,0.10380622837370242,0.05536332179930796,0.031141868512110725,0.05536332179930796,0.1245674740484429,0.2857142857142857,0.3018867924528302,0.2903225806451613,0.21333333333333335,0.2857142857142857,Regierung,1.0,0.0,21,WP21,2025,7,35
175,2025-08-07,2025-09-03,24,afd,24.0,23.0,1.0,1.0,,,,,,,,,,,,0,0,0,0,0,0,0,,False,True,,,,,,,,0,0,0,0,0,0,,,,,,,,,,,,,,,,2025,8,27
175,2025-08-07,2025-09-03,24,cdu/csu,27.0,30.0,-3.0,3.0,,,,,,,,,,,,0,0,0,0,0,0,0,,True,False,4.0,CDU/CSU,,,,,,0,0,0,0,0,0,,,,,,,,,,,,,,,,2025,8,27
175,2025-08-07,2025-09-03,24,fdp,4.0,3.0,1.0,1.0,,,,,,,,,,,,0,0,0,0,0,0,0,,True,False,3.0,FDP,,,,,,0,0,0,0,0,0,,,,,,,,,,,,,,,,2025,8,27
175,2025-08-07,2025-09-03,24,grüne,12.0,12.0,0.0,0.0,,,,,,,,,,,,0,0,0,0,0,0,0,,True,False,1.0,Bündnis 90/Die Grünen,,,,,,0,0,0,0,0,0,,,,,,,,,,,,,,,,2025,8,27
175,2025-08-07,2025-09-03,24,linke,10.0,10.0,0.0,0.0,,,,,,,,,,,,0,0,0,0,0,0,0,,True,False,0.0,Die Linke,,,,,,0,0,0,0,0,0,,,,,,,,,,,,,,,,2025,8,27
175,2025-08-07,2025-09-03,24,spd,13.0,13.0,0.0,0.0,,,,,,,,,,,,0,0,0,0,0,0,0,,True,False,2.0,SPD,,,,,,0,0,0,0,0,0,,,,,,,,,,,,,,,,2025,8,27
176,2025-09-03,2025-10-02,25,afd,25.0,24.0,1.0,1.0,1.0606060606060606,3.1818181818181817,7.817114695340502,1.1148325358851674,1.5598086124401913,0.507177033492823,8.589473684210526,8.61111111111111,8.22,7.16,7.830065359477124,95,72,50,75,153,209,186,568.4832535885167,False,True,,,0.45454545454545453,0.3444976076555024,0.23923444976076555,0.3588516746411483,0.7320574162679426,598,208,88,49,154,243,0.1588628762541806,0.12040133779264214,0.08361204013377926,0.1254180602006689,0.25585284280936454,0.4567307692307692,0.8181818181818182,1.0204081632653061,0.487012987012987,0.6296296296296297,Opposition,0.0,1.0,21,WP21,2025,9,29
176,2025-09-03,2025-10-02,25,cdu/csu,27.0,27.0,0.0,0.0,0.15821812596006143,0.47465437788018433,3.437962962962963,0.14746543778801843,0.2304147465437788,0.0967741935483871,4.140625,5.125,3.272727272727273,4.622641509433962,2.533333333333333,64,32,11,53,90,217,144,670.0875576036866,True,False,4.0,CDU/CSU,0.29493087557603687,0.14746543778801843,0.05069124423963134,0.24423963133640553,0.4147465437788018,598,208,88,49,154,243,0.10702341137123746,0.05351170568561873,0.01839464882943144,0.08862876254180602,0.1505016722408027,0.3076923076923077,0.36363636363636365,0.22448979591836735,0.34415584415584416,0.37037037037037035,Regierung,1.0,0.0,21,WP21,2025,9,29
176,2025-09-03,2025-10-02,25,fdp,3.0,4.0,-1.0,1.0,,,,,,,,,,,,0,0,0,0,0,0,0,,True,False,3.0,FDP,,,,,,598,208,88,49,154,243,0.0,0.0,0.0,0.0,0.0,0.0,0.0,0.0,0.0,0.0,,,,,,2025,9,29
176,2025-09-03,2025-10-02,25,grüne,11.0,12.0,-1.0,1.0,0.4365079365079365,1.3095238095238095,1.4870550161812297,0.38095238095238093,0.8888888888888888,0.03968253968253968,1.3275862068965518,2.6,0.7,1.7941176470588236,1.3448275862068966,58,15,10,34,58,126,103,579.7301587301587,True,False,1.0,Bündnis 90/Die Grünen,0.4603174603174603,0.11904761904761904,0.07936507936507936,0.2698412698412698,0.4603174603174603,598,208,88,49,154,243,0.09698996655518395,0.02508361204013378,0.016722408026755852,0.056856187290969896,0.09698996655518395,0.27884615384615385,0.17045454545454544,0.20408163265306123,0.22077922077922077,0.23868312757201646,Opposition,0.0,1.0,21,WP21,2025,9,29
176,2025-09-03,2025-10-02,25,linke,10.0,10.0,0.0,0.0,0.7128712871287128,2.1386138613861387,1.281094527363184,0.801980198019802,1.2178217821782178,0.1188118811881188,1.3548387096774193,1.6470588235294117,0.5833333333333334,1.16,0.9354838709677419,31,17,12,25,31,101,67,553.5940594059406,True,False,0.0,Die Linke,0.3069306930693069,0.16831683168316833,0.1188118811881188,0.24752475247524752,0.3069306930693069,598,208,88,49,154,243,0.051839464882943144,0.028428093645484948,0.020066889632107024,0.04180602006688963,0.051839464882943144,0.14903846153846154,0.19318181818181818,0.24489795918367346,0.16233766233766234,0.12757201646090535,Opposition,0.0,1.0,21,WP21,2025,9,29
176,2025-09-03,2025-10-02,25,spd,14.0,13.0,1.0,1.0,0.14285714285714285,0.42857142857142855,1.6615384615384616,0.11038961038961038,0.2532467532467532,0.06493506493506493,1.6545454545454545,2.4166666666666665,1.3125,2.357142857142857,1.1875,55,24,16,42,64,154,117,583.8376623376623,True,False,2.0,SPD,0.35714285714285715,0.15584415584415584,0.1038961038961039,0.2727272727272727,0.4155844155844156,598,208,88,49,154,243,0.09197324414715718,0.04013377926421405,0.026755852842809364,0.07023411371237458,0.10702341137123746,0.2644230769230769,0.2727272727272727,0.32653061224489793,0.2727272727272727,0.26337448559670784,Regierung,1.0,0.0,21,WP21,2025,9,29
177,2025-10-02,2025-11-06,26,afd,26.0,25.0,1.0,1.0,1.0591016548463357,3.1773049645390072,7.787222222222223,1.0851063829787233,1.5106382978723405,0.5815602836879432,8.673913043478262,8.510204081632653,8.392857142857142,7.271186440677966,7.86,46,49,28,59,100,141,120,538.6879432624113,False,True,,,0.3262411347517731,0.3475177304964539,0.19858156028368795,0.41843971631205673,0.7092198581560284,415,82,67,55,133,169,0.1108433734939759,0.1180722891566265,0.06746987951807229,0.14216867469879518,0.24096385542168675,0.5609756097560976,0.7313432835820896,0.509090909090909,0.44360902255639095,0.591715976331361,Opposition,0.0,1.0,21,WP21,2025,10,35
177,2025-10-02,2025-11-06,26,cdu/csu,26.0,27.0,-1.0,1.0,0.2119460500963391,0.6358381502890174,3.1750764525993884,0.1676300578034682,0.3583815028901734,0.10982658959537572,4.074074074074074,5.65,1.4,3.92,2.4153846153846152,27,20,15,50,65,173,109,565.456647398844,True,False,4.0,CDU/CSU,0.15606936416184972,0.11560693641618497,0.08670520231213873,0.28901734104046245,0.37572254335260113,415,82,67,55,133,169,0.06506024096385542,0.04819277108433735,0.03614457831325301,0.12048192771084337,0.1566265060240964,0.32926829268292684,0.29850746268656714,0.2727272727272727,0.37593984962406013,0.38461538461538464,Regierung,1.0,0.0,21,WP21,2025,10,35
177,2025-10-02,2025-11-06,26,fdp,3.0,3.0,0.0,0.0,,,,,,,,,,,,0,0,0,0,0,0,0,,True,False,3.0,FDP,,,,,,415,82,67,55,133,169,0.0,0.0,0.0,0.0,0.0,0.0,0.0,0.0,0.0,0.0,,,,,,2025,10,35
177,2025-10-02,2025-11-06,26,grüne,12.0,11.0,1.0,1.0,0.5208333333333333,1.5625,1.8347701149425288,0.4875,0.8625,0.2125,1.35,2.235294117647059,1.1818181818181819,2.037037037037037,1.5789473684210527,20,17,11,27,38,80,58,582.2,True,False,1.0,Bündnis 90/Die Grünen,0.25,0.2125,0.1375,0.3375,0.475,415,82,67,55,133,169,0.04819277108433735,0.04096385542168675,0.02650602409638554,0.06506024096385542,0.09156626506024096,0.24390243902439024,0.2537313432835821,0.2,0.20300751879699247,0.22485207100591717,Opposition,0.0,1.0,21,WP21,2025,10,35
177,2025-10-02,2025-11-06,26,linke,10.0,10.0,0.0,0.0,0.8489583333333333,2.546875,1.5847826086956522,0.953125,1.359375,0.234375,1.1176470588235294,2.933333333333333,1.2,1.6363636363636365,1.1666666666666667,17,15,15,22,24,64,46,511.15625,True,False,0.0,Die Linke,0.265625,0.234375,0.234375,0.34375,0.375,415,82,67,55,133,169,0.04096385542168675,0.03614457831325301,0.03614457831325301,0.05301204819277108,0.05783132530120482,0.2073170731707317,0.22388059701492538,0.2727272727272727,0.16541353383458646,0.14201183431952663,Opposition,0.0,1.0,21,WP21,2025,10,35
177,2025-10-02,2025-11-06,26,spd,14.0,14.0,0.0,0.0,0.30272108843537415,0.9081632653061225,1.8480392156862746,0.30612244897959184,0.40816326530612246,0.19387755102040816,1.9444444444444444,2.3333333333333335,1.7857142857142858,1.8529411764705883,1.7619047619047619,18,15,14,34,42,98,68,554.9591836734694,True,False,2.0,SPD,0.1836734693877551,0.15306122448979592,0.14285714285714285,0.3469387755102041,0.42857142857142855,415,82,67,55,133,169,0.043373493975903614,0.03614457831325301,0.033734939759036145,0.0819277108433735,0.10120481927710843,0.21951219512195122,0.22388059701492538,0.2545454545454545,0.2556390977443609,0.2485207100591716,Regierung,1.0,0.0,21,WP21,2025,10,35
178,2025-11-06,2025-12-04,26,afd,26.0,26.0,0.0,0.0,1.0708898944193062,3.2126696832579187,7.767204301075269,1.1085972850678734,1.6380090497737556,0.4660633484162896,8.873563218390805,8.450704225352112,7.976190476190476,7.025316455696203,7.863354037267081,87,71,42,79,161,221,186,561.4524886877828,False,True,,,0.3936651583710407,0.3212669683257919,0.19004524886877827,0.3574660633484163,0.7285067873303167,666,193,124,74,184,319,0.13063063063063063,0.1066066066066066,0.06306306306306306,0.11861861861861862,0.24174174174174173,0.45077720207253885,0.5725806451612904,0.5675675675675675,0.42934782608695654,0.5047021943573667,Opposition,0.0,1.0,21,WP21,2025,11,28
178,2025-11-06,2025-12-04,26,cdu/csu,27.0,26.0,1.0,1.0,0.18319559228650137,0.5495867768595041,3.522189349112426,0.14049586776859505,0.2809917355371901,0.128099173553719,4.046153846153846,5.674418604651163,3.869565217391304,4.428571428571429,2.8306451612903225,65,43,23,63,124,242,169,625.1157024793389,True,False,4.0,CDU/CSU,0.26859504132231404,0.17768595041322313,0.09504132231404959,0.2603305785123967,0.512396694214876,666,193,124,74,184,319,0.09759759759759759,0.06456456456456457,0.03453453453453453,0.0945945945945946,0.18618618618618618,0.33678756476683935,0.3467741935483871,0.3108108108108108,0.3423913043478261,0.3887147335423197,Regierung,1.0,0.0,21,WP21,2025,11,28
178,2025-11-06,2025-12-04,26,fdp,3.0,3.0,0.0,0.0,,,,,,,,,,,,0,0,0,0,0,0,0,,True,False,3.0,FDP,,,,,,666,193,124,74,184,319,0.0,0.0,0.0,0.0,0.0,0.0,0.0,0.0,0.0,0.0,,,,,,2025,11,28
178,2025-11-06,2025-12-04,26,grüne,12.0,12.0,0.0,0.0,0.45588235294117646,1.3676470588235294,1.5268608414239484,0.39705882352941174,0.8088235294117647,0.16176470588235295,1.3725490196078431,3.0,0.75,1.5,1.234375,51,26,16,38,64,136,103,549.5367647058823,True,False,1.0,Bündnis 90/Die Grünen,0.375,0.19117647058823528,0.11764705882352941,0.27941176470588236,0.47058823529411764,666,193,124,74,184,319,0.07657657657657657,0.03903903903903904,0.024024024024024024,0.057057057057057055,0.0960960960960961,0.26424870466321243,0.20967741935483872,0.21621621621621623,0.20652173913043478,0.2006269592476489,Opposition,0.0,1.0,21,WP21,2025,11,28
178,2025-11-06,2025-12-04,26,linke,10.0,10.0,0.0,0.0,0.7254901960784313,2.176470588235294,1.139269406392694,0.8529411764705882,1.2156862745098038,0.10784313725490197,0.9333333333333333,1.6111111111111112,0.36363636363636365,1.34375,0.8571428571428571,30,18,11,32,35,102,73,529.7549019607843,True,False,0.0,Die Linke,0.29411764705882354,0.17647058823529413,0.10784313725490197,0.3137254901960784,0.3431372549019608,666,193,124,74,184,319,0.04504504504504504,0.02702702702702703,0.016516516516516516,0.04804804804804805,0.052552552552552555,0.15544041450777202,0.14516129032258066,0.14864864864864866,0.17391304347826086,0.109717868338558,Opposition,0.0,1.0,21,WP21,2025,11,28
178,2025-11-06,2025-12-04,26,spd,14.0,14.0,0.0,0.0,0.1989247311827957,0.5967741935483871,1.5099765258215962,0.1935483870967742,0.27956989247311825,0.12365591397849462,1.7872340425531914,1.7297297297297298,0.5,1.4705882352941178,1.1979166666666667,47,37,24,51,96,186,142,552.6612903225806,True,False,2.0,SPD,0.25268817204301075,0.1989247311827957,0.12903225806451613,0.27419354838709675,0.5161290322580645,666,193,124,74,184,319,0.07057057057057058,0.05555555555555555,0.036036036036036036,0.07657657657657657,0.14414414414414414,0.24352331606217617,0.29838709677419356,0.32432432432432434,0.27717391304347827,0.30094043887147337,Regierung,1.0,0.0,21,WP21,2025,11,28
179,2025-12-04,2026-01-08,25,afd,25.0,26.0,-1.0,1.0,0.9938271604938271,2.9814814814814814,6.942134831460675,1.0277777777777777,1.5,0.4537037037037037,8.421052631578947,8.357142857142858,7.947368421052632,6.163636363636364,7.583333333333333,19,28,19,55,72,108,89,537.074074074074,False,True,,,0.17592592592592593,0.25925925925925924,0.17592592592592593,0.5092592592592593,0.6666666666666666,366,67,47,37,150,164,0.05191256830601093,0.07650273224043716,0.05191256830601093,0.15027322404371585,0.19672131147540983,0.2835820895522388,0.5957446808510638,0.5135135135135135,0.36666666666666664,0.43902439024390244,Opposition,0.0,1.0,21,WP21,2025,12,35
179,2025-12-04,2026-01-08,25,cdu/csu,27.0,27.0,0.0,0.0,0.20134228187919462,0.6040268456375839,2.624131944444444,0.15436241610738255,0.348993288590604,0.10067114093959731,3.375,5.818181818181818,2.2222222222222223,3.75,1.9402985074626866,24,11,9,44,67,149,96,540.9865771812081,True,False,4.0,CDU/CSU,0.1610738255033557,0.0738255033557047,0.06040268456375839,0.2953020134228188,0.44966442953020136,366,67,47,37,150,164,0.06557377049180328,0.030054644808743168,0.02459016393442623,0.12021857923497267,0.1830601092896175,0.3582089552238806,0.23404255319148937,0.24324324324324326,0.29333333333333333,0.40853658536585363,Regierung,1.0,0.0,21,WP21,2025,12,35
179,2025-12-04,2026-01-08,25,fdp,3.0,3.0,0.0,0.0,,,,,,,,,,,,0,0,0,0,0,0,0,,True,False,3.0,FDP,,,,,,366,67,47,37,150,164,0.0,0.0,0.0,0.0,0.0,0.0,0.0,0.0,0.0,0.0,,,,,,2025,12,35
179,2025-12-04,2026-01-08,25,grüne,12.0,12.0,0.0,0.0,0.5273631840796019,1.5820895522388059,1.7955974842767297,0.5223880597014925,0.8955223880597015,0.16417910447761194,0.5,2.769230769230769,0.125,2.4324324324324325,1.3243243243243243,16,13,8,37,37,67,53,538.1641791044776,True,False,1.0,Bündnis 90/Die Grünen,0.23880597014925373,0.19402985074626866,0.11940298507462686,0.5522388059701493,0.5522388059701493,366,67,47,37,150,164,0.04371584699453552,0.03551912568306011,0.02185792349726776,0.10109289617486339,0.10109289617486339,0.23880597014925373,0.2765957446808511,0.21621621621621623,0.24666666666666667,0.22560975609756098,Opposition,0.0,1.0,21,WP21,2025,12,35
179,2025-12-04,2026-01-08,25,linke,10.0,10.0,0.0,0.0,0.6121212121212121,1.8363636363636364,1.3504273504273503,0.6181818181818182,1.018181818181818,0.2,0.8888888888888888,1.875,0.7142857142857143,1.4615384615384615,1.2857142857142858,9,8,7,26,14,55,39,467.03636363636366,True,False,0.0,Die Linke,0.16363636363636364,0.14545454545454545,0.12727272727272726,0.4727272727272727,0.2545454545454545,366,67,47,37,150,164,0.02459016393442623,0.02185792349726776,0.01912568306010929,0.07103825136612021,0.03825136612021858,0.13432835820895522,0.1702127659574468,0.1891891891891892,0.17333333333333334,0.08536585365853659,Opposition,0.0,1.0,21,WP21,2025,12,35
179,2025-12-04,2026-01-08,25,spd,14.0,14.0,0.0,0.0,0.2736842105263158,0.8210526315789474,1.8547619047619048,0.30526315789473685,0.4,0.11578947368421053,1.5555555555555556,3.0,1.0,2.13953488372093,1.326086956521739,18,15,13,43,46,95,70,512.8315789473684,True,False,2.0,SPD,0.18947368421052632,0.15789473684210525,0.1368421052631579,0.45263157894736844,0.4842105263157895,366,67,47,37,150,164,0.04918032786885246,0.040983606557377046,0.03551912568306011,0.11748633879781421,0.12568306010928962,0.26865671641791045,0.3191489361702128,0.35135135135135137,0.2866666666666667,0.2804878048780488,Regierung,1.0,0.0,21,WP21,2025,12,35
180,2026-01-08,2026-02-05,25,afd,25.0,25.0,0.0,0.0,1.0081300813008132,3.024390243902439,6.581081081081081,1.146341463414634,1.5853658536585367,0.2926829268292683,8.0625,8.125,6.4,4.214285714285714,7.178571428571429,16,8,5,14,28,41,37,598.560975609756,False,True,,,0.3902439024390244,0.1951219512195122,0.12195121951219512,0.34146341463414637,0.6829268292682927,141,45,7,7,51,44,0.11347517730496454,0.05673758865248227,0.03546099290780142,0.09929078014184398,0.19858156028368795,0.35555555555555557,1.1428571428571428,0.7142857142857143,0.27450980392156865,0.6363636363636364,Opposition,0.0,1.0,21,WP21,2026,1,28
180,2026-01-08,2026-02-05,25,cdu/csu,28.0,27.0,1.0,1.0,0.2893081761006289,0.8679245283018868,4.675438596491228,0.3018867924528302,0.4339622641509434,0.1320754716981132,5.533333333333333,6.0,,5.45,2.6842105263157894,15,2,0,20,19,53,38,587.0,True,False,4.0,CDU/CSU,0.2830188679245283,0.03773584905660377,0.0,0.37735849056603776,0.3584905660377358,141,45,7,7,51,44,0.10638297872340426,0.014184397163120567,0.0,0.14184397163120568,0.1347517730496454,0.3333333333333333,0.2857142857142857,0.0,0.39215686274509803,0.4318181818181818,Regierung,1.0,0.0,21,WP21,2026,1,28
180,2026-01-08,2026-02-05,25,fdp,3.0,3.0,0.0,0.0,,,,,,,,,,,,0,0,0,0,0,0,0,,True,False,3.0,FDP,,,,,,141,45,7,7,51,44,0.0,0.0,0.0,0.0,0.0,0.0,0.0,0.0,0.0,0.0,,,,,,2026,1,28
180,2026-01-08,2026-02-05,25,grüne,12.0,12.0,0.0,0.0,0.47619047619047616,1.4285714285714286,1.5,0.5714285714285714,0.8571428571428571,0.0,1.25,2.0,0.0,2.2,1.6,12,1,1,10,10,28,21,541.3214285714286,True,False,1.0,Bündnis 90/Die Grünen,0.42857142857142855,0.03571428571428571,0.03571428571428571,0.35714285714285715,0.35714285714285715,141,45,7,7,51,44,0.0851063829787234,0.0070921985815602835,0.0070921985815602835,0.07092198581560284,0.07092198581560284,0.26666666666666666,0.14285714285714285,0.14285714285714285,0.19607843137254902,0.22727272727272727,Opposition,0.0,1.0,21,WP21,2026,1,28
180,2026-01-08,2026-02-05,25,linke,10.0,10.0,0.0,0.0,0.7391304347826086,2.217391304347826,1.2543859649122806,0.8260869565217391,1.2173913043478262,0.17391304347826086,0.3333333333333333,2.0,0.5,2.625,1.3333333333333333,9,2,2,8,6,23,19,451.3478260869565,True,False,0.0,Die Linke,0.391304347826087,0.08695652173913043,0.08695652173913043,0.34782608695652173,0.2608695652173913,141,45,7,7,51,44,0.06382978723404255,0.014184397163120567,0.014184397163120567,0.05673758865248227,0.0425531914893617,0.2,0.2857142857142857,0.2857142857142857,0.1568627450980392,0.13636363636363635,Opposition,0.0,1.0,21,WP21,2026,1,28
180,2026-01-08,2026-02-05,25,spd,13.0,14.0,-1.0,1.0,0.2072072072072072,0.6216216216216216,1.565217391304348,0.24324324324324326,0.35135135135135137,0.02702702702702703,2.2222222222222223,2.5,0.75,1.4615384615384615,1.3333333333333333,9,2,4,13,9,37,23,522.4864864864865,True,False,2.0,SPD,0.24324324324324326,0.05405405405405406,0.10810810810810811,0.35135135135135137,0.24324324324324326,141,45,7,7,51,44,0.06382978723404255,0.014184397163120567,0.028368794326241134,0.09219858156028368,0.06382978723404255,0.2,0.2857142857142857,0.5714285714285714,0.2549019607843137,0.20454545454545456,Regierung,1.0,0.0,21,WP21,2026,1,28
